signalsNamesOrdered,maxSignals,minSignals,meanSignals,standardDeviationSignals,varianceSignals,kurtosisSignals,skewnessSignals,firstMomentSignals,secondMomentSignals,thirdMomentSignals,fourthMomentSignals
compassSystem,39.9466800674823,0,16.7624292427923,12.326950606489,151.953711254819,1.75007612447334,0.287325130692796,0,151.800686369366,537.383361646703,40327.7888392405
compassFilter,39.9456637915464,0,16.761432813256,12.326922246096,151.953012061297,1.75007207282992,0.287332040896967,0,151.799987879967,537.392576656304,40327.3243518789
fullSystem,39.9464904409973,0,16.7624726719538,12.326922874234,151.953027547314,1.75007083391749,0.287332156916109,0,151.800003350388,537.392875796197,40327.3040230942
gyroFilter,0.00140191667039957,0,0.00103985869776376,0.000116456784278186,1.3562182604416e-08,8.98600520118471,-0.826129335786544,0,1.35485248173018e-08,-1.30282493187845e-12,1.64949380192182e-15
gyroSystem,40.9766705317887,0,17.2469816248753,12.604286145169,158.8680292293,1.75254206211888,0.294069345520205,0,158.708041284457,587.960502846177,44143.4542213762
input,40,0,16.8291073982449,12.3090335448255,151.51230680764,1.74847402114981,0.291202876570024,0,151.359726438247,542.264485226183,40057.1320584761
error,0.224598806167328,-0.410448681593939,-0.0666347262910983,0.0944174367987334,0.00891465237164282,7.31693416597998,-1.03458373679661,0,0.00890567487680733,-0.000869492622382618,0.000580313694983469
