signalsNamesOrdered,maxSignals,minSignals,meanSignals,standardDeviationSignals,varianceSignals,kurtosisSignals,skewnessSignals,firstMomentSignals,secondMomentSignals,thirdMomentSignals,fourthMomentSignals
compassSystem,39.9466811617979,0,16.4533261845408,12.1336198278783,147.224730127482,1.82150796230225,0.351509550363456,0,147.083303873758,627.021155654521,39405.5893665942
compassFilter,39.945323872896,0,16.4519902352855,12.1335888445261,147.223978248009,1.82150330752142,0.351517921552372,0,147.082552716551,627.031284722118,39405.0861792814
fullSystem,39.9464275767026,0,16.4533804187439,12.1335885762769,147.223971738358,1.82150179680172,0.351518057314668,0,147.082546213153,627.031485305226,39405.050012798
gyroFilter,0.00186974607780499,0,0.00139018345830865,0.000152734434062814,2.33278073484882e-08,9.35885477377731,-0.867183852606506,0,2.33053983116501e-08,-3.08528989851274e-12,5.08318326675721e-15
gyroSystem,40.9766705317887,0,16.9292127252153,12.407985437417,153.958102615152,1.82452484973483,0.358226000071411,0,153.810208184206,683.336853780469,43163.8428530677
input,40,0,16.5181819841611,12.11775106365,146.83989084059,1.82002528350119,0.355394040031971,0,146.698834269178,631.466236617403,39167.9414310032
error,0.225744485848699,-0.410451230780472,-0.0648015654172101,0.0915643503663621,0.00838403025801392,7.77093061096194,-1.10904221173468,0,0.00837597643451919,-0.000850161133364664,0.000545185033025485
