signalsNamesOrdered,maxSignals,minSignals,meanSignals,standardDeviationSignals,varianceSignals,kurtosisSignals,skewnessSignals,firstMomentSignals,secondMomentSignals,thirdMomentSignals,fourthMomentSignals
compassSystem,39.946681160888,0,16.7075323424882,12.2487897221986,150.032849658638,1.77657226893989,0.303669139759775,0,149.883711637108,557.227213360703,39910.9216714906
compassFilter,39.9450408714569,0,16.7059301761875,12.2487369976017,150.031558036418,1.7765655320194,0.30368172697492,0,149.882421298807,557.243114688523,39910.0831506608
fullSystem,39.9463743964387,0,16.7076108510874,12.2487356590823,150.031525246074,1.77656384136952,0.30368208890931,0,149.882388541058,557.243596139104,39910.027725468
gyroFilter,0.00225671583589104,0,0.00168067489991796,0.000186247602908167,3.46881695890383e-08,9.52429157232635,-0.909998063709692,0,3.46536883071406e-08,-5.87035905737499e-12,1.14375132937844e-14
gyroSystem,40.9766705317887,0,17.1891503702701,12.5258183993488,156.896126573464,1.7789237013524,0.310428627546018,0,156.740166209077,609.161179983519,43703.6719266041
input,40,0,16.7724659084472,12.2324718600879,149.633367807843,1.77471783409026,0.307589162814713,0,149.484626885569,562.167620548078,39657.2300916361
error,0.22352058756487,-0.410667257309487,-0.0648550573598261,0.0934785141197083,0.00873823260202851,7.67687580062167,-1.10368302783335,0,0.00872954648612192,-0.000900185238820662,0.0005850161810769
