signalsNamesOrdered,maxSignals,minSignals,meanSignals,standardDeviationSignals,varianceSignals,kurtosisSignals,skewnessSignals,firstMomentSignals,secondMomentSignals,thirdMomentSignals,fourthMomentSignals
compassSystem,39.9466794594995,0,16.8238711669783,12.372930760573,153.089415605935,1.73979398470205,0.270267114968757,0,152.933836931538,511.150255945708,40691.6213107214
compassFilter,39.9442070483438,0,16.8214665604874,12.3728391280743,153.087148089207,1.73978372812025,0.270287075838844,0,152.931571719198,511.176650186473,40690.1760126801
fullSystem,39.9462159192331,0,16.8239955108238,12.3728418897335,153.087216428345,1.73978077220885,0.270287145817104,0,152.931639988885,511.177124821072,40690.143208316
gyroFilter,0.00338570521136461,0,0.00252895033637953,0.000283327652289855,8.0274558552081e-08,10.0095512172897,-1.00531918664828,0,8.01929787161541e-08,-2.28301355078512e-11,6.43705614091081e-14
gyroSystem,40.9766705317887,0,17.3087018649098,12.6523366738867,160.081623309379,1.74186348355088,0.276975643235135,0,159.918938732845,560.133346245143,44546.5333729837
input,40,0,16.8895652133236,12.3558092542062,152.666022326327,1.7378924751318,0.274115484068866,0,152.510873929654,516.279383712068,40422.6258850351
error,0.224229933632124,-0.410598747767031,-0.0655697024998279,0.092896336006479,0.00862972924342865,7.7139374124229,-1.16338326361165,0,0.00862095919338452,-0.000931228364670832,0.000573307059644203
