signalsNamesOrdered,maxSignals,minSignals,meanSignals,standardDeviationSignals,varianceSignals,kurtosisSignals,skewnessSignals,firstMomentSignals,secondMomentSignals,thirdMomentSignals,fourthMomentSignals
compassSystem,39.9466822736757,0,16.2635881757299,11.849564654652,140.412182504778,1.93328178878416,0.387023534412662,0,140.285112656357,643.06482180251,38046.8170849117
compassFilter,39.9449540262958,0,16.2618809847383,11.8495319699049,140.411407905798,1.93327574721634,0.387033866867411,0,140.284338758372,643.076668409755,38046.2784110966
fullSystem,39.9463589639439,0,16.2636522564129,11.8495301236285,140.41136415078,1.93327389972486,0.387034413512045,0,140.284295042951,643.077276094089,38046.2183410822
gyroFilter,0.00237508146797083,0,0.00177127167465603,0.000194593993661636,3.78668223691849e-08,9.24868717651697,-0.908748555504948,0,3.78325537516562e-08,-6.6871677876128e-12,1.32376655941517e-14
gyroSystem,40.9766705317887,0,16.7338580146582,12.118066647351,146.84753926964,1.93656187385924,0.39406253502982,0,146.714645568943,700.28584837712,41684.8569064949
input,40,0,16.3274083878439,11.8346545568791,140.059048480659,1.93177721826431,0.391143173146206,0,139.932298210541,647.459645357733,37826.2225954802
error,0.221917339475294,-0.410606792128254,-0.0637561314309414,0.0912755357903458,0.0083312234338147,8.10198187202794,-1.1424245939074,0,0.00832368386509631,-0.000867562776263029,0.000561335387450081
