signalsNamesOrdered,maxSignals,minSignals,meanSignals,standardDeviationSignals,varianceSignals,kurtosisSignals,skewnessSignals,firstMomentSignals,secondMomentSignals,thirdMomentSignals,fourthMomentSignals
compassSystem,39.9466788893704,0,17.3090579974705,12.4566036442568,155.166974350112,1.71094502219063,0.18853936923666,0,155.001727306076,363.836995441476,41106.3703142117
compassFilter,39.9455539019126,0,17.3079514647781,12.4565755776885,155.166275122666,1.71093949188096,0.188546285359121,0,155.001028823281,363.847882524077,41105.8669731093
fullSystem,39.9464688884818,0,17.3091040047153,12.4565747790399,155.166255225814,1.71093825352382,0.188546522595905,0,155.001008947618,363.848270348639,41105.8266792447
gyroFilter,0.00155148941569649,0,0.00115253993726491,0.000128852813130902,1.66030474517472e-08,9.44718110751868,-0.880115998794938,0,1.65853658250681e-08,-1.87986862059443e-12,2.59867729271618e-15
gyroSystem,40.9766705317887,0,17.8075154873736,12.7356432679965,162.196609449666,1.71269101366427,0.195305379804932,0,162.023876106269,402.79375892729,44961.1130741742
input,40,0,17.3765959050475,12.4373603441696,154.687932330723,1.70912488775348,0.192315790646917,0,154.523195448582,369.407293231616,40809.4892422584
error,0.223170968099101,-0.41042077143159,-0.0674919003321732,0.094097739478574,0.00885438457497758,7.52141740058494,-1.04824959059353,0,0.00884495498544086,-0.000871983248681506,0.000588424767606566
