signalsNamesOrdered,maxSignals,minSignals,meanSignals,standardDeviationSignals,varianceSignals,kurtosisSignals,skewnessSignals,firstMomentSignals,secondMomentSignals,thirdMomentSignals,fourthMomentSignals
compassSystem,39.9470621008876,0,18.6865155913506,12.1020034152071,146.458486661683,1.74361850967032,0.0733891275101749,0,146.118675787758,129.625461677645,37227.4188968095
compassFilter,39.9115347487202,0,18.651321916147,12.1014115003328,146.444160300388,1.74342986285635,0.0735493596335149,0,146.10438266628,129.889415119073,37216.109239013
fullSystem,39.9425630336473,0,18.6875070939415,12.1017972120688,146.453495762035,1.74348423492864,0.0734647297254648,0,146.113696467924,129.752363378995,37222.0150653848
gyroFilter,0.0426894796309547,0,0.036185177794468,0.00370816384867548,1.37504791286238e-05,46.2223643561712,-4.9874665835393,0,1.37185754647522e-05,-2.53421538895514e-07,8.69901720699537e-09
gyroSystem,40.9766705317887,0,19.2099063290266,12.3821427606,153.317459343878,1.74397518075793,0.0793761716791509,0,152.961734380203,150.163488135373,40804.2968668838
input,40,0,18.7468211750404,12.0911050814365,146.194822090339,1.74105879624246,0.0760507779502027,0,145.855622967159,133.964098459344,37039.0458729239
error,0.238511326984637,-0.409099223277706,-0.0593140810989459,0.0897545713089533,0.00805588307085398,7.738520905161,-0.81959566564653,0,0.00803719192683808,-0.000590549304010784,0.000499881010210923
