signalsNamesOrdered,maxSignals,minSignals,meanSignals,standardDeviationSignals,varianceSignals,kurtosisSignals,skewnessSignals,firstMomentSignals,secondMomentSignals,thirdMomentSignals,fourthMomentSignals
compassSystem,39.9466788026908,0,17.2166441621943,12.4981877425403,156.204696847786,1.70613542328277,0.193131026657403,0,156.039050297576,376.445401840621,41541.3012926863
compassFilter,39.9454485337236,0,17.2154325512956,12.4981603693891,156.204012618967,1.70613044950768,0.193137445025726,0,156.038366794345,376.455438823558,41540.816262559
fullSystem,39.946449056373,0,17.2166928699644,12.4981596622919,156.203994944141,1.70612914112577,0.193137668633657,0,156.038349138262,376.455810775586,41540.7750052521
gyroFilter,0.00169530877855451,0,0.00126031866881454,0.000141045706432289,1.98938913029833e-08,9.42785961354548,-0.877956655816809,0,1.98727949177204e-08,-2.45958310794007e-12,3.72332553255363e-15
gyroSystem,40.9766705317887,0,17.7111995090745,12.7798878262057,163.3255328504,1.70767654308288,0.199784316953295,0,163.152335042499,416.343063880279,45456.1030085287
input,40,0,17.2821579197871,12.4809777209259,155.774804870249,1.70406210535116,0.196791514372709,0,155.609614197004,381.997927531836,41262.7597008768
error,0.224848524563948,-0.410538115222067,-0.0654650498226153,0.0962681924153646,0.00926756487092165,7.17660466352674,-1.04524254352723,0,0.00925773712450498,-0.00093105287434632,0.000615075902387166
