signalsNamesOrdered,maxSignals,minSignals,meanSignals,standardDeviationSignals,varianceSignals,kurtosisSignals,skewnessSignals,firstMomentSignals,secondMomentSignals,thirdMomentSignals,fourthMomentSignals
compassSystem,39.9466795894769,0,16.6740174243048,12.430873866597,154.526625087244,1.73199803378011,0.280436986258637,0,154.370695092201,537.876513093949,41274.0526679955
compassFilter,39.9452843918033,0,16.6726463700334,12.4308400423751,154.525784159117,1.73199315645286,0.280444934997737,0,154.369855012639,537.887367955095,41273.4872185465
fullSystem,39.9464188849089,0,16.6740753284884,12.4308396768703,154.525775072053,1.73199169927004,0.280445127687435,0,154.369845934746,537.887690083157,41273.44763954
gyroFilter,0.00192088790380751,0,0.00142895845498463,0.000158932969383966,2.52596887572046e-08,9.35505960982774,-0.881249296489012,0,2.52341996666323e-08,-3.53250744610249e-12,5.95697296843066e-15
gyroSystem,40.9766705317887,0,17.1551972401528,12.7120449678031,161.596087263448,1.73443753479788,0.286867302380011,0,161.433023603242,588.395877245035,45200.5194327838
input,40,0,16.739429282038,12.4144583197304,154.118775372323,1.73045371520844,0.283989545777933,0,153.963256930978,542.535283355926,41019.8593345565
error,0.222565861143054,-0.410509902546672,-0.0653539535496242,0.0966072193055166,0.00933295482194417,6.99306665190216,-0.946784815954987,0,0.00932353710769397,-0.000852358585113028,0.000607895704919928
