signalsNamesOrdered,maxSignals,minSignals,meanSignals,standardDeviationSignals,varianceSignals,kurtosisSignals,skewnessSignals,firstMomentSignals,secondMomentSignals,thirdMomentSignals,fourthMomentSignals
compassSystem,39.9466802430843,0,16.7946190303332,12.3479289109641,152.471348390222,1.74763901901378,0.277241486964862,0,152.31718120277,521.17258243685,40546.1404614242
compassFilter,39.9450453211466,0,16.7930215458554,12.3478758780941,152.470038700817,1.7476321101339,0.277254012935988,0,152.315872837621,521.189413996208,40545.2836158413
fullSystem,39.9463744898628,0,16.7946977058469,12.3478738072453,152.469987559656,1.74763064694868,0.277254327184832,0,152.31582174817,521.189742504915,40545.2224705706
gyroFilter,0.00224848746486117,0,0.00167615999150315,0.00018577540428673,3.45125008378981e-08,9.64300318937438,-0.938676801501205,0,3.44776044770913e-08,-6.00926988989827e-12,1.14626881358725e-14
gyroSystem,40.9766705317887,0,17.2781402454474,12.6276354739157,159.457177662094,1.74981680257291,0.283780599800391,0,159.295946946561,570.544852160597,44401.9490776863
input,40,0,16.8595562902806,12.3317945499225,152.073156821498,1.74578839132059,0.280933056982051,0,151.919392254439,526.044720815851,40291.9262203196
error,0.222827873192291,-0.410671603322669,-0.064858584433761,0.0949090929015699,0.00900773591539882,7.44087008597923,-1.02725043554953,0,0.00899862799232966,-0.000876881245160283,0.000602526730216074
