signalsNamesOrdered,maxSignals,minSignals,meanSignals,standardDeviationSignals,varianceSignals,kurtosisSignals,skewnessSignals,firstMomentSignals,secondMomentSignals,thirdMomentSignals,fourthMomentSignals
compassSystem,39.9466797724649,0,16.9184491952585,12.4598039452515,155.246714354106,1.71810402736984,0.242252718976581,0,155.086501026599,467.874802528206,41323.5336194223
compassFilter,39.9444698607506,0,16.9162908039688,12.4597303265443,155.244879810207,1.71809394487762,0.242269604069806,0,155.084668375934,467.899119715104,41322.3144916877
fullSystem,39.9462657490141,0,16.9185523620361,12.4597317708049,155.244915800405,1.71809164365536,0.24226962768347,0,155.084704328991,467.899328029149,41322.2783037686
gyroFilter,0.00303154599553324,0,0.00226155806730203,0.000251777640575607,6.33919802938195e-08,10.1164184947446,-1.00223038621876,0,6.33265602935162e-08,-1.59715260613644e-11,4.05694000316667e-14
gyroSystem,40.9766705317887,0,17.405964062076,12.7407723686971,162.327280550955,1.72012734598327,0.248860841646851,0,162.15976013759,513.891229255109,45232.1036925089
input,40,0,16.9847074412457,12.4421043604571,154.805960916505,1.71633728126955,0.245987050394328,0,154.646202442907,473.06534516762,41046.9748805414
error,0.224109689666625,-0.410599635275982,-0.0661550792096156,0.0973605470984562,0.0094790761313107,6.92994312783289,-0.954109684384684,0,0.00946929380300181,-0.000879173707046261,0.000621390849547577
