signalsNamesOrdered,maxSignals,minSignals,meanSignals,standardDeviationSignals,varianceSignals,kurtosisSignals,skewnessSignals,firstMomentSignals,secondMomentSignals,thirdMomentSignals,fourthMomentSignals
compassSystem,39.9466788781712,0,17.1367214030815,12.4695904962229,155.490687143491,1.70910808497482,0.211340192395971,0,155.327184843656,409.122444103928,41234.854922495
compassFilter,39.9454810584541,0,17.1355561353379,12.4695463951119,155.489587299848,1.70910339707558,0.211349112625787,0,155.326086156526,409.135371322017,41234.1584843692
fullSystem,39.9464552174139,0,17.1367839374806,12.469544843332,155.489548599869,1.70910218735055,0.211349424220558,0,155.32604749724,409.135821770201,41234.1087726938
gyroFilter,0.00165151792178975,0,0.00122780214269875,0.000137544815950011,1.89185763947223e-08,9.32092829226566,-0.881780777175382,0,1.88986830441495e-08,-2.29090953102989e-12,3.32906480695661e-15
gyroSystem,40.9766705317887,0,17.6291614538174,12.7511604865888,162.592093754745,1.71092108006815,0.217837264311283,0,162.421124150376,450.916307886467,45135.1615498787
input,40,0,17.2025374151483,12.4523682208243,155.061474306994,1.70724015174529,0.214924250438567,0,154.898423335063,414.339098340875,40962.703374808
error,0.220766777922431,-0.410626273592004,-0.0657534776676734,0.0967130295383249,0.00935341008248091,7.10218269404266,-0.97155261052169,0,0.00934357474064865,-0.000877477357958052,0.000620037515836257
