signalsNamesOrdered,maxSignals,minSignals,meanSignals,standardDeviationSignals,varianceSignals,kurtosisSignals,skewnessSignals,firstMomentSignals,secondMomentSignals,thirdMomentSignals,fourthMomentSignals
compassSystem,39.9466790224261,0,17.1302323838972,12.464120204929,155.354292482919,1.71100039750548,0.212900452212487,0,155.191105200899,411.60138067375,41208.2111710112
compassFilter,39.9455514958588,0,17.129124830738,12.4640912828482,155.353571507173,1.71099564777768,0.21290716924958,0,155.19038498248,411.611501394513,41207.7142970547
fullSystem,39.9464685455765,0,17.1302802672368,12.4640901975711,155.353544453188,1.71099446390955,0.212907434548329,0,155.190357956914,411.611906774175,41207.6714325186
gyroFilter,0.00155454644983166,0,0.00115543649881546,0.000128613649341991,1.65414707970645e-08,9.48986263624601,-0.879935889285815,0,1.65240953025298e-08,-1.86907861244157e-12,2.59116642904578e-15
gyroSystem,40.9766705317887,0,17.62475586133,12.743082215308,162.3861443461,1.71298943903932,0.219675685756025,0,162.215570665064,453.858840072262,45075.4180103155
input,40,0,17.1980118147109,12.4447179863128,154.871005758857,1.70930070806631,0.216723729788744,0,154.708326130959,417.039313666116,40911.5418389648
error,0.225787130589408,-0.410429328698858,-0.0677315474740334,0.094770714567198,0.00898148833957732,7.1668307810147,-1.05398286378902,0,0.00897205400308616,-0.000895718137477487,0.000576913774248701
