signalsNamesOrdered,maxSignals,minSignals,meanSignals,standardDeviationSignals,varianceSignals,kurtosisSignals,skewnessSignals,firstMomentSignals,secondMomentSignals,thirdMomentSignals,fourthMomentSignals
compassSystem,39.9466790059247,0,17.1498554459199,12.4352969249006,154.636609610441,1.71843756256789,0.214300675706556,0,154.47434664128,411.441496494279,41005.9134969548
compassFilter,39.9435577887016,0,17.1468022984629,12.4351954574803,154.634086065738,1.71842019539776,0.21432524106685,0,154.471825744578,411.478587471484,41004.1607335181
fullSystem,39.9460929329844,0,17.1500004545998,12.4351936934952,154.634042194743,1.71841758325154,0.214325449845985,0,154.471781919617,411.478813192135,41004.0751372593
gyroFilter,0.00426263524786918,0,0.00319815613682714,0.00035838233016061,1.28437894571349e-07,10.9058552165513,-1.16755797033027,0,1.28303122383971e-07,-5.3657976524625e-11,1.79528820993745e-13
gyroSystem,40.9766705317887,0,17.6461885737956,12.7115788246445,161.584236215152,1.72026616591751,0.221551262460338,0,161.414682976731,454.348172268743,44821.0186675221
input,40,0,17.2193957936932,12.4134908121785,154.094754144041,1.71661128026546,0.218615688684778,0,153.933059753544,417.521821329956,40675.7684171964
error,0.221797845423206,-0.410517985444581,-0.0693953390933961,0.0928808451943612,0.00862685140401889,7.52744863214692,-1.27084306716235,0,0.00861779909404616,-0.00101668513055523,0.000559036971965099
