signalsNamesOrdered,maxSignals,minSignals,meanSignals,standardDeviationSignals,varianceSignals,kurtosisSignals,skewnessSignals,firstMomentSignals,secondMomentSignals,thirdMomentSignals,fourthMomentSignals
compassSystem,39.9466847973163,0,16.267600093313,11.5171144002077,132.64392410747,2.03367436473303,0.396607904202339,0,132.530939504312,605.114110478261,35720.3715449311
compassFilter,39.9451016915394,0,16.2660438744344,11.5170742928998,132.643000268174,2.03366911675615,0.396620357716995,0,132.530016451932,605.126789159957,35719.7817991516
fullSystem,39.9463887897311,0,16.2676664735731,11.5170732443246,132.642976115138,2.03366705659255,0.396620658074315,0,132.52999231947,605.127082135563,35719.7326055611
gyroFilter,0.00217769516036981,0,0.00162259913871514,0.000176013614078807,3.09807923410832e-08,9.10551637709886,-0.871873385154572,0,3.0954403250503e-08,-4.74828824017737e-12,8.72467888848354e-15
gyroSystem,40.9766705317887,0,16.7384730617793,11.7776869468187,138.713909817264,2.03751684056487,0.403736298841622,0,138.595754868527,658.753126971512,39138.2193944482
input,40,0,16.3314692001978,11.502167005846,132.299845830373,2.03250788049301,0.400900144622341,0,132.187154309223,609.284447986302,35514.9121504341
error,0.223341273480913,-0.410300357100255,-0.0638027266247056,0.0875320096510378,0.00766185271354938,8.38696056743049,-1.09774811033837,0,0.00765532643355487,-0.000735272409432867,0.000491509628352326
