signalsNamesOrdered,maxSignals,minSignals,meanSignals,standardDeviationSignals,varianceSignals,kurtosisSignals,skewnessSignals,firstMomentSignals,secondMomentSignals,thirdMomentSignals,fourthMomentSignals
compassSystem,39.9466787938181,0,17.1553593474201,12.4647296589009,155.369485469485,1.71026152308635,0.209357811887933,0,155.205938642675,404.810410367177,41198.2903959518
compassFilter,39.9454634898555,0,17.1541725672264,12.4646906433153,155.368512833551,1.71025697234697,0.209365877595474,0,155.204967030568,404.82220467081,41197.6649619393
fullSystem,39.9464518545045,0,17.1554184989868,12.4646890409071,155.36847288651,1.71025584395087,0.209366129860944,0,155.204927125577,404.822536315215,41197.6165957021
gyroFilter,0.00167473427898557,0,0.00124593176037862,0.000139081329117318,1.93436161090397e-08,9.44115842510271,-0.894649913887477,0,1.93232544078723e-08,-2.40310934421236e-12,3.52521678122184e-15
gyroSystem,40.9766705317887,0,17.6487391555135,12.7456601158229,162.451851788079,1.71208558868809,0.215919145591993,0,162.280849838829,446.366982969319,45087.9010566478
input,40,0,17.2215356081638,12.4471129187657,154.930620012504,1.70841787431865,0.212978929594035,0,154.767535149333,410.068527754169,40921.7161503787
error,0.22233137838749,-0.410599090928378,-0.0661171091769727,0.0953001673256536,0.00908212189229758,7.1232554753758,-0.981220807125404,0,0.0090725617639899,-0.000847933217991906,0.000586324966626096
