signalsNamesOrdered,maxSignals,minSignals,meanSignals,standardDeviationSignals,varianceSignals,kurtosisSignals,skewnessSignals,firstMomentSignals,secondMomentSignals,thirdMomentSignals,fourthMomentSignals
compassSystem,39.9466794571944,0,16.8953568979128,12.4701012796827,155.503425925543,1.71677055482495,0.243444905406667,0,155.343113115311,471.344774690951,41428.219102182
compassFilter,39.9453632918462,0,16.8940589947191,12.4700735033068,155.502733177875,1.71676527908398,0.243452015371076,0,155.342421081815,471.355390858454,41427.7226779606
fullSystem,39.9464335925223,0,16.8954071099041,12.4700728680417,155.502717334271,1.71676384300072,0.243452286083249,0,155.342405254545,471.355842956037,41427.6795816204
gyroFilter,0.00181318178894685,0,0.00134811518493977,0.000149674380169561,2.24024200791423e-08,9.52421690727796,-0.885205519661237,0,2.23793248007102e-08,-2.96356585543194e-12,4.77005335095223e-15
gyroSystem,40.9766705317887,0,17.3824337112638,12.7514241602194,162.598818113826,1.71895398469043,0.249921975553074,0,162.431190466286,517.37874866595,45352.6956598495
input,40,0,16.9613100509382,12.4529950944867,155.07708682331,1.71515090959988,0.246988534113779,0,154.917213537925,476.24048060804,41162.495062616
error,0.224377483967728,-0.410404121015687,-0.0659029410341159,0.0965522796861787,0.00932234271259807,7.03251544271733,-0.955919558434141,0,0.00931273205000776,-0.000859086725937096,0.000609908813739548
