signalsNamesOrdered,maxSignals,minSignals,meanSignals,standardDeviationSignals,varianceSignals,kurtosisSignals,skewnessSignals,firstMomentSignals,secondMomentSignals,thirdMomentSignals,fourthMomentSignals
compassSystem,39.9466795404972,0,16.8647623663509,12.4508510261717,155.023691275921,1.7215245868906,0.251134402204189,0,154.864529375227,483.987499969437,41287.3628304475
compassFilter,39.9444093718368,0,16.8625501376115,12.4507701794664,155.021678061891,1.72151494601347,0.251152314371816,0,154.862518228152,484.012591798171,41286.0592699738
fullSystem,39.9462541536309,0,16.8648743022569,12.450770398007,155.021683503888,1.72151259476424,0.251152557345574,0,154.862523664562,484.01308553605,41286.005780045
gyroFilter,0.00311380132586336,0,0.00232416464537763,0.000259515567525217,6.73483297879355e-08,10.0281166787641,-1.00772116498241,0,6.72791836587898e-08,-1.75857724745891e-11,4.53921553625281e-14
gyroSystem,40.9766705317887,0,17.3502593548737,12.7323332768823,162.112310673605,1.72352717145858,0.257713948736978,0,161.945870929587,531.120108674103,45202.0252303643
input,40,0,16.9303683310136,12.4338171558954,154.599809066238,1.71970490932331,0.254848958536378,0,154.441082362884,489.133173448433,41018.4839078794
error,0.222016834541532,-0.410580852921743,-0.0654940287567117,0.0966005178658254,0.00933166005194565,7.0146278488701,-1.03180128814697,0,0.00932207929213873,-0.000928678208056672,0.000609579313371635
