signalsNamesOrdered,maxSignals,minSignals,meanSignals,standardDeviationSignals,varianceSignals,kurtosisSignals,skewnessSignals,firstMomentSignals,secondMomentSignals,thirdMomentSignals,fourthMomentSignals
compassSystem,39.9466790819045,0,17.100833267629,12.4684329943198,155.461821333842,1.71156819200563,0.215829318566795,0,155.298863449844,417.698442223635,41279.1514932105
compassFilter,39.9447432139992,0,17.0989432452963,12.4683684003853,155.460210567726,1.71155949635173,0.215843503948015,0,155.297254372162,417.719403276585,41278.0863820111
fullSystem,39.9463166896955,0,17.1009253840145,12.4683686965893,155.460217954088,1.71155761763936,0.215843533755229,0,155.297261750782,417.719490732721,41278.0449951366
gyroFilter,0.00265981503470769,0,0.00198213871814169,0.000221883630661872,4.92323455556941e-08,9.82131000039039,-0.970809222746356,0,4.91807393234554e-08,-1.05883057397786e-11,2.37552456393964e-14
gyroSystem,40.9766705317887,0,17.5944902898861,12.7475270314344,162.499445417151,1.71346284097831,0.222664176873697,0,162.329110568705,460.516256006958,45151.0140587849
input,40,0,17.1687136467198,12.44878839501,154.972332503736,1.70976828995148,0.219756889332734,0,154.809887710755,423.292469629359,40976.4800929559
error,0.224187350597296,-0.410621685732391,-0.0677882627052928,0.0964310104596524,0.0092989397782696,7.07132406374724,-1.01512877813318,0,0.00928919246194018,-0.000908841357041614,0.000610178165190994
