signalsNamesOrdered,maxSignals,minSignals,meanSignals,standardDeviationSignals,varianceSignals,kurtosisSignals,skewnessSignals,firstMomentSignals,secondMomentSignals,thirdMomentSignals,fourthMomentSignals
compassSystem,39.9466789382587,0,17.1888155447904,12.474231874189,155.606460851033,1.71155785440486,0.201259692444707,0,155.442145686459,390.040746067764,41355.1070052875
compassFilter,39.9420341131387,0,17.1842915999348,12.4740618228032,155.602218359116,1.71153514790984,0.201296437705367,0,155.43790767447,390.096004234291,41352.3033945558
fullSystem,39.9458046868584,0,17.1890434772551,12.4740683817172,155.602381991756,1.71153115415139,0.201295524118625,0,155.43807113432,390.094849117907,41352.2938743087
gyroFilter,0.00629874920948481,0,0.00475187732023433,0.000537277065763847,2.88666645395809e-07,12.1614251727662,-1.36443056044453,0,2.88361823172582e-07,-2.1127985113035e-10,1.0112534060681e-12
gyroSystem,40.9766705317887,0,17.683397305925,12.7546939696935,162.682218260536,1.71315787016174,0.207999892935806,0,162.510431335235,430.908415635945,45243.8831156891
input,40,0,17.2555198156587,12.4557676752308,155.146148379325,1.7095252506217,0.205079754005292,0,154.982319289168,395.681751528696,41061.9747378956
error,0.221938355905718,-0.410172096650178,-0.0664763384036215,0.0963644226268438,0.00928610194820496,7.39587056925074,-1.06667732580518,0,0.00927629613833358,-0.000953004542029068,0.00063641222218741
