signalsNamesOrdered,maxSignals,minSignals,meanSignals,standardDeviationSignals,varianceSignals,kurtosisSignals,skewnessSignals,firstMomentSignals,secondMomentSignals,thirdMomentSignals,fourthMomentSignals
compassSystem,39.9470621116912,0,20.0409837240916,11.6016924370141,134.599267403069,1.80544172330761,-0.0237685628641414,0,134.514239438822,-37.0813309772027,32667.8080814435
compassFilter,39.9488714187993,0,20.0397043240771,11.6074330365869,134.732501698848,1.80513092479302,-0.0236539252199036,0,134.647389568905,-36.9572907492892,32726.878385446
fullSystem,39.9846217074126,0,20.048756003067,11.6080453249898,134.746716267016,1.8052192281496,-0.0235506717715943,0,134.661595157562,-36.8017890580393,32735.3855321419
gyroFilter,0.0357502886132579,-0.0178964595094868,0.00905167898996072,0.00506160917714836,2.56198874621925e-05,9.44250257469215,0.474748326892041,0,2.56037030733976e-05,6.150601869666e-08,6.19002889037364e-09
gyroSystem,40.9766705317887,0,20.5930726512092,11.8748116905828,141.011152686801,1.80431027914627,-0.017716625170661,0,140.922074258067,-29.6380439328767,35831.8537909942
input,40,0,20.0982926840244,11.594463046513,134.431573336956,1.80218168994516,-0.021523231123475,0,134.346651307052,-33.515657060834,32527.6182627361
error,0.2380278576664,-0.411498628924909,-0.0495366809574374,0.0781533970460313,0.00610795346983461,9.51670843171336,-1.03045495227617,0,0.00610409500270269,-0.000491429176348636,0.000354592325880519
