signalsNamesOrdered,maxSignals,minSignals,meanSignals,standardDeviationSignals,varianceSignals,kurtosisSignals,skewnessSignals,firstMomentSignals,secondMomentSignals,thirdMomentSignals,fourthMomentSignals
compassSystem,39.9466816465914,0,16.300320666643,12.0904226517616,146.178319898229,1.85430043323827,0.366807240342697,0,146.040805015917,647.365017086479,39548.3652319468
compassFilter,39.9410401968055,0,16.2947733943549,12.0902850169121,146.17499179017,1.85427862173819,0.366845914165994,0,146.037480038721,647.411160653783,39546.0992486618
fullSystem,39.945619002104,0,16.3005503952523,12.0902878256264,146.175059706491,1.85427482233825,0.366844786857836,0,146.037547891151,647.409622377982,39546.0549670847
gyroFilter,0.00761775211651283,0,0.00577700089737614,0.000640350751535711,4.1004908499235e-07,12.8306405954794,-1.44013249771403,0,4.09663337969779e-07,-3.77609663331715e-10,2.15329007494209e-12
gyroSystem,40.9766705317887,0,16.7744117041106,12.3618805482998,152.816090690433,1.85760317637712,0.373814178229331,0,152.672331432963,705.173975147892,43298.5766802128
input,40,0,16.3668935764917,12.0727706098063,145.751790197004,1.85300966197423,0.371009125250571,0,145.614676565586,651.917015242693,39290.5387289649
error,0.222794894195111,-0.410242740373176,-0.0663431812394462,0.0921818972431794,0.00849750217935208,7.76098418891196,-1.1597989081294,0,0.00848950829207141,-0.000907207226170725,0.000559347720297558
