signalsNamesOrdered,maxSignals,minSignals,meanSignals,standardDeviationSignals,varianceSignals,kurtosisSignals,skewnessSignals,firstMomentSignals,secondMomentSignals,thirdMomentSignals,fourthMomentSignals
compassSystem,39.946679556687,0,16.8976062731407,12.4199149503732,154.254287374503,1.72661258026561,0.252261665124372,0,154.095915416213,482.54514315905,40999.3673374094
compassFilter,39.9448054220391,0,16.8957723139017,12.4198580547801,154.252874100887,1.72660448394859,0.252274837833347,0,154.094503593597,482.563708981042,40998.4238226708
fullSystem,39.9463287926807,0,16.8976932912127,12.4198562776123,154.252829956546,1.72660293378802,0.252275022938476,0,154.094459494578,482.563855907779,40998.36354796
gyroFilter,0.00257524546109167,0,0.00192097731100718,0.000214299096887217,4.59241029266767e-08,9.71444265133994,-0.96166248193778,0,4.58769529236718e-08,-9.44962382912367e-12,2.04459370260513e-14
gyroSystem,40.9766705317887,0,17.3848419051029,12.6996536988939,161.28120407183,1.72869933805697,0.258975640381546,0,161.115617620011,529.6212187289,44873.9961792733
input,40,0,16.9640072404393,12.4020405016516,153.810608604607,1.72485768927255,0.256075870345228,0,153.652692168668,487.729381004813,40722.4235881378
error,0.223349957549758,-0.410636474451797,-0.0663139492266488,0.0966967040678183,0.00935025257757924,7.0825181692569,-0.980251824574457,0,0.00934065272893696,-0.00088491895602488,0.000617934082001469
