signalsNamesOrdered,maxSignals,minSignals,meanSignals,standardDeviationSignals,varianceSignals,kurtosisSignals,skewnessSignals,firstMomentSignals,secondMomentSignals,thirdMomentSignals,fourthMomentSignals
compassSystem,39.9466806378311,0,16.5392703428782,12.2192195463685,149.309326322355,1.79016710369619,0.331462897029781,0,149.163373901707,603.848815709281,39830.7026927289
compassFilter,39.9454770471905,0,16.5380890431336,12.219188203184,149.30856034483,1.79016282127335,0.331470787768293,0,149.162608672939,603.858543964985,39830.1987380362
fullSystem,39.946455897321,0,16.539320008938,12.2191886528688,149.308571334398,1.79016119604576,0.331471271433794,0,149.162619651764,603.859491753856,39830.1684408053
gyroFilter,0.00165919646292423,0,0.00123096580440916,0.000136534240760629,1.86415989000814e-08,9.12957862304139,-0.84829870792005,0,1.86233764182631e-08,-2.15593884504426e-12,3.16641311611156e-15
gyroSystem,40.9766705317887,0,17.0188732298776,12.4940470767796,156.101212356785,1.79323450601062,0.338165368984759,0,155.948620751353,658.569232590613,43611.4135391351
input,40,0,16.605929472109,12.2016956959585,148.881377856771,1.78887732780871,0.335324172180615,0,148.735843763069,608.25869153377,39574.1725351223
error,0.223752269038505,-0.410622863729629,-0.0666094631710386,0.0922108389917378,0.00850283882756018,7.48570203397867,-1.0175961158501,0,0.00849452715715201,-0.000796680622996753,0.000540145738962512
