signalsNamesOrdered,maxSignals,minSignals,meanSignals,standardDeviationSignals,varianceSignals,kurtosisSignals,skewnessSignals,firstMomentSignals,secondMomentSignals,thirdMomentSignals,fourthMomentSignals
compassSystem,24.947270968392,0,10.0141582124009,7.77388192037439,60.4332401119239,1.78253740885362,0.350209646419386,0,60.3408345460035,164.151582174368,6490.24778543113
compassFilter,24.9429829533251,0,10.0100385524157,7.77365774525698,60.4297547403938,1.78250751076845,0.350288011152378,0,60.3373545037877,164.174109921043,6489.39033490552
fullSystem,24.947333577146,0,10.0144157272585,7.77363748871062,60.4294398058871,1.78249862010451,0.350283086443489,0,60.3370400508322,164.170518402598,6489.29032814554
gyroFilter,0.00555273363606901,0,0.00437717484283165,0.000507364521831349,2.57418758013153e-07,14.5031941981063,-1.8221551067803,0,2.57025151349525e-07,-2.37437208581675e-10,9.58108977067249e-13
gyroSystem,25.5108674758706,0,10.3417015232529,7.9169224032322,62.6776603388,1.77288247951439,0.355159373786513,0,62.5818229376703,175.831060633804,6943.46686161635
input,25,0,10.0884395227634,7.74685193547853,60.0137149102274,1.7807684522086,0.359182805118904,0,59.9219508201506,166.607463891763,6394.09877374911
error,0.223970403555222,-0.410206498251589,-0.0740237955049432,0.116808078660681,0.0136441272403998,4.72932452599115,-0.757296545023373,0,0.0136232646605215,-0.0012041698971425,0.000877731134772807
