signalsNamesOrdered,maxSignals,minSignals,meanSignals,standardDeviationSignals,varianceSignals,kurtosisSignals,skewnessSignals,firstMomentSignals,secondMomentSignals,thirdMomentSignals,fourthMomentSignals
compassSystem,39.9466814944262,0,16.3802942853329,12.0774732000206,145.865358897215,1.84287985893811,0.368296935491278,0,145.726966716098,647.900019548009,39136.0395330114
compassFilter,39.9447568167078,0,16.3784023686354,12.0774243724438,145.864179472099,1.84287192958248,0.368310901834851,0,145.725788409981,647.916730457733,39135.2382623317
fullSystem,39.9463212157816,0,16.3803744092287,12.0774230622469,145.864147824493,1.84287017939814,0.368311191840589,0,145.725756792401,647.917029759118,39135.1841133727
gyroFilter,0.00264397044760756,0,0.0019720405933457,0.000216773018735712,4.69905416517932e-08,9.64837293016575,-0.943635804506119,0,4.69459585951976e-08,-9.59846372940086e-12,2.12642712875958e-14
gyroSystem,40.9766705317887,0,16.8555667819619,12.3491797158271,152.502239653796,1.84607442054839,0.375325213399825,0,152.357550621866,705.835850954584,42852.5991963736
input,40,0,16.44653193612,12.0600160209475,145.443986425509,1.84150973192882,0.372528722626493,0,145.305994028521,652.506823974576,38881.3269232947
error,0.222146260794466,-0.410624318289674,-0.0661575268912507,0.0915304775422097,0.00837782831910496,7.80484661012781,-1.15895100973214,0,0.00836987971538665,-0.000887450019530217,0.00054676764303249
