signalsNamesOrdered,maxSignals,minSignals,meanSignals,standardDeviationSignals,varianceSignals,kurtosisSignals,skewnessSignals,firstMomentSignals,secondMomentSignals,thirdMomentSignals,fourthMomentSignals
compassSystem,39.9466796758765,0,17.0954518593614,12.4498979838029,154.999959807099,1.71633865187618,0.21943153061326,0,154.837825957928,422.78019017438,41148.7941229636
compassFilter,39.9441185346545,0,17.0929525005427,12.4498091271602,154.997747302722,1.71632574844933,0.219451819735553,0,154.835615767886,422.810228266971,41147.3100493845
fullSystem,39.9461993953043,0,17.0955749127126,12.4498094020226,154.99775414669,1.71632324993973,0.21945193330007,0,154.835622604696,422.810475071766,41147.2537836819
gyroFilter,0.00350762332205079,0,0.00262241217000485,0.000294001415830893,8.64368325105699e-08,10.3176889783189,-1.06473978554378,0,8.63464174138016e-08,-2.70153107176049e-11,7.69256329249178e-14
gyroSystem,40.9766705317887,0,17.5890720220487,12.7282952455106,162.009499856887,1.71818471294562,0.226395643394512,0,161.840033852852,466.119214845294,45003.0317235502
input,40,0,17.1635783871094,12.4298418045645,154.500967286499,1.71449273570969,0.223489677518924,0,154.339355396032,428.521377164893,40840.3084519355
error,0.224238191987684,-0.410557766838783,-0.0680034743967534,0.0950202975143459,0.00902885693971481,7.24130845806025,-1.11287158333409,0,0.00901941252869,-0.000953262326250069,0.000589079011910478
