signalsNamesOrdered,maxSignals,minSignals,meanSignals,standardDeviationSignals,varianceSignals,kurtosisSignals,skewnessSignals,firstMomentSignals,secondMomentSignals,thirdMomentSignals,fourthMomentSignals
compassSystem,39.9466811095254,0,16.3824078814665,12.0559931116408,145.346969907931,1.85714694897318,0.361188928166386,0,145.209850124999,632.016686695953,39159.6159161017
compassFilter,39.9423949624527,0,16.3782370594579,12.0558345454275,145.343146586724,1.85713196307881,0.361228520466708,0,145.206030410699,632.06102604605,39157.239797966
fullSystem,39.9458747203535,0,16.3826207798175,12.0558389722712,145.343253325334,1.85712789883024,0.361228499453401,0,145.206137048612,632.061685547336,39157.2116174295
gyroFilter,0.00582364774584221,0,0.00438372035958743,0.000490151953951302,2.40248937962279e-07,11.2438063586793,-1.24749081634462,0,2.40022288020805e-07,-1.46694798257524e-10,6.4776354089658e-13
gyroSystem,40.9766705317887,0,16.857087927073,12.3278040444224,151.974752557678,1.86026829761944,0.368170694959008,0,151.831380149604,688.797444180768,42884.333479304
input,40,0,16.4480749574751,12.0391929598679,144.942167124932,1.85568164882583,0.365335500249802,0,144.805429231418,636.603677804192,38911.069111208
error,0.221614490432621,-0.410207211421967,-0.0654541776576111,0.0931611126996254,0.0086789929194323,7.75421347448243,-1.11949549571797,0,0.00867080519026303,-0.000903881492161689,0.000582983966591346
