signalsNamesOrdered,maxSignals,minSignals,meanSignals,standardDeviationSignals,varianceSignals,kurtosisSignals,skewnessSignals,firstMomentSignals,secondMomentSignals,thirdMomentSignals,fourthMomentSignals
compassSystem,39.9470621005261,0,19.2389781570583,11.9547725377557,142.916586429478,1.78055987054389,0.0173668303766343,0,142.573036942868,29.5649169520858,36193.56666456
compassFilter,39.9018881341615,0,19.1941753390202,11.954066023251,142.899694488243,1.78028111286334,0.0175729321535515,0,142.556185607262,29.9104765056774,36179.346428108
fullSystem,39.9397246653148,0,19.2401498431719,11.9546093400313,142.912684472764,1.78037848959562,0.0174418131567581,0,142.569144365859,29.6913500111868,36187.9036116104
gyroFilter,0.0580844339287161,0,0.045974504151695,0.00531127986144399,2.82096937665805e-05,31.8331627411802,-3.76630396165268,0,2.81418820027185e-05,-5.6227020895332e-07,2.52107673680782e-08
gyroSystem,40.9766705317887,0,19.7773904125233,12.2281813503285,149.528419136522,1.77928314654238,0.0244833329252823,0,149.16897582129,44.6054885111559,39591.5113775895
input,40,0,19.3011044710647,11.9405726577343,142.577275394633,1.77676590600121,0.0209371724784591,0,142.23454155955,35.5161307964669,35945.1554948643
error,0.237639641592845,-0.407279630042592,-0.0609546278928368,0.0839073986413441,0.00704045154675744,8.57190262579602,-1.07247965091662,0,0.00702352738438542,-0.000631279927897957,0.000422851415808145
