signalsNamesOrdered,maxSignals,minSignals,meanSignals,standardDeviationSignals,varianceSignals,kurtosisSignals,skewnessSignals,firstMomentSignals,secondMomentSignals,thirdMomentSignals,fourthMomentSignals
compassSystem,39.9466789320718,0,17.2759943231674,12.4614817048866,155.288526281224,1.7090153971224,0.193030091377877,0,155.123501279863,372.942101899319,41124.5513152795
compassFilter,39.9453849269353,0,17.2747281542629,12.4614434320114,155.287572409221,1.70901050647695,0.193038022611894,0,155.122548421539,372.953988995459,41123.9284116143
fullSystem,39.9464372262981,0,17.2760542512216,12.4614421107835,155.287539480408,1.7090091626623,0.193038318140102,0,155.122515527719,372.954441335075,41123.878634709
gyroFilter,0.00178298172019709,0,0.00132609695865939,0.000148555622598906,2.20687730057487e-08,9.45494785798043,-0.906334452106322,0,2.20453205370922e-08,-2.96662816569838e-12,4.59506832912744e-15
gyroSystem,40.9766705317887,0,17.7714748502946,12.743014875921,162.384428127945,1.7105825469252,0.199581753278802,0,162.211862316969,412.329824349988,45010.0253281895
input,40,0,17.3413293836505,12.4446232705028,154.868648344741,1.7069861737355,0.196601648840728,0,154.70406954735,378.302980551912,40853.8960637953
error,0.223922440853136,-0.410306828038147,-0.0652751324290067,0.0937343922934812,0.00878613629862823,7.40126102016898,-1.0323449508224,0,0.00877679927811959,-0.000848846353793604,0.000570135460371047
