signalsNamesOrdered,maxSignals,minSignals,meanSignals,standardDeviationSignals,varianceSignals,kurtosisSignals,skewnessSignals,firstMomentSignals,secondMomentSignals,thirdMomentSignals,fourthMomentSignals
compassSystem,39.9466787463532,0,17.3060639705187,12.4869806692144,155.924686233334,1.70652940611086,0.182873421207362,0,155.758277816863,355.489923294134,41401.4974627147
compassFilter,39.9455184845955,0,17.3049279100266,12.4869462353501,155.923826284523,1.70652429729042,0.182880926717636,0,155.75741878582,355.501572359444,41400.9168507315
fullSystem,39.946462131746,0,17.3061161132215,12.4869459746236,155.923819773169,1.70652298221285,0.182881112843323,0,155.757412281415,355.501911899937,41400.8814886699
gyroFilter,0.00159950991003655,0,0.00118820319497553,0.000133699390905354,1.78755271284626e-08,9.27371505954334,-0.870134283720187,0,1.78564497249103e-08,-2.07624669161467e-12,2.95694998325997e-15
gyroSystem,40.9766705317887,0,17.8025081250513,12.7686687561975,163.038901805494,1.70794649324669,0.189515274388787,0,162.864900843055,393.899534363718,45303.2396173205
input,40,0,17.3715301720426,12.4697594282982,155.494900199632,1.70436698554202,0.186543577217067,0,155.328950466228,361.12612880164,41121.4034719878
error,0.223423905911058,-0.410736560998516,-0.0654140588210415,0.0968497774000064,0.00937987938243079,7.32290202011079,-1.02289880060992,0,0.00936986883879959,-0.000927754216382499,0.000642910097088634
