signalsNamesOrdered,maxSignals,minSignals,meanSignals,standardDeviationSignals,varianceSignals,kurtosisSignals,skewnessSignals,firstMomentSignals,secondMomentSignals,thirdMomentSignals,fourthMomentSignals
compassSystem,39.9466804007089,0,16.61335393766,12.296025761612,151.192249530227,1.76827719375721,0.309364849863586,0,151.042405873606,574.274205259341,40341.137047109
compassFilter,39.9439587963944,0,16.6106888143265,12.2959443403581,151.190247221184,1.76826507065488,0.309385504324818,0,151.040405549012,574.301137358261,40339.791974622
fullSystem,39.946169823516,0,16.6134784114362,12.2959421506465,151.190193372046,1.76826296220002,0.309385672232099,0,151.040351753243,574.301142216757,40339.7151385591
gyroFilter,0.00372303709499278,0,0.00278959710977938,0.000308030233367925,9.4882624668698e-08,10.5855932544805,-1.0959310167676,0,9.47885883707112e-08,-3.19828603554982e-11,9.51102479152606e-14
gyroSystem,40.9766705317887,0,17.0947036695405,12.5720957354056,158.057591180204,1.77092362419336,0.316286252750604,0,157.900943418876,627.56310503314,44153.9214929033
input,40,0,16.6803738635316,12.2775663291683,150.738634967126,1.76673330859648,0.313467758277761,0,150.589240878952,579.273677177493,40064.4223080191
error,0.222345852611775,-0.410544420728391,-0.0668954520954069,0.0931547919621426,0.00867781526551006,7.39360682830733,-1.16211170288906,0,0.0086692148539486,-0.000938031719726408,0.000555668637112845
