signalsNamesOrdered,maxSignals,minSignals,meanSignals,standardDeviationSignals,varianceSignals,kurtosisSignals,skewnessSignals,firstMomentSignals,secondMomentSignals,thirdMomentSignals,fourthMomentSignals
compassSystem,39.9466792580223,0,17.0829782753904,12.4583589869368,155.210708647388,1.71200096741956,0.221074480890964,0,155.04835434964,426.814687148643,41156.4898801005
compassFilter,39.9455012115573,0,17.0818286103415,12.458319978643,155.209736690256,1.7119963318656,0.221082710637231,0,155.047383409199,426.826566478071,41155.862985873
fullSystem,39.9464593077465,0,17.0830352470329,12.4583195454663,155.209725896948,1.71199507718422,0.221082887241335,0,155.047372627181,426.826862910968,41155.8270997552
gyroFilter,0.00162376306190382,0,0.00120663669140216,0.000134973216141378,1.82177690755471e-08,9.32024762487641,-0.870060627527375,0,1.81987128317442e-08,-2.13604562232719e-12,3.08680215784748e-15
gyroSystem,40.9766705317887,0,17.5766398002029,12.7368624784968,162.22766579614,1.71401323595703,0.227922859866478,0,162.057971585056,470.211756776055,45014.7630815153
input,40,0,17.1512258081458,12.4384137653011,154.714136996832,1.71029841356721,0.225006528757122,0,154.552302125496,432.322996390317,40852.8961278542
error,0.22351628011557,-0.41059493539219,-0.0681905611129192,0.0966987259477796,0.00935064359992378,6.98320255939882,-0.987563727554049,0,0.00934086259197407,-0.000891549797011888,0.000609296392252353
