signalsNamesOrdered,maxSignals,minSignals,meanSignals,standardDeviationSignals,varianceSignals,kurtosisSignals,skewnessSignals,firstMomentSignals,secondMomentSignals,thirdMomentSignals,fourthMomentSignals
compassSystem,39.946680865022,0,16.5805155322324,12.1031504084382,146.486249809277,1.82205972438625,0.340231887047473,0,146.34444317829,602.336760310587,39022.4993006037
compassFilter,39.945475822765,0,16.5793303518168,12.1031217975116,146.4855572454,1.82205521713405,0.340239570930399,0,146.343751284853,602.346091915042,39022.0337874987
fullSystem,39.9464558514919,0,16.5805665003103,12.1031195742074,146.485503427562,1.82205422909487,0.340239875878608,0,146.343697519113,602.346299835454,39021.983954303
gyroFilter,0.00166067834611994,0,0.00123614849348661,0.000135675273420378,1.84077798176944e-08,9.36400634344906,-0.873064456425645,0,1.8389960088926e-08,-2.1772960663721e-12,3.16681922402e-15
gyroSystem,40.9766705317887,0,17.0581687966443,12.3781719051051,153.219139712334,1.82479737508142,0.346824923600687,0,153.070815278924,656.823816967899,42756.2333060212
input,40,0,16.6442573123334,12.0884541023095,146.130722583643,1.82035914570126,0.343974988211576,0,145.989260122284,606.747821618731,38797.0670328271
error,0.223973925002523,-0.410621123643301,-0.0636908120230365,0.0896767316261505,0.00804191619514862,8.16420189394434,-1.12916080341184,0,0.00803413118431111,-0.00081313784086327,0.000526976894072886
