signalsNamesOrdered,maxSignals,minSignals,meanSignals,standardDeviationSignals,varianceSignals,kurtosisSignals,skewnessSignals,firstMomentSignals,secondMomentSignals,thirdMomentSignals,fourthMomentSignals
compassSystem,39.9466788276073,0,17.3901924072316,12.4520294896226,155.053038410432,1.70910632198393,0.178808983503169,0,154.886850802275,344.676090905898,41001.3522240699
compassFilter,39.9453270464535,0,17.3888727128023,12.4519842923905,155.05191281794,1.70909999526564,0.178818633310265,0,154.885726416206,344.690938674512,41000.6051601854
fullSystem,39.9464262735965,0,17.3902572928815,12.4519836179583,155.051896021902,1.70909837180279,0.178818953199143,0,154.88570963817,344.691499284366,41000.5573311869
gyroFilter,0.00186133144082135,0,0.00138458007923828,0.000155848093658128,2.42886282968727e-08,9.4028014867168,-0.8964264138127,0,2.42625954691162e-08,-3.38782158506749e-12,5.53518042674073e-15
gyroSystem,40.9766705317887,0,17.8901796985727,12.7310340242416,162.079227326398,1.7104840771348,0.185752089429976,0,161.905508969135,382.671524877235,44837.5927616692
input,40,0,17.4573972666613,12.4327015079925,154.572066786838,1.70694183969861,0.182778858824505,0,154.406394689532,350.690406358484,40695.7717495671
error,0.224825524711551,-0.410445318630621,-0.0671399737798352,0.0950521477009139,0.00903491078255635,7.37645361733086,-1.08808584824054,0,0.00902522706253218,-0.000932932810909402,0.000600846990033495
