signalsNamesOrdered,maxSignals,minSignals,meanSignals,standardDeviationSignals,varianceSignals,kurtosisSignals,skewnessSignals,firstMomentSignals,secondMomentSignals,thirdMomentSignals,fourthMomentSignals
compassSystem,39.9470621116949,0,19.9913243420724,11.6436139174706,135.573745059115,1.79100262572293,-0.0156432315872664,0,135.485881322848,-24.6699083386416,32876.4036506352
compassFilter,39.9438692749355,0,19.9875785376497,11.6484772517051,135.68702228349,1.7907304256548,-0.015278479455645,0,135.599085133598,-24.1248862155782,32926.3606996746
fullSystem,39.980508131856,0,19.9961026545687,11.6488006627728,135.694556881016,1.79103288811729,-0.0150726834482656,0,135.60661484804,-23.8019144842111,32935.579581719
gyroFilter,0.0452705031588465,-0.0223236054486797,0.00852411691905627,0.00730347284760189,5.33407156356581e-05,7.40140658637223,0.128538939493119,0,5.33061461504762e-05,5.00265600753021e-08,2.10314314876567e-08
gyroSystem,40.9766705317887,0,20.5421562466854,11.9179762486677,142.038157863807,1.78992946655479,-0.0096689810582741,0,141.94610461827,-16.3518135948224,36064.7457861895
input,40,0,20.0485068779522,11.636600652762,135.410474751861,1.78781073339934,-0.013453641468879,0,135.322716829144,-21.1785348733681,32738.8150947791
error,0.237667866757701,-0.41147301493626,-0.0524042233834297,0.0777159682686922,0.00603977172394038,9.52383512022096,-0.923191223412979,0,0.00603585741951786,-0.000432912499511007,0.000346968311458043
