signalsNamesOrdered,maxSignals,minSignals,meanSignals,standardDeviationSignals,varianceSignals,kurtosisSignals,skewnessSignals,firstMomentSignals,secondMomentSignals,thirdMomentSignals,fourthMomentSignals
compassSystem,39.9466802820891,0,16.6681206252342,12.1810615349351,148.378260117877,1.79811419485552,0.316942891233406,0,148.23236212366,571.999381577698,39509.6632435168
compassFilter,39.9443133051335,0,16.665801733458,12.1809913963608,148.376551398216,1.79810326963238,0.316961384086931,0,148.230655084157,572.022875122434,39508.5132119506
fullSystem,39.9462366373662,0,16.6682254148966,12.1809911388041,148.376545123624,1.79810076310485,0.3169617586146,0,148.230648815735,572.023514750813,39508.4547962167
gyroFilter,0.00324339344355096,0,0.0024236814385805,0.000267621001530586,7.1621000460234e-08,10.1794271857716,-1.03409299601317,0,7.15505766643045e-08,-1.97915270435782e-11,5.2113424999862e-14
gyroSystem,40.9766705317887,0,17.1537237133192,12.4513281738107,155.035573291932,1.80106026600459,0.324360807212388,0,154.883129267063,625.222421858402,43205.2452086861
input,40,0,16.7379298528334,12.1596242258122,147.856461312958,1.79677411431005,0.321516711564383,0,147.711076395246,577.195777968391,39203.0275744951
error,0.221213842176732,-0.410565900664328,-0.0697044379368869,0.090274998246193,0.00814957530835015,7.88614568848946,-1.31276434005752,0,0.00814156195996436,-0.000964380387396882,0.000522733412598707
