signalsNamesOrdered,maxSignals,minSignals,meanSignals,standardDeviationSignals,varianceSignals,kurtosisSignals,skewnessSignals,firstMomentSignals,secondMomentSignals,thirdMomentSignals,fourthMomentSignals
compassSystem,39.946679826846,0,16.9159285237652,12.3699051261638,153.014552830293,1.73762277661924,0.257917149461056,0,152.857936092493,487.429946153204,40600.5094815357
compassFilter,39.9452807216421,0,16.914554781208,12.369868349814,153.013642991731,1.73761669184247,0.257926165637572,0,152.857027185189,487.44263795667,40599.88448181
fullSystem,39.9464183895172,0,16.9159872469989,12.3698684692342,153.013645946155,1.73761511277584,0.257926315874921,0,152.857030136589,487.442936000727,40599.8491543135
gyroFilter,0.00192679963602416,0,0.00143246579092722,0.000159090782796344,2.53098771707535e-08,9.50494134145849,-0.881581595148485,0,2.52839714622881e-08,-3.54429981453463e-12,6.07631141948336e-15
gyroSystem,40.9766705317887,0,17.4041625925654,12.6478812937444,159.968901220649,1.73963207373288,0.264788573441897,0,159.80516641899,534.915846096314,44426.1867253106
input,40,0,16.982704018709,12.3515819648021,152.561577033224,1.73572570595739,0.261882617993981,0,152.40542393493,492.728075352478,40316.4182518701
error,0.224300491285335,-0.410343250357825,-0.0667167717101373,0.0950977405249127,0.00904358025294363,7.42878347362234,-1.0890187803176,0,0.00903432377366733,-0.000935144761872761,0.000606329923258784
