signalsNamesOrdered,maxSignals,minSignals,meanSignals,standardDeviationSignals,varianceSignals,kurtosisSignals,skewnessSignals,firstMomentSignals,secondMomentSignals,thirdMomentSignals,fourthMomentSignals
compassSystem,39.9466810451091,0,16.4321017889567,12.064246040958,145.546032536771,1.84884396553755,0.357655912389262,0,145.407812182985,627.114754548444,39090.9063752421
compassFilter,39.9442388534897,0,16.4297164627356,12.0641669616806,145.544124479305,1.84883414496783,0.357676366283915,0,145.405905937539,627.138285910803,39089.6738106991
fullSystem,39.9462232116273,0,16.4322172438766,12.0641671403101,145.544128789338,1.84883159872535,0.357676510575471,0,145.405910243479,627.1385667644,39089.6222909469
gyroFilter,0.00334533745514065,0,0.00250078114094287,0.000278746559835847,7.76996446203192e-08,9.66841271421758,-0.971715716035483,0,7.76258557840226e-08,-2.10159404153001e-11,5.82596649869895e-14
gyroSystem,40.9766705317887,0,16.9088564537966,12.3353121986345,152.159927037781,1.85193962319134,0.364771263383179,0,152.015425682569,683.678790759188,42795.8979944455
input,40,0,16.4983910806463,12.0465910448694,145.120355802328,1.84737242751776,0.361970168363861,0,144.982539699952,631.897059646777,38831.6517054581
error,0.224200124789441,-0.410581667907961,-0.0661738367696974,0.0917032870691361,0.00840949285928438,7.7097733362675,-1.16811766529288,0,0.00840150663624612,-0.000899543881469806,0.000544196769950347
