signalsNamesOrdered,maxSignals,minSignals,meanSignals,standardDeviationSignals,varianceSignals,kurtosisSignals,skewnessSignals,firstMomentSignals,secondMomentSignals,thirdMomentSignals,fourthMomentSignals
compassSystem,39.9466799369568,0,16.6316834901897,12.3479549123312,152.471990516964,1.75309925925654,0.300092391455831,0,152.319822861758,564.143545233906,40674.2316960364
compassFilter,39.9421815063901,0,16.6272982887671,12.347796044768,152.468067163188,1.7530791981891,0.300130179619616,0,152.315903423504,564.192806078775,40671.6730744483
fullSystem,39.9458333832233,0,16.6319031497198,12.3477993256191,152.468148185759,1.75307583906974,0.300129286611743,0,152.315984365215,564.191577101075,40671.6383687654
gyroFilter,0.00611160921249621,0,0.00460486095265732,0.000516120728270264,2.66380606150227e-07,11.8283147760527,-1.31536141552848,0,2.66114757241894e-07,-1.80571221701118e-10,8.37646524767055e-13
gyroSystem,40.9766705317887,0,17.1130540767285,12.6259911935531,159.41565361968,1.75571536279412,0.306735741787134,0,159.256556160978,616.467753743403,44529.5954405039
input,40,0,16.6984188058255,12.3300997983039,152.031361036133,1.75157524050453,0.303946263381473,0,151.879633130907,568.913340640691,40404.3269189448
error,0.221387907253774,-0.410183572152797,-0.0665156561057138,0.0936147337318846,0.00876371837169165,7.50024050310009,-1.11325653554534,0,0.0087549721457718,-0.000911963394536195,0.000574889964000635
