signalsNamesOrdered,maxSignals,minSignals,meanSignals,standardDeviationSignals,varianceSignals,kurtosisSignals,skewnessSignals,firstMomentSignals,secondMomentSignals,thirdMomentSignals,fourthMomentSignals
compassSystem,39.9470621117116,0,19.8304383250315,11.5738220612558,133.953357105612,1.80250919188753,0.0017615394705442,0,133.883662330843,2.72887570268909,32309.67992108
compassFilter,39.9081516090169,0,19.8216528985486,11.5707930536276,133.883251889878,1.80219132051157,0.0012288201323046,0,133.813593590247,1.90212331482843,32270.1780487942
fullSystem,39.9186230711511,0,19.8276258135097,11.5695398214407,133.854251679902,1.80213804695836,0.00108423117785847,0,133.78460846883,1.67776495849422,32255.2460854486
gyroFilter,0.0443440138809024,-0.0303760456161228,0.00597291496101616,0.00832102519916925,6.92394603652097e-05,5.96620963160686,-0.24726941927968,0,6.92034356719915e-05,-1.42351449205608e-07,2.85728670755249e-08
gyroSystem,40.9766705317887,0,20.3777384959881,11.8459550078178,140.326650047243,1.80178455366696,0.00779997083133577,0,140.253639303202,12.9557985740262,35443.0541119301
input,40,0,19.8879196996666,11.5665186669665,133.784354073284,1.7993811582423,0.00400037592968031,0,133.714747229333,6.18542815705716,32172.2758639876
error,0.237693906980337,-0.411530730746814,-0.060293886156959,0.0782046540487518,0.00611596791488496,9.11997445721718,-0.621313580320119,0,0.00611278582960146,-0.000296940623531277,0.000340778339023547
