signalsNamesOrdered,maxSignals,minSignals,meanSignals,standardDeviationSignals,varianceSignals,kurtosisSignals,skewnessSignals,firstMomentSignals,secondMomentSignals,thirdMomentSignals,fourthMomentSignals
compassSystem,39.9466793492065,0,17.0329089087833,12.445459267111,154.88945636932,1.71594775456738,0.230117759138347,0,154.728281076532,442.898987589152,41081.2322961722
compassFilter,39.9453438309743,0,17.0315956956723,12.4454249005686,154.888600955693,1.71594115323284,0.230126599388617,0,154.727426553034,442.912332928657,41080.6204960426
fullSystem,39.9464298494361,0,17.0329628294796,12.4454252175395,154.888608845369,1.71593963602496,0.230126751529829,0,154.727434434499,442.912659588147,41080.5883583157
gyroFilter,0.00183916911900184,0,0.00136713380730032,0.00015239780727784,2.32250916630937e-08,9.48280920148733,-0.881469523976523,0,2.32009240338917e-08,-3.11505145400473e-12,5.10443380978636e-15
gyroSystem,40.9766705317887,0,17.5235446674425,12.7258418307114,161.947050300284,1.71800298233494,0.236681788847413,0,161.778530997162,487.01930250457,44964.0775859126
input,40,0,17.0994552549066,12.4275798000522,154.444739686666,1.71426323357836,0.233770944274641,0,154.284027158376,447.993776342339,40805.5695126073
error,0.224629823688878,-0.410427161905207,-0.0664924254270324,0.0967907285598705,0.00936844513515053,7.07379295556133,-0.912098976965553,0,0.00935869649297035,-0.000825781241709338,0.000619559571107687
