signalsNamesOrdered,maxSignals,minSignals,meanSignals,standardDeviationSignals,varianceSignals,kurtosisSignals,skewnessSignals,firstMomentSignals,secondMomentSignals,thirdMomentSignals,fourthMomentSignals
compassSystem,39.9466787900862,0,17.2669243852458,12.474069763464,155.602416463768,1.71002577493148,0.190519534647552,0,155.437057891543,369.208221323802,41315.3837716687
compassFilter,39.9450518539519,0,17.2653308615522,12.474022578425,155.601239287056,1.71001884439515,0.190529804036512,0,155.435881965816,369.223932428706,41314.5912047524
fullSystem,39.9463745354808,0,17.2669986553217,12.4740204978317,155.601187380327,1.71001724483606,0.190530185266164,0,155.435830114248,369.224486452648,41314.5249948178
gyroFilter,0.00223719989880422,0,0.0016677937695031,0.000186963851621756,3.49554818132421e-08,9.63617154559978,-0.938668144225614,0,3.49183346487222e-08,-6.12480637252931e-12,1.17492885158031e-14
gyroSystem,40.9766705317887,0,17.7633569411401,12.7543184995151,162.672640387073,1.71143222605799,0.197367754283049,0,162.499768293144,408.841825421821,45192.3783404969
input,40,0,17.3334800361637,12.4555673334813,155.141157598885,1.7078590506765,0.194398414834269,0,154.976289206113,375.051240285455,41018.7612975432
error,0.224367757188833,-0.410678033701197,-0.0664813808420061,0.0947922303417664,0.0089855669331665,7.50387178076725,-1.13393240744641,0,0.0089760179778709,-0.000964301268603268,0.000604578685655538
