signalsNamesOrdered,maxSignals,minSignals,meanSignals,standardDeviationSignals,varianceSignals,kurtosisSignals,skewnessSignals,firstMomentSignals,secondMomentSignals,thirdMomentSignals,fourthMomentSignals
compassSystem,39.9466789374915,0,17.109588928321,12.4615626209185,155.290542955073,1.71415221359847,0.215186163246451,0,155.12776460816,415.765686437907,41250.427388801
compassFilter,39.9437838299867,0,17.1067499656561,12.4614767943545,155.288403896235,1.71413582640908,0.215207782699713,0,155.125627791522,415.798866518383,41248.8966430107
fullSystem,39.9461355892094,0,17.1097151337114,12.4614767196348,155.288402033999,1.71413342704942,0.215207695287404,0,155.125625931238,415.798690151264,41248.8379155934
gyroFilter,0.00395962313916343,0,0.00296516805534531,0.000331823576654553,1.1010688602382e-07,10.7218394667765,-1.12284988993391,0,1.09991470000734e-07,-4.09600247317718e-11,1.29714137725915e-13
gyroSystem,40.9766705317887,0,17.6029883846175,12.7413570715345,162.342180024343,1.71618435130648,0.221788019186275,0,162.172010024317,458.038444931819,45135.2379886917
input,40,0,17.1771380250795,12.4426197356189,154.818785885214,1.71250610063943,0.218888768189992,0,154.656502042567,420.993850533313,40960.806000132
error,0.222518251394034,-0.410533416993521,-0.067422891368057,0.0945188711766055,0.00893381700849974,7.57202133573657,-1.028864568136,0,0.00892445242044051,-0.000867422292248475,0.000603080083110534
