signalsNamesOrdered,maxSignals,minSignals,meanSignals,standardDeviationSignals,varianceSignals,kurtosisSignals,skewnessSignals,firstMomentSignals,secondMomentSignals,thirdMomentSignals,fourthMomentSignals
compassSystem,24.9472391305475,0,10.5903049121086,7.76482738383711,60.2925443007867,1.73149725365523,0.240285360003468,0,60.1930516534257,112.213950907075,6273.56685315405
compassFilter,24.9471127515463,0,10.5901828516586,7.76482103052173,60.2924456360325,1.73149574265793,0.240287734706623,0,60.1929531514846,112.214784451592,6273.54084598506
fullSystem,24.9472405789877,0,10.5903121847336,7.76481993773046,60.2924286653764,1.73149545241387,0.240287729578717,0,60.1929362088329,112.214734678817,6273.53626271981
gyroFilter,0.000166687175529034,0,0.000129333074952793,1.47564730774033e-05,2.17753497684128e-10,12.0524292999795,-1.3009210671362,0,2.17394168480028e-10,-4.16987255670618e-15,5.69600514356314e-19
gyroSystem,25.5108674758706,0,10.928429621797,7.90912357852644,62.554235780403,1.72102282539643,0.244298227890952,0,62.4510109688841,120.567297531247,6712.21063693774
input,25,0,10.6618853488761,7.73979794498671,59.9044722292205,1.72815797935673,0.248646538572912,0,59.8056199648158,114.999357228349,6181.123692651
error,0.218868997811723,-0.41025613050685,-0.0715731641425463,0.105407799181029,0.0111108041281881,5.30975012436272,-0.865039215491907,0,0.0110924694679106,-0.00101059735934319,0.00065332694152279
