signalsNamesOrdered,maxSignals,minSignals,meanSignals,standardDeviationSignals,varianceSignals,kurtosisSignals,skewnessSignals,firstMomentSignals,secondMomentSignals,thirdMomentSignals,fourthMomentSignals
compassSystem,39.9470621003982,0,19.5095164378246,11.8288699145702,139.922163455824,1.79307731950889,0.00568477999885686,0,139.580889886419,9.37459698327216,34934.2113073692
compassFilter,39.8947917169148,0,19.4579145477011,11.827673782809,139.893867112547,1.79265270610885,0.00601756805803884,0,139.552662558614,9.92037755699105,34911.8139799202
fullSystem,39.9385288513601,0,19.5110892113165,11.8283529919872,139.909934503054,1.79280370389338,0.00584355384656705,0,139.568690760363,9.63516280117681,34922.775322732
gyroFilter,0.0673148474899889,0,0.053174663615401,0.00622237378944727,3.87179355756003e-05,31.6900192526282,-3.79067721345558,0,3.86235015863915e-05,-9.09901269254053e-07,4.72743745028086e-08
gyroSystem,40.9766705317887,0,20.0521556650656,12.1025660577119,146.47210518128,1.791904440382,0.0123481920357304,0,146.114856144253,21.809461230359,38256.3555704561
input,40,0,19.5697358864053,11.8173994426679,139.650929587568,1.78946861370653,0.00875690882432907,0,139.310317564183,14.3987818269887,34728.8697903721
error,0.23808343545012,-0.406364854846326,-0.0586466750887391,0.0817169625554763,0.00667766196929312,9.27302087771322,-1.08311067205465,0,0.00666137498888021,-0.000588868953802244,0.000411480256378915
