signalsNamesOrdered,maxSignals,minSignals,meanSignals,standardDeviationSignals,varianceSignals,kurtosisSignals,skewnessSignals,firstMomentSignals,secondMomentSignals,thirdMomentSignals,fourthMomentSignals
compassSystem,39.9466837095267,0,16.6774729096007,11.6021449690626,134.609767883146,1.97116149671808,0.365571145286492,0,134.487617458569,570.158179462965,35652.2388192232
compassFilter,39.9464277550153,0,16.6772209698109,11.6021389387667,134.609627954446,1.97116038221454,0.36557302664341,0,134.487477656847,570.160224661072,35652.1445393857
fullSystem,39.9466361116512,0,16.6774832225926,11.6021386110471,134.60962034995,1.97116007044865,0.365573153699825,0,134.487470059251,570.160374507537,35652.1348723234
gyroFilter,0.000354542125084123,0,0.000262252781663084,2.91175878628959e-05,8.47833922953463e-10,8.54479627393671,-0.780539648532589,0,8.47064563676736e-10,-1.92428652691218e-14,6.13104833749607e-18
gyroSystem,40.9766705317887,0,17.1572715801665,11.8656158971212,140.792840618015,1.97443447918368,0.372556624320302,0,140.665079419632,621.543792599714,39067.4727513605
input,40,0,16.7409896266858,11.5876148766636,134.272818529875,1.96965652604743,0.369651086461688,0,134.150973866962,574.358075511229,35446.8917418055
error,0.222427384653674,-0.410251059248002,-0.063506404093177,0.0811749022650013,0.00658936475773251,9.04957099892864,-1.22394689605064,0,0.00658338529787976,-0.00065378730775042,0.000392217112602948
