signalsNamesOrdered,maxSignals,minSignals,meanSignals,standardDeviationSignals,varianceSignals,kurtosisSignals,skewnessSignals,firstMomentSignals,secondMomentSignals,thirdMomentSignals,fourthMomentSignals
compassSystem,39.9470621002886,0,19.7947481617238,11.6803816239203,136.431314880416,1.80147894018405,-0.00107423646137474,0,136.093613605959,-1.7055187866839,33366.0411445027
compassFilter,30.1305218919313,0,12.3245483775488,9.37988603845478,87.9822620943988,1.77304210520967,0.289916261150283,0,87.7644842179276,238.369553260661,13657.0424352244
fullSystem,40.1777726361432,0,19.9929164199202,11.7249579419616,137.474638740768,1.80087444587309,-0.000876206509897446,0,137.134354981508,-1.407102963506,33866.9410507343
gyroFilter,10.0772339088453,0,7.66836804237136,2.69115335886649,7.24230640093842,3.56099546221062,-1.26523436559637,0,7.22437989994599,-24.568115374153,185.854282012083
gyroSystem,40.9766705317887,0,20.3405013591389,11.956388947408,142.9552366617,1.80129966249518,0.00444288149869146,0,142.601387066003,7.56572157100921,36629.7089067245
input,40,0,19.8516236244666,11.6741182747893,136.28503749377,1.79890867461384,0.000805913206323561,0,135.947698292053,1.27745632527954,33247.0283755703
error,0.266213554280604,0,0.141292795453618,0.0616125055673818,0.00379610084229065,2.22373705624571,-0.100188599802984,0,0.00378670455307706,-2.33458902674834e-05,3.18864577869468e-05
