signalsNamesOrdered,maxSignals,minSignals,meanSignals,standardDeviationSignals,varianceSignals,kurtosisSignals,skewnessSignals,firstMomentSignals,secondMomentSignals,thirdMomentSignals,fourthMomentSignals
compassSystem,39.9466785239099,0,17.3891574603995,12.485729465327,155.893440281334,1.70864159683733,0.170224415244347,0,155.725992977058,330.798486737666,41435.5580884518
compassFilter,39.9442946018293,0,17.3868357429327,12.4856390060865,155.891181390309,1.70862743451127,0.170244579227709,0,155.723736512338,330.830480855004,41434.0138625582
fullSystem,39.9462316819658,0,17.389278784377,12.4856365415177,155.891119846882,1.70862491614156,0.170245183107199,0,155.723675035017,330.831458442598,41433.920077429
gyroFilter,0.0032665239361549,0,0.00244304144430516,0.000274664491527352,7.5440582905979e-08,10.2654826126641,-1.0598131008065,0,7.53595511305698e-08,-2.19248554206062e-11,5.82983116690747e-14
gyroSystem,40.9766705317887,0,17.8894175157091,12.7647493439906,162.938825814909,1.70972970246278,0.177396252469122,0,162.763810964409,368.367423004979,45294.2587149386
input,40,0,17.456544907819,12.4657436043777,155.394763610084,1.70619537096236,0.174435764359634,0,155.22785194133,337.357216099768,41111.9479446193
error,0.221241314228312,-0.410606658068778,-0.0672661234420677,0.0942531679308188,0.00888365966499513,7.43610485707789,-1.25642247922567,0,0.00887411760305636,-0.00105032443160173,0.000585592984090686
