signalsNamesOrdered,maxSignals,minSignals,meanSignals,standardDeviationSignals,varianceSignals,kurtosisSignals,skewnessSignals,firstMomentSignals,secondMomentSignals,thirdMomentSignals,fourthMomentSignals
compassSystem,39.9466789041355,0,17.0176014946892,12.5188583053811,156.72181327021,1.7093922370578,0.215359247877217,0,156.55804961998,421.868043922843,41897.926633652
compassFilter,39.9415315468181,0,17.0125653356074,12.518702122208,156.717902824575,1.7093706821385,0.21539339219063,0,156.554143260495,421.919137576452,41895.3075329794
fullSystem,39.9457096227881,0,17.0178353026666,12.5187041252207,156.717952974817,1.70936672519644,0.215392946484331,0,156.554193358333,421.918467036233,41895.2373647096
gyroFilter,0.00697649509742249,0,0.00526996705915004,0.000591517639584225,3.49893117939293e-07,12.8831319263647,-1.45902339143675,0,3.49527503395992e-07,-3.01497896881934e-10,1.57392547191911e-12
gyroSystem,40.9766705317887,0,17.5108957783276,12.7971205521217,163.766294425536,1.71132500164157,0.222442794932161,0,163.595169770964,465.451097176358,45800.8405906553
input,40,0,17.0869247582919,12.4974333967308,156.185841505722,1.70764596832471,0.219532428918342,0,156.022637909582,427.838740416744,41569.3343112051
error,0.221821760251948,-0.410129827385515,-0.0690894556253526,0.0965969412781683,0.0093309690642979,7.1532742308393,-1.16369083692988,0,0.00932121883539058,-0.00104724108207249,0.000621513094068538
