signalsNamesOrdered,maxSignals,minSignals,meanSignals,standardDeviationSignals,varianceSignals,kurtosisSignals,skewnessSignals,firstMomentSignals,secondMomentSignals,thirdMomentSignals,fourthMomentSignals
compassSystem,39.94667996046,0,16.717999107978,12.2546498634626,150.176443276064,1.77731905798946,0.29960403234636,0,150.027013979272,550.556446827178,40004.0838398281
compassFilter,39.9440021231476,0,16.7153810360436,12.2545648058613,150.174358581055,1.77730699084593,0.299625149621133,0,150.024931358586,550.583787512554,40002.7016021307
fullSystem,39.9461776502716,0,16.7181235141358,12.2545648538135,150.174359756321,1.77730456563082,0.299625138849386,0,150.024932532683,550.583774181972,40002.6476427723
gyroFilter,0.00366495294136726,0,0.00274247809220129,0.000304769204076723,9.28842677535593e-08,10.3239424174608,-1.06849747922103,0,9.27918455965906e-08,-3.02021750984605e-11,8.88925161091331e-14
gyroSystem,40.9766705317887,0,17.202040107229,12.5295058495092,156.988516832884,1.77993759188855,0.306590578759793,0,156.832309353448,602.160289037926,43780.009384498
input,40,0,16.7851319921514,12.2359867279974,149.719371207728,1.77576234898443,0.303752804188941,0,149.570396709014,555.633937720243,39726.1185803115
error,0.224617070945095,-0.410547151216999,-0.0670084780156226,0.0926690512145468,0.0085875530530043,7.72490195791913,-1.13360809050939,0,0.00857900822409584,-0.000900779643331961,0.000568548010956256
