signalsNamesOrdered,maxSignals,minSignals,meanSignals,standardDeviationSignals,varianceSignals,kurtosisSignals,skewnessSignals,firstMomentSignals,secondMomentSignals,thirdMomentSignals,fourthMomentSignals
compassSystem,39.9470621116736,0,19.7028417056333,11.6530699020559,135.794038142202,1.79711058379283,0.0139549006825997,0,135.699143636163,22.0593347100013,33092.4571961532
compassFilter,39.9378276386644,0,19.693645653611,11.6529898854984,135.792173271529,1.79707747942771,0.0139790549727933,0,135.697280068684,22.0970616224186,33090.9387039687
fullSystem,39.9546036265818,0,19.704437974864,11.6545258981873,135.827973911517,1.79761627665972,0.0143336882701983,0,135.733055690755,22.6666007263573,33118.3158955203
gyroFilter,0.0533764756616293,-0.0353224627431672,0.0107923212530084,0.00942991379893104,8.892327425527e-05,6.40946486343026,0.296771185346582,0,8.88611336024012e-05,2.48593349046788e-07,5.06110642278497e-08
gyroSystem,40.9766705317887,0,20.247211547421,11.9261338751178,142.232669207232,1.7963854022523,0.0200879225747403,0,142.133275308415,34.0391472667224,36290.3406834247
input,40,0,19.7606202361173,11.645140191301,135.609290075053,1.79390520484361,0.0163643103045359,0,135.514524673183,25.815258327085,32943.609561012
error,0.237927201249534,-0.411424531847958,-0.0561822612532076,0.0791903661995591,0.00627111409882027,9.21984953037508,-0.818124251404444,0,0.00626673176891194,-0.000405864368808178,0.000362081258293244
