signalsNamesOrdered,maxSignals,minSignals,meanSignals,standardDeviationSignals,varianceSignals,kurtosisSignals,skewnessSignals,firstMomentSignals,secondMomentSignals,thirdMomentSignals,fourthMomentSignals
compassSystem,39.946679676482,0,17.0295423643852,12.4108126517565,154.028270676999,1.72211620806182,0.237300283334576,0,153.868490313226,452.921352816553,40771.9834854074
compassFilter,39.9453972980356,0,17.0282805753379,12.4107818501752,154.027506132637,1.72211057815624,0.237308001347904,0,153.86772656196,452.932711414434,40771.4454401
fullSystem,39.9464401533654,0,17.0295938121333,12.4107814770734,154.027496871668,1.72210909485572,0.237308264616796,0,153.867717310598,452.933173047629,40771.4054197525
gyroFilter,0.00176693446020693,0,0.00131323679539552,0.000145836878271657,2.12683950640222e-08,9.55398091549507,-0.887430111101208,0,2.12463324135408e-08,-2.74827456534189e-12,4.31273043349659e-15
gyroSystem,40.9766705317887,0,17.5178706453252,12.6927038032104,161.104729836032,1.7239683338458,0.243713587219691,0,160.93760874699,497.583600567109,44652.3553971259
input,40,0,17.0939265873261,12.3952603739821,153.64247973881,1.72021708613437,0.24076676171069,0,153.483099573106,457.812212133973,40523.2603013521
error,0.224082390480155,-0.410295626704001,-0.0643327751927858,0.0928968016465545,0.00862981575615929,7.52081464375657,-1.00540065503574,0,0.00862086366512592,-0.000804758049428055,0.000558941607047679
