signalsNamesOrdered,maxSignals,minSignals,meanSignals,standardDeviationSignals,varianceSignals,kurtosisSignals,skewnessSignals,firstMomentSignals,secondMomentSignals,thirdMomentSignals,fourthMomentSignals
compassSystem,39.9466786724614,0,17.0640209415013,12.5230230890648,156.82610728925,1.70655083672454,0.208676475937899,0,156.661546840887,409.182554620519,41883.6045788757
compassFilter,39.9434463794575,0,17.0608705321222,12.5229123871057,156.823334655124,1.70653892683554,0.208698680524798,0,156.658777116137,409.215241982179,41881.831323024
fullSystem,39.9460716015837,0,17.0641821611931,12.5229108896443,156.823297149971,1.70653624206157,0.208698898550448,0,156.658739650339,409.215522686475,41881.7454008738
gyroFilter,0.00441154529222487,0,0.00331162907092755,0.000372486064788203,1.38745868461401e-07,10.883225706684,-1.17980465543985,0,1.38600279932061e-07,-6.08774239288566e-11,2.09067175004711e-13
gyroSystem,40.9766705317887,0,17.5548962010587,12.8055610493093,163.982393787587,1.70834906801391,0.215191119879959,0,163.810324119395,451.165882059874,45841.5352971284
input,40,0,17.1297079049842,12.5058184080171,156.395494054298,1.70466186570296,0.212278987323338,0,156.23138545613,414.533309137796,41607.8058265928
error,0.223550406491937,-0.410510259898069,-0.0655257437910469,0.097242993858828,0.00945619985462806,7.15479118530917,-0.94257136894788,0,0.00944627729444482,-0.000865376861581197,0.000638437434062154
