signalsNamesOrdered,maxSignals,minSignals,meanSignals,standardDeviationSignals,varianceSignals,kurtosisSignals,skewnessSignals,firstMomentSignals,secondMomentSignals,thirdMomentSignals,fourthMomentSignals
compassSystem,39.9466797423612,0,16.6337142196325,12.4630165061072,155.3267804315,1.7312823199303,0.277632276675113,0,155.170201015743,536.63925569399,41685.4543516904
compassFilter,39.9409738499503,0,16.6281378173256,12.4628395859117,155.322370544167,1.73126124014244,0.277671530260689,0,155.165795573861,536.692272809755,41682.5798733812
fullSystem,39.945604935484,0,16.6339755790228,12.4628473749175,155.322564690489,1.73125690286703,0.277670219529883,0,155.16598952447,536.690745647153,41682.579649988
gyroFilter,0.00770573251989859,0,0.00583776169718507,0.000654362631164601,4.2819045306466e-07,13.0884242568417,-1.47860900985128,0,4.2775880946278e-07,-4.13667871582863e-10,2.3948884461659e-12
gyroSystem,40.9766705317887,0,17.1159160327328,12.7426112213587,162.374140738697,1.73383679516278,0.284348998874546,0,162.210457129081,587.448738913199,45621.116701506
input,40,0,16.7012528668882,12.444126973367,154.85629612928,1.72988230515929,0.281507371229883,0,154.700190992053,541.6591028657,41399.801240376
error,0.223350294375424,-0.410259727005541,-0.0672772878653378,0.0955773665402196,0.00913503299476349,7.16752055928851,-1.06633738764159,0,0.00912582429214781,-0.000929614288944767,0.000596915907328755
