signalsNamesOrdered,maxSignals,minSignals,meanSignals,standardDeviationSignals,varianceSignals,kurtosisSignals,skewnessSignals,firstMomentSignals,secondMomentSignals,thirdMomentSignals,fourthMomentSignals
compassSystem,39.9466789247183,0,17.2952864326873,12.4407451684076,154.772140345257,1.71119895868224,0.19479111772714,0,154.607664106846,374.468833312559,40903.6953035741
compassFilter,39.9456206667354,0,17.2942488774952,12.4407150052262,154.77138984126,1.71119396921945,0.194798079974648,0,154.606914400408,374.479493779028,40903.179348542
fullSystem,39.9464814313067,0,17.2953335560753,12.440713711861,154.771357660487,1.71119282781158,0.194798370050387,0,154.606882253834,374.479934624739,40903.1350555918
gyroFilter,0.00145948982681787,0,0.00108467858007996,0.000120893201644996,1.46151662039776e-08,9.49437346890049,-0.874652781167355,0,1.45996346777247e-08,-1.54293867270448e-12,2.02371936951931e-15
gyroSystem,40.9766705317887,0,17.7916120338212,12.721482014764,161.836104651964,1.71283455373412,0.201359447743119,0,161.664121543939,413.897193407167,44765.4246914647
input,40,0,17.361191930856,12.4233499274026,154.339623418694,1.70924506858791,0.198392387159461,0,154.175606815698,379.794352689638,40628.9565217021
error,0.221355287977744,-0.410462782488474,-0.065858374780668,0.0933960424512683,0.00872282074555911,7.47532635348403,-1.01248957201335,0,0.00871355101044162,-0.00082353739804502,0.000567571413511706
