signalsNamesOrdered,maxSignals,minSignals,meanSignals,standardDeviationSignals,varianceSignals,kurtosisSignals,skewnessSignals,firstMomentSignals,secondMomentSignals,thirdMomentSignals,fourthMomentSignals
compassSystem,39.9470621116952,0,20.0092267904374,11.5739165021944,133.955543199768,1.81114109855412,-0.0157939287385702,0,133.871400270622,-24.4636854065599,32458.4590337134
compassFilter,39.9493689110081,0,20.0076776068696,11.578824402853,134.069174552105,1.81107146684485,-0.0156246938781212,0,133.984960246482,-24.2323534493472,32512.2998659713
fullSystem,39.9755912889266,0,20.0139750105117,11.5778462365011,134.046523476063,1.81104329690529,-0.0155772119736186,0,133.962323398503,-24.1525915284268,32500.8093096884
gyroFilter,0.0386001232778277,-0.0287316149432897,0.00629740364205728,0.00667386223861822,4.45404371800543e-05,9.60694455035122,-1.25315853406598,0,4.4512459518509e-05,-3.72158895028874e-07,1.90348065506174e-08
gyroSystem,40.9766705317887,0,20.5605906419041,11.8464188561279,140.337639714824,1.810110680675,-0.00976714457714916,0,140.249487931083,-16.2225657401537,35604.7302254223
input,40,0,20.0665844329435,11.5666846620622,133.788194071585,1.80790666542246,-0.0135512731475409,0,133.704156261239,-20.9506480340391,32319.5884102591
error,0.237696947012908,-0.411532446899929,-0.0526094224318482,0.0773206872344945,0.00597848867441452,9.75761440762987,-0.929763384620914,0,0.0059747333423326,-0.000429388322877505,0.000348321840339986
