signalsNamesOrdered,maxSignals,minSignals,meanSignals,standardDeviationSignals,varianceSignals,kurtosisSignals,skewnessSignals,firstMomentSignals,secondMomentSignals,thirdMomentSignals,fourthMomentSignals
compassSystem,24.9501982369174,0,12.1976609342269,7.40352820790244,54.8122299252071,1.79950569541645,0.000415023379822729,0,54.5981196520618,0.167432241641825,5364.24490561701
compassFilter,24.8601787556759,0,12.1090764919797,7.39934509092938,54.7503077746607,1.79716859336296,0.00224705997383912,0,54.5364393849159,0.9049921953102,5345.18056204492
fullSystem,24.9489631055915,0,12.2003822124614,7.40133850087451,54.7798116045274,1.79830540363952,0.00106068212848042,0,54.5658279654472,0.427529784227908,5354.32770546613
gyroFilter,0.10880854459357,0,0.0913057204817507,0.0121161153765345,0.000146800251817497,34.174873379752,-4.75743111329181,0,0.000146226813333835,-8.41226668155355e-06,7.30736743618512e-07
gyroSystem,25.5108674758706,0,12.559234838909,7.553112075679,57.049502027768,1.78799236952678,-0.000412650388178683,0,56.826652410472,-0.176770734937204,5773.90730158868
input,25,0,12.2569582681483,7.39279554727279,54.6534260037765,1.79347002224466,0.00515810184502886,0,54.4399360584492,2.07188822653354,5315.31901006665
error,0.234150048219871,-0.395096361519932,-0.0565760556868905,0.093425126352637,0.00872825423400618,5.96875665826734,-0.525761516801789,0,0.00869415949090459,-0.000426216441692152,0.00045116882101839
