signalsNamesOrdered,maxSignals,minSignals,meanSignals,standardDeviationSignals,varianceSignals,kurtosisSignals,skewnessSignals,firstMomentSignals,secondMomentSignals,thirdMomentSignals,fourthMomentSignals
compassSystem,39.9466791040543,0,17.1149141545415,12.4674986584588,155.438522798672,1.71159204765207,0.213975416393414,0,155.275418367614,414.016778998348,41267.2639833435
compassFilter,39.9449744438386,0,17.1132504998483,12.4674406298623,155.437075859141,1.7115842209478,0.213988207851558,0,155.273972946382,414.035747631502,41266.3069911122
fullSystem,39.9463602330465,0,17.1149971190481,12.467439394699,155.437045060492,1.71158255322956,0.213988476088257,0,155.273942180051,414.036143573013,41266.2504292359
gyroFilter,0.00234429384206436,0,0.00174661919980951,0.00019548498009506,3.8214377442766e-08,9.63612467469266,-0.934774859385526,0,3.81742784108218e-08,-6.97209471694577e-12,1.40424887135324e-14
gyroSystem,40.9766705317887,0,17.6096438658651,12.7457297657167,162.453627260677,1.71351074115536,0.220912381581747,0,162.283161754633,456.699197358421,45126.7183105725
input,40,0,17.1833277433626,12.4472119498633,154.933085324819,1.70979825297485,0.217990008851034,0,154.770511258371,419.728940299727,40956.3554450374
error,0.223641359100513,-0.410613753784962,-0.0683306243144671,0.0962156817477296,0.00925745741418038,7.04816610962046,-1.06749986602021,0,0.00924774339800601,-0.000949339355376712,0.000602764507890049
