signalsNamesOrdered,maxSignals,minSignals,meanSignals,standardDeviationSignals,varianceSignals,kurtosisSignals,skewnessSignals,firstMomentSignals,secondMomentSignals,thirdMomentSignals,fourthMomentSignals
compassSystem,39.9470621114244,0,19.3855232383384,11.7893526925576,138.988836909514,1.78263433470924,0.0360688101856279,0,138.84942985143,59.0130372844061,34367.6999940581
compassFilter,39.9334043262992,0,19.3719669965594,11.7891663404873,138.984443003679,1.78256679152759,0.0361215474264317,0,138.845040352723,59.0965194658974,34364.2249768646
fullSystem,39.9228938173151,0,19.3856281095281,11.7880575034881,138.958299705543,1.78201595246198,0.0356284324595345,0,138.81892327655,58.2733147243621,34340.6831601202
gyroFilter,0.046256942249471,-0.0262315546028091,0.0136611129687468,0.00816500490602203,6.66673051153638e-05,5.89289893309136,-0.340532895640166,0,6.66004372065219e-05,-1.85086478097103e-07,2.61386499711135e-08
gyroSystem,40.9766705317887,0,19.9231260999179,12.0654830793682,145.575881938521,1.78194154396658,0.0421011495439967,0,145.429868014811,73.8370554434681,37687.7901461206
input,40,0,19.4434701917816,11.7810925312491,138.794141229853,1.77940531113502,0.038588326830768,0,138.654929453294,63.0026648692776,34209.4042357223
error,0.23801953431028,-0.411035416914184,-0.0578420822534385,0.0823251252075935,0.00677742624044595,8.76553589278179,-0.76435618492384,0,0.00677062842074641,-0.000425832941006091,0.000401824517821897
