signalsNamesOrdered,maxSignals,minSignals,meanSignals,standardDeviationSignals,varianceSignals,kurtosisSignals,skewnessSignals,firstMomentSignals,secondMomentSignals,thirdMomentSignals,fourthMomentSignals
compassSystem,39.9466831073297,0,16.3879860552575,11.7478669616321,138.012378148206,1.95315952286787,0.375352373627977,0,137.88837780845,607.757966248847,37135.8218877101
compassFilter,39.9444484856271,0,16.3857966174686,11.747801479778,138.010839608274,1.95315096313488,0.375371248069008,0,137.886840650854,607.778363844617,37134.8311795844
fullSystem,39.946264428538,0,16.3880841437978,11.7478013203549,138.010835862533,1.95314891137111,0.37537157432658,0,137.886836908478,607.778867357578,37134.7901541047
gyroFilter,0.00306493385358664,0,0.00228752632918826,0.000251720748153922,6.33633350511702e-08,9.50637844265471,-0.943305018094832,0,6.33064048309984e-08,-1.50253162159325e-11,3.80987213702703e-14
gyroSystem,40.9766705317887,0,16.8640397178182,12.0111742829497,144.268307655392,1.9567860241618,0.382770900312239,0,144.138686534408,662.383878824784,40654.1100369667
input,40,0,16.4545201757146,11.7299439158623,137.591584269275,1.952019731719,0.379944648141097,0,137.467962001288,612.382219869235,36888.1768848769
error,0.223976153376602,-0.410596839906925,-0.066436031916817,0.0907564767564632,0.00823673807324645,7.88877758268386,-1.0984969504454,0,0.00822933758980238,-0.000820061028507155,0.000534243773105093
