signalsNamesOrdered,maxSignals,minSignals,meanSignals,standardDeviationSignals,varianceSignals,kurtosisSignals,skewnessSignals,firstMomentSignals,secondMomentSignals,thirdMomentSignals,fourthMomentSignals
compassSystem,39.9466805041264,0,16.5264868897571,12.2435969741276,149.905666864867,1.78714059358181,0.327697572863192,0,149.758988130166,600.568528609681,40081.5505358936
compassFilter,39.9445597210833,0,16.5244175087194,12.2435274869244,149.903965323072,1.78713292489055,0.327713853020236,0,149.757288253284,600.588139279634,40080.4686420924
fullSystem,39.9462832780609,0,16.5265867358194,12.2435289630756,149.904001469672,1.78713051144728,0.327714206091087,0,149.757324364516,600.589003570053,40080.4338445285
gyroFilter,0.0029111531984114,0,0.00216922710001423,0.000240599656244375,5.78881945849116e-08,9.7445218656755,-0.961781614511289,0,5.78315525158461e-08,-1.33759226221207e-11,3.25904409902668e-14
gyroSystem,40.9766705317887,0,17.0057149314075,12.5188568962395,156.721777988522,1.79005143087214,0.334487029815529,0,156.56842986916,655.293072144769,43880.7358443258
input,40,0,16.5931727679194,12.2258303978493,149.470928916975,1.78571501364446,0.331672834571392,0,149.324675561871,605.211639921057,39817.6211092448
error,0.22396769184078,-0.41060573342024,-0.0665860321000357,0.0941042403117689,0.00885560804465515,7.38159843684264,-1.03859888749473,0,0.00884694306613787,-0.000864246643777837,0.000577745911019036
