signalsNamesOrdered,maxSignals,minSignals,meanSignals,standardDeviationSignals,varianceSignals,kurtosisSignals,skewnessSignals,firstMomentSignals,secondMomentSignals,thirdMomentSignals,fourthMomentSignals
compassSystem,39.9470621003157,0,19.6972502653832,11.7338186808344,137.682500834697,1.7997929217592,0.000176074211157322,0,137.343381374513,0.283404899818995,33949.8617741085
compassFilter,39.8762523562741,0,19.6275591348174,11.7318241724076,137.635698412288,1.7990448466555,0.00074494087010939,0,137.296694229006,1.19842793232364,33912.6830375363
fullSystem,39.93623879137,0,19.6994629009908,11.7329833273143,137.662897759036,1.79935413945211,0.000437764075890104,0,137.323826582289,0.704464259488271,33931.9204943871
gyroFilter,0.0893295048328753,0,0.0719037661733896,0.00830189559262193,6.89214704307954e-05,35.8421483744658,-4.26373697433037,0,6.87517131144634e-05,-2.43061230306443e-06,1.69418597265506e-07
gyroSystem,40.9766705317887,0,20.2410011807108,12.0105824069644,144.254089754484,1.79962679314952,0.00572859140954965,0,143.898784114695,9.88857094978008,37264.6201834074
input,40,0,19.7544554401681,11.7270608613988,137.52395644695,1.79718160462345,0.00215050507538348,0,137.185227490185,3.45542517891258,33822.5743551024
error,0.23717275166353,-0.401688889496637,-0.0549925391772882,0.0750649327704691,0.00563474413183505,9.53898448093813,-0.743781272720784,0,0.00562086545170738,-0.000313436828055666,0.000301375900746265
