signalsNamesOrdered,maxSignals,minSignals,meanSignals,standardDeviationSignals,varianceSignals,kurtosisSignals,skewnessSignals,firstMomentSignals,secondMomentSignals,thirdMomentSignals,fourthMomentSignals
compassSystem,39.946679759213,0,16.4426430318284,12.4357992632165,154.649103315016,1.74515993419761,0.307779558527697,0,154.495985390942,591.038226219989,41655.2390517295
compassFilter,39.9411629085048,0,16.4372221380886,12.4356614353641,154.645675335001,1.74513846108788,0.307814039613444,0,154.492560804967,591.084787589779,41652.8798779217
fullSystem,39.9456406644765,0,16.4428657858768,12.4356691892559,154.645868184609,1.74513394067599,0.307812902599604,0,154.492753463635,591.083709878275,41652.8758705038
gyroFilter,0.00745764397704818,0,0.00564364778813304,0.000627261359131699,3.93456812659746e-07,13.1164657692201,-1.47022451157047,0,3.93067251459093e-07,-3.62313029085194e-10,2.02651841266133e-12
gyroSystem,40.9766705317887,0,16.9186648481926,12.7170588924588,161.723586874265,1.74802769019622,0.314062334027068,0,161.563464511023,644.956746658374,45628.335147633
input,40,0,16.5085210242576,12.4192747536659,154.238385407043,1.74393160001346,0.311245928723468,0,154.085674134362,595.315339917793,41405.1128541845
error,0.223021827594393,-0.410212478623826,-0.0656552383808181,0.0964505839197429,0.00930271513845937,6.98100899367502,-0.972485141921695,0,0.00929350452941139,-0.000871268970142631,0.000602944346541759
