signalsNamesOrdered,maxSignals,minSignals,meanSignals,standardDeviationSignals,varianceSignals,kurtosisSignals,skewnessSignals,firstMomentSignals,secondMomentSignals,thirdMomentSignals,fourthMomentSignals
compassSystem,39.9470621117132,0,19.8459379816361,11.6157150366968,134.924835813745,1.80193248030781,0.00421342537265004,0,134.854817736,6.59834479517709,32769.6231025362
compassFilter,39.940713111614,0,19.8395479649764,11.6160835819533,134.933397782926,1.8019552860502,0.00430501585303721,0,134.863375262022,6.7424198433671,32774.1969735598
fullSystem,39.9574191556775,0,19.8463230562252,11.6159955042999,134.931351555916,1.80255620725033,0.00450096676419884,0,134.861330096883,7.04915344077792,32784.132259559
gyroFilter,0.0565359016387319,-0.0349310591447249,0.00677509124882185,0.00926529413738364,8.58456754522357e-05,6.38671804105681,-0.102347784881101,0,8.58011265806985e-05,-8.13425781041885e-08,4.70179536961728e-08
gyroSystem,40.9766705317887,0,20.3934744128186,11.8886590081586,141.34021301227,1.80126432820115,0.0102039502147522,0,141.26686572996,17.132817763863,35946.6205831635
input,40,0,19.9035124513878,11.6083109395039,134.752882868205,1.79889170311245,0.0064338182732303,0,134.682954023956,10.0562888621814,32630.9926390233
error,0.237784206123347,-0.411531702215343,-0.0571893951626273,0.0781191692246683,0.00610260460035236,9.28784508676264,-0.724103663230646,0,0.00609943770642379,-0.000344933555381749,0.000345537004168339
