signalsNamesOrdered,maxSignals,minSignals,meanSignals,standardDeviationSignals,varianceSignals,kurtosisSignals,skewnessSignals,firstMomentSignals,secondMomentSignals,thirdMomentSignals,fourthMomentSignals
compassSystem,39.9466789135728,0,17.1414335898649,12.4528903072531,155.074477004478,1.71295058778645,0.213454074468003,0,154.91158364628,411.557281356308,41106.7008805046
compassFilter,39.9447616203328,0,17.1395580507223,12.4528298620891,155.072971574138,1.71294118716705,0.213468024481466,0,154.910079797275,411.578184803104,41105.6771860891
fullSystem,39.9463200216877,0,17.1415211189561,12.4528299575929,155.072973952723,1.71293909032344,0.213468256370019,0,154.910082173361,411.578641366581,41105.6281288509
gyroFilter,0.00263277545313656,0,0.00196306823383654,0.000219943897716108,4.83753181425538e-08,9.79212627639495,-0.964110588123376,0,4.83245037327402e-08,-1.02418392837621e-11,2.28671379045837e-14
gyroSystem,40.9766705317887,0,17.6369307652286,12.7305429760025,162.066724463846,1.71478211365076,0.220487637248727,0,161.896486307896,454.192939131194,44945.2490540986
input,40,0,17.2101905669304,12.4321234699839,154.557693972925,1.71109678935768,0.217576617692521,0,154.395343454046,417.410642735781,40788.9919365476
error,0.222130309875183,-0.410626067725238,-0.06866944797428,0.0945467882239149,0.0089390951634578,7.36138882538439,-1.12250865379514,0,0.00892970535761384,-0.000947208074795233,0.00058699447844823
