signalsNamesOrdered,maxSignals,minSignals,meanSignals,standardDeviationSignals,varianceSignals,kurtosisSignals,skewnessSignals,firstMomentSignals,secondMomentSignals,thirdMomentSignals,fourthMomentSignals
compassSystem,39.9466790611665,0,17.1984364661136,12.475655412583,155.64197797351,1.70935688812516,0.200460122072357,0,155.477451569733,388.623546498728,41320.6907923411
compassFilter,39.9449973555366,0,17.1967959614192,12.475598096326,155.640547861053,1.70934952218292,0.200472261438479,0,155.476022969022,388.641723974765,41319.7533921406
fullSystem,39.9463645088917,0,17.1985171157713,12.4755990970093,155.640572829299,1.70934770872529,0.200472279496069,0,155.476047910875,388.641852502099,41319.7228130271
gyroFilter,0.00231276529116897,0,0.00172115435200695,0.000192733213855979,3.71460917232546e-08,9.67684197512784,-0.923484508839976,0,3.71068252415175e-08,-6.60100881972019e-12,1.33242031851146e-14
gyroSystem,40.9766705317887,0,17.6933637747452,12.7560602302601,162.717072598024,1.71103693124134,0.207170007006029,0,162.54506723587,429.326377902018,45207.1337449156
input,40,0,17.2652658423092,12.457114170237,155.179693450318,1.70741434852747,0.204243622551765,0,155.015655719398,394.195667964862,41028.916689843
error,0.223663175099684,-0.410633114129815,-0.0667487265379096,0.097379095261434,0.00948268819393543,7.04243106950033,-0.962302847358853,0,0.00947266421064375,-0.000887196836827159,0.000631926968613319
