signalsNamesOrdered,maxSignals,minSignals,meanSignals,standardDeviationSignals,varianceSignals,kurtosisSignals,skewnessSignals,firstMomentSignals,secondMomentSignals,thirdMomentSignals,fourthMomentSignals
compassSystem,39.9466790304079,0,16.9975268503954,12.5118181531543,156.545593497601,1.70993731803722,0.219996559268735,0,156.382355131076,430.226851798602,41817.2711887023
compassFilter,39.9432111315259,0,16.9941477868118,12.5116957352269,156.542530170896,1.70992266405348,0.220022363588461,0,156.379294998664,430.264685298327,41815.2762656577
fullSystem,39.9460274133471,0,16.9977001307247,12.5116949175156,156.542509708987,1.70991988494129,0.220022399813946,0,156.379274558091,430.264671778242,41815.1973724467
gyroFilter,0.00473121366793805,0,0.00355234391280358,0.000397829562925123,1.58268361137195e-07,11.2300652890847,-1.21048108986634,0,1.58103326349773e-07,-7.60973476908983e-11,2.8071414405532e-13
gyroSystem,40.9766705317887,0,17.4890567835998,12.7917270599867,163.628281177197,1.71204645437365,0.226725590076594,0,163.457657317784,473.814608168036,45743.1518065241
input,40,0,17.0656283284514,12.4920981367029,156.052515857017,1.70833153319511,0.223838288879886,0,155.889791648615,435.673246700489,41515.235951637
error,0.223822264636812,-0.410549446053946,-0.0679281977267125,0.0958035640209651,0.00917832287911915,7.10677661926996,-1.01995339350085,0,0.00916875215661746,-0.000895458941174565,0.000597438397762005
