signalsNamesOrdered,maxSignals,minSignals,meanSignals,standardDeviationSignals,varianceSignals,kurtosisSignals,skewnessSignals,firstMomentSignals,secondMomentSignals,thirdMomentSignals,fourthMomentSignals
compassSystem,39.9466784970175,0,17.4318494712591,12.4669454049327,155.424727729572,1.70925827850535,0.168675806384561,0,155.257424470444,326.310734839567,41201.4449303522
compassFilter,39.9451127524086,0,17.4303140958534,12.4669011453407,155.423624167699,1.70925067616652,0.168685833490037,0,155.256322096474,326.326657158679,41200.6765965901
fullSystem,39.9463857488124,0,17.4319179736694,12.4669002788502,155.423602562796,1.70924894296104,0.168686136031055,0,155.256300514827,326.327174388859,41200.6233641783
gyroFilter,0.00215455991932956,0,0.00160387781600551,0.000180354948090157,3.25279073006033e-08,9.59490936827074,-0.931868185600588,0,3.24928934068459e-08,-5.45804439389007e-12,1.01301913421941e-14
gyroSystem,40.9766705317887,0,17.9303311805822,12.749046950548,162.538198147277,1.71034602508574,0.175330715130627,0,162.363237761758,362.735080746479,45087.8357211463
input,40,0,17.4964627474586,12.4504958204476,155.014846174984,1.70684520977379,0.172328890426115,0,154.847984123127,332.059894495138,40926.5606609183
error,0.223988283401619,-0.410309135137663,-0.0645447737892221,0.0929595388039444,0.00864147585464204,7.77317824691985,-1.15521880585347,0,0.00863217394306546,-0.000926498082295576,0.000579213922908583
