signalsNamesOrdered,maxSignals,minSignals,meanSignals,standardDeviationSignals,varianceSignals,kurtosisSignals,skewnessSignals,firstMomentSignals,secondMomentSignals,thirdMomentSignals,fourthMomentSignals
compassSystem,39.9470621003161,0,19.6972495761241,11.7338198405233,137.682528049858,1.79979332665617,0.000175752350835835,0,137.343408522642,0.282886924908196,33949.8828332395
compassFilter,39.8850501791127,0,19.6362020899875,11.7320964713099,137.642087612121,1.79914633260721,0.000667383374047641,0,137.303067691894,1.07373162342539,33917.7448649764
fullSystem,39.9372264436309,0,19.6992045460475,11.7330546817483,137.664572164896,1.79939772190742,0.000412436477398833,0,137.325496863998,0.663718369261986,33933.5678239101
gyroFilter,0.0791274021143487,0,0.0630024560599547,0.00734130877858862,5.38948145825823e-05,33.6450896269238,-4.0162477299817,0,5.37620687338567e-05,-1.58319514992419e-06,9.72464224163092e-08
gyroSystem,40.9766705317887,0,20.2409854364407,12.0106088295153,144.254724455632,1.79963571038528,0.00572142865248156,0,143.899417252539,9.87627193430553,37265.1327536604
input,40,0,19.7544412923197,11.7270846071237,137.524513382637,1.79718981918779,0.00214393271457954,0,137.185783054109,3.44488565526887,33823.0028982367
error,0.237883625849761,-0.404055600574329,-0.055236746272286,0.0753458524051735,0.00567699747466219,9.57439606448843,-0.744222551452249,0,0.00566301472226154,-0.000317157044332761,0.000307048351701813
