signalsNamesOrdered,maxSignals,minSignals,meanSignals,standardDeviationSignals,varianceSignals,kurtosisSignals,skewnessSignals,firstMomentSignals,secondMomentSignals,thirdMomentSignals,fourthMomentSignals
compassSystem,39.9466793705212,0,16.8941841792832,12.4991596373345,156.228991639573,1.71374987526322,0.23695721551041,0,156.067598053168,461.996895773428,41741.968795798
compassFilter,39.9432706311964,0,16.8908440331612,12.4990579647217,156.226450005474,1.71373367529313,0.236981752939621,0,156.065059044724,462.033461328193,41740.2160648765
fullSystem,39.9460389395173,0,16.894328283029,12.4990648054248,156.226621010209,1.71373001112332,0.236981244788723,0,156.065229872802,462.033229215589,41740.2181963898
gyroFilter,0.00465195592124346,0,0.00348424986784602,0.000390417802143309,1.52426060230412e-07,11.0588950020855,-1.16425656813774,0,1.52268595292157e-07,-6.9177395763038e-11,2.56408499563553e-13
gyroSystem,40.9766705317887,0,17.3820689254648,12.7802664145592,163.33520962711,1.71599938963064,0.243473312130793,0,163.16647490642,507.455262092875,45685.5640332473
input,40,0,16.9610336346611,12.4810308216317,155.77613037052,1.71219478936572,0.240593472100437,0,155.615204616005,467.048392714039,41462.6663831329
error,0.220995187967084,-0.4104978192108,-0.0667053516321172,0.0971957337117874,0.00944701065177269,6.96668410729608,-0.936894493539442,0,0.00943725134324813,-0.000858932368339125,0.000620464819937946
