signalsNamesOrdered,maxSignals,minSignals,meanSignals,standardDeviationSignals,varianceSignals,kurtosisSignals,skewnessSignals,firstMomentSignals,secondMomentSignals,thirdMomentSignals,fourthMomentSignals
compassSystem,39.9466785842586,0,17.3903131175152,12.4680181710712,155.451477114163,1.70877115715646,0.174670150449931,0,155.284683683783,337.996051561908,41204.1679107063
compassFilter,39.9452159849311,0,17.3888920987315,12.4679602522082,155.450032850642,1.70876395478947,0.174682098795851,0,155.283240969901,338.014461572812,41203.228607734
fullSystem,39.9464052175698,0,17.3903907050469,12.4679590032186,155.450001705939,1.70876237018846,0.174682419868689,0,155.283209858615,338.014981274288,41203.1738881623
gyroFilter,0.00201394828038914,0,0.00149860631532978,0.000167709062800209,2.81263297453246e-08,9.6516352663487,-0.920321945063,0,2.80961512799326e-08,-4.33421076873674e-12,7.61894023556877e-15
gyroSystem,40.9766705317887,0,17.8871123115755,12.750920196429,162.5859658557,1.70981312052429,0.181253895875263,0,162.411517394481,375.156595460796,45100.597266312
input,40,0,17.454504984141,12.4520349557392,155.053174538951,1.70628894103904,0.178303385886301,0,154.886808471849,343.70134902823,40933.7410596485
error,0.224319336587113,-0.410478971804664,-0.0641142790941757,0.0958402098517489,0.00918534582442727,7.54349363916534,-1.06022336332796,0,0.00917549030315642,-0.000931839875816112,0.000635083880328809
