signalsNamesOrdered,maxSignals,minSignals,meanSignals,standardDeviationSignals,varianceSignals,kurtosisSignals,skewnessSignals,firstMomentSignals,secondMomentSignals,thirdMomentSignals,fourthMomentSignals
compassSystem,24.9501982366765,0,12.293692955551,7.3525796385352,54.0604273410025,1.80361661910743,-0.00268569767559273,0,53.8475910128883,-1.06122272592169,5229.70011936269
compassFilter,24.6568887619381,0,12.0070322765899,7.33863845898667,53.8556144317183,1.79554950221449,0.00353956545008511,0,53.6435844536406,1.39067815169548,5166.93457103719
fullSystem,24.945032459573,0,12.3004504658766,7.34903144184093,54.0082631331666,1.80133978835437,-0.00192907675700814,0,53.7956321759494,-0.761149614128505,5213.02338153718
gyroFilter,0.324409244165096,0,0.293418189286714,0.0408521297624587,0.00166889650612877,37.9966925231224,-5.7064835509848,0,0.00166232604744322,-0.000386761187282657,0.000104997320101217
gyroSystem,25.5108674758706,0,12.6571247668262,7.50127207398283,56.2690827279146,1.79180509045375,-0.00359641598317715,0,56.0475509061512,-1.50905434188442,5628.64743413125
input,25,0,12.352582457813,7.34237084770843,53.9104096652786,1.79735223557851,0.00199717145338172,0,53.698163957935,0.78587686631656,5182.65225273744
error,0.174961272207803,-0.322703894669496,-0.0521319919363824,0.0774654134433622,0.00600089027995105,5.64068458007188,-0.550503297152857,0,0.00597726472766778,-0.000254397981203769,0.000201528650509934
