signalsNamesOrdered,maxSignals,minSignals,meanSignals,standardDeviationSignals,varianceSignals,kurtosisSignals,skewnessSignals,firstMomentSignals,secondMomentSignals,thirdMomentSignals,fourthMomentSignals
compassSystem,39.9470621002886,0,19.7947481617238,11.6803816239203,136.431314880416,1.80147894018405,-0.00107423646137474,0,136.093613605959,-1.7055187866839,33366.0411445027
compassFilter,39.4712153410253,0,19.3293148485777,11.6628093100986,136.021121003723,1.79510571291725,0.00389976734957258,0,135.684435060644,6.16359004416107,33048.373525236
fullSystem,39.9406138750215,0,19.8070722017785,11.6793770548685,136.407848389789,1.80009380111081,-0.000432613551033274,0,136.070205200706,-0.68666463169049,33328.9180750684
gyroFilter,0.528714797529471,0,0.477757353200731,0.0576513153389113,0.00332367416030659,49.1064045852632,-6.50038864847776,0,0.0033154472440682,-0.00124094492087935,0.00053978695044542
gyroSystem,40.9766705317887,0,20.3405013591389,11.956388947408,142.9552366617,1.80129966249518,0.00444288149869146,0,142.601387066003,7.56572157100921,36629.7089067245
input,40,0,19.8516236244666,11.6741182747893,136.28503749377,1.79890867461384,0.000805913206323561,0,135.947698292053,1.27745632527954,33247.0283755703
error,0.123255992360035,-0.272377783368594,-0.0445514226881289,0.0505968355798441,0.00256003977069378,8.41033643054467,-0.959476488627749,0,0.0025537030385881,-0.000123819751179703,5.48471613480514e-05
