signalsNamesOrdered,maxSignals,minSignals,meanSignals,standardDeviationSignals,varianceSignals,kurtosisSignals,skewnessSignals,firstMomentSignals,secondMomentSignals,thirdMomentSignals,fourthMomentSignals
compassSystem,39.9470621003602,0,19.6022575731708,11.7831333688097,138.842231987157,1.79686054755568,0.00250311154544864,0,138.501932398953,4.08003560045593,34468.790058709
compassFilter,39.891903402014,0,19.547934696777,11.7816492364737,138.8072587313,1.79632834418097,0.00291814972776314,0,138.467044861861,4.75474474275574,34441.223416155
fullSystem,39.938112930201,0,19.6040196380794,11.7824181134538,138.825376600245,1.79651284542442,0.00271749408037944,0,138.485118324264,4.42866945016708,34453.7532983169
gyroFilter,0.0708922672056822,0,0.0560849413023558,0.0065664218126226,4.31178954212859e-05,32.1116262532814,-3.8415591825144,0,4.30122143050572e-05,-1.0836654563332e-06,5.94081327561355e-08
gyroSystem,40.9766705317887,0,20.1455501385049,12.0581649511431,145.399341988975,1.79606597937303,0.00869000522327862,0,145.042971052727,15.1797657030978,37784.6723980855
input,40,0,19.6611350718155,11.7737173778073,138.620420892482,1.79361259390846,0.00512174656262689,0,138.280664958922,8.32837503361867,34296.6390868907
error,0.238102434648205,-0.405726876765879,-0.0571154337361558,0.0791392217261829,0.00626301641542594,9.64215539797937,-0.990892759317137,0,0.00624766588499598,-0.000489331697619327,0.000376365424020108
