signalsNamesOrdered,maxSignals,minSignals,meanSignals,standardDeviationSignals,varianceSignals,kurtosisSignals,skewnessSignals,firstMomentSignals,secondMomentSignals,thirdMomentSignals,fourthMomentSignals
compassSystem,39.9470621112022,0,18.9185152240962,11.8937993977767,141.462464114554,1.76607744390914,0.0782334748843889,0,141.298163923945,131.400615170905,35260.0383934379
compassFilter,39.9319597458483,0,18.9035408714157,11.8935766286809,141.457165022306,1.76601223993652,0.0782921893405957,0,141.292870986275,131.491842979618,35256.0950955864
fullSystem,39.9420184837384,0,18.9190209380512,11.8937803812605,141.462011757657,1.76521895024411,0.0780262248421591,0,141.297712092433,131.051890269427,35242.6730272468
gyroFilter,0.049096959256218,-0.0268851213250088,0.015480066635511,0.00658348579213749,4.33422851752761e-05,12.3094419922205,-0.707639138497088,0,4.32919457035279e-05,-2.01568425169323e-07,2.30702646340032e-08
gyroSystem,40.9766705317887,0,19.4465685625043,12.1701803196076,148.113289011764,1.76623049790628,0.084334566371246,0,147.94126428585,151.753810509052,38656.8116397741
input,40,0,18.9779851845863,11.8838840268513,141.226699563652,1.76329737939682,0.0808807719787009,0,141.062673199467,135.507537221382,35087.2863656193
error,0.238166891581858,-0.411048928792065,-0.0589642465351155,0.0851920823425046,0.00725769089385209,8.1956503678925,-0.771523707481759,0,0.00724926151999163,-0.000476200587351813,0.000430696118234562
