signalsNamesOrdered,maxSignals,minSignals,meanSignals,standardDeviationSignals,varianceSignals,kurtosisSignals,skewnessSignals,firstMomentSignals,secondMomentSignals,thirdMomentSignals,fourthMomentSignals
compassSystem,39.9466807959013,0,16.561818635978,12.2556095063352,150.199964371773,1.78312690578751,0.320452817247055,0,150.052420202449,589.01804629765,40148.4018420515
compassFilter,39.9448240768819,0,16.5599972357549,12.2555588727064,150.198723282372,1.78311927187031,0.32046582098839,0,150.051180332193,589.034647430447,40147.566478834
fullSystem,39.9463333120649,0,16.5618985500784,12.2555588671856,150.198723147052,1.78311750400208,0.32046592334203,0,150.051180197005,589.034834766306,40147.5266023088
gyroFilter,0.00255072168946313,0,0.00190131432352777,0.000211552171745964,4.47543213704337e-08,9.45310779076575,-0.927311449552952,0,4.471035838284e-08,-8.76673438798784e-12,1.88969151104442e-14
gyroSystem,40.9766705317887,0,17.0422014798727,12.5309073520154,157.023639064793,1.78609595356764,0.327203552486248,0,156.869391875142,642.873212289373,43952.2601335748
input,40,0,16.6287462193156,12.2376181221385,149.759297303291,1.78179036687687,0.324391366809538,0,149.61218600928,593.635330647606,39883.2502656096
error,0.222372307653592,-0.410639269117028,-0.0668476692371963,0.094449944421346,0.00892079200119535,7.39024054530926,-1.00385636815471,0,0.00891202894421972,-0.000844571575347171,0.000586964385813448
