signalsNamesOrdered,maxSignals,minSignals,meanSignals,standardDeviationSignals,varianceSignals,kurtosisSignals,skewnessSignals,firstMomentSignals,secondMomentSignals,thirdMomentSignals,fourthMomentSignals
compassSystem,39.9466791933654,0,16.9215828296749,12.4714842326411,155.537918965016,1.71742877813323,0.238764016146603,0,155.377239296663,462.434233003449,41462.3141046023
compassFilter,39.9456587652298,0,16.9205704223082,12.4714698723876,155.537560777872,1.71742454752388,0.238768512883044,0,155.376881479548,462.441344775066,41462.021003032
fullSystem,39.9464887892106,0,16.9216159616486,12.4714688437684,155.537535121086,1.71742339198294,0.238768851620915,0,155.376855849266,462.441886411187,41461.9794272191
gyroFilter,0.0014076948240529,0,0.00104553934031444,0.000115805196649982,1.3410843571141e-08,9.48023334920614,-0.859689956773889,0,1.3396989393898e-08,-1.33306913600228e-12,1.70150588065362e-15
gyroSystem,40.9766705317887,0,17.4115740337,12.7498625258988,162.558994429319,1.71949285116354,0.245768977959517,0,162.391061583834,508.59284343261,45344.4998882136
input,40,0,16.9898058540363,12.4514479677164,155.03855649275,1.71573133499419,0.242816278560387,0,154.87839269472,468.019607632306,41155.7906021359
error,0.221096866251842,-0.410453155884947,-0.0681898923877693,0.0949401955416846,0.00901364072949331,7.16099005465557,-1.1220056446189,0,0.00900432911716946,-0.000958676501984058,0.000580598342402972
