signalsNamesOrdered,maxSignals,minSignals,meanSignals,standardDeviationSignals,varianceSignals,kurtosisSignals,skewnessSignals,firstMomentSignals,secondMomentSignals,thirdMomentSignals,fourthMomentSignals
compassSystem,39.9466793659011,0,17.0373521998272,12.4295547566322,154.493831448117,1.71988349827452,0.232044748166661,0,154.33323494973,444.898490998161,40965.4706201115
compassFilter,39.9443564144469,0,17.0350753444821,12.42948526455,154.492103941665,1.71987108383871,0.232062131385266,0,154.331509239023,444.924357143096,40964.2588068573
fullSystem,39.9462440263443,0,17.0374546580881,12.4294842992823,154.492079946105,1.71986867356598,0.232062540588512,0,154.331485268406,444.92503803573,40964.1886734266
gyroFilter,0.0031842782620437,0,0.00237931360603155,0.000265345512764754,7.040824114439e-08,10.2306843383491,-1.03842193555124,0,7.0335051704531e-08,-1.93700869463345e-11,5.0611394902551e-14
gyroSystem,40.9766705317887,0,17.5293663414175,12.7075402644973,161.481579573819,1.72166754295272,0.239132771796126,0,161.313719303992,489.943561260937,44801.4325775919
input,40,0,17.1052181153245,12.4096210461501,153.998694509051,1.7179106315838,0.236228531510311,0,153.838612706027,450.744444300534,40656.6206070785
error,0.221198641635913,-0.410568548519362,-0.0677634572363984,0.0935653518716971,0.00875447507087449,7.38812464283251,-1.24306123421265,0,0.00874537478493803,-0.00101662354060849,0.000565055446874055
