signalsNamesOrdered,maxSignals,minSignals,meanSignals,standardDeviationSignals,varianceSignals,kurtosisSignals,skewnessSignals,firstMomentSignals,secondMomentSignals,thirdMomentSignals,fourthMomentSignals
compassSystem,39.9466801051432,0,16.7005127479531,12.2994991681607,151.277679787585,1.76714551831381,0.294940655585542,0,151.126704059254,547.956972571846,40360.3324948432
compassFilter,39.9426530947425,0,16.6965846278155,12.2993571528313,151.274186372901,1.76712562337204,0.294975818936766,0,151.123214131012,548.003318092513,40358.0140906341
fullSystem,39.9459227302628,0,16.7007096503353,12.2993573008215,151.27419001327,1.7671226181362,0.294975310616099,0,151.123217767748,548.002393520404,40357.9473987834
gyroFilter,0.00548204713597755,0,0.00412502251971564,0.000461366649458427,2.12859185232495e-07,11.4589457513094,-1.27413152315276,0,2.12646750915895e-07,-1.24940254939012e-10,5.18157950443772e-13
gyroSystem,40.9766705317887,0,17.1847334742975,12.574829936531,158.126347932676,1.76981522548529,0.301900585926271,0,157.968537206196,599.404295333171,44164.0731082108
input,40,0,16.7681067848779,12.2803793207964,150.807716262643,1.76563415798169,0.299083406115481,0,150.657209559786,553.066300591639,40075.648669385
error,0.224035050911594,-0.410367997396833,-0.0673971345427119,0.092773991886698,0.00860701357059311,7.58442922673204,-1.13098761147966,0,0.00859842373669032,-0.000901749921751698,0.000560738777464163
