signalsNamesOrdered,maxSignals,minSignals,meanSignals,standardDeviationSignals,varianceSignals,kurtosisSignals,skewnessSignals,firstMomentSignals,secondMomentSignals,thirdMomentSignals,fourthMomentSignals
compassSystem,39.946678756557,0,17.4213879834892,12.4615678082691,155.290672240089,1.70789837838986,0.172223927830192,0,155.123693022626,332.744352301653,41097.773756556
compassFilter,39.9456337807314,0,17.4203672918336,12.4615333014102,155.289812222154,1.70789340974056,0.172231349094712,0,155.122833929442,332.75592623644,41097.1989881723
fullSystem,39.9464837529113,0,17.4214377762165,12.4615326597094,155.289796229005,1.70789223148323,0.172231565795777,0,155.12281795349,332.756293503753,41097.1621705396
gyroFilter,0.00144140401852155,0,0.00107048438289868,0.000120657867656429,1.45583210273964e-08,9.22716510934909,-0.858597336481368,0,1.45426669187648e-08,-1.50575953791178e-12,1.95144540840095e-15
gyroSystem,40.9766705317887,0,17.9206445650974,12.7424386437602,162.369742589993,1.70913948718623,0.178977322855842,0,162.195151468928,369.704561510933,44962.7891031623
input,40,0,17.4870103876946,12.4439961781821,154.853040882611,1.70560677528609,0.175991186394119,0,154.686532236501,338.58652823363,40811.6280228575
error,0.223258182695592,-0.410465428712975,-0.065572611478129,0.0953394318344238,0.00908960726251075,7.38206649036901,-1.04996308704936,0,0.00907983349126074,-0.000908428723460129,0.000608602485013135
