signalsNamesOrdered,maxSignals,minSignals,meanSignals,standardDeviationSignals,varianceSignals,kurtosisSignals,skewnessSignals,firstMomentSignals,secondMomentSignals,thirdMomentSignals,fourthMomentSignals
compassSystem,39.9466789287429,0,17.01735477947,12.4776033884768,155.690586320127,1.71430789174472,0.224421818265536,0,155.528408626043,435.290981252899,41467.5408348884
compassFilter,39.9413102988286,0,17.0121202615153,12.4774135505883,155.685848912405,1.71428231754482,0.224464067806514,0,155.523676153122,435.353057549729,41464.3987166817
fullSystem,39.9456678351757,0,17.017615787125,12.4774180457758,155.685961089051,1.71427847017719,0.224463065226223,0,155.523788212916,435.351583549668,41464.3654107839
gyroFilter,0.00726052980800773,0,0.0054955256096949,0.000615988786790824,3.79442185452032e-07,13.1280731612117,-1.48276836342975,0,3.79046933175519e-07,-3.46029234532643e-10,1.88619662162584e-12
gyroSystem,40.9766705317887,0,17.5071828013847,12.7591081771519,162.794841476265,1.71616305768567,0.230973957195854,0,162.625263516394,479.010501805802,45387.3237715147
input,40,0,17.083554695886,12.4599631921021,155.25068274854,1.71244166662754,0.228103451800308,0,155.088963287343,440.558106265616,41188.6513702032
error,0.221874269298108,-0.410155610877073,-0.0659389087609889,0.0957699907249121,0.00917189112344975,7.36811934133283,-1.03052192527565,0,0.00916233707019616,-0.00090378813065339,0.000618541981407981
