signalsNamesOrdered,maxSignals,minSignals,meanSignals,standardDeviationSignals,varianceSignals,kurtosisSignals,skewnessSignals,firstMomentSignals,secondMomentSignals,thirdMomentSignals,fourthMomentSignals
compassSystem,39.9466815698232,0,16.3662639393809,12.0137538652983,144.330281935971,1.86118545904957,0.378961267873297,0,144.194505565382,656.172300178099,38697.8712398306
compassFilter,39.9454312880985,0,16.3650381344825,12.0137206479117,144.329483806061,1.86118152870697,0.378969800018569,0,144.1937081863,656.181630655716,38697.3615324348
fullSystem,39.9464480705054,0,16.3663199317086,12.0137186115806,144.329434878237,1.86118033633149,0.378970299742316,0,144.193659304504,656.182162251702,38697.3105039131
gyroFilter,0.00172309133726856,0,0.00128179722616581,0.000141077929001127,1.99029820512471e-08,9.12657749504992,-0.843631821968039,0,1.98842586438612e-08,-2.36546789716536e-12,3.60850035996624e-15
gyroSystem,40.9766705317887,0,16.8415408914946,12.2835640390668,150.885945501855,1.86444919915477,0.386154600546414,0,150.74400199715,714.695873494007,42367.2852046017
input,40,0,16.4326109604209,11.996167659683,143.908038519223,1.85978711855412,0.383309383418743,0,143.772659367277,660.790681440722,38442.8739192197
error,0.222133537593275,-0.41040816156716,-0.0662910287122849,0.0904923296795484,0.00818886173083207,7.81423176318324,-1.20887066332354,0,0.00818115819204484,-0.000894544652333987,0.000523017076147119
