signalsNamesOrdered,maxSignals,minSignals,meanSignals,standardDeviationSignals,varianceSignals,kurtosisSignals,skewnessSignals,firstMomentSignals,secondMomentSignals,thirdMomentSignals,fourthMomentSignals
compassSystem,39.9466797031087,0,16.8825109945834,12.4590940775695,155.229025233728,1.71999408398267,0.246842499329126,0,155.069324590483,476.660076158337,41359.829878308
compassFilter,39.9450580490183,0,16.8809226636454,12.4590465156357,155.227840078775,1.71998743441571,0.246853472671328,0,155.068140654826,476.675806906796,41359.0384297178
fullSystem,39.9463764427971,0,16.8825833740548,12.4590461911672,155.227831993639,1.7199857051714,0.246853721602616,0,155.068132578007,476.676250352918,41358.9925396704
gyroFilter,0.00223007274631115,0,0.00166071040934058,0.000185067297064123,3.42499044426204e-08,9.57500041631088,-0.917738142023619,0,3.4214667915416e-08,-5.80814266598851e-12,1.12089120052347e-14
gyroSystem,40.9766705317887,0,17.3707837232998,12.7380691445226,162.25840553064,1.72209753764701,0.253759916271275,0,162.091473014662,523.676729594474,45245.7804342088
input,40,0,16.95017403197,12.4396774997655,154.745576298171,1.71828738126538,0.250854149139103,0,154.586373030375,482.14548057712,41061.822011236
error,0.224188238716324,-0.410682262124914,-0.0675906579152593,0.097283284038071,0.009464037353232,6.83387276136284,-0.989816973912831,0,0.00945430068928835,-0.000909911204950944,0.000610837526538359
