signalsNamesOrdered,maxSignals,minSignals,meanSignals,standardDeviationSignals,varianceSignals,kurtosisSignals,skewnessSignals,firstMomentSignals,secondMomentSignals,thirdMomentSignals,fourthMomentSignals
compassSystem,24.9472664201688,0,10.208420032155,7.73108441080062,59.7696661669243,1.77403134151268,0.32650054551048,0,59.6764217579276,150.517873201786,6317.8140224899
compassFilter,24.9467489455855,0,10.207918580437,7.73106115742646,59.7693066198682,1.7740264979902,0.326509683618022,0,59.6760627717873,150.520727694457,6317.72076363265
fullSystem,24.9472726223872,0,10.2084480802958,7.73105715427459,59.7692447226604,1.77402532683488,0.326509523250867,0,59.676000971143,150.520419946161,6317.70350760442
gyroFilter,0.000681206128941625,0,0.000529499858828398,5.90942798727662e-05,3.49213391368082e-09,12.3648650771984,-1.30196361988119,0,3.48668596685761e-09,-2.68051412349907e-13,1.50319405470602e-16
gyroSystem,25.5108674758706,0,10.5362130076164,7.87829580851606,62.0675448464817,1.76387544485411,0.329757281580705,0,61.9707156033515,160.869666327147,6773.93362318369
input,25,0,10.2787815377661,7.70907442270196,59.4298284547575,1.77172016917804,0.333882484229568,0,59.3371142137984,152.610096816364,6238.03735993154
error,0.222382855363968,-0.410802715368563,-0.0703334574702704,0.111599347043411,0.0124544142605157,5.1483682680599,-0.654932540297091,0,0.0124349845970827,-0.000908164343072945,0.000796086223117637
