signalsNamesOrdered,maxSignals,minSignals,meanSignals,standardDeviationSignals,varianceSignals,kurtosisSignals,skewnessSignals,firstMomentSignals,secondMomentSignals,thirdMomentSignals,fourthMomentSignals
compassSystem,39.946678925456,0,17.3171581550104,12.474789701088,155.620378086371,1.70775281481608,0.18397868711139,0,155.454294438467,356.592004594541,41269.618835726
compassFilter,39.9454302047935,0,17.3159325622573,12.4747565556001,155.619551121488,1.70774750255582,0.183986070174065,0,155.45346835615,356.603472128784,41269.0518494232
fullSystem,39.9464457178369,0,17.3172125144052,12.4747548436634,155.619508409502,1.70774608978089,0.183986481272733,0,155.453425689748,356.604122111342,41268.9950548864
gyroFilter,0.0017207397912955,0,0.00127995214793511,0.000143537056659526,2.06028866344799e-08,9.42992093871563,-0.895103723897654,0,2.05808984950621e-08,-2.6428338457469e-12,3.9942635121523e-15
gyroSystem,40.9766705317887,0,17.8145218471988,12.7553550188753,162.699081657547,1.70916093174988,0.190767894888653,0,162.525443363356,395.264059326915,45146.6651713221
input,40,0,17.3832455160845,12.4567957504653,155.171760368809,1.70558897960291,0.187774461176703,0,155.00615550182,362.376429716019,40980.0299139662
error,0.225145412564955,-0.410420156715163,-0.0660330016793076,0.0948759798458272,0.00900145155170581,7.40329219247786,-1.12379616933215,0,0.00899184487982565,-0.00095821012745942,0.000598580414678668
