signalsNamesOrdered,maxSignals,minSignals,meanSignals,standardDeviationSignals,varianceSignals,kurtosisSignals,skewnessSignals,firstMomentSignals,secondMomentSignals,thirdMomentSignals,fourthMomentSignals
compassSystem,39.9466800517975,0,16.6014533724117,12.412907025399,154.0802608212,1.7429752738985,0.290990097776884,0,153.926026325883,555.70755022522,41296.6993737689
compassFilter,39.9412531014378,0,16.596169533532,12.4127116592876,154.075410736614,1.74295360899898,0.291033841967697,0,153.921181096237,555.764846781833,41293.5862896054
fullSystem,39.9456579261475,0,16.6017249388687,12.4127155384471,154.075507038405,1.74294951607853,0.291032803272637,0,153.92127730163,555.763384319091,41293.5409406147
gyroFilter,0.00734807276572269,0,0.00555540533671512,0.000619319448898415,3.83556579783837e-07,13.0070463079679,-1.46548261401437,0,3.83172639263533e-07,-3.47594107887743e-10,1.90971107713744e-12
gyroSystem,40.9766705317887,0,17.0824585656986,12.6921197553793,161.08990388489,1.74566361433294,0.297553492141745,0,160.92865272985,607.456403823298,45209.2508699265
input,40,0,16.6685569599516,12.3947818945414,153.630618213251,1.7416087879949,0.294739663103192,0,153.476833810635,560.406068640834,41023.8362428383
error,0.223231980115398,-0.410205522845791,-0.0668320210828462,0.0953118897750455,0.00908435633249042,7.18551563040475,-1.04802085872792,0,0.00907526288270815,-0.000906063733723993,0.000591801915588546
