signalsNamesOrdered,maxSignals,minSignals,meanSignals,standardDeviationSignals,varianceSignals,kurtosisSignals,skewnessSignals,firstMomentSignals,secondMomentSignals,thirdMomentSignals,fourthMomentSignals
compassSystem,39.9466794312287,0,17.0231309132821,12.4573157935785,155.184716780939,1.71577818803832,0.228349548572826,0,155.023234245267,440.753071387294,41233.9299853355
compassFilter,39.9448364110767,0,17.0213284470734,12.4572575957918,155.183266807911,1.71576972015871,0.228362903897444,0,155.021785781056,440.772671781123,41232.9559500264
fullSystem,39.9463345242479,0,17.0232168335805,12.457256416678,155.183237430865,1.71576798673554,0.228363143033504,0,155.021756434579,440.773008186344,41232.8986815934
gyroFilter,0.00253188138175631,0,0.00188838650715406,0.000210535899362098,4.43253649202074e-08,9.82144185022205,-0.96768778721618,0,4.42792407111333e-08,-9.01644852601164e-12,1.92564213364205e-14
gyroSystem,40.9766705317887,0,17.5146293083197,12.7364858784242,162.218072531298,1.71776659085955,0.235179931195758,0,162.049271207124,485.144243121968,45108.4927851076
input,40,0,17.0907582081359,12.4379780351778,154.703297603566,1.71403192512295,0.232273429537509,0,154.542316024374,446.242219543451,40936.7857140575
error,0.222355556152625,-0.410641306463648,-0.0675413745553571,0.0967692939155301,0.00936429624491025,6.99177198745298,-1.01084202523056,0,0.00935455191999359,-0.000914571731923377,0.000611833477393749
