signalsNamesOrdered,maxSignals,minSignals,meanSignals,standardDeviationSignals,varianceSignals,kurtosisSignals,skewnessSignals,firstMomentSignals,secondMomentSignals,thirdMomentSignals,fourthMomentSignals
compassSystem,39.9466789715962,0,17.1088526145165,12.4609593100247,155.275506926092,1.71332000775837,0.215899392615175,0,155.112744340216,417.083148282308,41222.4167763903
compassFilter,39.9438333389477,0,17.1060757890159,12.4608611324489,155.273060162177,1.71330585420144,0.215921493369101,0,155.110300141042,417.115984116857,41220.7771334599
fullSystem,39.9461449631365,0,17.1089914800196,12.4608593075331,155.273014682135,1.71330338825249,0.215921755061937,0,155.110254708674,417.116306391294,41220.6936572965
gyroFilter,0.0038937601066884,0,0.0029156910037063,0.000327157187321824,1.07031825216327e-07,10.5864469296871,-1.12412791446571,0,1.06919632527421e-07,-3.93008477531219e-11,1.21022226794681e-13
gyroSystem,40.9766705317887,0,17.6043979925551,12.7378266299091,162.252227253622,1.71526270515062,0.223034323919535,0,162.082151543713,460.229543229772,45061.0213292971
input,40,0,17.1783369609437,12.439348287608,154.737385820415,1.71154558266137,0.220128498009569,0,154.575187302784,423.044392132534,40894.7947473623
error,0.221180952541344,-0.410536583096532,-0.0693454809240808,0.0939370905074608,0.00882417697300688,7.26365970828853,-1.2078178781735,0,0.0088149273116096,-0.000999607617297182,0.000564407739981459
