signalsNamesOrdered,maxSignals,minSignals,meanSignals,standardDeviationSignals,varianceSignals,kurtosisSignals,skewnessSignals,firstMomentSignals,secondMomentSignals,thirdMomentSignals,fourthMomentSignals
compassSystem,39.9466813647394,0,16.5525025731156,12.2884599955778,151.006249062916,1.77309715721229,0.318202291682623,0,150.857474433298,589.594674624046,40352.105372973
compassFilter,39.9450081103851,0,16.5508698335691,12.2884054141363,151.004907622174,1.77309136481455,0.318214781059783,0,150.856134314171,589.609959447623,40351.2566318224
fullSystem,39.9463683998833,0,16.5525829822339,12.2884053233991,151.004905392142,1.77308963004464,0.318215021581619,0,150.856132086337,589.610392041823,40351.2159608604
gyroFilter,0.00230179905574346,0,0.00171314866482233,0.000190395213401681,3.62503372862715e-08,9.39324654979269,-0.907797434258557,0,3.62146226682555e-08,-6.25626156598423e-12,1.23192324705544e-14
gyroSystem,40.9766705317887,0,17.0302549583222,12.5668282323015,157.92517182017,1.77569211543695,0.324769639513742,0,157.769580517884,643.591544170103,44199.1795646212
input,40,0,16.617221007925,12.2726298839985,150.617444269614,1.77142665916063,0.321960704531899,0,150.469052698905,594.256101175085,40106.7573000804
error,0.225782307892707,-0.41064016517512,-0.0646380256910648,0.0964140768354736,0.00929567421203661,7.02457812364701,-0.958732042886271,0,0.00928651591232032,-0.000857978595751738,0.000605795246619008
