signalsNamesOrdered,maxSignals,minSignals,meanSignals,standardDeviationSignals,varianceSignals,kurtosisSignals,skewnessSignals,firstMomentSignals,secondMomentSignals,thirdMomentSignals,fourthMomentSignals
compassSystem,39.9466797818569,0,16.8134155253146,12.4092820034156,153.990279840295,1.73483780882349,0.263855440699509,0,153.833466928034,503.433713298617,41054.4779629155
compassFilter,39.9407362853079,0,16.807614008392,12.4090851061514,153.98539317171,1.73481188924221,0.263900112317693,0,153.82858523569,503.494978802289,41051.2590489791
fullSystem,39.9455601234241,0,16.8136954964828,12.4090929369276,153.985587517305,1.73480735269038,0.263898579302981,0,153.828779383377,503.493007153162,41051.2553212121
gyroFilter,0.00802240831171019,0,0.0060814880907851,0.000680785662627096,4.63469118438614e-07,13.4931030945901,-1.53512713310988,0,4.62997153959552e-07,-4.83628437927402e-10,2.89246745721818e-12
gyroSystem,40.9766705317887,0,17.2981750285348,12.6892211963596,161.016334570141,1.73688720682358,0.270590143873207,0,160.852366815996,552.017895352216,44939.3231997692
input,40,0,16.8794058241838,12.3917915182253,153.556497031162,1.73298978073432,0.267717210297535,0,153.400125852922,508.645099570462,40780.0199184047
error,0.223277896958326,-0.410311134177693,-0.0657103277009772,0.0935755731092652,0.00875638788272743,7.55330935500991,-1.16015390492498,0,0.00874747099078983,-0.000949159879453901,0.000577966003996857
