signalsNamesOrdered,maxSignals,minSignals,meanSignals,standardDeviationSignals,varianceSignals,kurtosisSignals,skewnessSignals,firstMomentSignals,secondMomentSignals,thirdMomentSignals,fourthMomentSignals
compassSystem,39.9466806270708,0,16.9535237984613,12.2106386914157,149.099697252298,1.76789828992918,0.281914700975504,0,148.948786627549,512.475582932778,39222.1336415719
compassFilter,39.9460254981542,0,16.9528816801087,12.2106198465285,149.099237036436,1.76789523209827,0.281919476977419,0,148.948326877492,512.481892162596,39221.8236735522
fullSystem,39.9465585723424,0,16.9535526825207,12.2106197919494,149.099235703547,1.767894541173,0.281919491312651,0,148.948325545953,512.481911349539,39221.8076437026
gyroFilter,0.000905542450343688,0,0.000671002411986809,7.45246350904128e-05,5.55392123535919e-09,9.17207855362065,-0.824714223247456,0,5.54829985759061e-09,-3.40834360885112e-13,2.82349884538631e-16
gyroSystem,40.9766705317887,0,17.439643758308,12.4885566593064,155.964047432706,1.77019342940047,0.288342789271809,0,155.806189085102,560.771783488308,42972.4519549561
input,40,0,17.0173327521237,12.1958327075732,148.738335431113,1.76610246340534,0.285448384177527,0,148.587790557195,517.013967946176,38992.5956547432
error,0.222382104177711,-0.410242815555278,-0.0637800696030035,0.087568020383893,0.00766815819395389,8.2910927234875,-1.0568386092869,0,0.00766039690023531,-0.000708574597399795,0.000486535255597881
