signalsNamesOrdered,maxSignals,minSignals,meanSignals,standardDeviationSignals,varianceSignals,kurtosisSignals,skewnessSignals,firstMomentSignals,secondMomentSignals,thirdMomentSignals,fourthMomentSignals
compassSystem,39.9466804985702,0,16.5447243132932,12.2928834183752,151.114982737763,1.77218711195371,0.31905562766524,0,150.966100981371,591.814453251677,40389.4976041692
compassFilter,39.9440928249177,0,16.5421877270726,12.2928092411111,151.113159038346,1.77217557019061,0.319074861833965,0,150.964279078702,591.839416704805,40388.2597064753
fullSystem,39.9461952108877,0,16.5448361088904,12.2928111231089,151.113205308429,1.77217290074995,0.319074711254831,0,150.964325303199,591.839409228725,40388.2236026798
gyroFilter,0.00354299781665901,0,0.00264838181780041,0.000294101506096648,8.64956958883167e-08,10.1946685176678,-1.0410247932157,0,8.64104784539439e-08,-2.64429977227554e-11,7.61212530671953e-14
gyroSystem,40.9766705317887,0,17.0240331041707,12.5693298366301,157.988052542,1.77489563638891,0.325924945110202,0,157.832399288264,646.266789380899,44214.5428117033
input,40,0,16.6112333557586,12.2749791931687,150.675114192725,1.77063641158858,0.323122070200761,0,150.526665804358,596.742247564441,40119.5704893085
error,0.224246036456704,-0.410553663999938,-0.0663972468681245,0.0935718848804362,0.00875569764007761,7.39006819480121,-1.1384022839833,0,0.00874707133698394,-0.000931300339052109,0.000565423406709933
