signalsNamesOrdered,maxSignals,minSignals,meanSignals,standardDeviationSignals,varianceSignals,kurtosisSignals,skewnessSignals,firstMomentSignals,secondMomentSignals,thirdMomentSignals,fourthMomentSignals
compassSystem,39.9466801009719,0,16.7181174823142,12.315264439546,151.665738215946,1.75560102659585,0.294293894518631,0,151.513768538375,548.857246803392,40302.3181297106
compassFilter,39.9454992702959,0,16.7169547535495,12.3152366431951,151.665053577894,1.75559572602371,0.294301504202783,0,151.513084586333,548.867722334963,40301.8325900815
fullSystem,39.9464596294131,0,16.7181636610392,12.3152366340682,151.665053353094,1.75559440809429,0.294301709270661,0,151.513084361759,548.868103563055,40301.802215939
gyroFilter,0.00162769509590532,0,0.00120890748977579,0.000134747734573807,1.81569519727733e-08,9.13881254646881,-0.838342431793601,0,1.81387586341232e-08,-2.04801338563152e-12,3.00680243264622e-15
gyroSystem,40.9766705317887,0,17.2012327137506,12.5929850710372,158.583272999365,1.75827463766587,0.300851170189487,0,158.424371924215,599.908058920239,44129.6720207067
input,40,0,16.7843737365093,12.2979780712974,151.240264642112,1.7541439511971,0.298028506301812,0,151.088721290767,553.485024297703,40043.2502734258
error,0.223710503741545,-0.41060198692472,-0.0662100754700832,0.0924665651433362,0.00855006566940683,7.66938317263885,-1.02739652317583,0,0.00854149846933729,-0.000811034246109609,0.000559536692105224
