signalsNamesOrdered,maxSignals,minSignals,meanSignals,standardDeviationSignals,varianceSignals,kurtosisSignals,skewnessSignals,firstMomentSignals,secondMomentSignals,thirdMomentSignals,fourthMomentSignals
compassSystem,24.9472445299077,0,10.2135359682626,7.81721393104212,61.1088336436789,1.74868385020013,0.298226960587541,0,61.0122952019038,142.125807998143,6509.4759223092
compassFilter,24.9445641220534,0,10.2109560734153,7.81707704139167,61.1066934710528,1.74866162329748,0.298274137593087,0,61.010158410277,142.140823632448,6508.93724264913
fullSystem,24.9472814693515,0,10.2136926369529,7.81706279121691,61.1064706818279,1.74865592247229,0.298271623920666,0,61.0099359730099,142.138848415584,6508.86856111493
gyroFilter,0.0034957830946567,0,0.0027365635375338,0.000316261445331435,1.00021301803128e-07,12.8473519357527,-1.54357392046279,0,9.98632902678943e-08,-4.87120311502465e-11,1.28122487860483e-13
gyroSystem,25.5108674758706,0,10.5416258011509,7.96413681691855,63.4274752385975,1.73791834460051,0.30287042676639,0,63.3272738559141,152.631108576778,6969.64973496025
input,25,0,10.283698773001,7.79332800299053,60.7359613621964,1.74538335304152,0.306985079990333,0,60.6400119761581,144.962672216479,6418.14295659898
error,0.224723498512303,-0.410546848892346,-0.0700061360481508,0.11506854301821,0.0132407695923338,5.05978265571884,-0.794444375402801,0,0.0132198521048261,-0.00120754518202454,0.000884270333685406
