signalsNamesOrdered,maxSignals,minSignals,meanSignals,standardDeviationSignals,varianceSignals,kurtosisSignals,skewnessSignals,firstMomentSignals,secondMomentSignals,thirdMomentSignals,fourthMomentSignals
compassSystem,39.9466792624829,0,17.0048653287483,12.4487845163258,154.972235933912,1.71705932951398,0.232922387545297,0,154.811309416847,448.657837888957,41151.9737188675
compassFilter,39.9447012355836,0,17.0029321713002,12.4487196805126,154.970621683981,1.71704994417433,0.232937437712371,0,154.809696843188,448.679817175994,41150.8914845704
fullSystem,39.9463089299668,0,17.0049571170525,12.4487199490938,154.970628370966,1.71704780798549,0.232937659213967,0,154.809703523228,448.680272869142,41150.8438398974
gyroFilter,0.00271723205102248,0,0.00202494575229023,0.00022528657731663,5.07540419190417e-08,10.0008739509744,-0.971895938337354,0,5.07013378256679e-08,-1.10955515523973e-11,2.57085031739229e-14
gyroSystem,40.9766705317887,0,17.4930255763458,12.7310836586702,162.08049112406,1.71884293249689,0.239363446439808,0,161.912183241273,493.14782575963,45060.4215741024
input,40,0,17.0697166436598,12.4326357174765,154.570430883473,1.7150805215712,0.236480801762772,0,154.409921609451,453.741698982452,40891.676803247
error,0.223458789258775,-0.410611943719506,-0.0647595266073607,0.0954678374361358,0.00911410798473245,7.4424028700972,-1.01769023575432,0,0.00910464369814394,-0.000884117607577096,0.000616934539117799
