signalsNamesOrdered,maxSignals,minSignals,meanSignals,standardDeviationSignals,varianceSignals,kurtosisSignals,skewnessSignals,firstMomentSignals,secondMomentSignals,thirdMomentSignals,fourthMomentSignals
compassSystem,39.9466814264912,0,16.3463033153421,11.8755902041813,141.029642697648,1.91886601756476,0.376663300941442,0,140.9004946732,629.973215262854,38095.1499504662
compassFilter,39.9413414963711,0,16.3410753685447,11.8754297422691,141.02583156357,1.91884552995902,0.376708233373324,0,140.896687029171,630.02282608746,38092.6843217493
fullSystem,39.9456757667394,0,16.3465432331933,11.8754319900439,141.025884950157,1.91884146472653,0.376707355501403,0,140.896740366869,630.021715647576,38092.6324598521
gyroFilter,0.00722769619916619,0,0.00546786464852571,0.000602935408633461,3.63531106983998e-07,12.5198711006641,-1.39695819464793,0,3.63198203039874e-07,-3.05772867709259e-10,1.65153293884657e-12
gyroSystem,40.9766705317887,0,16.8220778660434,12.1410329929597,147.404682136135,1.92249889524496,0.384116995199943,0,147.269696163483,686.489041768618,41695.8546917137
input,40,0,16.4138485226344,11.8567334971804,140.58212922316,1.91777723185668,0.381262515195289,0,140.453391009586,634.632709217844,37832.288796701
error,0.222877596735124,-0.410145175800271,-0.0673052894411504,0.0901252411476779,0.00812255909192709,8.11573900431436,-1.17654291909547,0,0.00811512085100042,-0.000860102603099655,0.000534463505116655
