signalsNamesOrdered,maxSignals,minSignals,meanSignals,standardDeviationSignals,varianceSignals,kurtosisSignals,skewnessSignals,firstMomentSignals,secondMomentSignals,thirdMomentSignals,fourthMomentSignals
compassSystem,39.9466824661961,0,16.4943436749509,11.9420648753549,142.612913487185,1.8783357071656,0.367222185926606,0,142.478626374673,624.530266952502,38130.5134612767
compassFilter,39.9454903656069,0,16.493171422942,11.9420360781731,142.612225692388,1.87833111165969,0.367230352021154,0,142.477939227517,624.539636849319,38130.0523812204
fullSystem,39.9464598816493,0,16.4943929428789,11.9420350668314,142.612201537431,1.87832990079199,0.367230613172385,0,142.477915095306,624.539922310524,38130.0148840992
gyroFilter,0.00164350649911427,0,0.00122151993691965,0.000134390260080241,1.80607420044347e-08,9.14009852431274,-0.831500799314949,0,1.80437356560313e-08,-2.01535870245596e-12,2.97580034051279e-15
gyroSystem,40.9766705317887,0,16.970598233036,12.2125327233833,149.145955519709,1.88137051575508,0.374112497056814,0,149.005516766865,680.46491513592,41771.3998441292
input,40,0,16.5589820152941,11.92648484579,142.241040776858,1.87676332756447,0.371240861816755,0,142.107103826974,628.896901445776,37900.1636896498
error,0.22360444858563,-0.410623964540666,-0.0645890724151802,0.0885924458634205,0.00784862146406308,8.49409364044989,-1.21159524635244,0,0.00784123104837187,-0.000841267162109704,0.000522258535056566
