signalsNamesOrdered,maxSignals,minSignals,meanSignals,standardDeviationSignals,varianceSignals,kurtosisSignals,skewnessSignals,firstMomentSignals,secondMomentSignals,thirdMomentSignals,fourthMomentSignals
compassSystem,39.9466787370469,0,17.2766567587106,12.4762609102805,155.657086301393,1.70845493829113,0.189226239377905,0,155.491493656392,366.894593038635,41306.3479740587
compassFilter,39.9450166150834,0,17.2750391206511,12.4761998003182,155.65556145746,1.70844778552051,0.189238694722814,0,155.489970434633,366.913351372792,41305.3657561903
fullSystem,39.9463678667223,0,17.2767405257816,12.4762004196702,155.655576911778,1.70844595302623,0.189238795717558,0,155.489985872511,366.913601834389,41305.329653764
gyroFilter,0.00228537305459042,0,0.00170140513049931,0.000191522872032664,3.66810105116403e-08,9.53191950277848,-0.922614259773502,0,3.66419881600321e-08,-6.47125789419087e-12,1.27978915661108e-14
gyroSystem,40.9766705317887,0,17.7727247499272,12.7572047637962,162.746273385424,1.7098112711496,0.196008669433977,0,162.573139052035,406.301539295042,45190.3555671709
input,40,0,17.3426025873532,12.4583751248154,155.211110750618,1.70621202902341,0.19306107310885,0,155.045992547692,372.722434564364,41016.0742482787
error,0.225754459867205,-0.410649391930786,-0.0658620615715343,0.0966213050541273,0.00933567659036272,7.23163608576906,-1.03874085367724,0,0.00932574501952191,-0.000935475716224045,0.000628931920417157
