signalsNamesOrdered,maxSignals,minSignals,meanSignals,standardDeviationSignals,varianceSignals,kurtosisSignals,skewnessSignals,firstMomentSignals,secondMomentSignals,thirdMomentSignals,fourthMomentSignals
compassSystem,39.9466792603703,0,17.0530401365643,12.4670792361343,155.428064680051,1.71419618770064,0.221899972463527,0,155.265822441345,429.310045261869,41324.9428001255
compassFilter,39.9450024253582,0,17.0513994329898,12.4670260035178,155.426737372389,1.71418786817584,0.221912576866651,0,155.264496519182,429.328931446775,41324.0364393306
fullSystem,39.9463656236567,0,17.0531144346051,12.4670278536917,155.426783504726,1.71418578605625,0.221912686826512,0,155.264542603364,429.329335327789,41324.0107763563
gyroFilter,0.00230627665082395,0,0.00171500161529659,0.00019182894204142,3.67983430047305e-08,9.6076242273684,-0.90257978871241,0,3.67599313732016e-08,-6.36132584784662e-12,1.29827110854771e-14
gyroSystem,40.9766705317887,0,17.5437902021534,12.7481790244981,162.516068440653,1.7160741604636,0.228487710367269,0,162.346427450631,472.636165120729,45229.4726603292
input,40,0,17.1192954330987,12.4493349841771,154.985941548256,1.7123680799951,0.225592488535064,0,154.824160815951,434.593010238095,41046.3546314547
error,0.225597556683898,-0.410637183786219,-0.0661809984936747,0.0977821688076988,0.00956135253673731,6.95777271561335,-0.952828684886699,0,0.00955137200173027,-0.000889433459696711,0.000634748609248469
