signalsNamesOrdered,maxSignals,minSignals,meanSignals,standardDeviationSignals,varianceSignals,kurtosisSignals,skewnessSignals,firstMomentSignals,secondMomentSignals,thirdMomentSignals,fourthMomentSignals
compassSystem,39.9466797750001,0,16.6318997869428,12.3803217832285,153.272367456282,1.74561773400777,0.294547441673698,0,153.118941663033,558.082793713986,40926.7239937985
compassFilter,39.9437592802082,0,16.6290514170061,12.3802251509428,153.269974788037,1.74560679661306,0.294568794210243,0,153.11655138985,558.11018175939,40925.1898015061
fullSystem,39.9461316226093,0,16.6320441704231,12.3802237427063,153.269939919469,1.7456046174758,0.294568684997822,0,153.116516556187,558.109784384971,40925.120091586
gyroFilter,0.00399513131379692,0,0.00299275341704446,0.000332205396127204,1.10360425216033e-07,10.6571273220094,-1.11515686042771,0,1.1024995431992e-07,-4.0822875059359e-11,1.29537941326042e-13
gyroSystem,40.9766705317887,0,17.11269397341,12.6595529555195,160.264281033603,1.74815855692487,0.301158402122293,0,160.103856327864,610.095291355115,44810.9762581926
input,40,0,16.6983569177458,12.3627365030021,152.837253842662,1.74412459346297,0.298329966518389,0,152.684263598575,562.8443327885,40659.8772906703
error,0.222682700169715,-0.410531717053672,-0.0663127473227044,0.0953431250728956,0.00909031149866581,7.15907832948664,-1.00898682097537,0,0.00908121208775624,-0.000873174856522506,0.00059039782825239
