signalsNamesOrdered,maxSignals,minSignals,meanSignals,standardDeviationSignals,varianceSignals,kurtosisSignals,skewnessSignals,firstMomentSignals,secondMomentSignals,thirdMomentSignals,fourthMomentSignals
compassSystem,39.9466789324164,0,17.3247391807736,12.4529380573248,155.075666259568,1.71099354773207,0.187337092098445,0,154.910340389355,361.197210015249,41059.0775639313
compassFilter,39.9448983204265,0,17.3230065381813,12.452872111003,155.074023812996,1.71098565031826,0.187350590655217,0,154.908699693792,361.217497348501,41058.0183219626
fullSystem,39.9463457722317,0,17.3248299245446,12.4528718125743,155.074016380408,1.71098365358988,0.187350871623311,0,154.908692269128,361.218013093937,41057.9664713016
gyroFilter,0.00244722383164842,0,0.00182338636328943,0.000204737522199097,4.19174529962257e-08,9.72238724632071,-0.947136766969968,0,4.1872764880025e-08,-8.11540416708415e-12,1.70465380510074e-14
gyroSystem,40.9766705317887,0,17.821572195385,12.7336588860372,162.146068625955,1.71218409530379,0.194166877348359,0,161.973205013347,400.257897638012,44919.6961706577
input,40,0,17.390486161614,12.4351897317998,154.63394366586,1.70861390178161,0.191214684412192,0,154.469088715257,367.099351857059,40768.7226472882
error,0.222871404512841,-0.410651128172185,-0.0656562370693398,0.0950510207539797,0.00903469654637347,7.47776513729541,-1.11690550155623,0,0.00902506467372276,-0.000957617147822452,0.000609077373316313
