signalsNamesOrdered,maxSignals,minSignals,meanSignals,standardDeviationSignals,varianceSignals,kurtosisSignals,skewnessSignals,firstMomentSignals,secondMomentSignals,thirdMomentSignals,fourthMomentSignals
compassSystem,39.9470621117114,0,19.9339520209624,11.6099761830499,134.791546970986,1.80288949105728,-0.0100261643411292,0,134.721379585786,-15.6779617724681,32722.1740411007
compassFilter,39.9386571836651,0,19.9240347707532,11.6070821432574,134.724355880325,1.80334543709361,-0.0100425452282694,0,134.654223472267,-15.6918361951459,32697.8264801927
fullSystem,39.9625942603798,0,19.9310418930405,11.6076328903721,134.737141317649,1.80425366834356,-0.00948464788064,0,134.667002253975,-14.8222113378304,32720.5038254379
gyroFilter,0.0564224263421735,-0.0325928010718215,0.00700712228722048,0.00870362718391935,7.57531261566599e-05,8.96188759858671,0.706724836853661,0,7.57136919421067e-05,4.65598947415636e-07,5.13745865797334e-08
gyroSystem,40.9766705317887,0,20.4835932436309,11.8830297008027,141.206394870159,1.80200766875187,-0.00404384854138169,0,141.132888157577,-6.7801175692748,35893.2755496715
input,40,0,19.9913996145835,11.6026999996961,134.622647282947,1.79977224534662,-0.00781797685718805,0,134.55256782054,-12.202037798276,32583.7849529142
error,0.237700918514601,-0.411538465235521,-0.0603577215430336,0.0778964885547747,0.00606786292916414,9.23214030605954,-0.624537199156749,0,0.00606470422904485,-0.000294966537038304,0.000339564004891953
