signalsNamesOrdered,maxSignals,minSignals,meanSignals,standardDeviationSignals,varianceSignals,kurtosisSignals,skewnessSignals,firstMomentSignals,secondMomentSignals,thirdMomentSignals,fourthMomentSignals
compassSystem,39.9466810651685,0,16.646100900944,12.2779090728677,150.747051201606,1.77024675799507,0.308298654204665,0,150.597500555573,569.768289575303,40148.5010716419
compassFilter,39.9446466518329,0,16.644113970156,12.277843987927,150.745452991876,1.77023894176104,0.308313921746184,0,150.595903931368,569.78744420514,40147.4725075758
fullSystem,39.9463001175205,0,16.6461985766334,12.277842405177,150.745414126362,1.77023709532091,0.30831427770285,0,150.595865104411,569.787881684015,40147.409930137
gyroFilter,0.00279245483804047,0,0.00208460647740918,0.000231069422418132,5.3393077976649e-08,9.80853724177065,-0.979774810469493,0,5.33401086532595e-08,-1.20699956555342e-11,2.79069283533757e-14
gyroSystem,40.9766705317887,0,17.1276802614319,12.5540326888833,157.603736753549,1.77271976543037,0.315249573192733,0,157.447383840103,622.813016298266,43945.153371323
input,40,0,16.7124906276146,12.2599822217612,150.307164077901,1.76851343002197,0.312426321144263,0,150.158049827824,574.87118948013,39875.45032545
error,0.222027315783158,-0.410608941114981,-0.0662920509811857,0.0939957547900881,0.00883520191855838,7.33606200080001,-1.12758857542196,0,0.00882643683728997,-0.000935036993660413,0.000571523152645756
