signalsNamesOrdered,maxSignals,minSignals,meanSignals,standardDeviationSignals,varianceSignals,kurtosisSignals,skewnessSignals,firstMomentSignals,secondMomentSignals,thirdMomentSignals,fourthMomentSignals
compassSystem,39.9466817653035,0,16.315445138899,12.1261581860966,147.043712354236,1.83684114105929,0.366752449345837,0,146.904334427834,653.01767717055,39640.6546248712
compassFilter,39.9427652603199,0,16.3116332280401,12.1260157397743,147.040257721255,1.83682757489111,0.3667874412826,0,146.900883069386,653.056966762953,39638.4992620016
fullSystem,39.9459452918007,0,16.3156469633808,12.1260151668383,147.040243826393,1.83682503620101,0.366786690057401,0,146.900869187695,653.055536655339,39638.4369859738
gyroFilter,0.00532723281291325,0,0.0040137353406486,0.000440881287944007,1.94376310059166e-07,11.5638016424637,-1.24762814612161,0,1.94192067111243e-07,-1.06765857080107e-10,4.36077423280671e-13
gyroSystem,40.9766705317887,0,16.7883439423781,12.3999318378592,153.758309583554,1.83998269114053,0.37359270401868,0,153.612567110015,711.27657608051,43417.7417903424
input,40,0,16.3808122809026,12.1096792295831,146.644331043396,1.83542130765245,0.370806921123571,0,146.505331677478,657.548780493057,39395.1382735524
error,0.223174097570017,-0.410558725802735,-0.065165317521839,0.0929407948545196,0.00863799134818989,7.38686768142886,-1.05382092108699,0,0.00862980367866554,-0.000844827787894384,0.000550125975460535
