signalsNamesOrdered,maxSignals,minSignals,meanSignals,standardDeviationSignals,varianceSignals,kurtosisSignals,skewnessSignals,firstMomentSignals,secondMomentSignals,thirdMomentSignals,fourthMomentSignals
compassSystem,39.9466791096797,0,17.1823569099549,12.4522473215835,155.058463357883,1.71334465103407,0.207338779053164,0,154.895071931794,399.702567345566,41107.3929420809
compassFilter,39.9450252421924,0,17.1807411277911,12.4521925639086,155.05709964866,1.71333661283052,0.207351154426951,0,154.893709659568,399.721151021507,41106.477029033
fullSystem,39.9463697890538,0,17.1824351952734,12.4521920490935,155.057086827509,1.71333495103276,0.20735133138889,0,154.893696851926,399.721442582412,41106.4303611728
gyroFilter,0.00227373136658571,0,0.00169406748232479,0.000189557518849452,3.59320529523604e-08,9.65144504436144,-0.92855138545504,0,3.58941898828637e-08,-6.31454665273283e-12,1.24348529547476e-14
gyroSystem,40.9766705317887,0,17.6763241497771,12.732758456027,162.123137899527,1.71496580194232,0.214029958666645,0,161.952302137778,441.118484173767,44981.0631422475
input,40,0,17.2485646799461,12.4343881965204,154.614009821765,1.71130063417854,0.211100007936626,0,154.451086734493,405.204912812276,40823.3131188947
error,0.225727533719629,-0.41065618253845,-0.0661294846726957,0.0957222324815297,0.00916274579124803,7.36578704258114,-1.02970134727522,0,0.00915309063235314,-0.000901701775903185,0.000617098774427803
