signalsNamesOrdered,maxSignals,minSignals,meanSignals,standardDeviationSignals,varianceSignals,kurtosisSignals,skewnessSignals,firstMomentSignals,secondMomentSignals,thirdMomentSignals,fourthMomentSignals
compassSystem,39.9466801964366,0,16.7934965579044,12.1953445260828,148.726428109859,1.78595777068021,0.300984052577879,0,148.578294217319,545.100446142658,39425.9277556248
compassFilter,39.9448439515491,0,16.7917001673364,12.1952880775143,148.725051293562,1.7859496048043,0.300998139142177,0,148.576918772353,545.118388132843,39425.0175352846
fullSystem,39.9463365658628,0,16.7935800820694,12.1952881054388,148.725051974656,1.78594758483203,0.300998409147435,0,148.576919452769,545.118880866616,39424.9733052908
gyroFilter,0.00252358618031323,0,0.00187991473305286,0.000207245943092315,4.2950880928223e-08,9.84851597734107,-0.941510454286293,0,4.29081011663423e-08,-8.36823929329176e-12,1.81321534434018e-14
gyroSystem,40.9766705317887,0,17.2800120188562,12.4681844687601,155.455623947032,1.78851440023751,0.308107462437773,0,155.3007876682,596.297110403693,43135.988831922
input,40,0,16.8612876463099,12.1760653385314,148.256567128186,1.78430983573746,0.305244914047862,0,148.108901224672,550.199481263391,39141.0606067607
error,0.222836456679566,-0.410642335811293,-0.0677075642404546,0.0904693826131273,0.00818470919040043,8.17258939352025,-1.23299404357863,0,0.00817655708961318,-0.000911625969975281,0.000546387338025841
