signalsNamesOrdered,maxSignals,minSignals,meanSignals,standardDeviationSignals,varianceSignals,kurtosisSignals,skewnessSignals,firstMomentSignals,secondMomentSignals,thirdMomentSignals,fourthMomentSignals
compassSystem,39.9466784474311,0,17.5153185451058,12.466066186769,155.402806172906,1.71167199299258,0.155758547189758,0,155.234439102296,301.254819088136,41247.4113901301
compassFilter,39.9442121384523,0,17.5129190872628,12.4659704006465,155.400418029794,1.71165782780272,0.155779139361021,0,155.232053546554,301.287701535263,41245.8023272863
fullSystem,39.9462160596636,0,17.5154438187505,12.4659712065639,155.40043812288,1.71165508393306,0.155779318046342,0,155.232073617871,301.288105559386,41245.7468743337
gyroFilter,0.00337773794711538,0,0.00252473148766074,0.000284770599157554,8.10942941445521e-08,10.2946290576105,-1.05316929460141,0,8.10064346709393e-08,-2.42816092345125e-11,6.75537929664008e-14
gyroSystem,40.9766705317887,0,18.0189104595005,12.744485849832,162.421919576569,1.71280874039112,0.162846465920654,0,162.245947832716,336.54188764821,45087.5449488094
input,40,0,17.5832223987941,12.4457226260884,154.89601168553,1.70937774759293,0.159860115804836,0,154.728193688037,307.676485852324,40923.8945774661
error,0.224224370834134,-0.410593199496177,-0.0677785800436521,0.0935196472818625,0.00874592442772398,7.80813880633043,-1.19376681404014,0,0.00873644888663219,-0.000974814346580019,0.000595960404141345
