signalsNamesOrdered,maxSignals,minSignals,meanSignals,standardDeviationSignals,varianceSignals,kurtosisSignals,skewnessSignals,firstMomentSignals,secondMomentSignals,thirdMomentSignals,fourthMomentSignals
compassSystem,39.9470621043671,0,18.8911315798093,11.9019383551889,141.656136610716,1.77132296569461,0.0788641347663264,0,141.416447716281,132.626231251249,35424.0001591032
compassFilter,39.9201538555287,0,18.8645094540562,11.9014551717722,141.644635205704,1.77117561092989,0.0789935389220026,0,141.404965772192,132.827672359274,35415.3016595827
fullSystem,39.9432526323056,0,18.8932201020708,11.903082528172,141.683373672473,1.77097028290989,0.0790050396807802,0,141.443638691639,132.901513216248,35430.5679534255
gyroFilter,0.0630893062744704,-0.0140726967708815,0.0287106480145781,0.00955878875770167,9.13704425143638e-05,5.41883751795399,0.167386366538523,0,9.12158393967422e-05,1.45822812654328e-07,4.50865128806451e-08
gyroSystem,40.9766705317887,0,19.4174558738319,12.1782538505889,148.309866849383,1.77126039189733,0.0851645447934863,0,148.058919528149,153.430144156111,38828.5848737183
input,40,0,18.9502009523532,11.8920952979352,141.421930575173,1.76821042470246,0.0816917555952991,0,141.182637968447,137.040889183234,35244.9201804967
error,0.238599381053598,-0.409897804410118,-0.0569808502824425,0.0854357351287276,0.0072992648369861,8.17221579431667,-0.887287276758814,0,0.00728691413506226,-0.000551924575272144,0.000433937447611187
