signalsNamesOrdered,maxSignals,minSignals,meanSignals,standardDeviationSignals,varianceSignals,kurtosisSignals,skewnessSignals,firstMomentSignals,secondMomentSignals,thirdMomentSignals,fourthMomentSignals
compassSystem,39.9466811101323,0,16.5955142809604,12.1746848022734,148.222950034706,1.80407819704493,0.326968701283864,0,148.078201060063,589.173055118658,39558.2997856661
compassFilter,39.9453201235314,0,16.5941724580139,12.174656195503,148.222253478699,1.80407300373447,0.326976640474972,0,148.077505184286,589.183207726754,39557.8141141067
fullSystem,39.946426831813,0,16.5955685769305,12.1746537728743,148.222194489362,1.8040718211724,0.326976948053319,0,148.077446252556,589.183410231872,39557.7566978025
gyroFilter,0.00187457658893564,0,0.00139611891655174,0.000153683589217149,2.36186455946655e-08,9.40529907636434,-0.878439667933062,0,2.3595580511077e-08,-3.18388914972023e-12,5.23641361304304e-15
gyroSystem,40.9766705317887,0,17.0757854885462,12.4487163871406,154.970539687464,1.80680051895304,0.33391029781558,0,154.8192012698,643.231118546938,43307.1746846081
input,40,0,16.6616976478749,12.157332451347,147.800732332576,1.80249701604387,0.331002526273423,0,147.656395679907,593.895046422085,39298.7811038509
error,0.220384604976699,-0.41045513311617,-0.0661290709444227,0.0921074703205435,0.00848378608884981,7.91742898978876,-1.12658287910797,0,0.00847550114149741,-0.000879045240744447,0.000568741540973224
