signalsNamesOrdered,maxSignals,minSignals,meanSignals,standardDeviationSignals,varianceSignals,kurtosisSignals,skewnessSignals,firstMomentSignals,secondMomentSignals,thirdMomentSignals,fourthMomentSignals
compassSystem,39.9466812145514,0,16.3926912849807,12.0482928403061,145.16136036577,1.85514403111905,0.365968737262181,0,145.024156811549,639.152528295655,39017.4005026295
compassFilter,39.9442626706824,0,16.3903274143653,12.0482153563053,145.159493271911,1.85513421599261,0.365989377126706,0,145.022291482429,639.176243136149,39016.190383696
fullSystem,39.9462278437498,0,16.3928043650803,12.048214694342,145.159477320958,1.85513206594156,0.365989651774382,0,145.022275546553,639.176617435577,39016.1365903398
gyroFilter,0.0033134934812189,0,0.00247695071502132,0.000274457204586638,7.53267571495119e-08,9.81733608428492,-0.995951260385208,0,7.52555598365161e-08,-2.05610823197626e-11,5.55994941731797e-14
gyroSystem,40.9766705317887,0,16.8682631855808,12.3192821687271,151.764713152718,1.85830645065436,0.373052324804154,0,151.621268244256,696.482066334508,42720.6236891118
input,40,0,16.4589892003053,12.0307697370615,144.739420466196,1.85372427491852,0.370246059558939,0,144.602615720954,643.805479386494,38761.2197531524
error,0.224177882772504,-0.410585115586225,-0.0661848352250066,0.0909898796373331,0.00827915819641637,7.8699000763168,-1.17257356249079,0,0.00827133290511541,-0.000882070604359696,0.000538418804700824
