signalsNamesOrdered,maxSignals,minSignals,meanSignals,standardDeviationSignals,varianceSignals,kurtosisSignals,skewnessSignals,firstMomentSignals,secondMomentSignals,thirdMomentSignals,fourthMomentSignals
compassSystem,39.9466794195994,0,16.9191859122971,12.4411016579898,154.781010464436,1.7258005070852,0.24329007871321,0,154.621606746141,467.767098891371,41260.1645918385
compassFilter,39.942318434591,0,16.9149292280187,12.4409551494732,154.777365031205,1.72578039033148,0.24332323925382,0,154.617965067218,467.814328173631,41257.740153973
fullSystem,39.94585886631,0,16.9193953200001,12.4409554899837,154.777373503754,1.72577699977526,0.243323038327745,0,154.617973531042,467.813980284648,41257.6636138197
gyroFilter,0.00592794214327697,0,0.00446609198145365,0.000502603556699291,2.52610335206777e-07,11.8171231574545,-1.32169591102466,0,2.52350180381642e-07,-1.67547123319923e-10,7.52521652928459e-13
gyroSystem,40.9766705317887,0,17.4109537316306,12.7167890969975,161.716724937515,1.72808845753917,0.250520930857249,0,161.550178361884,514.404997908524,45100.4477080506
input,40,0,16.9895298831325,12.4187404108183,154.225113391292,1.72428208110433,0.247631146276233,0,154.066282172558,473.550906025891,40928.2824728352
error,0.220539419308282,-0.410198036749652,-0.0701345631323754,0.0951758830706978,0.00905844871828715,7.2890065129736,-1.1531846445876,0,0.00904911972887593,-0.000992677898066829,0.000596871726511493
