signalsNamesOrdered,maxSignals,minSignals,meanSignals,standardDeviationSignals,varianceSignals,kurtosisSignals,skewnessSignals,firstMomentSignals,secondMomentSignals,thirdMomentSignals,fourthMomentSignals
compassSystem,39.9466803594205,0,16.7288425549264,12.3246676648416,151.897433048791,1.75216579193757,0.292066131284879,0,151.744925585891,545.949488611323,40346.2849285213
compassFilter,39.9453607177813,0,16.7275511539844,12.3246278456387,151.896451533493,1.75216071284519,0.292075605259938,0,151.74394505605,545.961906193304,40345.6465668873
fullSystem,39.946433841222,0,16.7289029904605,12.3246270567454,151.89643208786,1.75215930566075,0.29207587713554,0,151.74392562994,545.962309556036,40345.6038347316
gyroFilter,0.0018182828394302,0,0.00135183647610574,0.000150669864133058,2.27014079578742e-08,9.23460895133539,-0.870031427354835,0,2.26786153796032e-08,-2.97139059187618e-12,4.74954034078371e-15
gyroSystem,40.9766705317887,0,17.2119802558365,12.6025488614465,158.824237805145,1.75457184988518,0.298772542964354,0,158.664775718996,597.119792471845,44170.4884299001
input,40,0,16.7948894873465,12.3073705022295,151.471368679148,1.75046709156784,0.295923345493472,0,151.319288991719,550.833907516542,40081.3678785683
error,0.22363203165852,-0.410408379314641,-0.0659864968859967,0.0943404612687077,0.00890012263239253,7.30506366829062,-1.02304605013407,0,0.00889118676629575,-0.000857698760582681,0.000577488674618827
