signalsNamesOrdered,maxSignals,minSignals,meanSignals,standardDeviationSignals,varianceSignals,kurtosisSignals,skewnessSignals,firstMomentSignals,secondMomentSignals,thirdMomentSignals,fourthMomentSignals
compassSystem,39.9466791716114,0,17.231142002227,12.4664884105972,155.413333291555,1.708190963022,0.19865272745403,0,155.248700523238,384.270010935231,41171.090217297
compassFilter,39.9456264888053,0,17.2301099253884,12.4664590257778,155.412600641397,1.70818645586561,0.198659283626289,0,155.247968649192,384.279975691297,41170.5934091994
fullSystem,39.9464827234147,0,17.2311879625368,12.4664587813766,155.412594547762,1.70818526875082,0.198659456658231,0,155.247962562012,384.280287797488,41170.5615688936
gyroFilter,0.00145189055023209,0,0.00107803714842278,0.000119948047704385,1.43875341480934e-08,9.54249988034277,-0.874602843576526,0,1.43722931161568e-08,-1.50695395903105e-12,1.9711255841424e-15
gyroSystem,40.9766705317887,0,17.7258691641568,12.7479411327433,162.510003123888,1.70990964985756,0.205160098055678,0,162.33785269685,424.348424027879,45062.2380455993
input,40,0,17.2968566112967,12.4493433914477,154.986150878182,1.70629154756086,0.202203052008364,0,154.821970633608,389.526127192755,40899.539809172
error,0.223485707590988,-0.410464635738926,-0.0656686487599696,0.0953631132432312,0.00909412336744134,7.14085689513107,-0.9063053389713,0,0.00908448976217922,-0.000784739201279683,0.000589320311069618
