signalsNamesOrdered,maxSignals,minSignals,meanSignals,standardDeviationSignals,varianceSignals,kurtosisSignals,skewnessSignals,firstMomentSignals,secondMomentSignals,thirdMomentSignals,fourthMomentSignals
compassSystem,39.9466843024441,0,16.3787312233799,11.5443323095471,133.271608473254,2.01202910748348,0.36932669717902,0,133.157408294613,567.490639931187,35675.0776138261
compassFilter,39.9439174824574,0,16.376020800653,11.5442489227216,133.269683189758,2.01201814123588,0.369351843552516,0,133.15548466089,567.516980692579,35673.8524387581
fullSystem,39.9461651937798,0,16.3788513666581,11.5442494202823,133.269694677689,2.01201547608261,0.369352534912212,0,133.155496138976,567.518116362108,35673.8113347788
gyroFilter,0.00378470803780573,0,0.00283056600506526,0.000307407754966542,9.44995278135693e-08,10.0114745496158,-1.01441194070418,0,9.44185513544317e-08,-2.94306837474203e-11,8.92509224346687e-14
gyroSystem,40.9766705317887,0,16.8536745112741,11.8039927903273,139.334245794098,2.01566648007653,0.37666085327158,0,139.214850553486,618.698173871695,39065.1777486268
input,40,0,16.4440213447041,11.52769160959,132.887673845811,2.01082231296148,0.373866533601414,0,132.773802659996,571.985713916365,35448.5506310373
error,0.224482946181649,-0.410541579862727,-0.065169978046003,0.0894701557230771,0.00800490876511166,8.14312339613955,-1.08619881094257,0,0.00799804937456744,-0.000776936355973709,0.000520905781399472
