signalsNamesOrdered,maxSignals,minSignals,meanSignals,standardDeviationSignals,varianceSignals,kurtosisSignals,skewnessSignals,firstMomentSignals,secondMomentSignals,thirdMomentSignals,fourthMomentSignals
compassSystem,24.9501982387234,0,11.8041373706684,7.57446179001357,57.3724714083757,1.76621713200416,0.0338238989990724,0,57.1559715162686,14.6155810447455,5769.88709915861
compassFilter,24.9057709260987,0,11.759898612632,7.57316351521314,57.3528056281555,1.76547705450533,0.0344015824340034,0,57.1363799465398,14.8575602934562,5763.51621301971
fullSystem,24.9502147213889,0,11.8052989662849,7.57365560481016,57.3602592202724,1.76570175341562,0.0340545683898556,0,57.143805411894,14.7105570199661,5765.74810289765
gyroFilter,0.0554678409377338,0,0.0454003536528747,0.0059122274876763,3.49544338660352e-05,30.6245780884018,-4.14136531351016,0,3.48225303420124e-05,-8.51008758654753e-07,3.71356273561084e-08
gyroSystem,25.5108674758706,0,12.1644892022022,7.71738827108246,59.5580817266411,1.75318533891337,0.0364884964719229,0,59.3333342484274,16.6764689745752,6171.99177683945
input,25,0,11.8704972824229,7.55370539606313,57.0584652105133,1.75906027395926,0.0415080985870939,0,56.8431502474547,17.7889390602999,5683.77657499179
error,0.23761351640551,-0.407304944296042,-0.0651983161380256,0.104135156646247,0.0108441308497383,5.51215972537551,-0.734399364622478,0,0.0108032096012487,-0.000824634491510306,0.000643320510781869
