signalsNamesOrdered,maxSignals,minSignals,meanSignals,standardDeviationSignals,varianceSignals,kurtosisSignals,skewnessSignals,firstMomentSignals,secondMomentSignals,thirdMomentSignals,fourthMomentSignals
compassSystem,39.946678637283,0,17.3273490354287,12.4806331465439,155.76620373861,1.70921126949825,0.180279822092423,0,155.599786854274,349.913434841319,41382.2159883495
compassFilter,39.9439936017755,0,17.3247248874562,12.4805441818318,155.763983074654,1.70919662049593,0.180300094914552,0,155.597568562823,349.945299729243,41380.6814134459
fullSystem,39.9461749662444,0,17.3274740647207,12.4805448875038,155.764000688998,1.70919410845557,0.18030006145364,0,155.597586158348,349.945294144377,41380.6299543683
gyroFilter,0.00367438775212747,0,0.00274917726452766,0.000309414353524904,9.57372421672341e-08,10.4651999294971,-1.08429739448692,0,9.56349587888503e-08,-3.2068114587452e-11,9.57151930739798e-14
gyroSystem,40.9766705317887,0,17.824229036115,12.7623327454063,162.87713710447,1.71061409949256,0.186881841608763,0,162.703123069102,387.84744877963,45283.9003283502
input,40,0,17.3930184349771,12.4632803496522,155.333357074026,1.70707641861961,0.183925091904331,0,155.167402632708,355.501729133117,41101.1472127138
error,0.224769844348171,-0.410546703554361,-0.0655443702563453,0.0958613320087101,0.00918939497448415,7.43391792955499,-1.02496420783352,0,0.00917957724481056,-0.000901452237410124,0.00062641640618049
