signalsNamesOrdered,maxSignals,minSignals,meanSignals,standardDeviationSignals,varianceSignals,kurtosisSignals,skewnessSignals,firstMomentSignals,secondMomentSignals,thirdMomentSignals,fourthMomentSignals
compassSystem,39.9466796240662,0,16.7787214171995,12.4634241975456,155.336942727965,1.72325020814356,0.259597957118706,0,155.178435643548,501.820414287299,41496.4627882573
compassFilter,39.9451864225956,0,16.7772518096561,12.4633891243289,155.336068464439,1.72324405078129,0.259606769917399,0,155.177562272128,501.833213385745,41495.8474210977
fullSystem,39.9464005070946,0,16.7787816062604,12.4633883126887,155.336048232866,1.72324261754829,0.259606942591044,0,155.177542061199,501.83344913164,41495.8020995869
gyroFilter,0.00205588532327639,0,0.00152979660428685,0.00016917267515994,2.86193940207707e-08,9.6763194247152,-0.904159576809776,0,2.85901905574842e-08,-4.37089789776428e-12,7.90941378383344e-15
gyroSystem,40.9766705317887,0,17.2611140537604,12.7464967043023,162.47317823279,1.72535921071152,0.265950466691903,0,162.307389275409,549.930991299701,45452.3257932446
input,40,0,16.8429572738596,12.4480778556228,154.954642299646,1.72148874178721,0.263049779880078,0,154.796525317708,506.616995084552,41250.2516882326
error,0.223562363577735,-0.41030171648858,-0.0641756675992005,0.0975800366328905,0.00952186354927625,6.87017358181577,-0.947409673479061,0,0.00951214736198107,-0.000878932795148455,0.000621619814732766
