signalsNamesOrdered,maxSignals,minSignals,meanSignals,standardDeviationSignals,varianceSignals,kurtosisSignals,skewnessSignals,firstMomentSignals,secondMomentSignals,thirdMomentSignals,fourthMomentSignals
compassSystem,39.9466792410254,0,16.9026280272077,12.4646941941349,155.3686013533,1.7193610589562,0.242703399922311,0,155.208427537472,469.298113757595,41418.8164133503
compassFilter,39.9431249843138,0,16.8991662198826,12.4645645236767,155.365368764901,1.71934482220965,0.242732211811329,0,155.205198281638,469.339177297016,41416.7017958443
fullSystem,39.9460112954479,0,16.9028046003345,12.4645658306265,155.365401346021,1.71934144171579,0.242732331415985,0,155.205230829169,469.339556195981,41416.6377349655
gyroFilter,0.00484493379390116,0,0.00363838045191618,0.000407513491821957,1.66067246016925e-07,11.2127358504175,-1.20959212710748,0,1.65896042670515e-07,-8.17321627303111e-11,3.08591275774582e-13
gyroSystem,40.9766705317887,0,17.3903920602526,12.7449017695605,162.432521115747,1.72131004612598,0.249495488935911,0,162.265064908412,515.703690591863,45322.0096690217
input,40,0,16.9695727670853,12.4460379296441,154.90386014614,1.71751780704398,0.246642764889456,0,154.744165444959,474.77714541036,41127.2636028169
error,0.221245011961461,-0.410539533797033,-0.0667681667507443,0.0949702426401988,0.00901934698713824,7.32273119370087,-1.06351545023211,0,0.00901004869127521,-0.000909566612783542,0.000594466475682337
