signalsNamesOrdered,maxSignals,minSignals,meanSignals,standardDeviationSignals,varianceSignals,kurtosisSignals,skewnessSignals,firstMomentSignals,secondMomentSignals,thirdMomentSignals,fourthMomentSignals
compassSystem,39.9466790852136,0,16.9054741572558,12.4985689564959,156.214225960283,1.71217050005087,0.236273783392079,0,156.052680742123,460.598358582178,41695.5279456835
compassFilter,39.9451746410816,0,16.9040032880595,12.4985227555945,156.213071072113,1.71216500259816,0.236283655912457,0,156.051527048254,460.612496340809,41694.7775654064
fullSystem,39.9463978551862,0,16.9055449795109,12.4985213839493,156.213036785038,1.71216349212108,0.236283987571871,0,156.051492796636,460.612991229889,41694.722479064
gyroFilter,0.00206987091480215,0,0.001541691451373,0.000170626222775828,2.91133078987464e-08,9.77483708802748,-0.935056324268501,0,2.90832010653454e-08,-4.63768322052433e-12,8.26787571437173e-15
gyroSystem,40.9766705317887,0,17.3934705839846,12.7800279039495,163.329113225727,1.71445515669866,0.242685120420437,0,163.160210316496,505.78335657613,45640.9465933067
input,40,0,16.9722224347281,12.4807158466779,155.768268045518,1.71067250248255,0.239805938579995,0,155.607184004105,465.48361555611,41421.5323736347
error,0.223759670158624,-0.41031703840117,-0.066677455217228,0.0973516737428295,0.00947734838053032,6.88227423253134,-0.934789487353112,0,0.00946754760661044,-0.000861132670184446,0.000616888918461625
