signalsNamesOrdered,maxSignals,minSignals,meanSignals,standardDeviationSignals,varianceSignals,kurtosisSignals,skewnessSignals,firstMomentSignals,secondMomentSignals,thirdMomentSignals,fourthMomentSignals
compassSystem,39.9466790773436,0,17.1449255062426,12.4636837415769,155.343412410048,1.71188788103389,0.210418822528276,0,155.180064973234,406.760226111968,41223.7196711537
compassFilter,39.9452819282082,0,17.1435504660784,12.4636506020582,155.342586330186,1.71188162859467,0.210426957893504,0,155.179239762016,406.772707866569,41223.1306736932
fullSystem,39.9464180072601,0,17.1449830220699,12.4636482938068,155.342528791712,1.71188021503821,0.210427404598647,0,155.179182284045,406.77334538282,41223.0660965692
gyroFilter,0.00192389292799433,0,0.00143255599152162,0.000159581411650382,2.54662269443286e-08,9.61341653303349,-0.91965906094431,0,2.5439448577405e-08,-3.7315425154507e-12,6.22147193955354e-15
gyroSystem,40.9766705317887,0,17.6401169493645,12.7420487728113,162.359806928701,1.71372276832084,0.217363146307949,0,162.18908157967,448.971045231362,45079.9884248013
input,40,0,17.2130888707121,12.4436524652651,154.844486676299,1.71006317456431,0.21440377399676,0,154.681663872223,412.468396370026,40915.6848474362
error,0.222147910311845,-0.410512448245971,-0.0681058486421365,0.0941731872659183,0.00886858919982172,7.3403220401696,-1.15599672437003,0,0.00885926365912791,-0.00096394675069476,0.000576116571774177
