signalsNamesOrdered,maxSignals,minSignals,meanSignals,standardDeviationSignals,varianceSignals,kurtosisSignals,skewnessSignals,firstMomentSignals,secondMomentSignals,thirdMomentSignals,fourthMomentSignals
compassSystem,39.9470621115584,0,19.4185195335563,11.7724623409868,138.590869569952,1.78945999637875,0.0454315824942251,0,138.4660129307,74.0240163730517,34309.0243578277
compassFilter,39.9177605327718,0,19.4040615556156,11.769058206336,138.510731064125,1.78928900615289,0.045024238638565,0,138.385946621725,73.2966896790102,34266.0836893834
fullSystem,39.9583321520462,0,19.4175106248827,11.7701548994061,138.536546356014,1.78945278181313,0.0451376587533672,0,138.411738656594,73.5018745096136,34281.9953205919
gyroFilter,0.054375709651012,-0.0282320784165506,0.0134490692671129,0.00796174329026528,6.33893562200843e-05,8.76001889286181,0.165391409390207,0,6.33322486919581e-05,8.33585805585833e-08,3.51362056043413e-08
gyroSystem,40.9766705317887,0,19.9588184018106,12.045976158475,145.105541610548,1.78870586895482,0.0519064542819608,0,144.974815897385,90.6066789315103,37594.4784131181
input,40,0,19.4782177243233,11.7619533097866,138.3435456616,1.78609365327035,0.0483314549122515,0,138.21891183668,78.5382234368898,34122.3683103863
error,0.237975516248274,-0.41091130698308,-0.0607070994406429,0.0818447648532616,0.00669856553388569,8.8114101292472,-0.842490729008451,0,0.00669253079016147,-0.000461265207120452,0.000394662781048044
