signalsNamesOrdered,maxSignals,minSignals,meanSignals,standardDeviationSignals,varianceSignals,kurtosisSignals,skewnessSignals,firstMomentSignals,secondMomentSignals,thirdMomentSignals,fourthMomentSignals
compassSystem,39.9466809291986,0,16.584179167114,12.2288949568418,149.54587186547,1.78545242567131,0.324485343223733,0,149.398970223166,592.538386805671,39851.3915268273
compassFilter,39.9454491446872,0,16.5829687637273,12.2288655036092,149.545151505364,1.78544827670555,0.324492578929631,0,149.398250570683,592.547318369952,39850.9149964628
fullSystem,39.9464508991486,0,16.5842308197225,12.2288647300184,149.545132585088,1.78544702247117,0.324492780222739,0,149.398231668993,592.547573493326,39850.8769183818
gyroFilter,0.00169731914897397,0,0.00126205599521212,0.000139300674096831,1.94046778038317e-08,9.32397317581266,-0.86373150420401,0,1.93856162342798e-08,-2.33130007200626e-12,3.50396885629617e-15
gyroSystem,40.9766705317887,0,17.0622606858987,12.5061568670154,156.403959582396,1.78787890154938,0.331197741045053,0,156.250321115222,646.872582091572,43649.5666560208
input,40,0,16.6483384427678,12.2134697901232,149.168844314252,1.78357856255617,0.328349901311554,0,149.022313033001,597.329330125662,39609.0880754052
error,0.223899206852347,-0.410530135263493,-0.0641076230453327,0.0925809218390355,0.0085712270885656,7.72441742582163,-1.11526278142724,0,0.00856280741559058,-0.000883693120213163,0.000566367191899764
