signalsNamesOrdered,maxSignals,minSignals,meanSignals,standardDeviationSignals,varianceSignals,kurtosisSignals,skewnessSignals,firstMomentSignals,secondMomentSignals,thirdMomentSignals,fourthMomentSignals
compassSystem,39.946680141496,0,16.6577518964881,12.322831956499,151.852187428114,1.75613970438279,0.30176275583487,0,151.700638338864,563.828143147354,40414.1899574181
compassFilter,39.9455436373349,0,16.6566385822573,12.3227998429053,151.851395968308,1.75613569642112,0.301770302691662,0,151.699847668939,563.837835912495,40413.6764431012
fullSystem,39.946467981532,0,16.6578034888288,12.3227986502543,151.851366574708,1.75613458374085,0.301770530547768,0,151.699818304674,563.838097934826,40413.635191571
gyroFilter,0.0015668010510268,0,0.00116490657157032,0.000129002445286058,1.66416308897823e-08,9.28259482741488,-0.85897182383571,0,1.66250224757207e-08,-1.84129036202679e-12,2.56562912302319e-15
gyroSystem,40.9766705317887,0,17.1400518454163,12.5998311111586,158.755744029721,1.75866694804996,0.308563309955282,0,158.597305163423,616.294071515781,44235.934765033
input,40,0,16.7244716730743,12.3048672964109,151.409759182283,1.75450499054935,0.305715662758808,0,151.258651638189,568.719378378772,40141.63495526
error,0.221648904144692,-0.410749457807394,-0.0666681842454509,0.0937683365174129,0.00879250093324278,7.39110692789799,-1.09559430000697,0,0.0087837259822116,-0.000901919823850079,0.000570252297085271
