signalsNamesOrdered,maxSignals,minSignals,meanSignals,standardDeviationSignals,varianceSignals,kurtosisSignals,skewnessSignals,firstMomentSignals,secondMomentSignals,thirdMomentSignals,fourthMomentSignals
compassSystem,39.9470621003123,0,19.7458859211044,11.7072865610588,137.060558622747,1.8006907837633,-0.000497049181371472,0,136.722137490345,-0.7946165790696,33660.2099653018
compassFilter,39.8373330902711,0,19.63774481717,11.7044453266201,136.99404040384,1.79958993347756,0.000325316662297498,0,136.655783513954,0.51969475368068,33606.9877904705
fullSystem,39.9331936354269,0,19.7490415550758,11.7064821818967,137.041725075065,1.8001673278418,-0.000210485024790367,0,136.70335044525,-0.336426301361927,33641.1778315723
gyroFilter,0.13172362693647,0,0.111296737905872,0.0123864275773744,0.00015342358812954,45.5536981868432,-5.30921966250035,0,0.000153044764455146,-1.0052137257817e-05,1.06699060320152e-06
gyroSystem,40.9766705317887,0,20.2907616239511,11.9834625119332,143.603373774908,1.80044325546734,0.00509655396145511,0,143.248797543365,8.73802140963857,36945.4880945342
input,40,0,19.8030417809441,11.7005802197016,136.903577477672,1.79802940998441,0.00148546928125196,0,136.565543953035,2.37069336148321,33533.5142363048
error,0.22994663659808,-0.387748520809242,-0.0540002258682192,0.0735477034790291,0.00540926468703918,9.3664315442977,-0.7400676438817,0,0.00539590847793538,-0.000293337968047575,0.000272711412648596
