signalsNamesOrdered,maxSignals,minSignals,meanSignals,standardDeviationSignals,varianceSignals,kurtosisSignals,skewnessSignals,firstMomentSignals,secondMomentSignals,thirdMomentSignals,fourthMomentSignals
compassSystem,39.946684390499,0,16.2624834689114,11.5288346194912,132.914027683578,2.03028845963238,0.398310794661798,0,132.800522963097,609.567430440522,35806.1244335121
compassFilter,39.9450139364595,0,16.2608445818635,11.5287873233703,132.912937147503,2.03028261912605,0.398325459536097,0,132.799433358308,609.582370941188,35805.4338687379
fullSystem,39.9463719572726,0,16.2625537391178,11.52878764527,132.91294456973,2.03028086261273,0.398325788753476,0,132.799440774196,609.582925824336,35805.4068903605
gyroFilter,0.00229677140936957,0,0.00170915725433438,0.00018747807776476,3.51480296423693e-08,8.8325655466678,-0.836481031134985,0,3.51180142455782e-08,-5.50492013862723e-12,1.08929816081729e-14
gyroSystem,40.9766705317887,0,16.732472304702,11.7907253421875,139.021204094902,2.03391525721301,0.40522623791128,0,138.902484023088,663.380308906021,39242.1577190093
input,40,0,16.3257948752962,11.5147591537827,132.589678369623,2.02891148114232,0.402400713627311,0,132.476450634038,613.573745247297,35607.4167275557
error,0.225812323677415,-0.410642490490709,-0.0632411361784135,0.0898843609440315,0.00807919834231693,8.23675252703176,-1.00527895135882,0,0.00807229894151222,-0.000729092187250472,0.000536723352190703
