signalsNamesOrdered,maxSignals,minSignals,meanSignals,standardDeviationSignals,varianceSignals,kurtosisSignals,skewnessSignals,firstMomentSignals,secondMomentSignals,thirdMomentSignals,fourthMomentSignals
compassSystem,39.9466791556285,0,16.9913448388671,12.4038425160773,153.855309163646,1.72730091728949,0.242102493723068,0,153.69636772856,461.311911752427,40803.2927940234
compassFilter,39.9455579557022,0,16.9902466976448,12.403810289625,153.854509701006,1.72729648657758,0.242109756605789,0,153.695569091811,461.322155038565,40802.7640874237
fullSystem,39.9464698654756,0,16.9913955100205,12.403809412096,153.854487931602,1.72729532337163,0.2421099766588,0,153.695547344896,461.322476422054,40802.7250631527
gyroFilter,0.00154617339512697,0,0.00114881237570871,0.000127903905344041,1.63594090022574e-08,9.35635910266709,-0.874799729882386,0,1.6342508786346e-08,-1.82762348857504e-12,2.49887387242401e-15
gyroSystem,40.9766705317887,0,17.4824085141263,12.6816155842482,160.823373826646,1.72954361831438,0.248920368583093,0,160.657233977651,506.886662081877,44640.8124626301
input,40,0,17.0592720292354,12.3844491682896,153.374581201948,1.72575915974137,0.245980237596335,0,153.216136386657,466.505723730358,40512.5145899193
error,0.221456288023622,-0.410414654110592,-0.0678765192148565,0.0929127269655823,0.00863277483218084,7.59110748806748,-1.08424471449345,0,0.00862385667636247,-0.000868319609599651,0.00056455752605473
