signalsNamesOrdered,maxSignals,minSignals,meanSignals,standardDeviationSignals,varianceSignals,kurtosisSignals,skewnessSignals,firstMomentSignals,secondMomentSignals,thirdMomentSignals,fourthMomentSignals
compassSystem,39.9466840670781,0,16.4179659007583,11.6126172051755,134.852878353938,1.99365596987678,0.381178389546173,0,134.733960471792,596.133989878804,36191.3155067722
compassFilter,39.9455197523345,0,16.4168159898114,11.6125948520528,134.852359197923,1.99365144237092,0.381185751198561,0,134.733441773586,596.142060388678,36190.9546607077
fullSystem,39.9464666952302,0,16.4180107389807,11.6125936339983,134.852330908379,1.99365007443945,0.38118565187761,0,134.733413508989,596.141717469766,36190.9146441293
gyroFilter,0.00160508575050855,0,0.00119474916930819,0.000129682186428222,1.68174694768041e-08,9.05592759979612,-0.831674074486884,0,1.68026392568069e-08,-1.81142108532509e-12,2.55674813971075e-15
gyroSystem,40.9766705317887,0,16.8936921153708,11.8738328000722,140.98790536407,1.99718360264242,0.388627772659905,0,140.863577405195,649.728480121325,39629.2103806031
input,40,0,16.4831215628178,11.596064535769,134.468712717719,1.99231082303382,0.385747780288916,0,134.350133605975,600.704091020798,35961.1274755171
error,0.224200782038505,-0.410713513162714,-0.0651108238371703,0.0871379486912025,0.00759302210211063,8.56348766692251,-1.23884732897711,0,0.00758632631542447,-0.000818587423170312,0.000492848813429531
