signalsNamesOrdered,maxSignals,minSignals,meanSignals,standardDeviationSignals,varianceSignals,kurtosisSignals,skewnessSignals,firstMomentSignals,secondMomentSignals,thirdMomentSignals,fourthMomentSignals
compassSystem,39.9466813601221,0,16.2402584053474,12.1003619163145,146.418758505795,1.84829118107823,0.379622322785861,0,146.281276103442,671.637370419509,39550.1260470247
compassFilter,39.9452919841488,0,16.2388929927752,12.1003284715768,146.417949120051,1.84828689146932,0.379631161868815,0,146.280467477685,671.647439526568,39549.5970023613
fullSystem,39.946421749269,0,16.2403183702297,12.1003258213583,146.417884983031,1.84828577127128,0.37963154512585,0,146.280403400888,671.647676275179,39549.5383837545
gyroFilter,0.00191286410148095,0,0.0014253774545486,0.000156151279961551,2.43832222336307e-08,9.3185610832881,-0.870945579635368,0,2.43603271892799e-08,-3.31143088444445e-12,5.52987215003703e-15
gyroSystem,40.9766705317887,0,16.7147975025301,12.3705628561194,153.0308253772,1.85215594926377,0.386577871274494,0,152.887134461353,730.791355553366,43293.1745691097
input,40,0,16.3084685494944,12.0813313262248,145.95856661402,1.84751782681733,0.383816342852729,0,145.82151631673,675.858652123792,39285.4613300534
error,0.222912494020909,-0.410500496548715,-0.0681501792646769,0.0927836267891176,0.00860880140014226,7.47873807469187,-1.02179796513338,0,0.00860071801854588,-0.000815017806448345,0.000553219833669242
