signalsNamesOrdered,maxSignals,minSignals,meanSignals,standardDeviationSignals,varianceSignals,kurtosisSignals,skewnessSignals,firstMomentSignals,secondMomentSignals,thirdMomentSignals,fourthMomentSignals
compassSystem,39.9470621068755,0,18.8383201638159,11.8434296181325,140.266825119657,1.7863044977185,0.0861471110923619,0,140.062948920355,142.799148216539,35043.060096709
compassFilter,39.9239000081932,0,18.8154057514145,11.8430023232113,140.256704027587,1.78617394865381,0.0862638670121408,0,140.052842539175,142.977208739325,35035.4424519283
fullSystem,39.9429723406199,0,18.838043426614,11.8423336264434,140.240865719993,1.78609571662546,0.0862236900589073,0,140.037027252377,142.886411525626,35025.9960753507
gyroFilter,0.0619686519986757,-0.0162350526641646,0.0226376751994893,0.00758587014205326,5.75454258120952e-05,9.50842472210284,0.0577225069228198,0,5.74617842048102e-05,2.51428118092461e-08,3.13954553426507e-08
gyroSystem,40.9766705317887,0,19.3645508024689,12.1171695377419,146.825797606381,1.78623875137565,0.0926428603904018,0,146.612388016836,164.462904931359,38395.5454902552
input,40,0,18.8983423861959,11.8324375721465,140.006578898744,1.78307373029946,0.0891901523351558,0,139.803080964298,147.432089055094,34850.0003316339
error,0.238577856387906,-0.410519582189373,-0.0602989595818969,0.0856194440878432,0.0073306892059113,8.22147997254392,-0.821612276318837,0,0.00732003413439108,-0.000514560659214751,0.00044053073698993
