signalsNamesOrdered,maxSignals,minSignals,meanSignals,standardDeviationSignals,varianceSignals,kurtosisSignals,skewnessSignals,firstMomentSignals,secondMomentSignals,thirdMomentSignals,fourthMomentSignals
compassSystem,39.9470621115446,0,19.4781538615635,11.7140496451157,137.218959088235,1.79508615949405,0.0244188521338073,0,137.093644970347,39.1968556984096,33738.0474858454
compassFilter,39.9345994856505,0,19.4657677678867,11.7138943470621,137.215320774132,1.79502236648859,0.0244662507192316,0,137.090009978905,39.2713774004577,33735.0594990736
fullSystem,39.9402302873004,0,19.4778570574642,11.7133908247178,137.203524612584,1.79508990208619,0.0245242981328455,0,137.078224590107,39.3594746802706,33730.5284836381
gyroFilter,0.0554587448846675,-0.0268494138116893,0.0120892895774634,0.00939150965581454,8.82004536152577e-05,5.7444889255755,0.283756228171878,0,8.81199052557917e-05,2.34723425722041e-07,4.46066326465935e-08
gyroSystem,40.9766705317887,0,20.0189277319224,11.986698698542,143.680945689629,1.79412563718177,0.0309813153376674,0,143.549730214114,53.2848101906646,36970.6948756461
input,40,0,19.5372532382939,11.704075261006,136.985377715293,1.79154009916452,0.0273038501418972,0,136.860276913727,43.715959325612,33556.86355039
error,0.238021706487524,-0.411007557682393,-0.0593961808296288,0.081550404294805,0.00665046844064615,8.87461812125216,-0.855258004798619,0,0.00664439495348574,-0.000463212539153881,0.00039179650146696
