signalsNamesOrdered,maxSignals,minSignals,meanSignals,standardDeviationSignals,varianceSignals,kurtosisSignals,skewnessSignals,firstMomentSignals,secondMomentSignals,thirdMomentSignals,fourthMomentSignals
compassSystem,39.9466820671227,0,16.3002095121741,12.0357783638577,144.859960823906,1.86315374177128,0.379640814653395,0,144.724324156468,660.975241020074,39023.9973361305
compassFilter,39.9454395603074,0,16.2989862916139,12.0357502134003,144.859283199366,1.86314959893991,0.379648751586199,0,144.723647166408,660.984421703361,39023.545473491
fullSystem,39.9464500249306,0,16.3002607328066,12.0357482610178,144.859236202592,1.86314838238337,0.379649051832467,0,144.723600213639,660.984622779209,39023.4946719561
gyroFilter,0.00171186196933704,0,0.00127444119270634,0.000140794729005878,1.98231557158387e-08,9.00273932076983,-0.851123379254262,0,1.98045947086141e-08,-2.37214623856553e-12,3.5310721659453e-15
gyroSystem,40.9766705317887,0,16.7726409577168,12.307807261221,151.482119579364,1.86649894271094,0.386421319083888,0,151.340282388747,719.437197514394,42750.0698076753
input,40,0,16.3652285912464,12.0199412476451,144.478987596839,1.8618291920472,0.383585960297897,0,144.343707645906,665.211100616265,38791.4084528406
error,0.224966819206574,-0.41046482766862,-0.0649678584398113,0.0918939246769338,0.00844449339252999,7.70894326189788,-1.08421943207316,0,0.00843658656351076,-0.000840170323145507,0.000548691690440642
