signalsNamesOrdered,maxSignals,minSignals,meanSignals,standardDeviationSignals,varianceSignals,kurtosisSignals,skewnessSignals,firstMomentSignals,secondMomentSignals,thirdMomentSignals,fourthMomentSignals
compassSystem,39.9470621002886,0,19.7947481617238,11.6803816239203,136.431314880416,1.80147894018405,-0.00107423646137474,0,136.093613605959,-1.7055187866839,33366.0411445027
compassFilter,33.7065731845916,0,14.5720570291616,10.4828839140523,109.890855155497,1.73481318646428,0.190472434285044,0,109.61884808828,218.60494576321,20846.0215645416
fullSystem,40.0842138148183,0,19.933131364439,11.7010799466492,136.915271917876,1.79996328130498,1.62428895249921e-05,0,136.57637272996,0.0259254708082946,33574.9051408363
gyroFilter,6.45309580112389,0,5.36107433527737,1.5586651992101,2.42943720322866,5.53841244409224,-1.84240631848567,0,2.42342374480483,-6.95071453692957,32.5270001754393
gyroSystem,40.9766705317887,0,20.3405013591389,11.956388947408,142.9552366617,1.80129966249518,0.00444288149869146,0,142.601387066003,7.56572157100921,36629.7089067245
input,40,0,19.8516236244666,11.6741182747893,136.28503749377,1.79890867461384,0.000805913206323561,0,135.947698292053,1.27745632527954,33247.0283755703
error,0.178230899610924,-0.00687516516896025,0.0815077399724174,0.0422898582244887,0.00178843210864736,2.15717242887645,0.0570315571317345,0,0.00178400529649724,4.29743620547405e-06,6.86557853989221e-06
