signalsNamesOrdered,maxSignals,minSignals,meanSignals,standardDeviationSignals,varianceSignals,kurtosisSignals,skewnessSignals,firstMomentSignals,secondMomentSignals,thirdMomentSignals,fourthMomentSignals
compassSystem,39.946679320692,0,17.2941537340727,12.4426445742053,154.819404,1.71155426330815,0.194280346364221,0,154.654877534537,373.658014000724,40937.1793319695
compassFilter,39.9455618829291,0,17.2930644333294,12.4426053113658,154.818426934429,1.71154923578346,0.194288664120466,0,154.653901507293,373.670474101813,40936.54237688
fullSystem,39.9464707358395,0,17.2942089862027,12.4426048754302,154.818416086078,1.71154800684619,0.194288842566458,0,154.653890670471,373.670778026998,40936.5072464077
gyroFilter,0.00154079361884385,0,0.00114455287325608,0.000127920814640573,1.63637348183078e-08,9.43607581590991,-0.872542554598534,0,1.63463450894892e-08,-1.82354973110886e-12,2.52134774533452e-15
gyroSystem,40.9766705317887,0,17.7918717590585,12.7218347869738,161.845080347057,1.71329215810061,0.201011907497345,0,161.673087700567,413.217193684607,44782.3513051573
input,40,0,17.3614298350172,12.4237219474984,154.348867028753,1.70970170720327,0.198041503673543,0,154.18484060258,379.156695317884,40644.6789682719
error,0.221443057952443,-0.410424355761761,-0.067220848814491,0.0956883320714195,0.00915625689461024,7.12427016175806,-0.983121947695316,0,0.00914652654721958,-0.000859986612233703,0.00059600894613838
