signalsNamesOrdered,maxSignals,minSignals,meanSignals,standardDeviationSignals,varianceSignals,kurtosisSignals,skewnessSignals,firstMomentSignals,secondMomentSignals,thirdMomentSignals,fourthMomentSignals
compassSystem,39.9466791976324,0,17.3446990268531,12.4580389244643,155.202733843467,1.70844327824188,0.184135402042962,0,155.036918956882,355.459387329547,41064.9050109397
compassFilter,39.9456364033191,0,17.3436844136457,12.4580004927769,155.201776278029,1.70843897534617,0.184143089856114,0,155.035962414484,355.470938280878,41064.2948652789
fullSystem,39.9464846021082,0,17.3447526766161,12.4579998577267,155.201760455119,1.70843784055653,0.184143282422458,0,155.035946608478,355.47125565136,41064.2592162544
gyroFilter,0.00143878537804554,0,0.00106826297042098,0.000120400196213554,1.44962072482622e-08,9.18079949041713,-0.85938325599112,0,1.4480719847356e-08,-1.49751821975195e-12,1.92513329633482e-15
gyroSystem,40.9766705317887,0,17.8424714853286,12.7385755305426,162.271306547338,1.70989117488436,0.190857460162698,0,162.097939766839,393.890387829353,44928.6594904076
input,40,0,17.4107708801471,12.4401335213022,154.756922027827,1.70631352842296,0.187895776510345,0,154.591583435917,361.156791854075,40778.4322607934
error,0.223037902080213,-0.410465268357789,-0.0660182035310106,0.0953153148695265,0.00908500924867699,7.38182035647042,-1.01102847370427,0,0.00907530304221473,-0.000874087864481974,0.000607975031380641
