signalsNamesOrdered,maxSignals,minSignals,meanSignals,standardDeviationSignals,varianceSignals,kurtosisSignals,skewnessSignals,firstMomentSignals,secondMomentSignals,thirdMomentSignals,fourthMomentSignals
compassSystem,39.9466811857322,0,16.2812559394726,12.1470155978344,147.549987934032,1.83905938432345,0.361516377132594,0,147.4105266978,647.024495857308,39962.5091714881
compassFilter,39.9422817991378,0,16.2769382391899,12.1469027736396,147.547246992254,1.83904528078011,0.361545215527191,0,147.407788346704,647.058079023746,39960.7180126349
fullSystem,39.9458533775317,0,16.2814420777316,12.146904358461,147.547285493599,1.83904149682821,0.361545106457582,0,147.407826811658,647.058137089034,39960.6566457896
gyroFilter,0.00597586672407147,0,0.00450383854179223,0.000495552661426834,2.45572440247218e-07,11.998784702723,-1.30294126708445,0,2.45340330190274e-07,-1.58335485303799e-10,7.22229380389505e-13
gyroSystem,40.9766705317887,0,16.7543776061224,12.4201523613882,154.260184680096,1.84228106701487,0.368467862917614,0,154.114381102894,704.959821243667,43756.4643071633
input,40,0,16.3471646468181,12.1298846334777,147.134101221479,1.83772555014973,0.365654014781884,0,146.995033072876,651.664910528018,39708.7278709518
error,0.223017332535802,-0.41019336578091,-0.0657225690864592,0.0942955929471233,0.00889165884924957,7.42013384082484,-1.09167193864296,0,0.00888325463483629,-0.00091400866651193,0.000585539181448132
