signalsNamesOrdered,maxSignals,minSignals,meanSignals,standardDeviationSignals,varianceSignals,kurtosisSignals,skewnessSignals,firstMomentSignals,secondMomentSignals,thirdMomentSignals,fourthMomentSignals
compassSystem,39.9466804870578,0,16.3312767120852,12.3027032348398,151.356506884537,1.78524612904318,0.342038154356689,0,151.20998558068,635.982641641918,40818.6882422657
compassFilter,39.9420139705222,0,16.3267341742645,12.3025410379785,151.352515991146,1.78523299997103,0.342073902895153,0,151.205998550689,636.023955774064,40816.2355234335
fullSystem,39.9458021444644,0,16.3315111602873,12.3025448544488,151.352609895725,1.78522962106779,0.342072864401952,0,151.206092364365,636.022616802321,40816.2089183704
gyroFilter,0.00632969767451996,0,0.00477698602285696,0.000532245125553297,2.83284873675245e-07,11.9372211319853,-1.33030612538936,0,2.83010638560361e-07,-2.00288370235753e-10,9.5611198367433e-13
gyroSystem,40.9766705317887,0,16.8059241179023,12.5793351674226,158.239673254355,1.78836345652638,0.348742478239619,0,158.086488672308,693.181525210162,44693.5954313859
input,40,0,16.3979119243835,12.2850133475142,150.921552948601,1.7839728579024,0.345987433809054,0,150.775452703733,640.554796078013,40555.4780264789
error,0.221097080715653,-0.410170384885273,-0.0664007640961978,0.0960437336136338,0.00922439876644665,7.10104055075749,-1.03984097591949,0,0.00921546904837652,-0.000919905243659579,0.000603054944086839
