signalsNamesOrdered,maxSignals,minSignals,meanSignals,standardDeviationSignals,varianceSignals,kurtosisSignals,skewnessSignals,firstMomentSignals,secondMomentSignals,thirdMomentSignals,fourthMomentSignals
compassSystem,39.9466790534145,0,17.1975747937205,12.4759174426125,155.648516034882,1.70879844011695,0.200773185817214,0,155.483982719835,389.254995815562,41310.6617556904
compassFilter,39.945274045203,0,17.1962042469373,12.4758699261322,155.64733041377,1.70879266477843,0.200783069514439,0,155.482798352022,389.269710310667,41309.89278862
fullSystem,39.9464165060033,0,17.1976428616589,12.4758698711933,155.647329042948,1.70879112572093,0.200783241707364,0,155.482796982649,389.27003900843,41309.8548544071
gyroFilter,0.00193507747591326,0,0.00143861472157626,0.000160450523999622,2.57443706517534e-08,9.61237902769543,-0.895300848016204,0,2.57171567292885e-08,-3.69235477760076e-12,6.35735978645718e-15
gyroSystem,40.9766705317887,0,17.6909819667053,12.7579325887152,162.764843938203,1.71031168164815,0.20734719697123,0,162.592788077803,429.882816947849,45214.5089420175
input,40,0,17.2628708360864,12.4590186784016,155.227146428759,1.7066775872237,0.204418318586108,0,155.063058536128,394.713818335084,41036.2982024372
error,0.225293302560799,-0.410345266908188,-0.065227974427528,0.0972960153862748,0.00946651461004623,7.02852621463622,-0.964388963127656,0,0.00945650772356627,-0.000886846392788517,0.000628529740381322
