signalsNamesOrdered,maxSignals,minSignals,meanSignals,standardDeviationSignals,varianceSignals,kurtosisSignals,skewnessSignals,firstMomentSignals,secondMomentSignals,thirdMomentSignals,fourthMomentSignals
compassSystem,39.9466789104339,0,17.373841220865,12.4395269012684,154.741829527379,1.70927097392614,0.18446588337682,0,154.576330244462,354.511677181473,40841.0503671259
compassFilter,39.9456012474951,0,17.3727926735378,12.4394867383276,154.740830313029,1.70926612942482,0.18447412743295,0,154.57533209879,354.524086908299,40840.4071707805
fullSystem,39.9464777813494,0,17.3738966217434,12.4394861365781,154.740815342119,1.70926496998843,0.184474316593334,0,154.575317143892,354.52439898903,40840.3715652756
gyroFilter,0.00148645233526423,0,0.00110394820562887,0.000122968816616992,1.51213298601834e-08,9.58061056653691,-0.879156540640877,0,1.51051573148784e-08,-1.63212753042517e-12,2.18596745890781e-15
gyroSystem,40.9766705317887,0,17.8702905173117,12.7222684122623,161.856113553647,1.7107831113787,0.190767272223284,0,161.683005410809,392.193534506128,44722.2557714122
input,40,0,17.4381240869946,12.4239822865174,154.355335855697,1.7072199597407,0.187818053729385,0,154.190249934996,359.602501754286,40588.5282919017
error,0.222824031914915,-0.41044849959676,-0.0642274652512017,0.0925521649399744,0.00856590323507622,7.66706644362192,-0.941563512732283,0,0.00855674184124191,-0.000745267640554064,0.000561365974656916
