signalsNamesOrdered,maxSignals,minSignals,meanSignals,standardDeviationSignals,varianceSignals,kurtosisSignals,skewnessSignals,firstMomentSignals,secondMomentSignals,thirdMomentSignals,fourthMomentSignals
compassSystem,39.9466785386101,0,17.1941529034973,12.4961275888458,156.153204716712,1.70841654913573,0.195970679038339,0,155.987963230239,381.792795219848,41569.609476492
compassFilter,39.9432813884184,0,17.1908272008463,12.4960245252229,156.150628934973,1.70840025479566,0.195993981791933,0,155.985390174196,381.828746248071,41567.8416231605
fullSystem,39.9460402942539,0,17.1943072043322,12.4960236498875,156.150607058548,1.70839759708421,0.195993947352101,0,155.98536832092,381.828598913296,41567.7653100662
gyroFilter,0.00463699127162798,0,0.00348000348585483,0.000391692457580934,1.53422981325792e-07,11.0953166844817,-1.20583254576369,0,1.532606289646e-07,-7.23490623003695e-11,2.60615900778895e-13
gyroSystem,40.9766705317887,0,17.6903848382318,12.7753456431471,163.209456301878,1.71017965235199,0.202854706104807,0,163.036747882511,422.29247560183,45458.2531195639
input,40,0,17.26218800855,12.4761554537978,155.65445490733,1.70656388047016,0.199912290193441,0,155.489741198433,387.607440824573,41259.6966799768
error,0.221192483414921,-0.410498642440764,-0.0678808042178584,0.0948296134926555,0.00899265559516643,7.33703454212848,-1.12718175898607,0,0.00898313955749959,-0.000959701496692658,0.00059207518196201
