signalsNamesOrdered,maxSignals,minSignals,meanSignals,standardDeviationSignals,varianceSignals,kurtosisSignals,skewnessSignals,firstMomentSignals,secondMomentSignals,thirdMomentSignals,fourthMomentSignals
compassSystem,39.9470621112859,0,19.1757987564038,11.8567478771413,140.582470222094,1.77144314518889,0.0521623643078457,0,140.429829103503,86.8053153149353,34933.8099145618
compassFilter,39.9324027777654,0,19.1612585471904,11.8565387053667,140.577510071858,1.77137880581621,0.0522172997840579,0,140.424874338881,86.8921365619193,34930.0761118462
fullSystem,39.9494748020481,0,19.1760712674271,11.8562788758537,140.571348782015,1.77156715694772,0.0522049323517867,0,140.418719738821,86.8658454489969,34930.7281167808
gyroFilter,0.0561079793881945,-0.022123689450126,0.0148127202366795,0.00754343238451052,5.69033721396821e-05,8.23088151663168,0.231185083403411,0,5.68415878051113e-05,9.90738660663194e-08,2.65936991879741e-08
gyroSystem,40.9766705317887,0,19.7100049120914,12.1324566309542,147.196503901985,1.77123426017728,0.058321179223797,0,147.036681422178,103.983596641709,38293.705100566
input,40,0,19.2352947900999,11.846765219844,140.345846174106,1.76850837015399,0.0548128937286848,0,140.193461976305,90.9859577582435,34758.6292007621
error,0.238164281243746,-0.411043031314461,-0.0592235226728141,0.0838476643613442,0.00703043081885262,8.50984872521127,-0.806755066890003,0,0.00702279734347927,-0.000474795840897696,0.000419703037485147
