signalsNamesOrdered,maxSignals,minSignals,meanSignals,standardDeviationSignals,varianceSignals,kurtosisSignals,skewnessSignals,firstMomentSignals,secondMomentSignals,thirdMomentSignals,fourthMomentSignals
compassSystem,39.9466794050771,0,17.1326560688564,12.4512079683615,155.032579871389,1.71532883455697,0.214049897547467,0,154.869901403528,412.539518249028,41141.6241023799
compassFilter,39.9441116811885,0,17.1301482437455,12.4511205861772,155.030403851525,1.71531526395105,0.214070250161458,0,154.867727667,412.570057618556,41140.1437144727
fullSystem,39.9461978806195,0,17.1327745869513,12.4511233400491,155.030472429115,1.71531218092779,0.214070382190992,0,154.867796172632,412.570585824744,41140.106167773
gyroFilter,0.00351689876697847,0,0.00262634320578303,0.000294343758995323,8.66382484594969e-08,10.3522483454653,-1.04530405540448,0,8.65473373908091e-08,-2.66147997248186e-11,7.75429117581148e-14
gyroSystem,40.9766705317887,0,17.6268534490024,12.7300170823996,162.053334918186,1.71710618411892,0.220953134036304,0,161.883289446079,455.096187167355,44998.8270552265
input,40,0,17.20039420709,12.4315943439774,154.544537933211,1.71342288427925,0.218040829282079,0,154.382371576513,418.248495434413,40837.5782162628
error,0.224240127915699,-0.4105567464844,-0.067619620138737,0.094441071078451,0.00891911590644503,7.4244170143138,-1.13412515707888,0,0.0089097569180857,-0.000953805378895396,0.000589378200319208
