signalsNamesOrdered,maxSignals,minSignals,meanSignals,standardDeviationSignals,varianceSignals,kurtosisSignals,skewnessSignals,firstMomentSignals,secondMomentSignals,thirdMomentSignals,fourthMomentSignals
compassSystem,39.946679642331,0,16.4997702999118,12.4522970970273,155.059702992635,1.73945261711545,0.296799470568787,0,154.905261057384,572.219131536049,41739.2786290791
compassFilter,39.9423563990085,0,16.4955649416249,12.4521423605411,155.055849367183,1.73943936658671,0.296831673991705,0,154.901411270203,572.259884804443,41736.8860626499
fullSystem,39.9458662325849,0,16.4999912588571,12.4521450781328,155.055917046866,1.73943594004084,0.296830958221099,0,154.901478882476,572.258879549015,41736.8402796319
gyroFilter,0.00587286227618833,0,0.00442631723219879,0.000493862394237573,2.43900064442068e-07,11.8219824807189,-1.30074157869347,0,2.4365713609103e-07,-1.56444293291388e-10,7.0185691312398e-13
gyroSystem,40.9766705317887,0,16.9785131479797,12.732373297578,162.113329788878,1.74230223095658,0.303278451687724,0,161.951862328929,625.058224392964,45697.8097861178
input,40,0,16.5666487602557,12.4344972749063,154.616722479653,1.73819218741551,0.300460099664991,0,154.462721760052,576.796121936417,41471.0622828232
error,0.221222649185078,-0.410202649621176,-0.0666575013985677,0.098526101513065,0.0097073926793628,6.73817874979049,-0.922786444370343,0,0.00969772396155467,-0.000881263805028833,0.000633697748208529
