signalsNamesOrdered,maxSignals,minSignals,meanSignals,standardDeviationSignals,varianceSignals,kurtosisSignals,skewnessSignals,firstMomentSignals,secondMomentSignals,thirdMomentSignals,fourthMomentSignals
compassSystem,39.9470621003151,0,19.6972449403627,11.7338276401746,137.682711089325,1.79979604967831,0.000173587686766242,0,137.343591111272,0.279403288784957,33950.0244664555
compassFilter,39.8560897650491,0,19.6077649874944,11.7311801945703,137.620588757479,1.79880561727911,0.000928210780025158,0,137.281621790096,1.4930185704005,33900.7289985673
fullSystem,39.9344299111388,0,19.7000260683935,11.7328736327553,137.660323682204,1.7992725561078,0.000482951835419269,0,137.321258845549,0.777160081117801,33929.1131329838
gyroFilter,0.1117057525306,0,0.0922610808991212,0.0104884683684526,0.00011000796871603,40.1829974372101,-4.76926596506698,0,0.000109737013128059,-5.48253288060252e-06,4.83892175954256e-07
gyroSystem,40.9766705317887,0,20.2409285149728,12.0107040552837,144.257011903609,1.79966728183244,0.00569578624950963,0,143.901699066408,9.83224213940534,37266.9683618947
input,40,0,19.7543874794236,11.7271746737565,137.526625828796,1.79722049056713,0.00211915157344508,0,137.187890297198,3.40514560492383,33824.6192343411
error,0.234150048219871,-0.395096361519932,-0.0543614110300755,0.0742906657115944,0.00551910301187187,9.46949635210018,-0.746544844134691,0,0.00550550916208893,-0.000304966499634938,0.000287026410951801
