signalsNamesOrdered,maxSignals,minSignals,meanSignals,standardDeviationSignals,varianceSignals,kurtosisSignals,skewnessSignals,firstMomentSignals,secondMomentSignals,thirdMomentSignals,fourthMomentSignals
compassSystem,39.9470621002886,0,19.7947481617238,11.6803816239203,136.431314880416,1.80147894018405,-0.00107423646137474,0,136.093613605959,-1.7055187866839,33366.0411445027
compassFilter,39.3505806747713,0,19.2131383151046,11.6555551042427,135.851964788038,1.7928315979509,0.00584367505320745,0,135.515697548463,9.21871663136298,32924.4635575577
fullSystem,39.9453974954864,0,19.8101007758179,11.6792338236465,136.40450270741,1.79982112016562,-0.000330476389270519,0,136.066867799718,-0.52452841311811,33322.2347073962
gyroFilter,0.655676701946977,0,0.596962460713343,0.075344715279882,0.00567682612060648,44.3181086714595,-6.19226582257252,0,0.005662774570803,-0.00263872116952976,0.0014211494927547
gyroSystem,40.9766705317887,0,20.3405013591389,11.956388947408,142.9552366617,1.80129966249518,0.00444288149869146,0,142.601387066003,7.56572157100921,36629.7089067245
input,40,0,19.8516236244666,11.6741182747893,136.28503749377,1.79890867461384,0.000805913206323561,0,135.947698292053,1.27745632527954,33247.0283755703
error,0.101976728803599,-0.245810404668637,-0.0415228486486722,0.0447634640178607,0.00200376771087831,7.9974277821622,-1.03412647296236,0,0.00199880788981178,-9.24123977107689e-05,3.19515872334522e-05
