signalsNamesOrdered,maxSignals,minSignals,meanSignals,standardDeviationSignals,varianceSignals,kurtosisSignals,skewnessSignals,firstMomentSignals,secondMomentSignals,thirdMomentSignals,fourthMomentSignals
compassSystem,39.9466836351811,0,16.2778104938429,11.5913944745799,134.360425865321,2.00562911455905,0.405409719255213,0,134.243590712395,630.571729790107,36144.1274913549
compassFilter,39.9454061784663,0,16.2765513284809,11.5913673701724,134.359797510298,2.00562482378511,0.405418236139719,0,134.242962903768,630.580553377776,36143.7121013923
fullSystem,39.9464450351095,0,16.2778608257683,11.5913662041138,134.359770477871,2.00562350886705,0.405418406969232,0,134.242935894847,630.580628779158,36143.6738612185
gyroFilter,0.001760664757402,0,0.0013094972873943,0.000141536910874288,2.0032697139836e-08,9.1557502940378,-0.83905105675584,0,2.00152774031927e-08,-2.37591450619103e-12,3.66789729810946e-15
gyroSystem,40.9766705317887,0,16.7486920115922,11.8539179911388,140.515371740644,2.00930665085429,0.412523964670621,0,140.39318446087,686.227661885502,39603.928866164
input,40,0,16.3416803219582,11.5764961476573,134.015263056724,2.00436499473882,0.40966834606969,0,133.89872804537,634.741780552833,35935.9981648186
error,0.22450597976213,-0.410288412750752,-0.0638194961898293,0.0868678019219574,0.00754601501075242,8.28537052966102,-1.14577186293423,0,0.00753945325856916,-0.000750080599217578,0.000470968261954287
