signalsNamesOrdered,maxSignals,minSignals,meanSignals,standardDeviationSignals,varianceSignals,kurtosisSignals,skewnessSignals,firstMomentSignals,secondMomentSignals,thirdMomentSignals,fourthMomentSignals
compassSystem,39.9466820296833,0,16.3050724183686,12.0918464526381,146.212750634176,1.84596467991678,0.373134254308283,0,146.074814076974,658.761383719991,39388.9198591873
compassFilter,39.9451475497612,0,16.3035592028874,12.0918150092661,146.211990218314,1.84595887942587,0.373143397363924,0,146.074054378485,658.772386411255,39388.386387732
fullSystem,39.946395159971,0,16.30513317142,12.0918129342616,146.211940037177,1.84595769792267,0.373143474343337,0,146.074004244689,658.772183171822,39388.3341404513
gyroFilter,0.00211192587635978,0,0.0015739685326174,0.000171258349834151,2.93294223879166e-08,9.67191842743249,-0.916813254792292,0,2.93017531215129e-08,-4.59855400183764e-12,8.30423890492093e-15
gyroSystem,40.9766705317887,0,16.7744336432166,12.3689778611609,152.991613329889,1.84912426933282,0.37917055473807,0,152.847281619201,716.508229358091,43199.7801968808
input,40,0,16.3669539457295,12.0796253303775,145.917348122298,1.84452195830505,0.376394394560397,0,145.779690246711,662.504269988479,39199.2606658122
error,0.223618213887488,-0.410323948668985,-0.0618207743094812,0.0922238284576317,0.00850523453538268,7.75771530220774,-0.918613768617246,0,0.00849721072921723,-0.000719527726371342,0.000560127138673009
