signalsNamesOrdered,maxSignals,minSignals,meanSignals,standardDeviationSignals,varianceSignals,kurtosisSignals,skewnessSignals,firstMomentSignals,secondMomentSignals,thirdMomentSignals,fourthMomentSignals
compassSystem,39.9470621117154,0,19.9277159677286,11.5827433123807,134.159942640501,1.80284956745387,-0.00435545121252732,0,134.092929682139,-6.76304025557711,32416.8826500592
compassFilter,39.9432135324891,0,19.9238199243903,11.5852222648495,134.217374925964,1.80274934485598,-0.00410323728622632,0,134.150333280146,-6.37550024046084,32442.8395221154
fullSystem,39.946831641436,0,19.92984558167,11.5845202267426,134.201108883809,1.80247451086456,-0.00438914183645049,0,134.134075362888,-6.81849137072489,32430.031588401
gyroFilter,0.04744958245265,-0.0423253068175811,0.00602565727970154,0.00858036965966141,7.36227434964381e-05,8.32270413784132,-0.0980480768329784,0,7.3585968899287e-05,-6.1891584093498e-08,4.5066567514792e-08
gyroSystem,40.9766705317887,0,20.4769400669678,11.8557265204683,140.558251328135,1.80210245389882,0.00155788878667952,0,140.488042411387,2.59415243974328,35567.8980105093
input,40,0,19.9848660854276,11.5758960090687,134.001368412772,1.79982690720523,-0.0022295152706063,0,133.934434662316,-3.45580178488169,32286.0740055004
error,0.236833389223031,-0.411514236604246,-0.0550205037576415,0.0773382089720959,0.00598119856701158,9.44176841382986,-0.784955524685309,0,0.00597821095533974,-0.000362828927115342,0.000337439420131453
