signalsNamesOrdered,maxSignals,minSignals,meanSignals,standardDeviationSignals,varianceSignals,kurtosisSignals,skewnessSignals,firstMomentSignals,secondMomentSignals,thirdMomentSignals,fourthMomentSignals
compassSystem,39.9466822567305,0,16.3920383356287,11.9214333637212,142.120573445644,1.89668316806031,0.375492025968267,0,141.988613767422,635.303133579593,38238.5863611733
compassFilter,39.9449510149738,0,16.3903318263139,11.9213954725898,142.119670013884,1.89667636520941,0.375503583544667,0,141.987711174503,635.316630177475,38237.9630638445
fullSystem,39.9463583886135,0,16.392104127714,11.9213941324346,142.119638060846,1.89667440497602,0.375504537499916,0,141.987679251133,635.318029920021,38237.9063503299
gyroFilter,0.00238021635757946,0,0.00177230140014152,0.00019375769811374,3.75420455783351e-08,9.529019578655,-0.913137480866456,0,3.75071875972968e-08,-6.632968277767e-12,1.34053210814199e-14
gyroSystem,40.9766705317887,0,16.8677983330908,12.188865310978,148.568437569164,1.90010928226162,0.38286827441426,0,148.430491016175,692.36334444917,41862.4679245156
input,40,0,16.4586562623276,11.9035204546647,141.69379921462,1.8954277438354,0.379930313618464,0,141.562235798451,639.91908951789,37984.1191444677
error,0.220557463078894,-0.410615033268777,-0.0665521346135554,0.0892898136589712,0.0079726708232538,8.41999097730626,-1.26850685865389,0,0.00796526815767975,-0.000901765096637446,0.000534210510806663
