signalsNamesOrdered,maxSignals,minSignals,meanSignals,standardDeviationSignals,varianceSignals,kurtosisSignals,skewnessSignals,firstMomentSignals,secondMomentSignals,thirdMomentSignals,fourthMomentSignals
compassSystem,39.946678966024,0,17.1782345234553,12.4568620420466,155.173411934581,1.71321581798456,0.206791656795858,0,155.00989938249,399.091211621435,41165.267726358
compassFilter,39.9436705298901,0,17.1752922544062,12.456764596697,155.170984217524,1.71319941739329,0.206814695568156,0,155.007474223617,399.126307801173,41163.5855975994
fullSystem,39.9461141961632,0,17.1783735820485,12.4567642793184,155.170976310503,1.71319692300226,0.206814640527244,0,155.007466324928,399.126171071839,41163.52146895
gyroFilter,0.00411387627896787,0,0.00308132764231024,0.000345554498726867,1.19407911590376e-07,10.8024770716243,-1.13932886387698,0,1.19282086604506e-07,-4.6936633991582e-11,1.53699979105606e-13
gyroSystem,40.9766705317887,0,17.6730022750302,12.7364282407897,162.216604332785,1.71491811653079,0.213589578758064,0,162.045670081644,440.591592700402,45031.6904530631
input,40,0,17.2455867488907,12.4377201771992,154.696883206308,1.71127759503812,0.210686478896067,0,154.533872791971,404.736338068149,40866.5373931644
error,0.223385177292288,-0.410525739014232,-0.0672131668421799,0.0936443484586271,0.00876926399824078,7.66343234557081,-1.13662188213136,0,0.00876002346715728,-0.000931909882322638,0.000588076556744487
