signalsNamesOrdered,maxSignals,minSignals,meanSignals,standardDeviationSignals,varianceSignals,kurtosisSignals,skewnessSignals,firstMomentSignals,secondMomentSignals,thirdMomentSignals,fourthMomentSignals
compassSystem,39.9466791794597,0,17.04878460837,12.4816708704967,155.792107719406,1.71028877806508,0.220534435416337,0,155.629315548331,428.16732665039,41424.0217417154
compassFilter,39.9447050609877,0,17.0468637824044,12.4815980965876,155.790291044738,1.71028080467516,0.220549482423753,0,155.627500771964,428.189050688752,41422.8625505489
fullSystem,39.9463095874787,0,17.0488842630651,12.4815991555797,155.790317480569,1.71027874007358,0.220549520774679,0,155.627527180171,428.189234133924,41422.8266040219
gyroFilter,0.00271135298957859,0,0.00202048066070999,0.000226486416269992,5.12960967548242e-08,9.77285461166161,-0.962309026721204,0,5.12424958177763e-08,-1.11624614263523e-11,2.5661496919889e-14
gyroSystem,40.9766705317887,0,17.5399024598534,12.7625796474287,162.883439256962,1.71214880612047,0.227176682903145,0,162.713237126077,471.517788844992,45330.1627126688
input,40,0,17.1152400571581,12.4636395050977,155.342309713033,1.70840671213256,0.224283106596115,0,155.179987550323,433.56092283602,41139.849104818
error,0.223523358716054,-0.410612834777943,-0.0663557940930752,0.0978852012304759,0.00958151261993076,6.81959080391762,-0.975307736554418,0,0.00957150059002488,-0.000913296335119034,0.000624767424640007
