signalsNamesOrdered,maxSignals,minSignals,meanSignals,standardDeviationSignals,varianceSignals,kurtosisSignals,skewnessSignals,firstMomentSignals,secondMomentSignals,thirdMomentSignals,fourthMomentSignals
compassSystem,39.9466791756554,0,17.2069909117255,12.4403464939596,154.762220889773,1.71479299984611,0.20626213989502,0,154.598969601915,396.487419383532,40984.9955265369
compassFilter,39.9448258991604,0,17.2051746922427,12.4402910127796,154.760840482645,1.71478314595619,0.206275600248641,0,154.597590650912,396.507988489861,40984.0288834908
fullSystem,39.9463323367949,0,17.2070735646936,12.4402896486806,154.760806543069,1.71478126569968,0.206275950281994,0,154.597556747137,396.508530898976,40983.965968729
gyroFilter,0.00254566993000438,0,0.00189887245098954,0.00021222505011101,4.50394718946207e-08,9.85692391248014,-0.97153165879813,0,4.49919619031707e-08,-9.27169964288146e-12,1.99531407778417e-14
gyroSystem,40.9766705317887,0,17.7057720500322,12.7158519958462,161.692891980265,1.71676719940027,0.213460269508209,0,161.522329857923,438.193477717696,44789.5344017273
input,40,0,17.2774220534744,12.4177890542957,154.201484996985,1.71312212113948,0.210517894645589,0,154.038825202685,402.47074228314,40648.8925998798
error,0.22153740098334,-0.410639775799993,-0.0703484887807549,0.0936125802304232,0.00876331517739742,7.42348652824597,-1.18764059404951,0,0.00875407117404574,-0.000972747545100461,0.000568889700708545
