signalsNamesOrdered,maxSignals,minSignals,meanSignals,standardDeviationSignals,varianceSignals,kurtosisSignals,skewnessSignals,firstMomentSignals,secondMomentSignals,thirdMomentSignals,fourthMomentSignals
compassSystem,39.9466801255338,0,16.6975377659712,12.3995036592161,153.747690994914,1.73929302588802,0.282127076940804,0,153.592703403185,537.032595248288,41031.1722300461
compassFilter,39.944009446402,0,16.6949383472366,12.3994089459664,153.745342209311,1.7392833732859,0.282147260755092,0,153.59035698531,537.058708293595,41029.690877863
fullSystem,39.9461791595188,0,16.6976711428661,12.3994115334329,153.745406375428,1.73928075860931,0.28214702915971,0,153.590421086743,537.058603673391,41029.6634453524
gyroFilter,0.00365354700900866,0,0.00273279562955382,0.000304475730395229,9.27054703997083e-08,10.322394984766,-1.04651576498852,0,9.26120173045473e-08,-2.94948907195289e-11,8.85350346821351e-14
gyroSystem,40.9766705317887,0,17.1780106111984,12.6811239950552,160.810905777965,1.74153691334913,0.288549926923956,0,160.648798010044,587.539662372492,44945.6478811127
input,40,0,16.7620986641051,12.3838444392659,153.359603095937,1.73756845855061,0.285698147238912,0,153.205006721848,541.772380921787,40783.8143156988
error,0.224059245038976,-0.410547595972643,-0.0644275212390273,0.0962072871131553,0.0092558420936731,7.16346400205795,-0.959982911796494,0,0.00924651160769158,-0.000853552780125718,0.000612461679851985
