signalsNamesOrdered,maxSignals,minSignals,meanSignals,standardDeviationSignals,varianceSignals,kurtosisSignals,skewnessSignals,firstMomentSignals,secondMomentSignals,thirdMomentSignals,fourthMomentSignals
compassSystem,39.9470621096201,0,19.1771518397817,11.8159548426623,139.616788843835,1.78905701663042,0.0420798544257841,0,139.442703072209,69.2895782797341,34786.903096921
compassFilter,39.9279013344951,0,19.1581244036129,11.8157165732235,139.611158138749,1.78897907346523,0.04214341842781,0,139.437079387953,69.3900461771955,34782.5818363265
fullSystem,39.9468325045871,0,19.1782656724813,11.8161442543734,139.621265040161,1.7886983659627,0.0419666443059868,0,139.447173687243,69.1064873608328,34782.159563135
gyroFilter,0.0552162130064318,-0.0281709848716218,0.0201412688684354,0.00638956284395851,4.08265133368952e-05,14.4692960311359,-0.412838850071991,0,4.07756074599165e-05,-1.07493256318118e-07,2.40573774151564e-08
gyroSystem,40.9766705317887,0,19.7119292254975,12.0890260407,146.144550612724,1.78848347429238,0.0487526139897789,0,145.962325487271,85.9724033114497,38103.6412454565
input,40,0,19.2374116941958,11.8045599488791,139.34763558668,1.78568008291109,0.0451395099673048,0,139.173885417619,74.1128420882233,34587.4989100879
error,0.238470882963584,-0.410871806306623,-0.0591460217144618,0.0840822172311547,0.00706981925450709,8.61396073644456,-0.919199651351037,0,0.0070610040185289,-0.000545392974099416,0.000429472939942133
