signalsNamesOrdered,maxSignals,minSignals,meanSignals,standardDeviationSignals,varianceSignals,kurtosisSignals,skewnessSignals,firstMomentSignals,secondMomentSignals,thirdMomentSignals,fourthMomentSignals
compassSystem,39.94668596391,0,16.6484237529522,11.318233386785,128.102406997736,2.04846660205762,0.329609642768228,0,127.996274100472,477.304908074299,33560.1229470784
compassFilter,39.9442257385735,0,16.6460128510582,11.3181589744899,128.100722571826,2.04845410657586,0.329633033897998,0,127.994591070109,477.329365767879,33559.0356762399
fullSystem,39.946224735719,0,16.6485247037788,11.3181601250227,128.100748615654,2.04845168838901,0.329634457789607,0,127.99461709236,477.331573220027,33559.0097056025
gyroFilter,0.00337036426090265,0,0.0025118527206257,0.000274699081074526,7.5459585143189e-08,9.33097640677324,-0.919346805242487,0,7.53970668456388e-08,-1.90331665376878e-11,5.30439666345324e-14
gyroSystem,40.9766705317887,0,17.126372890498,11.5730833860238,133.936259059861,2.05198900355953,0.337473223809204,0,133.825292813747,522.452273868804,36749.4999236471
input,40,0,16.7121199738657,11.3027758689617,127.752742343984,2.04648991031552,0.33429419269754,0,127.64689914403,482.107886569522,33344.9558086094
error,0.224218561678767,-0.410587172934939,-0.0635952700868178,0.0847070102035865,0.0071752775776305,9.24170583731095,-1.32053809318125,0,0.00716933285718507,-0.000801620933929158,0.000475017521523171
