signalsNamesOrdered,maxSignals,minSignals,meanSignals,standardDeviationSignals,varianceSignals,kurtosisSignals,skewnessSignals,firstMomentSignals,secondMomentSignals,thirdMomentSignals,fourthMomentSignals
compassSystem,39.9466796180139,0,16.5884074912824,12.480855961459,155.771765530687,1.72847399494916,0.280943371851,0,155.61505349293,545.376223143483,41856.8038245523
compassFilter,39.9424834753795,0,16.5843014432293,12.480732007601,155.768671445557,1.72845949592396,0.280971042187845,0,155.611962520562,545.413687000876,41854.7899476587
fullSystem,39.9458902392119,0,16.5885951005398,12.4807363119158,155.768778887573,1.72845602207191,0.28097035323849,0,155.612069854487,545.412913930656,41854.7635669387
gyroFilter,0.00570932914027011,0,0.00429365731052537,0.000478535569073997,2.28996290868974e-07,11.8505612665381,-1.29477116454771,0,2.28765912306732e-07,-1.41670682757702e-10,6.2018540844203e-13
gyroSystem,40.9766705317887,0,17.0664393494421,12.7643552468955,162.928764868949,1.73092843181941,0.287178204023656,0,162.76485263065,596.337910317181,45856.4436303288
input,40,0,16.652906128128,12.4654587465805,155.3876617627,1.72697364752411,0.284330746170436,0,155.231336147244,549.911647301114,41614.482846505
error,0.224088614135694,-0.410218333031535,-0.0643110275881074,0.096143743890876,0.00924361948935436,7.00536468300028,-1.0047091648573,0,0.00923432007336909,-0.000891554198221026,0.000597366131350201
