signalsNamesOrdered,maxSignals,minSignals,meanSignals,standardDeviationSignals,varianceSignals,kurtosisSignals,skewnessSignals,firstMomentSignals,secondMomentSignals,thirdMomentSignals,fourthMomentSignals
compassSystem,39.9470621079455,0,19.0771774642336,11.8343486295283,140.051807485217,1.78653543631802,0.0605039430743428,0,139.863818481882,100.078721853297,34948.0056136488
compassFilter,39.9248503405788,0,19.0551359577853,11.8340429631232,140.044572853046,1.78643148636152,0.060588559699499,0,139.856593560626,100.210919654856,34942.3618533557
fullSystem,39.9435689919403,0,19.0776824484365,11.8345069682257,140.055555180983,1.78671794920212,0.060741723031885,0,139.867561147183,100.476063215839,34953.4464983435
gyroFilter,0.0580597174777822,-0.012351150721031,0.0225464906512084,0.00643894102731739,4.14599615532711e-05,9.24976522043376,0.0305921905821745,0,4.1404310598166e-05,8.15039980502929e-09,1.58570291724253e-08
gyroSystem,40.9766705317887,0,19.6089596360522,12.108797448775,146.622975655459,1.78603162541378,0.0669389359405397,0,146.426166292163,118.60604993821,38293.6292731342
input,40,0,19.1367004755462,11.8240151318209,139.807333837528,1.78316361602081,0.0634277408933281,0,139.61967298674,104.640346268549,34760.3729243686
error,0.238543448006693,-0.410605756540933,-0.0590180271097035,0.0848825129272969,0.00720504100085273,8.5902326180486,-0.855783844902696,0,0.00719536980487843,-0.000522328547835253,0.000444745090957597
