signalsNamesOrdered,maxSignals,minSignals,meanSignals,standardDeviationSignals,varianceSignals,kurtosisSignals,skewnessSignals,firstMomentSignals,secondMomentSignals,thirdMomentSignals,fourthMomentSignals
compassSystem,39.947062111665,0,19.6467824365563,11.7084363477153,137.087481708501,1.79128829771512,0.00878278784184466,0,136.985482094134,14.0813471618459,33613.564860526
compassFilter,39.9299094273751,0,19.6331436803054,11.7048048270634,137.002456039647,1.79155322950832,0.00876978668871088,0,136.900519688427,14.0474234816546,33576.8468435167
fullSystem,39.9329259409297,0,19.6403497947029,11.7011752934463,136.917503247958,1.79137210323327,0.00815935529370282,0,136.81563010566,13.0574814342048,33531.8285249692
gyroFilter,0.0317205131049043,-0.0362689800291989,0.00720611439742921,0.00787680683051661,6.20440858452731e-05,5.96805852524018,-1.1091617948179,0,6.1997922090924e-05,-5.41452798716749e-07,2.29396792625026e-08
gyroSystem,40.9766705317887,0,20.1907201455832,11.9822918535318,143.575318063214,1.79050917719474,0.0149519611972232,0,143.468491189655,25.6940732447046,36854.4227560725
input,40,0,19.7050761815876,11.6998923472991,136.887480938388,1.78807824701211,0.011257295032517,0,136.785630134118,18.009214112109,33455.4958225483
error,0.237800284445863,-0.411372538864436,-0.0647263868847534,0.0806861664430442,0.00651025745527463,8.77452812303817,-0.533222212314982,0,0.00650541351371565,-0.000279782530401223,0.000371341583714282
