signalsNamesOrdered,maxSignals,minSignals,meanSignals,standardDeviationSignals,varianceSignals,kurtosisSignals,skewnessSignals,firstMomentSignals,secondMomentSignals,thirdMomentSignals,fourthMomentSignals
compassSystem,39.947062111541,0,19.4971783761704,11.7706270752293,138.547661744122,1.77906786153575,0.0188364344204419,0,138.42113419915,30.6762524477106,34087.6703439847
compassFilter,39.9526190215861,0,19.4871807881111,11.7732714424128,138.609920456734,1.7792429754916,0.0193408262166298,0,138.48333605449,31.5189178547531,34121.6712300826
fullSystem,39.9857356827989,0,19.4990068786541,11.7732504634714,138.60942647563,1.77952747598992,0.019537006457206,0,138.48284252451,31.8384542073998,34126.8840310255
gyroFilter,0.0491152204775389,-0.0291518904859416,0.0118260905429424,0.00862210260119944,7.43406532656101e-05,6.78548813577078,-0.0638036418411671,0,7.42727622580616e-05,-4.08403854596801e-08,3.74317599764676e-08
gyroSystem,40.9766705317887,0,20.0382527632403,12.0439905841537,145.057709191182,1.77803430897308,0.0254241501884173,0,144.9252363974,44.3570312288619,37344.6309320122
input,40,0,19.5566657219885,11.7602937809466,138.304509814172,1.77549876034849,0.0217206631576719,0,138.178204325757,35.2803104050882,33899.9816066168
error,0.237956618266324,-0.410884536780039,-0.0576588433344551,0.082665952117207,0.00683365963944436,8.72070494051302,-0.927435471465501,0,0.00682741885438551,-0.000523200948905289,0.000406503872268352
