signalsNamesOrdered,maxSignals,minSignals,meanSignals,standardDeviationSignals,varianceSignals,kurtosisSignals,skewnessSignals,firstMomentSignals,secondMomentSignals,thirdMomentSignals,fourthMomentSignals
compassSystem,39.9466788566089,0,17.2969878920098,12.4826313887651,155.816086387783,1.70736495475657,0.185022083486667,0,155.649971157092,359.291658021416,41364.1831080211
compassFilter,39.9449201848239,0,17.2952743273392,12.4825685692105,155.814518085043,1.70735697469544,0.185035183301244,0,155.648404526317,359.311671534294,41363.1571155034
fullSystem,39.9463498234852,0,17.2970749110073,12.4825687694138,155.814523083145,1.70735508278794,0.185035330299021,0,155.648409519091,359.311974271417,41363.1139349771
gyroFilter,0.0024180082840779,0,0.00180058366810188,0.000202957157304844,4.11916077012633e-08,9.58537954670928,-0.944567004237967,0,4.11476934073387e-08,-7.88407983815212e-12,1.62293192911889e-14
gyroSystem,40.9766705317887,0,17.7949519032562,12.762005503498,162.868784471313,1.70876863791246,0.192014982994874,0,162.695150372729,398.471284372252,45230.6136429473
input,40,0,17.364272664915,12.4631195663816,155.329349325923,1.70517834236852,0.189062089972295,0,155.16375300468,365.41794228274,41053.5161037347
error,0.223588384781498,-0.410654835419994,-0.0671977539077059,0.0967338912840544,0.00935744572295526,7.11170085486202,-1.06136486600582,0,0.00934746976802673,-0.000959192581127535,0.000621386220984817
