signalsNamesOrdered,maxSignals,minSignals,meanSignals,standardDeviationSignals,varianceSignals,kurtosisSignals,skewnessSignals,firstMomentSignals,secondMomentSignals,thirdMomentSignals,fourthMomentSignals
compassSystem,39.9466796210533,0,16.8490227888741,12.4073905947408,153.943341370462,1.73067470041766,0.260959459440184,0,153.786095873658,497.678239120436,40930.7392564728
compassFilter,39.9454716642317,0,16.8478374351326,12.4073592586821,153.942563774004,1.73067037803069,0.26096658199943,0,153.785319071477,497.688051723931,40930.223535834
fullSystem,39.9464540608045,0,16.8490731840631,12.4073600527744,153.942583479181,1.73066880661564,0.260966801989327,0,153.785338756526,497.68856682431,40930.196850397
gyroFilter,0.00166522185621787,0,0.00123574893046259,0.00013750022393146,1.89063115812016e-08,9.33419940741452,-0.857544941130929,0,1.88869997205467e-08,-2.22587796445082e-12,3.32968402368097e-15
gyroSystem,40.9766705317887,0,17.3312580289841,12.6914651674585,161.073288096812,1.73275628985817,0.26698970912095,0,160.908759712648,544.959280821911,44863.882921707
input,40,0,16.9115948551188,12.3941683115379,153.61540813473,1.7288867088066,0.264070626738033,0,153.458497605482,502.003227399851,40714.4356804493
error,0.22323409693687,-0.410616583898724,-0.0625216710557663,0.0943589711379816,0.00890361543421844,7.41383965614624,-0.953775307230632,0,0.00889452083214058,-0.000800073543390755,0.000586527395975436
