signalsNamesOrdered,maxSignals,minSignals,meanSignals,standardDeviationSignals,varianceSignals,kurtosisSignals,skewnessSignals,firstMomentSignals,secondMomentSignals,thirdMomentSignals,fourthMomentSignals
compassSystem,39.9466784850808,0,17.5056285071596,12.4598087914455,155.246835119383,1.71043528703186,0.159352036471274,0,155.078819064059,307.741698014831,41135.0110185471
compassFilter,39.9447937432558,0,17.5037863572342,12.4597467800152,155.245289822099,1.71042515295249,0.159365860865773,0,155.077275439174,307.763800586033,41133.9484084857
fullSystem,39.946325724224,0,17.5057162215537,12.4597469326565,155.245293625844,1.71042317731245,0.159365975649491,0,155.077279238803,307.764033564821,41133.9029120807
gyroFilter,0.00258898300718613,0,0.00192986431945482,0.000217552774132093,4.73292095325693e-08,9.78377993727267,-0.957305674654987,0,4.72779874443305e-08,-9.84099712137849e-12,2.1868784132967e-14
gyroSystem,40.9766705317887,0,18.0063741514266,12.7409158235155,162.330936021906,1.71126566562881,0.166227670498953,0,162.155253190714,343.241548636297,44996.5775196839
input,40,0,17.5708222591807,12.442421519351,154.813853265209,1.70780811345691,0.163223772268344,0,154.646305804965,313.901026324738,40843.0506089376
error,0.222938371983027,-0.410633886777832,-0.0651060376269819,0.0951464828659521,0.00905285320176092,7.58860887141443,-1.13188633050773,0,0.00904305574158585,-0.000973364777946605,0.000620572583610192
