signalsNamesOrdered,maxSignals,minSignals,meanSignals,standardDeviationSignals,varianceSignals,kurtosisSignals,skewnessSignals,firstMomentSignals,secondMomentSignals,thirdMomentSignals,fourthMomentSignals
compassSystem,39.9466801373961,0,16.8911742566256,12.3359858280793,152.176546350573,1.74593275614014,0.26708384088314,0,152.021580417425,500.616866862857,40349.4853101007
compassFilter,39.9430875404296,0,16.8876756634175,12.3358516250536,152.173235315339,1.74591372067274,0.267115901897398,0,152.018272753918,500.660621021404,40347.2895915133
fullSystem,39.9460049420554,0,16.8913506850792,12.3358564604447,152.173354612695,1.7459104371585,0.267115254503389,0,152.01839192979,500.659996341698,40347.2769719895
gyroFilter,0.00489773267767291,0,0.00367502166167553,0.000410614015493467,1.68603869719669e-07,11.227547456006,-1.194422104938,0,1.68432175351319e-07,-8.25648923103549e-11,3.18518758902949e-13
gyroSystem,40.9766705317887,0,17.3766852384207,12.6158683320663,159.160133772032,1.74807320730804,0.273522781916901,0,158.998056242733,548.379520545318,44191.958250619
input,40,0,16.9560288273606,12.3200307237641,151.783157034491,1.74408642957129,0.270691571003988,0,151.628591701462,505.412972259311,40098.6919306041
error,0.223163294937474,-0.410535095920488,-0.0646781422814103,0.0913791567901263,0.00835015029567448,7.8296744728585,-1.07651313840058,0,0.00834164708763408,-0.000820157107211999,0.000544812834954314
