signalsNamesOrdered,maxSignals,minSignals,meanSignals,standardDeviationSignals,varianceSignals,kurtosisSignals,skewnessSignals,firstMomentSignals,secondMomentSignals,thirdMomentSignals,fourthMomentSignals
compassSystem,24.9501982366765,0,12.293692955551,7.3525796385352,54.0604273410025,1.80361661910743,-0.00268569767559273,0,53.8475910128883,-1.06122272592169,5229.70011936269
compassFilter,24.7674768977552,0,12.1137132592901,7.34516940825313,53.9515136359376,1.79910966560064,0.000679531195062126,0,53.7391061019378,0.267697956336727,5195.6335551776
fullSystem,24.9462677533168,0,12.2979739279928,7.35019560075238,54.0253753693197,1.80209317066984,-0.00217089939598368,0,53.812677041094,-0.856971924710364,5218.50899103101
gyroFilter,0.208559771910799,0,0.184260668702692,0.0245317498000331,0.000601806748251425,40.0535755064066,-5.68086603899003,0,0.000599437430344924,-8.33739418509709e-05,1.43922603472582e-05
gyroSystem,25.5108674758706,0,12.6571247668262,7.50127207398283,56.2690827279146,1.79180509045375,-0.00359641598317715,0,56.0475509061512,-1.50905434188442,5628.64743413125
input,25,0,12.352582457813,7.34237084770843,53.9104096652786,1.79735223557851,0.00199717145338172,0,53.698163957935,0.78587686631656,5182.65225273744
error,0.211920274171219,-0.358300523026616,-0.0546085298201675,0.0872007991772129,0.00760397937714462,5.74970005134875,-0.517022610833672,0,0.00757404245046295,-0.000340801218407091,0.000329837977598102
