signalsNamesOrdered,maxSignals,minSignals,meanSignals,standardDeviationSignals,varianceSignals,kurtosisSignals,skewnessSignals,firstMomentSignals,secondMomentSignals,thirdMomentSignals,fourthMomentSignals
compassSystem,39.9466793911176,0,17.0121068648003,12.4064932108745,153.921073791476,1.72582939914106,0.239226997226522,0,153.76173520577,456.123655391829,40803.2170544659
compassFilter,39.9445312481416,0,17.0100096607704,12.4064215682605,153.919296129399,1.72581945828324,0.239243229738236,0,153.759959383923,456.146702917988,40802.0395495659
fullSystem,39.9462770084436,0,17.0122120039244,12.406418931939,153.919230714775,1.7258175949307,0.239243583734756,0,153.759894037016,456.147087066846,40801.9608148342
gyroFilter,0.00294645646649982,0,0.00220234315399642,0.00024618619690645,6.06076435472616e-08,9.95505679009441,-1.01171181570419,0,6.05449027154321e-08,-1.50720803487723e-11,3.64921047868055e-14
gyroSystem,40.9766705317887,0,17.5043896276853,12.682905533957,160.856092783277,1.72772654572568,0.24649152935923,0,160.689575088884,502.092290491462,44611.8682280256
input,40,0,17.0808947421935,12.3854822043912,153.40016943529,1.72394514486283,0.243589314242347,0,153.241370088049,462.085426936968,40483.2616224799
error,0.221252952559136,-0.410602755168938,-0.0686827382691184,0.0931988553208611,0.0086860266331188,7.41512116830799,-1.25663483178334,0,0.00867703488712178,-0.00101570153511792,0.000558291401690848
