signalsNamesOrdered,maxSignals,minSignals,meanSignals,standardDeviationSignals,varianceSignals,kurtosisSignals,skewnessSignals,firstMomentSignals,secondMomentSignals,thirdMomentSignals,fourthMomentSignals
compassSystem,39.9466799137148,0,16.8087720686372,12.4461386661046,154.906367695905,1.72517661239428,0.258965247194059,0,154.748138515419,498.516613967705,41312.7808297274
compassFilter,39.9452021723881,0,16.8073307860584,12.4460878587925,154.905102988782,1.72517052144395,0.258976592215189,0,154.746875100132,498.532348168098,41311.9603923835
fullSystem,39.9464037028024,0,16.8088457263398,12.4460862690235,154.905063415975,1.72516929112968,0.258976728730947,0,154.746835567746,498.532419925882,41311.9098230566
gyroFilter,0.00203466756834203,0,0.00151494028137944,0.000168150025536396,2.82744310878908e-08,9.55325687259173,-0.908454133544387,0,2.82455501572596e-08,-4.31248961877453e-12,7.62169440932085e-15
gyroSystem,40.9766705317887,0,17.2963807327307,12.723814944966,161.895466753739,1.72759668735463,0.265911341844303,0,161.730098554808,546.919160330477,45188.0983197972
input,40,0,16.8776454993867,12.4256221080799,154.396084772803,1.72372797143819,0.263041185008265,0,154.238376821043,503.862946000217,41006.5867315056
error,0.224021776595253,-0.410625714345328,-0.0687997730469582,0.0976114872329798,0.00952800243983417,6.88163835266533,-0.981801279200639,0,0.00951827005736243,-0.00091171820673564,0.000623458989006056
