signalsNamesOrdered,maxSignals,minSignals,meanSignals,standardDeviationSignals,varianceSignals,kurtosisSignals,skewnessSignals,firstMomentSignals,secondMomentSignals,thirdMomentSignals,fourthMomentSignals
compassSystem,39.946678721965,0,17.0642050136869,12.5083113777005,156.457853521513,1.70799507147427,0.212016623118233,0,156.293851578618,414.269302951038,41722.5074216214
compassFilter,39.9434147503284,0,17.0610259169484,12.5081950347024,156.454943026154,1.70798167084665,0.212040685506441,0,156.290944134093,414.304758710778,41720.6278212525
fullSystem,39.9460656629825,0,17.0643688245532,12.5081946927602,156.454934471994,1.70797889555497,0.212040751713812,0,156.2909355889,414.304854094757,41720.5554674579
gyroFilter,0.00445685530429785,0,0.00334290760474788,0.000373976880584351,1.39858707211602e-07,11.1127154180559,-1.18468151464167,0,1.39712104793141e-07,-6.18660894386342e-11,2.1691433995518e-13
gyroSystem,40.9766705317887,0,17.5535456052387,12.7921812953506,163.639902293117,1.70962625542453,0.218394918395068,0,163.468371997213,456.449919874255,45684.476611845
input,40,0,17.1286668598689,12.4924512299109,156.061337731702,1.70594287463301,0.215512956383236,0,155.897751423807,419.501155481334,41461.4214005523
error,0.22147651963722,-0.41050804115181,-0.0642980353156958,0.0958296568125812,0.00918332312481708,7.39748514306079,-1.01465441251571,0,0.0091736969999483,-0.000891527483297116,0.000622548061083927
