signalsNamesOrdered,maxSignals,minSignals,meanSignals,standardDeviationSignals,varianceSignals,kurtosisSignals,skewnessSignals,firstMomentSignals,secondMomentSignals,thirdMomentSignals,fourthMomentSignals
compassSystem,39.946679415881,0,17.018604658262,12.4365014112475,154.666567351961,1.71995950234333,0.232880965094708,0,154.505958247753,447.251535271624,41059.0299868264
compassFilter,39.9425695780032,0,17.0146058248665,12.4363431146916,154.662630066337,1.71993792892357,0.232916960809152,0,154.502025050692,447.303584814964,41056.4245900423
fullSystem,39.9459063781201,0,17.0188118006643,12.4363469308636,154.662724984801,1.71993429947578,0.232916436131722,0,154.502119870591,447.302988975397,41056.388345576
gyroFilter,0.00558844467072461,0,0.00420597579781232,0.000472084186214002,2.22863478873337e-07,11.7656871246718,-1.29028830716092,0,2.22632052623209e-07,-1.35540254661885e-10,5.8316664536726e-13
gyroSystem,40.9766705317887,0,17.5065457337638,12.7189659850268,161.77209572827,1.72163874448555,0.239357162773053,0,161.604108089923,491.728095850553,44962.1241996859
input,40,0,17.083097699908,12.4205977382328,154.271248174993,1.71789214798546,0.236482463790628,0,154.111049578757,452.428139540157,40800.3088960948
error,0.221878051202163,-0.410228717103204,-0.0642858992436366,0.0947139430553529,0.00897073100909263,7.47626244439781,-1.04538543684677,0,0.00896141560825245,-0.000886832038888176,0.000600395981620142
