signalsNamesOrdered,maxSignals,minSignals,meanSignals,standardDeviationSignals,varianceSignals,kurtosisSignals,skewnessSignals,firstMomentSignals,secondMomentSignals,thirdMomentSignals,fourthMomentSignals
compassSystem,39.9466790047418,0,17.0553871555264,12.4918980776829,156.047517583218,1.71141803020415,0.216148106936241,0,155.884287962315,420.682989625421,41587.3062174029
compassFilter,39.9433161582723,0,17.0521052339337,12.491784018877,156.04466797427,1.71140303637893,0.216173054189094,0,155.881441334129,420.720019245459,41585.4230309107
fullSystem,39.9460472426176,0,17.0555489135336,12.4917845104574,156.044680255703,1.71140035114326,0.216172845202588,0,155.881453602716,420.719662180888,41585.3643282236
gyroFilter,0.00459141297532284,0,0.00344367959988103,0.000385530272797627,1.48633591243413e-07,11.1672491414005,-1.19564826059873,0,1.48478116775585e-07,-6.84064593217402e-11,2.46190395726711e-13
gyroSystem,40.9766705317887,0,17.5458263457609,12.7741713787509,163.179454413699,1.7133113179897,0.222561627475256,0,163.008764607827,463.198050104923,45525.8639188646
input,40,0,17.1210742889837,12.4749352174198,155.62400867882,1.70960464350605,0.219664940445629,0,155.461222058863,425.788436721405,41318.0525230182
error,0.223041304048152,-0.410501074023819,-0.0655253754500725,0.0955263321401814,0.00912528013215626,7.38311560821897,-1.01242263362758,0,0.00911573486005149,-0.000881149040947451,0.000613511967164627
