signalsNamesOrdered,maxSignals,minSignals,meanSignals,standardDeviationSignals,varianceSignals,kurtosisSignals,skewnessSignals,firstMomentSignals,secondMomentSignals,thirdMomentSignals,fourthMomentSignals
compassSystem,39.9466788756798,0,17.2489027194957,12.4924459019801,156.061204613899,1.70714527787645,0.189518732245069,0,155.895358487848,368.894279079977,41489.3710372172
compassFilter,39.9443931252553,0,17.246676567653,12.4923628107596,156.05912859565,1.70713472021912,0.189536144645675,0,155.893284675782,368.920810430445,41488.0106326092
fullSystem,39.9462505519876,0,17.2490159677914,12.4923641712011,156.059162585909,1.70713231625276,0.189536171697427,0,155.89331862992,368.920983613581,41487.97028216
gyroFilter,0.00313395397595784,0,0.00233940013835121,0.000262628232664781,6.89735885926265e-08,10.1401031136343,-1.0215344118355,0,6.89002904113379e-08,-1.84750056423569e-11,4.81376046964967e-14
gyroSystem,40.9766705317887,0,17.7447376567157,12.7734285880429,163.160477893832,1.70867390685343,0.196241687552024,0,162.987087375348,408.339194885573,45390.564626557
input,40,0,17.3152657391329,12.4742359836257,155.606563375183,1.70507092412544,0.193305628404339,0,155.441200396039,374.622373902795,41197.86702722
error,0.22187035435511,-0.410573799642427,-0.0662497713415756,0.0975157522940981,0.00950932194548389,7.06087762233422,-0.967593588167624,0,0.00949921639612631,-0.000895828043275995,0.000637139084061216
