signalsNamesOrdered,maxSignals,minSignals,meanSignals,standardDeviationSignals,varianceSignals,kurtosisSignals,skewnessSignals,firstMomentSignals,secondMomentSignals,thirdMomentSignals,fourthMomentSignals
compassSystem,39.947062111658,0,19.6016022437435,11.6905561401801,136.669102866703,1.79499247755438,0.0168042259722399,0,136.568610879301,26.8191402216365,33478.3786310921
compassFilter,39.9199177175282,0,19.590061429361,11.6876724221461,136.601686647394,1.79464349822922,0.0163008696361793,0,136.501244230741,25.9965483661524,33438.8559181763
fullSystem,39.9534112293108,0,19.5980618565461,11.6873102835359,136.593221663644,1.79544322135526,0.0168783964171545,0,136.492785471244,26.9150832746775,33449.6108099955
gyroFilter,0.0462774789360907,-0.0306673216811006,0.00800042718512406,0.00794556375631444,6.31319834056577e-05,6.15846258656087,-0.0969917995396425,0,6.30855628296241e-05,-4.85992973400506e-08,2.45093769632663e-08
gyroSystem,40.9766705317887,0,20.1438450771512,11.9642432630416,143.143116857237,1.79437600351274,0.0229709493739255,0,143.03786456543,39.2966448113326,36712.6292430056
input,40,0,19.6596225365534,11.6823773499072,136.477940545626,1.79183142463805,0.0192282001473078,0,136.377589118754,30.6233816702121,33325.9981830745
error,0.237787818067819,-0.411384509198685,-0.0615606800072205,0.080212271267941,0.00643400846196176,8.96961701787484,-0.641603044661425,0,0.00642927757338679,-0.000330757484501472,0.000370764591937612
