signalsNamesOrdered,maxSignals,minSignals,meanSignals,standardDeviationSignals,varianceSignals,kurtosisSignals,skewnessSignals,firstMomentSignals,secondMomentSignals,thirdMomentSignals,fourthMomentSignals
compassSystem,39.9470621117151,0,19.9232463845487,11.591463356356,134.362022741745,1.80016251417697,-0.00475600884430908,0,134.294707099089,-7.40169180993448,32466.0539929843
compassFilter,39.9431363721952,0,19.9199912567668,11.5948901785511,134.44147825266,1.80013320180139,-0.00433418946537019,0,134.374122802634,-6.75120593219707,32503.9339278158
fullSystem,39.9484742081603,0,19.9268761318753,11.5960222380328,134.467731744952,1.79999595917646,-0.00417427543965054,0,134.400363141874,-6.50401846927753,32514.1507115568
gyroFilter,0.0469480819346657,-0.0258334950938703,0.00688487510851614,0.00732311379479041,5.36279956514495e-05,7.44679897649468,0.681676785481854,0,5.36011279181572e-05,2.67509615531178e-07,2.13952560104962e-08
gyroSystem,40.9766705317887,0,20.4724383200218,11.8646401705261,140.769686376061,1.79940616788184,0.00114235300319306,0,140.699160481083,1.90650341236458,35621.5011168449
input,40,0,19.9804091198098,11.5846064407236,134.203106386455,1.79713690802374,-0.00263116080259595,0,134.135870361211,-4.08756609402345,32334.8631047232
error,0.237486660320816,-0.411474325516885,-0.0535329879344747,0.0773974599962395,0.00599036681386949,9.50932888975233,-0.847894821955175,0,0.005987365628091,-0.000392821864655436,0.000340895625206511
