signalsNamesOrdered,maxSignals,minSignals,meanSignals,standardDeviationSignals,varianceSignals,kurtosisSignals,skewnessSignals,firstMomentSignals,secondMomentSignals,thirdMomentSignals,fourthMomentSignals
compassSystem,39.9466791555182,0,17.0070979470849,12.4584914538269,155.214009305077,1.71481955076408,0.231014822090363,0,155.052664181059,446.024479174744,41226.5404290512
compassFilter,39.9447089299772,0,17.0051760284003,12.4584241781383,155.212333002422,1.71481120395149,0.231029463780499,0,155.050989620922,446.045522151942,41225.4492810485
fullSystem,39.9463102956129,0,17.0071929813555,12.4584246346067,155.212344376175,1.71480908999293,0.231029649039631,0,155.051000982852,446.045928857766,41225.4045016586
gyroFilter,0.00270479857733719,0,0.00201695295512809,0.000225731257534359,5.0954600628043e-08,9.79729624614718,-0.972610646272465,0,5.09016332677228e-08,-1.11695736355882e-11,2.53845620772824e-14
gyroSystem,40.9766705317887,0,17.4985444119827,12.7374784074661,162.243356180666,1.71687361634198,0.237815752553495,0,162.074704043264,490.697080524059,45099.1961665213
input,40,0,17.0749100414192,12.4390491995672,154.729944989254,1.71309641417527,0.234923740964971,0,154.569103050595,451.451331387149,40928.627339048
error,0.223493317102583,-0.41061372528209,-0.0677170600637711,0.0966827261758994,0.00934754954080395,7.00753855119499,-1.00313899931466,0,0.0093378327533395,-0.000905170208331816,0.000611023168585443
