signalsNamesOrdered,maxSignals,minSignals,meanSignals,standardDeviationSignals,varianceSignals,kurtosisSignals,skewnessSignals,firstMomentSignals,secondMomentSignals,thirdMomentSignals,fourthMomentSignals
compassSystem,39.9466789717637,0,17.2075509828001,12.4934534943392,156.086380215217,1.7066366750607,0.195549303616045,0,155.921034473463,380.72670034051,41490.6739414432
compassFilter,39.9450223619081,0,17.2059407999493,12.4933902250318,156.084799314919,1.70662987105804,0.195561992950073,0,155.919455247848,380.745621397233,41489.6680688029
fullSystem,39.9463691393418,0,17.2076378036593,12.49338943412,156.084779552581,1.70662818330903,0.1955622350393,0,155.919435506445,380.746020417143,41489.6165319077
gyroFilter,0.00227812476071065,0,0.00169700370997302,0.000190628902857655,3.63393786047133e-08,9.55242487548508,-0.930168205140803,0,3.63008835002591e-08,-6.43335153684265e-12,1.25877474544056e-14
gyroSystem,40.9766705317887,0,17.7022454728711,12.7744786944233,163.187305914276,1.70809482951653,0.202348581138783,0,163.014438005468,421.15239047306,45390.4115247786
input,40,0,17.2736348118966,12.4754020031272,155.63565513963,1.70444945902229,0.1994113415365,0,155.47078686088,386.565462952818,41198.530074852
error,0.225737169644391,-0.410653931241909,-0.0659970082372619,0.0974273615631604,0.00949209078115878,7.04031957256974,-1.01323274229393,0,0.00948203560024653,-0.000935538334392914,0.000632988086285265
