signalsNamesOrdered,maxSignals,minSignals,meanSignals,standardDeviationSignals,varianceSignals,kurtosisSignals,skewnessSignals,firstMomentSignals,secondMomentSignals,thirdMomentSignals,fourthMomentSignals
compassSystem,39.9466795786529,0,16.9304657194006,12.3819105291772,153.31170835255,1.72845372642287,0.257329402883375,0,153.154304134529,487.734213923855,40543.0269481483
compassFilter,39.9455913518721,0,16.9294009910506,12.3818775869662,153.310892578617,1.72844921159843,0.257336959584255,0,153.153489198146,487.744643690746,40542.4895894869
fullSystem,39.946476469814,0,16.9305160732406,12.3818767372361,153.310871536108,1.72844808940051,0.257337159424964,0,153.153468177241,487.744922042326,40542.4521380054
gyroFilter,0.00150078515201102,0,0.00111508218993951,0.000123555367624987,1.52659288689456e-08,9.47536346372289,-0.878754334990415,0,1.52502554306818e-08,-1.65494344571434e-12,2.20368803525605e-15
gyroSystem,40.9766705317887,0,17.4165135465287,12.662952626092,160.350369210651,1.73045044624421,0.263831660096094,0,160.185738441441,534.887786716656,44402.4426963018
input,40,0,16.9951891011541,12.3659234705885,152.916063280452,1.72661742152751,0.260932204623046,0,152.759065268871,492.649642586561,40291.1908060015
error,0.2225817469772,-0.410435972157461,-0.064673027913555,0.0932484960999414,0.00869528202490079,7.38585894897801,-1.01734307547238,0,0.00868635463062471,-0.000823614089345232,0.000557283418807197
