signalsNamesOrdered,maxSignals,minSignals,meanSignals,standardDeviationSignals,varianceSignals,kurtosisSignals,skewnessSignals,firstMomentSignals,secondMomentSignals,thirdMomentSignals,fourthMomentSignals
compassSystem,39.946679401427,0,17.1376995312366,12.4193093301878,154.23924423889,1.71963651643063,0.219995813268516,0,154.077737176859,420.750124706975,40824.0833594579
compassFilter,39.9445983740344,0,17.1356646115624,12.4192428566357,154.237593132098,1.71962642569702,0.220011178207264,0,154.076087798975,420.772754170875,40822.969785011
fullSystem,39.946289670111,0,17.1377955570257,12.4192429372998,154.237595135672,1.71962436066472,0.220011292493515,0,154.076089800451,420.772980942919,40822.9218228929
gyroFilter,0.0028560583833368,0,0.00213094546323289,0.000238104598992952,5.66938000615943e-08,10.0014518866302,-0.993530784097709,0,5.66344348259277e-08,-1.33906662077465e-11,3.20792489476634e-14
gyroSystem,40.9766705317887,0,17.6294014395028,12.7000076393226,161.290194038854,1.72105462077706,0.226792467033743,0,161.121303783316,463.829190065003,44678.7062304533
input,40,0,17.2029905206743,12.4021924049623,153.814376449705,1.71737192263117,0.223861213860513,0,153.653314275412,426.375020077516,40546.019324305
error,0.224493169404658,-0.410606964694977,-0.0651949636486073,0.0942015100871618,0.00887392450270166,7.61035791074835,-1.14296788641012,0,0.00886463243515956,-0.000953948934575819,0.000598034924719767
