signalsNamesOrdered,maxSignals,minSignals,meanSignals,standardDeviationSignals,varianceSignals,kurtosisSignals,skewnessSignals,firstMomentSignals,secondMomentSignals,thirdMomentSignals,fourthMomentSignals
compassSystem,39.9466802555493,0,16.5277331873925,12.3304804235894,152.040747476522,1.76561754015076,0.314098800795911,0,151.890657893623,587.980432147224,40734.1596291977
compassFilter,39.9428242109468,0,16.5239759161363,12.3303418191886,152.037329378032,1.76560125548263,0.314132037496097,0,151.887243169367,588.022819947388,40731.9524397809
fullSystem,39.94595521637,0,16.5279223929732,12.3303453029429,152.037415289805,1.76559825748033,0.314131213456596,0,151.88732899633,588.021775840386,40731.9293094277
gyroFilter,0.0052539297994656,0,0.0039464768369197,0.00043849482351319,1.92277710247864e-07,11.4271077598572,-1.23012864837009,0,1.92087900069929e-07,-1.03562027921713e-10,4.21634695081368e-13
gyroSystem,40.9766705317887,0,17.0049555547183,12.6098499075657,159.008314691335,1.76831265526434,0.320560321612981,0,158.851346957187,641.794687276128,44621.1602253502
input,40,0,16.5927306919438,12.3144836576018,151.646507753341,1.76410756939426,0.317765756968483,0,151.49680735082,592.532690757581,40488.5314281059
error,0.223789901891123,-0.410505380890121,-0.0648082989705329,0.0951545853670177,0.00905439511636905,7.14576569766273,-0.932092837944098,0,0.00904545691783364,-0.00080187178998095,0.000584668627745757
