signalsNamesOrdered,maxSignals,minSignals,meanSignals,standardDeviationSignals,varianceSignals,kurtosisSignals,skewnessSignals,firstMomentSignals,secondMomentSignals,thirdMomentSignals,fourthMomentSignals
compassSystem,39.9466801142431,0,16.7859384924607,12.3741956812366,153.120718757534,1.74044498609383,0.275145584303119,0,152.965581251194,520.538827327444,40723.7481360202
compassFilter,39.9447882360955,0,16.7840895881319,12.3741360740547,153.119243579221,1.7404373170413,0.275159257006933,0,152.964107567489,520.557171533262,40722.7840269112
fullSystem,39.9463260110811,0,16.7860272503478,12.3741358417358,153.11923782973,1.74043548429997,0.275159356158927,0,152.964101823824,520.557329793232,40722.7380861912
gyroFilter,0.00259873947487321,0,0.00193766221590626,0.00021550414168096,4.64420350816471e-08,9.73770008358646,-0.950024574862339,0,4.63949813480284e-08,-9.49382771492513e-12,2.09603438693677e-14
gyroSystem,40.9766705317887,0,17.2714735607895,12.6520500809997,160.074371252125,1.7428106683086,0.281942282847003,0,159.912188505162,570.141379539291,44566.9941280659
input,40,0,16.8532062804501,12.3555865052305,152.660517888235,1.73883800582805,0.279064785401732,0,152.505846644174,525.575095243528,40441.952174442
error,0.222098298356648,-0.410632156576873,-0.0671790301023349,0.0948546745977715,0.00899740929304912,7.2615815063788,-1.05937279397268,0,0.00898829337684542,-0.000902744132722469,0.000586658942412681
