signalsNamesOrdered,maxSignals,minSignals,meanSignals,standardDeviationSignals,varianceSignals,kurtosisSignals,skewnessSignals,firstMomentSignals,secondMomentSignals,thirdMomentSignals,fourthMomentSignals
compassSystem,39.9466795199599,0,16.8781550352943,12.4478888722764,154.949937376542,1.71976350524647,0.250785800409232,0,154.79068769784,482.970036027907,41205.8035850851
compassFilter,39.945568296405,0,16.8770660052181,12.4478576000821,154.949158831922,1.71975928612533,0.250792906983201,0,154.78990995337,482.980081942371,41205.2884199295
fullSystem,39.9464720992549,0,16.8782036336107,12.4478577759774,154.949163210961,1.71975810461997,0.250793002498143,0,154.789914327907,482.980286360579,41205.2624401742
gyroFilter,0.00153267330526674,0,0.00113762839265864,0.000126225125074553,1.59327822000866e-08,9.41694129155003,-0.849169961745391,0,1.59164072954616e-08,-1.70514842911305e-12,2.38561277086325e-15
gyroSystem,40.9766705317887,0,17.359780343746,12.7342438280967,162.160965873419,1.721654435367,0.256667481910371,0,161.994305065738,529.20077383635,45179.9223319476
input,40,0,16.9394574856075,12.4359381073757,154.65255661048,1.71783578986946,0.253761893334667,0,154.493612564631,487.295273212712,41001.7793106077
error,0.220505159286642,-0.410436699813973,-0.0612538519967218,0.0945300320744992,0.00893592696400584,7.30151042548365,-0.959390551548599,0,0.0089267430719565,-0.000809161088213252,0.000581833576556514
