signalsNamesOrdered,maxSignals,minSignals,meanSignals,standardDeviationSignals,varianceSignals,kurtosisSignals,skewnessSignals,firstMomentSignals,secondMomentSignals,thirdMomentSignals,fourthMomentSignals
compassSystem,39.9466785601852,0,17.2627428164825,12.4764424407897,155.661615978338,1.70778767724623,0.191456452257337,0,155.496194494833,371.235632246783,41292.711820073
compassFilter,39.945466205444,0,17.2615551927429,12.4764072626223,155.660738182815,1.70778248021576,0.191464180266305,0,155.495317632142,371.247476630309,41292.1204538176
fullSystem,39.9464521725802,0,17.2627970097248,12.476406753273,155.660725473116,1.70778120355127,0.191464348018319,0,155.49530493595,371.247756431517,41292.0828426126
gyroFilter,0.0016714561686797,0,0.00124181698183467,0.000138930046204574,1.9301557738405e-08,9.44990879452221,-0.885860381921871,0,1.92810459873546e-08,-2.37170770778896e-12,3.51308613333029e-15
gyroSystem,40.9766705317887,0,17.7588770404183,12.7573883904123,162.750958543825,1.70953588752443,0.198010234920976,0,162.578003221249,410.468956140297,45185.7809560898
input,40,0,17.3291800962695,12.458515871874,155.214617729737,1.70596290969484,0.195049332694644,0,155.049671270938,376.574357287754,41012.0316916586
error,0.222150119491087,-0.410607137314113,-0.0663830865447653,0.0963650509408591,0.00928622304283438,7.09080563121795,-0.890736537019457,0,0.00927635458051468,-0.000795820785811238,0.000610169173185354
