signalsNamesOrdered,maxSignals,minSignals,meanSignals,standardDeviationSignals,varianceSignals,kurtosisSignals,skewnessSignals,firstMomentSignals,secondMomentSignals,thirdMomentSignals,fourthMomentSignals
compassSystem,39.9466800046254,0,16.6677419120616,12.4347895754912,154.623991786745,1.72995538216333,0.281336934626374,0,154.467963540744,540.112691818335,41277.3439482569
compassFilter,39.9455905914607,0,16.6666733983265,12.4347611749286,154.623285477511,1.72995201402878,0.281343217126365,0,154.467257944234,540.121052145854,41276.8864821895
fullSystem,39.9464766727919,0,16.6677897986507,12.4347603856217,154.623265847826,1.72995101612614,0.281343326935444,0,154.467238334357,540.121160102734,41276.8521917661
gyroFilter,0.00150273351576402,0,0.00111640032420447,0.00012320361551681,1.5179130876414e-08,9.45655731710011,-0.868001234218593,0,1.5163813892684e-08,-1.62081337246223e-12,2.17445262694726e-15
gyroSystem,40.9766705317887,0,17.1464114477179,12.7187231817063,161.765919372873,1.73240731790674,0.287377515471006,0,161.602684338188,590.37185008961,45242.5578590513
input,40,0,16.731017469781,12.4208662928505,154.277919464871,1.72844878904587,0.284499384724457,0,154.122240434129,544.351346993884,41056.9934984902
error,0.223850590955584,-0.41043436909704,-0.0632276711302638,0.0964928649475171,0.00931087298577978,6.82504703741367,-0.851977650932658,0,0.00930147755390714,-0.000764286372577151,0.000590485902539564
