signalsNamesOrdered,maxSignals,minSignals,meanSignals,standardDeviationSignals,varianceSignals,kurtosisSignals,skewnessSignals,firstMomentSignals,secondMomentSignals,thirdMomentSignals,fourthMomentSignals
compassSystem,39.9466791624701,0,17.2846107285418,12.399818962734,153.755510308577,1.71864567052522,0.203947270023999,0,153.592806064865,388.216695518485,40544.1404806335
compassFilter,39.9456374553897,0,17.2835875444227,12.399790442589,153.75480302012,1.71863993415807,0.203954534423702,0,153.592099524861,388.227844575382,40543.6321445265
fullSystem,39.9464847706957,0,17.2846551184457,12.399789198149,153.754772158533,1.71863874926904,0.203954858858557,0,153.592068695932,388.228345250218,40543.5879165802
gyroFilter,0.00143728768154006,0,0.00106757402305521,0.000119010834612899,1.41635787552589e-08,9.45540280978039,-0.872405486316693,0,1.41485908412322e-08,-1.46820997176907e-12,1.89280733402235e-15
gyroSystem,40.9766705317887,0,17.7822633578074,12.6773985342137,160.716433595284,1.720242053549,0.210982114333614,0,160.546363295183,429.186792457769,44339.4707626175
input,40,0,17.352338690869,12.3800488275768,153.265608973185,1.71663737765031,0.208012699972939,0,153.103423143584,394.064400248627,40239.1099855656
error,0.220913131817761,-0.41046512359342,-0.0676835724233316,0.091670724546856,0.00840352173894555,7.85881008454557,-1.22512900347045,0,0.00839462912334879,-0.000942288936141866,0.000553808760110152
