signalsNamesOrdered,maxSignals,minSignals,meanSignals,standardDeviationSignals,varianceSignals,kurtosisSignals,skewnessSignals,firstMomentSignals,secondMomentSignals,thirdMomentSignals,fourthMomentSignals
compassSystem,39.9466812503419,0,16.5554866296841,11.9860599677627,143.665633550804,1.86227393006237,0.351534543102809,0,143.529069260357,604.474256515663,38363.9486336732
compassFilter,39.9453702671659,0,16.5541993445024,11.9860254540508,143.664806185154,1.86226884995806,0.351544077246645,0,143.528242681175,604.485428908643,38363.4021095533
fullSystem,39.9464363590793,0,16.5555433463495,11.9860234949917,143.664759222493,1.86226743969125,0.351544571854568,0,143.528195763156,604.485982993334,38363.3479763139
gyroFilter,0.00180621277698023,0,0.00134400184707007,0.000149494702123233,2.23486659629143e-08,8.90934693996868,-0.828004805864991,0,2.23274219838621e-08,-2.76242647933915e-12,4.4414321530691e-15
gyroSystem,40.9766705317887,0,17.0360362581314,12.2542237762086,150.166000357396,1.86534268647466,0.358931842739505,0,150.023257011049,659.553263013408,41983.2261432634
input,40,0,16.6226576232338,11.9674391213758,143.219599123836,1.8607828526969,0.356034248700152,0,143.083458820486,609.362777218005,38095.5769560799
error,0.221097794954324,-0.410405206686254,-0.0671142768843796,0.0900220910611977,0.00810397687903057,7.95197536717752,-1.25009663014458,0,0.00809627347895545,-0.000910691616675454,0.000521249156371739
