signalsNamesOrdered,maxSignals,minSignals,meanSignals,standardDeviationSignals,varianceSignals,kurtosisSignals,skewnessSignals,firstMomentSignals,secondMomentSignals,thirdMomentSignals,fourthMomentSignals
compassSystem,39.946679459024,0,16.9082044667837,12.4741756485411,155.605058110656,1.7190702569698,0.239244294139894,0,155.444474975351,463.665224422435,41537.8684899164
compassFilter,39.943235469161,0,16.9048349416872,12.4740671264095,155.602350674169,1.71905373104722,0.239269995839184,0,155.441770332916,463.702932865914,41536.0237318116
fullSystem,39.9460323665876,0,16.9083600677587,12.4740691430366,155.602400985258,1.7190505809556,0.239269856644451,0,155.441820592084,463.70288800217,41535.9744785809
gyroFilter,0.00469784865671841,0,0.0035251260715545,0.000392837481965941,1.54321287237341e-07,11.3196135530242,-1.20230544495631,0,1.54162028942978e-07,-7.27747865220492e-11,2.69021156547445e-13
gyroSystem,40.9766705317887,0,17.3941934387505,12.7568084109397,162.736160833422,1.7209353071465,0.245730344380283,0,162.568218458981,509.345248296279,45481.6108184184
input,40,0,16.9732530850858,12.457760504201,155.195796780029,1.71718362248006,0.242847244714389,0,155.035635999039,468.79231460408,41274.3087124921
error,0.222817682287975,-0.41055216357138,-0.0648930173270623,0.0954583472897738,0.00911229606729506,7.32634580437402,-1.01713853868313,0,0.00910289225298413,-0.000883383357384172,0.000607080408894409
