signalsNamesOrdered,maxSignals,minSignals,meanSignals,standardDeviationSignals,varianceSignals,kurtosisSignals,skewnessSignals,firstMomentSignals,secondMomentSignals,thirdMomentSignals,fourthMomentSignals
compassSystem,39.9466788325373,0,17.2784693695234,12.4887111501724,155.967906192439,1.7071494085721,0.18621302507856,0,155.801806185845,362.133571213259,41439.6909719677
compassFilter,39.9444491927983,0,17.2762952268448,12.4886325434962,155.965942806473,1.70713850441436,0.186229964084449,0,155.799844890812,362.159674339662,41438.382976876
fullSystem,39.9462610832733,0,17.2785781280877,12.4886328159684,155.965949612082,1.70713617109825,0.186230146087481,0,155.799851689172,362.160051983661,41438.3299552546
gyroFilter,0.00305664323200361,0,0.00228290124291128,0.000256420875797319,6.5751665544664e-08,10.0842777322498,-1.01656245641165,0,6.56816424716664e-08,-1.71119724763173e-11,4.3504362301644e-14
gyroSystem,40.9766705317887,0,17.7742928764035,12.7701324383735,163.076282493598,1.70840137695008,0.193020754314515,0,162.902612331198,401.324877362459,45336.2934111188
input,40,0,17.3440689340002,12.471061874603,155.527384280175,1.70480483932215,0.190074864319322,0,155.361753412997,368.078847311541,41149.3422453335
error,0.224031411430448,-0.41059851282732,-0.0654908059124791,0.0974023740130274,0.00948722246337367,7.06627498210932,-1.02968891672615,0,0.00947711892507402,-0.000949993281389387,0.000634663021259385
