signalsNamesOrdered,maxSignals,minSignals,meanSignals,standardDeviationSignals,varianceSignals,kurtosisSignals,skewnessSignals,firstMomentSignals,secondMomentSignals,thirdMomentSignals,fourthMomentSignals
compassSystem,24.9472951915855,0,10.0008372995312,7.64961543087867,58.5166162403371,1.83482616983262,0.382458817153203,0,58.4291474567193,170.816178596681,6264.03282491768
compassFilter,24.9459707778243,0,9.99955330366831,7.64955752576686,58.5157303400164,1.83481683013824,0.382482169909343,0,58.4282628806143,170.822729275524,6263.81127584383
fullSystem,24.9473122318063,0,10.000907149142,7.64954877313806,58.515596432618,1.83481356029292,0.382481709883777,0,58.4281291733765,170.821937455594,6263.77144491568
gyroFilter,0.00173688049475018,0,0.0013538454736838,0.000150501504612356,2.26507028905829e-08,12.4389605712889,-1.3411138303553,0,2.26168453376822e-08,-4.56156306504965e-12,6.36279817094214e-15
gyroSystem,25.5108674758706,0,10.3227795777182,7.79460515080939,60.7558694570243,1.82421316587373,0.38737754409405,0,60.665053508658,183.038445583901,6713.55816362135
input,25,0,10.0702018445401,7.62716816603092,58.1736942329154,1.83254148707995,0.391318609818327,0,58.0867380382474,173.239126348398,6183.1216718567
error,0.224657166935391,-0.410415688207167,-0.0692946953981415,0.115987234211434,0.0134530385000181,4.86376225923055,-0.659262347918388,0,0.0134329293243828,-0.00102639462127118,0.00087763472409953
