signalsNamesOrdered,maxSignals,minSignals,meanSignals,standardDeviationSignals,varianceSignals,kurtosisSignals,skewnessSignals,firstMomentSignals,secondMomentSignals,thirdMomentSignals,fourthMomentSignals
compassSystem,39.94668306506,0,16.4114852065482,11.8180058021746,139.665261140233,1.93031673715955,0.377356662068544,0,139.53747956554,621.99706141616,37584.6339295723
compassFilter,39.9441983613945,0,16.4090607671756,11.8179210591254,139.663258159718,1.93030686893801,0.377379913725109,0,139.535478417578,622.022005986125,37583.3637770119
fullSystem,39.9462172125114,0,16.411606462187,11.8179213933061,139.663266058362,1.93030390660941,0.377379620681568,0,139.535486308995,622.02157574035,37583.3103510718
gyroFilter,0.00340463032873828,0,0.00254569501142317,0.00028138901034653,7.91797751437998e-08,9.72128534931791,-0.975407748053838,0,7.91073325315914e-08,-2.17025773030962e-11,6.08355126633124e-14
gyroSystem,40.9766705317887,0,16.8861941808541,12.0847083211139,146.040175206401,1.93350317301889,0.38462383666292,0,145.906561139423,677.873143871482,41161.8165317849
input,40,0,16.476503843679,11.8016904264654,139.279896922125,1.92873114314936,0.381747104435158,0,139.152467922197,626.631353880942,37346.8106100785
error,0.224254521732282,-0.41063173280146,-0.0648973814920668,0.0884500577031701,0.00782341270769412,8.49510340993774,-1.24456130023951,0,0.00781625496505213,-0.00086003152083273,0.000518998502770939
