signalsNamesOrdered,maxSignals,minSignals,meanSignals,standardDeviationSignals,varianceSignals,kurtosisSignals,skewnessSignals,firstMomentSignals,secondMomentSignals,thirdMomentSignals,fourthMomentSignals
compassSystem,39.9466793514495,0,17.1759533612773,12.4134798659942,154.094482383443,1.71491379340024,0.218211118260333,0,153.932618431359,416.747362793668,40635.3128073648
compassFilter,39.9456005250094,0,17.1748951538291,12.4134488197935,154.093711601633,1.71490809120083,0.218218819622295,0,153.931848459194,416.758944162126,40634.7711783801
fullSystem,39.9464780025565,0,17.1759999126206,12.4134486653634,154.093707767613,1.71490694427236,0.218218941650388,0,153.931844629201,416.759161659838,40634.7419798202
gyroFilter,0.00148831361206447,0,0.00110475879154538,0.00012320196702942,1.51787246799184e-08,9.41192104655031,-0.86137023474955,0,1.5162780641389e-08,-1.60826695466838e-12,2.16389398454179e-15
gyroSystem,40.9766705317887,0,17.6696189426897,12.6936418021243,161.128542200636,1.7169283841474,0.224676741143484,0,160.959289530257,458.809271666587,44481.9966695703
input,40,0,17.2420603505332,12.3961519242405,153.664582528852,1.71320038872002,0.2217473170546,0,153.503170152247,421.729904365886,40368.5232258965
error,0.22244970104226,-0.410447276856789,-0.0660604379126048,0.0932313069699071,0.00869207659931704,7.2867693804558,-0.946592807071251,0,0.00868294626675474,-0.000765885540278106,0.000549375454407037
