signalsNamesOrdered,maxSignals,minSignals,meanSignals,standardDeviationSignals,varianceSignals,kurtosisSignals,skewnessSignals,firstMomentSignals,secondMomentSignals,thirdMomentSignals,fourthMomentSignals
compassSystem,39.9466831830889,0,16.2562026981977,11.687111816786,136.58858261806,1.97968159531139,0.401394917504931,0,136.468134132506,639.909782816475,36868.7024083843
compassFilter,39.9446652085129,0,16.2542267755996,11.6870523968234,136.587193726095,1.97967509398707,0.401411881955152,0,136.466746465314,639.927067088703,36867.831542988
fullSystem,39.946305334801,0,16.256291624475,11.687053065496,136.58720935572,1.97967303878263,0.401412136558125,0,136.466762081156,639.927582814397,36867.801706098
gyroFilter,0.00277058410628328,0,0.00206484887548503,0.000227024273335909,5.15400206836976e-08,9.20238778542829,-0.891558541666539,0,5.14945709300083e-08,-1.04181841788198e-11,2.44018873531808e-14
gyroSystem,40.9766705317887,0,16.7267296778088,11.9514840137534,142.837970131002,1.98323879472763,0.408573205572685,0,142.712010721715,696.56342946334,40392.0652672766
input,40,0,16.3203128836924,11.6717442611788,136.22961409836,1.97830614679981,0.405759883750659,0,136.109482163529,644.32010045913,36649.6864763516
error,0.223544759438804,-0.410609632235291,-0.0640212592173147,0.090901353526526,0.00826305607295447,7.92141868219085,-1.06628703014267,0,0.00825576942738749,-0.000799853518265131,0.000539905906554505
