signalsNamesOrdered,maxSignals,minSignals,meanSignals,standardDeviationSignals,varianceSignals,kurtosisSignals,skewnessSignals,firstMomentSignals,secondMomentSignals,thirdMomentSignals,fourthMomentSignals
compassSystem,39.9470621058956,0,18.836835807365,11.8722186750772,140.949576268852,1.77919796812771,0.0795784272278448,0,140.7327307669,132.858095844487,35238.2638823503
compassFilter,39.9227728280221,0,18.8128253933407,11.8717458570706,140.938349694872,1.77905897787328,0.0797040578235342,0,140.721521464572,133.051941262952,35229.8983193621
fullSystem,39.9095367347934,0,18.8381282975441,11.8723359883422,140.952361820085,1.77903301196916,0.0796611439178062,0,140.73551203267,133.000135920602,35236.3895045373
gyroFilter,0.0667076009122951,-0.0148499117032159,0.0253029042034172,0.0105047664211154,0.000110350117562193,5.84797582773825,0.190947132073168,0,0.000110180348150559,2.20835734674781e-07,7.09927254812196e-08
gyroSystem,40.9766705317887,0,19.3636725687374,12.1458653598638,147.52204533994,1.7786620599089,0.08635505546774,0,147.29508834711,154.372581007573,38589.5728928771
input,40,0,18.8972041118423,11.8602328378289,140.665122967515,1.77566581260844,0.0829683305065383,0,140.448715086027,138.098514447051,35026.5024995647
error,0.238529002439612,-0.410313929047727,-0.0590758142981945,0.0872346781701056,0.00760988907544189,8.01853495966655,-0.968915411351886,0,0.00759818155378737,-0.000641727075936619,0.000462928970412774
