signalsNamesOrdered,maxSignals,minSignals,meanSignals,standardDeviationSignals,varianceSignals,kurtosisSignals,skewnessSignals,firstMomentSignals,secondMomentSignals,thirdMomentSignals,fourthMomentSignals
compassSystem,39.9466785865957,0,17.1590654706549,12.4895583092146,155.989066759273,1.70794670045547,0.203123380930084,0,155.824521330202,395.105994549742,41471.1345315775
compassFilter,39.9448557410965,0,17.1572932634952,12.4894895485298,155.987349182834,1.70793937654461,0.203137202064573,0,155.822805565552,395.126352645557,41470.0434394521
fullSystem,39.9463374730647,0,17.1591594154198,12.4894898951176,155.987357840246,1.70793747604114,0.203137322032466,0,155.822814213832,395.126618892296,41470.0018970391
gyroFilter,0.00250584679882238,0,0.00186615192458636,0.00020861806113302,4.35214954309003e-08,9.81577708930961,-0.947365778973747,0,4.34755866804457e-08,-8.58787807337668e-12,1.85530617414094e-14
gyroSystem,40.9766705317887,0,17.6521912289381,12.7713315508734,163.106909582335,1.70965240305708,0.209665627816782,0,162.934855880244,436.061997738589,45387.4540930827
input,40,0,17.2249702208362,12.4721234737561,155.553863944617,1.70599995287208,0.206753350957436,0,155.389777590245,400.484972641893,41193.0458251553
error,0.223987288961739,-0.410644416094145,-0.0658108054164293,0.0978011585935869,0.00956506662224794,7.03910020083003,-0.92253910279302,0,0.00955497688952405,-0.000861646731048244,0.000642652837360018
