signalsNamesOrdered,maxSignals,minSignals,meanSignals,standardDeviationSignals,varianceSignals,kurtosisSignals,skewnessSignals,firstMomentSignals,secondMomentSignals,thirdMomentSignals,fourthMomentSignals
compassSystem,39.946682457255,0,16.1336156314928,11.9605051960721,143.053684545268,1.90719996359136,0.395857099610635,0,142.923517407374,676.385022211815,38958.6250788207
compassFilter,39.9423023607791,0,16.1293291065069,11.9603758640257,143.050590808769,1.9071871649885,0.395891368134895,0,142.920426485922,676.421632011324,38956.6785998214
fullSystem,39.9458582999373,0,16.1338154202329,11.9603784998845,143.0506538605,1.90718306556423,0.39589015733714,0,142.920489480281,676.420010450685,38956.6292053989
gyroFilter,0.00594958913449517,0,0.00448631372597829,0.000492829640435214,2.42881054491502e-07,11.6744989489045,-1.28493802018459,0,2.42660052622083e-07,-1.53595895690535e-10,6.87440041949428e-13
gyroSystem,40.9766705317887,0,16.6008949153683,12.2315726683101,149.611369940151,1.91073237758091,0.40270346446378,0,149.475235845574,735.934625558806,42691.199509982
input,40,0,16.1976400758036,11.9455151812261,142.695332944903,1.9059087691009,0.399848680119666,0,142.565491877619,680.639723808667,38737.4422573522
error,0.221458737128653,-0.410195708507884,-0.0638246555706519,0.0934297770223649,0.00872912323444883,7.64139978380667,-1.06469029932627,0,0.00872118044715633,-0.000867133981389899,0.000581197137454128
