signalsNamesOrdered,maxSignals,minSignals,meanSignals,standardDeviationSignals,varianceSignals,kurtosisSignals,skewnessSignals,firstMomentSignals,secondMomentSignals,thirdMomentSignals,fourthMomentSignals
compassSystem,39.9466805555953,0,16.6511988470488,12.2679013057042,150.501402446498,1.77446673571655,0.307670513901816,0,150.352243474797,567.21896897107,40113.2350200786
compassFilter,39.9452595619279,0,16.6498003948102,12.2678690574231,150.50061121008,1.77446132398787,0.307678794632277,0,150.351453022557,567.229762055973,40112.6909085364
fullSystem,39.946415006959,0,16.6512548556553,12.2678695803604,150.500624040731,1.77445971939418,0.307678904032832,0,150.351465840493,567.23003628161,40112.661475259
gyroFilter,0.00195689426456624,0,0.00145446084509456,0.000160712817069682,2.58286095704732e-08,9.4557127912237,-0.894784238852241,0,2.58030113449326e-08,-3.7087188840003e-12,6.2955700277968e-15
gyroSystem,40.9766705317887,0,17.1321958159727,12.5447229407552,157.370073660309,1.77705764046756,0.314415173509334,0,157.214107284035,619.784580990025,43922.2462729171
input,40,0,16.7167840215823,12.2510684018543,150.088676986913,1.77285715749731,0.311549822481132,0,149.939927059275,572.009775705762,39857.3422186211
error,0.224170435656917,-0.410170173799768,-0.0655291659270075,0.0927228142224358,0.00859752027732834,7.45624523521316,-1.05892662635172,0,0.00858899944454605,-0.000842907136097653,0.00055005400705912
