signalsNamesOrdered,maxSignals,minSignals,meanSignals,standardDeviationSignals,varianceSignals,kurtosisSignals,skewnessSignals,firstMomentSignals,secondMomentSignals,thirdMomentSignals,fourthMomentSignals
compassSystem,39.9466796019804,0,16.8931693822589,12.4091622230694,153.987307078453,1.72681875438951,0.255967756471054,0,153.829371378886,488.364582117201,40862.5332854044
compassFilter,39.9456539361649,0,16.8921611887178,12.4091370391214,153.986682055693,1.72681467747714,0.255973826357248,0,153.828746997175,488.373189521303,40862.1050971194
fullSystem,39.9464882155181,0,16.8932127428061,12.4091357912349,153.986651085306,1.7268137799864,0.255973966029612,0,153.828716058552,488.373308667318,40862.0674228678
gyroFilter,0.00141531803202,0,0.00105155408835982,0.000116721763527755,1.36239700810293e-08,9.35951382662535,-0.854334297518362,0,1.36099967783821e-08,-1.35648462364096e-12,1.73368158032634e-15
gyroSystem,40.9766705317887,0,17.3774184039968,12.6920902969386,161.089156105643,1.72888975498801,0.262179146935386,0,160.923936458356,535.216036285811,44772.2165779401
input,40,0,16.9568053658795,12.3946389820229,153.627075494682,1.72505625040835,0.259265437075906,0,153.469509263405,492.921522278477,40630.0605815702
error,0.224661226960188,-0.410457771493636,-0.0635926230733157,0.0943590203018738,0.00890362471232944,7.44246187165825,-0.98462911946556,0,0.00889449278954756,-0.000825951329443506,0.000588788058351363
