signalsNamesOrdered,maxSignals,minSignals,meanSignals,standardDeviationSignals,varianceSignals,kurtosisSignals,skewnessSignals,firstMomentSignals,secondMomentSignals,thirdMomentSignals,fourthMomentSignals
compassSystem,39.9470621009268,0,18.591736161022,12.1176252176513,146.836840915459,1.74209751918453,0.0836144253938638,0,146.498507180631,148.262394021065,37388.5704983831
compassFilter,39.9127557312705,0,18.5578799853558,12.116886454715,146.818937356456,1.74190392668275,0.0837979776040133,0,146.480644874068,148.560688103154,37375.2997754306
fullSystem,39.9432882188521,0,18.5927800938507,12.1173020643962,146.829009319821,1.74194421817145,0.0837181013900245,0,146.490693630144,148.434352952306,37381.2925724089
gyroFilter,0.0408341621301892,0,0.0349001084948674,0.00344821335062389,1.18901753114208e-05,52.500796793376,-5.49976299991935,0,1.18627785941134e-05,-2.24710627348544e-07,7.3882017177391e-09
gyroSystem,40.9766705317887,0,19.112232380862,12.39916702421,153.739342894258,1.74273876477788,0.0893246933947688,0,153.38510477699,169.686118383032,41001.3981319078
input,40,0,18.6514506645134,12.1077132777556,146.59672081634,1.73975026000845,0.086040985898593,0,146.258940353629,152.191014503837,37216.1767246664
error,0.238546101591228,-0.409244669332176,-0.0586705706626746,0.0895889813063175,0.00802618557150371,7.82973863670022,-0.763262899743932,0,0.008007692056362,-0.000546934347963375,0.000502067364670975
