signalsNamesOrdered,maxSignals,minSignals,meanSignals,standardDeviationSignals,varianceSignals,kurtosisSignals,skewnessSignals,firstMomentSignals,secondMomentSignals,thirdMomentSignals,fourthMomentSignals
compassSystem,39.9470621117107,0,19.9180851837292,11.6078445762713,134.742055706871,1.79848360533315,-0.0111991274195811,0,134.671877552857,-17.5024787224764,32618.2241724807
compassFilter,39.939661818312,0,19.9063941527925,11.6032522366089,134.635462466369,1.79883343250168,-0.0113538499867962,0,134.565339829668,-17.7232339601311,32572.971223513
fullSystem,39.9465810221109,0,19.9147632254738,11.6055682534134,134.689214484638,1.79915628008403,-0.0108163017055375,0,134.619063852094,-16.894239319225,32604.8360953645
gyroFilter,0.0531276397723914,-0.0282729895313807,0.00836907268139961,0.00749828768869069,5.62243182623704e-05,8.0273920415719,0.79817748416219,0,5.61950347632754e-05,3.36237686560741e-07,2.53495562895276e-08
gyroSystem,40.9766705317887,0,20.4671825546758,11.8811012799182,141.160567623673,1.7976646103652,-0.00523878805744563,0,141.087046494702,-8.77933340019221,35783.5112133821
input,40,0,19.9753366807841,11.6007745761116,134.577970765758,1.79539591316841,-0.00902426060360115,0,134.507878072651,-14.0777487754315,32482.965835414
error,0.236727938968377,-0.411536974804061,-0.0605734553102055,0.0775835033608263,0.00601919999373934,9.43551103304266,-0.602120646762976,0,0.0060160649937426,-0.000280965048981526,0.00034149980945264
