signalsNamesOrdered,maxSignals,minSignals,meanSignals,standardDeviationSignals,varianceSignals,kurtosisSignals,skewnessSignals,firstMomentSignals,secondMomentSignals,thirdMomentSignals,fourthMomentSignals
compassSystem,24.9501982366765,0,12.293692955551,7.3525796385352,54.0604273410025,1.80361661910743,-0.00268569767559273,0,53.8475910128883,-1.06122272592169,5229.70011936269
compassFilter,23.7417520942517,0,11.1633074269556,7.2340155248966,52.3309806144451,1.76045512010277,0.0424014974949127,0,52.124953131711,15.956943638861,4783.17546681695
fullSystem,24.9518471854583,0,12.32046962899,7.34224245409714,53.9085242547464,1.79760603330946,-0.00156325703493994,0,53.6962859702789,-0.615101467802455,5183.02152568639
gyroFilter,1.27184144173253,0,1.15716220203439,0.222755830564436,0.0496201600504519,17.1222522757612,-3.74874110310483,0,0.0494248050896233,-0.041191053162613,0.0418264323362921
gyroSystem,25.5108674758706,0,12.6571247668262,7.50127207398283,56.2690827279146,1.79180509045375,-0.00359641598317715,0,56.0475509061512,-1.50905434188442,5628.64743413125
input,25,0,12.352582457813,7.34237084770843,53.9104096652786,1.79735223557851,0.00199717145338172,0,53.698163957935,0.78587686631656,5182.65225273744
error,0.0403724365156659,-0.153324244046154,-0.0321128288230206,0.0339208400913721,0.00115062339250443,4.02427581083833,-0.705266594570923,0,0.00114609337914812,-2.73642354886283e-05,5.28600714153783e-06
