signalsNamesOrdered,maxSignals,minSignals,meanSignals,standardDeviationSignals,varianceSignals,kurtosisSignals,skewnessSignals,firstMomentSignals,secondMomentSignals,thirdMomentSignals,fourthMomentSignals
compassSystem,39.9466813825588,0,16.4944804513965,12.0381151101629,144.916215405532,1.84622944691079,0.358249646397623,0,144.778068393706,624.079529496814,38698.2414214614
compassFilter,39.9456418443931,0,16.4934609934873,12.0380865372792,144.915527479022,1.84622542952348,0.358257322840374,0,144.777381122988,624.08845813744,38697.7898098898
fullSystem,39.9464873990374,0,16.4945257505718,12.0380858356171,144.915510585685,1.84622429038178,0.358257639731667,0,144.777364245756,624.088901037263,38697.7569106401
gyroFilter,0.00143398932215533,0,0.00106475708450805,0.000117653476671045,1.38423405727842e-08,8.99502674284325,-0.801974446409096,0,1.38291448239064e-08,-1.3042279935649e-12,1.72025610725405e-15
gyroSystem,40.9766705317887,0,16.9711441987805,12.3105197878133,151.548897446144,1.84927489007706,0.365025817531438,0,151.404427572506,680.035282077036,42391.4843610367
input,40,0,16.5594194846576,12.0222153670354,144.533662331381,1.84473087983453,0.362203153028379,0,144.395880003134,628.46982325849,38462.9527474235
error,0.222837824417522,-0.410464704793329,-0.064893734085717,0.0905093499943901,0.008191942436407,7.99568843003905,-1.09864304088322,0,0.00818413314905104,-0.00081342148383903,0.000535551494102549
