signalsNamesOrdered,maxSignals,minSignals,meanSignals,standardDeviationSignals,varianceSignals,kurtosisSignals,skewnessSignals,firstMomentSignals,secondMomentSignals,thirdMomentSignals,fourthMomentSignals
compassSystem,39.9466795683501,0,16.8840741450567,12.396760112484,153.679661286473,1.73173780887216,0.258382369390827,0,153.522363782597,491.496409268711,40815.5296130245
compassFilter,39.9450761320612,0,16.8825084822695,12.3967089487177,153.678392759217,1.73173186901643,0.258393425788581,0,153.521096553731,491.511355080929,40814.7158088126
fullSystem,39.9463797316749,0,16.8841490899963,12.3967099071632,153.678416522358,1.73172991187439,0.258393663257749,0,153.52112029255,491.511920793532,40814.682303733
gyroFilter,0.00220501107562754,0,0.00164060772679285,0.000182759172910598,3.34009152829658e-08,9.5550117085236,-0.905081923881399,0,3.33667280615912e-08,-5.5164326992539e-12,1.06379627999288e-14
gyroSystem,40.9766705317887,0,17.371455050624,12.6752403849057,160.661718815145,1.73372659479118,0.265324374421115,0,160.497274885958,539.484092248752,44659.7139288819
input,40,0,16.9510015194824,12.3780978033612,153.217305229575,1.72986640887078,0.262427239871239,0,153.060480966289,496.939505194398,40526.4640345559
error,0.224775051130931,-0.410696699750703,-0.0668524294861473,0.0946281077565264,0.00895447877758077,7.35640068746624,-1.10177732162111,0,0.00894531349735807,-0.000932152947195549,0.000588649130975153
