signalsNamesOrdered,maxSignals,minSignals,meanSignals,standardDeviationSignals,varianceSignals,kurtosisSignals,skewnessSignals,firstMomentSignals,secondMomentSignals,thirdMomentSignals,fourthMomentSignals
compassSystem,39.9470621113601,0,19.4928121854451,11.7925198050624,139.063523352789,1.78143322919395,0.0214215828753717,0,138.922770798788,35.0761334260966,34380.8351773923
compassFilter,39.9332165707201,0,19.4790661507043,11.7923309807076,139.059069958556,1.78136192484842,0.0214756655229688,0,138.918321912039,35.1630002814521,34377.2571244096
fullSystem,39.9473327703215,0,19.4943991112584,11.7932969477378,139.081852897521,1.78171957148161,0.0216203674571937,0,138.941081791349,35.4086268279208,34395.4267738972
gyroFilter,0.054862379686341,-0.0250268863568053,0.0153329605540649,0.00803796074281716,6.46088129030697e-05,7.00449604376415,0.54737498694536,0,6.45434193677427e-05,2.83833009644772e-07,2.91797007430918e-08
gyroSystem,40.9766705317887,0,20.0339304709635,12.0677560921317,145.630737099182,1.78061757975455,0.027676231339877,0,145.483337567705,48.5653849789923,37687.4860109823
input,40,0,19.5515717333793,11.7832002714383,138.843808636825,1.77812745678598,0.0240804056225331,0,138.70327846614,39.3363344444606,34208.6819250539
error,0.238193699814205,-0.411067802329573,-0.0571726221208368,0.0814574086150732,0.00663530941828299,9.01040583539322,-0.871991829060499,0,0.00662859351806206,-0.000470591953605839,0.000395901482467315
