signalsNamesOrdered,maxSignals,minSignals,meanSignals,standardDeviationSignals,varianceSignals,kurtosisSignals,skewnessSignals,firstMomentSignals,secondMomentSignals,thirdMomentSignals,fourthMomentSignals
compassSystem,39.9466804636724,0,16.6165829051618,12.2853275129992,150.929272101656,1.7714821497774,0.309924814943262,0,150.779837178783,573.81415265209,40273.8659824039
compassFilter,39.945427044256,0,16.6153534676381,12.2852940623292,150.928450197901,1.77147772892607,0.309932910436626,0,150.779016088795,573.824453875498,40273.3268460903
fullSystem,39.9464463752858,0,16.6166390322035,12.2852920262568,150.928400170409,1.77147660079533,0.309933180615281,0,150.778966110835,573.82466879277,40273.2745004429
gyroFilter,0.00172728594156624,0,0.00128556456536989,0.000142085244135804,2.01882166011311e-08,9.3656758307288,-0.900363066980716,0,2.01682282678626e-08,-2.57880969377209e-12,3.80955824483746e-15
gyroSystem,40.9766705317887,0,17.0977482263631,12.5614897878456,157.79102569015,1.77419565913889,0.316772580817421,0,157.634796951843,626.939625923633,44086.5074995863
input,40,0,16.6831517726412,12.2674468214429,150.490251516929,1.76999797272267,0.313911672212899,0,150.341251267903,578.661655475611,40006.3647225343
error,0.221344831044465,-0.410383184046418,-0.0665127404377004,0.0940269990571786,0.00884107655169866,7.32317677148617,-1.10451047646107,0,0.00883232301055836,-0.00091681614961547,0.000571280505584489
