signalsNamesOrdered,maxSignals,minSignals,meanSignals,standardDeviationSignals,varianceSignals,kurtosisSignals,skewnessSignals,firstMomentSignals,secondMomentSignals,thirdMomentSignals,fourthMomentSignals
compassSystem,39.9466789044383,0,17.0564658418066,12.5026788605694,156.316978690528,1.70891654309482,0.214299546068294,0,156.153295990329,418.165293066778,41669.9678085194
compassFilter,39.9428958610246,0,17.0527734283824,12.5025520089671,156.313806736928,1.70889924924196,0.21432711815197,0,156.150127358146,418.206365241034,41667.8550343492
fullSystem,39.945967686644,0,17.0566462551021,12.5025537780317,156.313850972576,1.70889600436003,0.214326904143446,0,156.150171547474,418.20612518011,41667.7994981863
gyroFilter,0.00515261488693497,0,0.00387282671967185,0.000435736846267126,1.89866599194821e-07,11.4237566471571,-1.25749757498841,0,1.89667786001946e-07,-1.03871766674381e-10,4.10956725648258e-13
gyroSystem,40.9766705317887,0,17.5477622014927,12.7840047161522,163.430776582601,1.71075055142537,0.220947379797721,0,163.259644879374,460.900444423227,45597.8518961652
input,40,0,17.1230052192626,12.4844692731426,155.861973032042,1.70705028894553,0.218065204955476,0,155.698766777558,423.656752694595,41382.4940110684
error,0.223609066422199,-0.410512938269032,-0.0663589641605642,0.094264210117832,0.00888574130913879,7.31506458036984,-1.09669378706554,0,0.00887643686797739,-0.000917156368429537,0.000576362215072152
