signalsNamesOrdered,maxSignals,minSignals,meanSignals,standardDeviationSignals,varianceSignals,kurtosisSignals,skewnessSignals,firstMomentSignals,secondMomentSignals,thirdMomentSignals,fourthMomentSignals
compassSystem,39.9466802135111,0,16.6076031030006,12.323559137587,151.870109817604,1.76405480642532,0.304632011668498,0,151.719295408649,569.294206432448,40606.3270482665
compassFilter,39.9409415486709,0,16.602005275454,12.323360732381,151.865219740391,1.76403028349234,0.304679676788402,0,151.714410187521,569.355782478373,40603.1476671628
fullSystem,39.9455992197817,0,16.6078860879533,12.3233595822548,151.865191393551,1.76402679686883,0.304678850762759,0,151.71438186883,569.354079470218,40603.0522568714
gyroFilter,0.00774926578150925,0,0.00588081249927879,0.000653392131063094,4.26921276935172e-07,13.3873864295325,-1.53008787953075,0,4.26497323333449e-07,-4.26177816328641e-10,2.43516514721259e-12
gyroSystem,40.9766705317887,0,17.0910232502413,12.5975737166511,158.69886354646,1.76669482176488,0.311975349450595,0,158.541267852769,622.778728143463,44406.4637362954
input,40,0,16.6767785833255,12.3024976012265,151.351447228183,1.76253567887108,0.309144302982877,0,151.201147876417,574.769719116544,40294.7154802505
error,0.220900518846747,-0.410267869812847,-0.0688924953721595,0.0931654673884996,0.00867980431371759,7.45070484503384,-1.29570091313869,0,0.00867118484568013,-0.00104621858667957,0.000560214374286301
