signalsNamesOrdered,maxSignals,minSignals,meanSignals,standardDeviationSignals,varianceSignals,kurtosisSignals,skewnessSignals,firstMomentSignals,secondMomentSignals,thirdMomentSignals,fourthMomentSignals
compassSystem,1.48184854520793,-1.2256714415446,0.042424727794165,0.842176305017282,0.709260928732562,1.55398486978862,-0.0225899520741127,0,0.70881231334437,-0.0134806921055922,0.780745146038949
compassFilter,1.48184596180688,-1.22566083556969,0.0423689797377269,0.842112263773924,0.709153064798444,1.55420738576433,-0.0225189224676447,0,0.708704517635383,-0.0134352393371454,0.780619455022424
fullSystem,1.48124196112971,-1.22563916606999,0.0424711974440618,0.842055693891879,0.709057791615733,1.5539060179215,-0.0227046136142779,0,0.708609304714016,-0.0135432966601233,0.780258395061274
gyroFilter,0.00222599522027001,-0.00209595137495337,0.000102217706334921,0.00123993111459161,1.53742916893239e-06,1.59153546273096,-0.0844400602219655,0,1.53645672796532e-06,-1.60815918157957e-10,3.75713661604545e-12
gyroSystem,1.97436135801001,-0.875123467125439,0.511295484166737,0.751162844639838,0.564245619167414,1.93780438788956,0.0163182065828419,0,0.563888727567688,0.0069097533672766,0.616164624456991
input,0.999997037956015,-0.999994281560299,0.0467203085006935,0.70859121398008,0.502101508529763,1.51063178158719,-0.100377411020583,0,0.501783923767884,-0.0356788711153829,0.380357604746918
error,0.526291149996079,-0.375612844054116,-0.00424911105663172,0.170661417788902,0.0291253195217182,2.72823283560998,0.248203110794435,0,0.0291068974347342,0.00123254020198618,0.00231139017373862
