signalsNamesOrdered,maxSignals,minSignals,meanSignals,standardDeviationSignals,varianceSignals,kurtosisSignals,skewnessSignals,firstMomentSignals,secondMomentSignals,thirdMomentSignals,fourthMomentSignals
compassSystem,1.48771864114205,-1.22593602005718,0.0602819030376126,0.844032205324941,0.712390363625683,1.56115349961907,-0.0496141720979966,0,0.711939483648705,-0.0298037126587088,0.791282872581614
compassFilter,1.48769232737304,-1.225890690628,0.0602299889384417,0.844012649915924,0.7123573532181,1.56125296076266,-0.0494859516619053,0,0.711906494133785,-0.0297246232356399,0.791259950085321
fullSystem,1.48723534167787,-1.22596268387808,0.0603157758237235,0.843952301625236,0.712255487418534,1.56109466485294,-0.049672706064197,0,0.711804692806244,-0.0298304009293016,0.79095346566912
gyroFilter,0.00171959782871667,-0.00160609494619821,8.57868852817905e-05,0.000945343586073922,8.93674495731102e-07,1.5871097912386,-0.0876279217229934,0,8.93108878961652e-07,-7.3960377999661e-11,1.26594776064687e-12
gyroSystem,1.9744087008735,-0.875123467125439,0.529955488923858,0.752084020087165,0.565630373270471,1.93395340934602,0.00779380214946471,0,0.565272379363338,0.00331234850744015,0.617961669547637
input,0.999993742857021,-0.999990206550703,0.0611717709304287,0.707486915153249,0.500537735113061,1.52241599370148,-0.13101846566095,0,0.500220939078179,-0.0463527291912849,0.380940433926953
error,0.53230290618617,-0.375566767700221,-0.000855995106705256,0.173199990627491,0.029998236753363,2.77175021614972,0.279627149728877,0,0.0299792505275697,0.00145147811828973,0.00249112564660415
