signalsNamesOrdered,maxSignals,minSignals,meanSignals,standardDeviationSignals,varianceSignals,kurtosisSignals,skewnessSignals,firstMomentSignals,secondMomentSignals,thirdMomentSignals,fourthMomentSignals
compassSystem,1.48680297155035,-1.226332497054,0.0536726697708988,0.842331769699606,0.709522810245269,1.56441573341108,-0.0584114506505095,0,0.709073460777096,-0.0348766560526284,0.786565034820349
compassFilter,1.48680139027473,-1.2263316375018,0.0536277983492026,0.842308929896208,0.709484333382894,1.56448397817819,-0.0583215894316469,0,0.709035008282588,-0.034820168584659,0.786514036266241
fullSystem,1.48645338560333,-1.22631407650439,0.0537006312099904,0.842267800211524,0.70941504727316,1.56435890032536,-0.0584727660770779,0,0.708965766052594,-0.0349053129456907,0.78629755838013
gyroFilter,0.00129528774311261,-0.0012277241934146,7.28328607877864e-05,0.000713295792393755,5.08790887446634e-07,1.59093191662668,-0.103789536275776,0,5.08468663958701e-07,-3.76313554443969e-11,4.11320145823301e-13
gyroSystem,1.97436703674391,-0.875123467125439,0.525803164911026,0.755088475917159,0.570158606462897,1.93317856497803,-0.0133728773911171,0,0.569797518048418,-0.00575182537712952,0.62764356052344
input,0.999993742857021,-0.999990206550703,0.055731142638049,0.707920021946823,0.50115075747319,1.52681459000985,-0.140296308679185,0,0.500833372572954,-0.0497262987089341,0.382977113293526
error,0.530907602036253,-0.375446436191873,-0.00203051142805865,0.170889217891485,0.0292031247915633,2.78501561591325,0.25532372961864,0,0.0291846300956852,0.00127298260587216,0.00237211653593328
