signalsNamesOrdered,maxSignals,minSignals,meanSignals,standardDeviationSignals,varianceSignals,kurtosisSignals,skewnessSignals,firstMomentSignals,secondMomentSignals,thirdMomentSignals,fourthMomentSignals
compassSystem,1.48372125953549,-1.22682935643267,0.0502522423334658,0.850626480916051,0.723565410035624,1.53960756907247,-0.0416476201575965,0,0.723112898834852,-0.0256093969971734,0.805048888174125
compassFilter,1.48362321949337,-1.22681238634675,0.0502130982010564,0.850595784917048,0.723513189318649,1.53970254478848,-0.0415636680372678,0,0.723060710776236,-0.0255550075233287,0.804982344281789
fullSystem,1.48323424742098,-1.2268006726213,0.0502871007787085,0.85055652432022,0.723446401063694,1.53955598458671,-0.0417024084235601,0,0.722993964290045,-0.0256367604249892,0.804757123637963
gyroFilter,0.00147889459141787,-0.00138257030659999,7.40025776522191e-05,0.000808072057047357,6.52980449380746e-07,1.61062958694629,-0.0921419352054149,0,6.52572081369877e-07,-4.85735744599338e-11,6.8588712723071e-13
gyroSystem,1.9743694589809,-0.875123467125439,0.520694391154087,0.762588072128865,0.581540567753218,1.90701587562983,-0.00161409075009483,0,0.581176877592022,-0.000715138961883018,0.644126197988718
input,0.999999667483248,-0.999990206550703,0.0523286250818226,0.714352038902052,0.510298835483519,1.50074610732567,-0.119462948718039,0,0.509979699251197,-0.0435073431353699,0.390312987538759
error,0.527309550228218,-0.37558706226804,-0.00204152430311418,0.172452436153584,0.0297398427353059,2.75773937073835,0.274426782857932,0,0.0297212437092051,0.00140613481962232,0.00243605549211645
