signalsNamesOrdered,maxSignals,minSignals,meanSignals,standardDeviationSignals,varianceSignals,kurtosisSignals,skewnessSignals,firstMomentSignals,secondMomentSignals,thirdMomentSignals,fourthMomentSignals
compassSystem,1.48562314783361,-1.2266373157042,0.0579836547080079,0.84295081461555,0.710566075861019,1.55578290088624,-0.0626553854113621,0,0.71011805185354,-0.0374933490693923,0.78453098355684
compassFilter,1.48558635897,-1.22658174321227,0.0579083203640266,0.84290902813151,0.710495629705607,1.55592400083544,-0.0625259959158496,0,0.710047650115628,-0.0374103576046216,0.784446571095061
fullSystem,1.48502422200928,-1.22667108109826,0.0580310965774374,0.842847003111713,0.710391070654397,1.55570532031503,-0.0627593922267707,0,0.70994315699068,-0.037541713870808,0.784105485017218
gyroFilter,0.00209954215599023,-0.00197524389118529,0.00012277621341066,0.00116449396952031,1.35604620504918e-06,1.58758794085288,-0.109456082622898,0,1.35519119483162e-06,-1.72679490170457e-10,2.9156737967699e-12
gyroSystem,1.9743509435427,-0.875123467125439,0.530169524846695,0.753011449015785,0.567026242348852,1.93576701854898,-0.00336436140606009,0,0.566668722650019,-0.00143514739132338,0.621600808745421
input,0.999995556294589,-0.999998990319652,0.0599069494405011,0.707528187494617,0.500596136099417,1.51788769383969,-0.14040536163681,0,0.500280501713478,-0.0496825705036784,0.379897812988156
error,0.530489896931941,-0.375313422821965,-0.00187585286306385,0.171572073928545,0.029436976552142,2.70632420991021,0.243090649989006,0,0.029418416037292,0.00122658368315918,0.00234216989026235
