signalsNamesOrdered,maxSignals,minSignals,meanSignals,standardDeviationSignals,varianceSignals,kurtosisSignals,skewnessSignals,firstMomentSignals,secondMomentSignals,thirdMomentSignals,fourthMomentSignals
compassSystem,1.4830947890106,-1.22562674245692,0.0565363385688758,0.841291884458826,0.707772034856283,1.55706342720798,-0.0581661775502519,0,0.707322940925537,-0.0346016764298388,0.779007774473019
compassFilter,1.48304048778347,-1.22555346499898,0.0564411873464241,0.84125320697413,0.707706958244258,1.55722696588579,-0.057985373476413,0,0.707257905605778,-0.0344893631130364,0.778946332485924
fullSystem,1.48233911462268,-1.22566584990601,0.0565939561465255,0.841175118465473,0.707575579925403,1.55695916409682,-0.0582774714818743,0,0.7071266106488,-0.0346534494991468,0.778523244613515
gyroFilter,0.00261079162435229,-0.00246111169268667,0.000152768800101418,0.00145664911160943,2.12182663435254e-06,1.58119040476545,-0.113866947907532,0,2.12048029765562e-06,-3.51600142443456e-10,7.10972255420473e-12
gyroSystem,1.97442977526919,-0.875123467125438,0.527053012679195,0.750982814935952,0.563975188329126,1.92386499193466,0.004218271860212,0,0.563617336052267,0.00178488845391635,0.611143613613638
input,0.999993742857021,-0.999990206550703,0.0597457802808934,0.705649609173806,0.497941370927145,1.52012826612685,-0.137450716958055,0,0.497625418280618,-0.0482503916607172,0.376430969193377
error,0.528275696719022,-0.375544126995513,-0.00315182413436784,0.171579328276273,0.0294394658917372,2.69312526663207,0.238697162983347,0,0.0294207860275926,0.00120456062986151,0.00233112250636979
