signalsNamesOrdered,maxSignals,minSignals,meanSignals,standardDeviationSignals,varianceSignals,kurtosisSignals,skewnessSignals,firstMomentSignals,secondMomentSignals,thirdMomentSignals,fourthMomentSignals
compassSystem,1.48536083082802,-1.22571019330836,0.0677719104150722,0.842513076724163,0.709828284451216,1.56024690981421,-0.0642210321696312,0,0.709387123304882,-0.0383709218184558,0.785163193957014
compassFilter,1.48534520346798,-1.22570289825117,0.067744052412726,0.842493568996837,0.709795413801028,1.56030375263813,-0.0641504611149658,0,0.709354273083936,-0.0383260945164325,0.78511907950916
fullSystem,1.48499776684157,-1.2256878022394,0.0678013555497621,0.842452600734653,0.70972638448458,1.56019507434217,-0.0642788680471342,0,0.709285286669487,-0.0383972080274311,0.784911702997837
gyroFilter,0.0012952822620671,-0.00123378862041248,5.7303137036015e-05,0.000719157787302884,5.17187923038381e-07,1.58182427973011,-0.0669859978843442,0,5.16866488654889e-07,-2.4891530133977e-11,4.22585886103355e-13
gyroSystem,1.97442511985263,-0.875123467125438,0.535805772212099,0.749799247433083,0.562198911451217,1.9288442650115,-0.0376788599228156,0,0.561849502556593,-0.0158682032510152,0.608887650114802
input,0.999994035859884,-0.999990206550703,0.0660626336518374,0.706787669008271,0.499548809062146,1.5277115065589,-0.143689622789489,0,0.499238337459248,-0.050685915714569,0.380765162283113
error,0.530081459910039,-0.375445049035078,0.00173872189792465,0.171955607722693,0.0295687310272805,2.7792524693417,0.236635559191507,0,0.029550353941496,0.00120205416376114,0.00242690834095162
