signalsNamesOrdered,maxSignals,minSignals,meanSignals,standardDeviationSignals,varianceSignals,kurtosisSignals,skewnessSignals,firstMomentSignals,secondMomentSignals,thirdMomentSignals,fourthMomentSignals
compassSystem,1.49932030484202,-1.24985695822887,0.0439886475705214,0.844188893711019,0.712654888265033,1.54996310786455,-0.0320130572172016,0,0.710895246565614,-0.0191882587541457,0.783308035709678
compassFilter,1.47348195453155,-1.23845974622039,0.0409986675621622,0.836047415499755,0.698975280963819,1.55399038926586,-0.0282340900731174,0,0.697249416072551,-0.016438267169739,0.755482914400542
fullSystem,1.43776099102945,-1.2517273189066,0.0467676550779764,0.835948639137632,0.698810127276058,1.54064631262569,-0.0368154322499185,0,0.697084670171673,-0.0214268437223614,0.748641698357489
gyroFilter,0.143024093735063,-0.131399791277858,0.00576898751581421,0.0859070201241276,0.00738001610660727,1.54253405632414,-0.0696583667274135,0,0.00736179384461565,-4.39996036851368e-05,8.35991889987191e-05
gyroSystem,1.97416250432093,-0.875123467125439,0.530349484318147,0.759008960310063,0.576094601830964,1.90035062190796,0.0130177710014938,0,0.574672146023974,0.00567109404075635,0.627587135500322
input,0.999993742857021,-0.999990206550703,0.0426285001769933,0.707199252649704,0.5001307829483,1.5154878008545,-0.093334536925308,0,0.498895892126206,-0.0328894998399367,0.377200535661826
error,0.528299077997087,-0.350823145512879,0.0041391549009831,0.166172975394766,0.0276134577515496,2.67713926294052,0.23508769423437,0,0.0275452763743853,0.00107473303334817,0.00203125866937589
