signalsNamesOrdered,maxSignals,minSignals,meanSignals,standardDeviationSignals,varianceSignals,kurtosisSignals,skewnessSignals,firstMomentSignals,secondMomentSignals,thirdMomentSignals,fourthMomentSignals
compassSystem,1.48614419465109,-1.22712878832484,0.0558890975949058,0.84104243015993,0.707352369329321,1.58007124392419,-0.0487593721351353,0,0.706908888220024,-0.0289803260978537,0.789593480492615
compassFilter,1.48604828098765,-1.22712918068692,0.0558180912738789,0.841000424219475,0.707281713537337,1.58019108170327,-0.0486651768187863,0,0.706838276726342,-0.0289200070682043,0.789495620431193
fullSystem,1.48551756049688,-1.22710322911931,0.0559307222160673,0.840943363829635,0.707185741169102,1.5799773931647,-0.0488658867354594,0,0.706742364528871,-0.0290333715388018,0.78917464454545
gyroFilter,0.00193187058192151,-0.00182614028027829,0.00011263094218834,0.00108005175649849,1.16651179671547e-06,1.59814169706022,-0.115295277866562,0,1.16578044135703e-06,-1.45123140298867e-10,2.17194494439085e-12
gyroSystem,1.97434924984106,-0.875123467125439,0.526172107831851,0.747545651342887,0.558824500841661,1.95163139534141,-0.000712789959839364,0,0.558474140653046,-0.000297485756365639,0.608700884651355
input,0.999999036434696,-0.999999887205564,0.0585617146201009,0.705462152731501,0.497676848936564,1.53765226278203,-0.134780409456483,0,0.497364825833783,-0.0472758530225159,0.38037176185302
error,0.529755667662702,-0.375412389679095,-0.00263099240403357,0.173032067981305,0.0299400965498868,2.79325126805473,0.27872607765859,0,0.0299213253294793,0.00144260968177838,0.00250075794325546
