signalsNamesOrdered,maxSignals,minSignals,meanSignals,standardDeviationSignals,varianceSignals,kurtosisSignals,skewnessSignals,firstMomentSignals,secondMomentSignals,thirdMomentSignals,fourthMomentSignals
compassSystem,1.48194019720191,-1.22466802300826,0.0562198820996808,0.835977913032583,0.698859071078312,1.57585711533646,-0.0521069066358473,0,0.698435520126143,-0.0304147862591509,0.768722288141025
compassFilter,1.48171844036595,-1.22463363822038,0.0561580670178048,0.835927741241543,0.698775188577188,1.57607269509069,-0.0519555022557031,0,0.698351688462899,-0.030320951712634,0.768642900345801
fullSystem,1.48089239773661,-1.22462641072859,0.0563028446863093,0.835824430230766,0.698602478170584,1.57577166780109,-0.0522654427146575,0,0.698179082729269,-0.0304905236734837,0.768116252288741
gyroFilter,0.00311943773890516,-0.00293621847369725,0.000144777668504617,0.00174841721726157,3.05696276561671e-06,1.56729598818742,-0.0756772257987617,0,3.05511006091027e-06,-4.04115486492919e-10,1.46286666220595e-11
gyroSystem,1.97438029061641,-0.875123467125439,0.527408445851385,0.753643566451856,0.567978625254273,1.95250754078093,0.00815532170706268,0,0.567634395784422,0.00348774040813609,0.629115125915438
input,0.999997537709849,-0.999998827333108,0.058822328940291,0.702459784297632,0.493449748555475,1.53785596311401,-0.133796751458292,0,0.493150688101805,-0.04633562593815,0.374002881182433
error,0.52552080262841,-0.375442866988379,-0.00251948425398169,0.170575752422298,0.0290960873144331,2.69426061989314,0.237799066016078,0,0.0290784533221213,0.00117914468750231,0.00227814943868371
