signalsNamesOrdered,maxSignals,minSignals,meanSignals,standardDeviationSignals,varianceSignals,kurtosisSignals,skewnessSignals,firstMomentSignals,secondMomentSignals,thirdMomentSignals,fourthMomentSignals
compassSystem,1.48136715036617,-1.2262080449825,0.0521813942097582,0.842197860565667,0.709297236341387,1.55772932936811,-0.0378239211822652,0,0.708856679051734,-0.0225737756001273,0.782724393076364
compassFilter,1.4812257865175,-1.22619239030775,0.0520657353350883,0.842124723239716,0.709174049491569,1.55802662134926,-0.0375871283063154,0,0.708733568715487,-0.0224266110708642,0.782601868869712
fullSystem,1.48033344845422,-1.22616334343953,0.0522448092348532,0.842038130863933,0.709028213828827,1.55764457102248,-0.0379520171874936,0,0.708587823633902,-0.0226373398957248,0.782088204805823
gyroFilter,0.0032522517837989,-0.00305924110615823,0.000179073899764817,0.00181700214122467,3.30149678121504e-06,1.58277079922827,-0.107747163131945,0,3.29944616209628e-06,-6.45754459241378e-10,1.72305889392433e-11
gyroSystem,1.97442556132929,-0.875123467125439,0.524093939249503,0.751405707214076,0.564610536833885,1.90843711558981,0.000122767939951513,0,0.564259847059454,5.20359740758551e-05,0.607625718778813
input,0.999993866820927,-0.999999839531671,0.0552923261320838,0.706912094854341,0.499724709851352,1.51413091393994,-0.120840823934548,0,0.499414321832811,-0.0426486380258774,0.37764645444197
error,0.525355606058427,-0.375407471360057,-0.00304751689723073,0.172657030275375,0.0298104501035119,2.77995656081312,0.285561443166203,0,0.0297919342959942,0.00146841097019328,0.00246737643563276
