signalsNamesOrdered,maxSignals,minSignals,meanSignals,standardDeviationSignals,varianceSignals,kurtosisSignals,skewnessSignals,firstMomentSignals,secondMomentSignals,thirdMomentSignals,fourthMomentSignals
compassSystem,1.49932071037071,-1.25016642364848,0.0425714342641646,0.842396201101114,0.709631359629589,1.54647498710146,-0.0308816334707182,0,0.709022233999006,-0.0184369910786088,0.777432350726126
compassFilter,1.49960042452523,-1.2501690931447,0.0423187172527483,0.842094359766299,0.709122910750212,1.54722777919284,-0.0302623213985691,0,0.708514221556435,-0.0180478343970707,0.776696589546698
fullSystem,1.49479827251043,-1.2507123231052,0.0429032286125967,0.84170242822989,0.708462977688093,1.54567596558637,-0.0312079152901632,0,0.707854854960464,-0.0185857923689207,0.774474074142595
gyroFilter,0.0175531631275164,-0.0164696350036929,0.000584511359848481,0.00988500118362306,9.77132484002292e-05,1.55389283372315,-0.0450744053737259,0,9.76293743672677e-05,-4.34811243360115e-08,1.48109213701367e-08
gyroSystem,1.97422579303355,-0.875123467125439,0.530823573004434,0.758682868025909,0.575599694236019,1.90292365145447,0.00367716392216483,0,0.575105617245259,0.00160374163719858,0.629385282276358
input,0.999995177580717,-0.999996680619681,0.0420063675036826,0.706851392513504,0.49963889109828,1.51234467157468,-0.0928389972878041,0,0.499210016513646,-0.0327457828358816,0.376892384392301
error,0.545898056229538,-0.374853605913246,0.000896861108914053,0.168893948110532,0.0285251657083631,2.76043613611708,0.208513757596795,0,0.0285006805875834,0.00100326938797849,0.0022422713397976
