signalsNamesOrdered,maxSignals,minSignals,meanSignals,standardDeviationSignals,varianceSignals,kurtosisSignals,skewnessSignals,firstMomentSignals,secondMomentSignals,thirdMomentSignals,fourthMomentSignals
compassSystem,1.48469573653968,-1.22558350916371,0.0566220357617634,0.840877532502866,0.707075024668109,1.56287755238677,-0.0569171510757004,0,0.706624083963601,-0.0338084925593353,0.780372262358576
compassFilter,1.48466155296828,-1.22556045751386,0.0565510797505221,0.840853469643405,0.707034557411353,1.56298169270283,-0.0567565954702848,0,0.706583642515044,-0.0337102292039431,0.780334933659229
fullSystem,1.48414353415593,-1.22554656704319,0.0566644587855405,0.840787593251853,0.706923776966244,1.56280690194434,-0.0569830121721346,0,0.70647293272073,-0.0338367539703429,0.780003183281694
gyroFilter,0.00192717186734592,-0.00182035900277304,0.00011337903501834,0.00107403418751433,1.15354943594956e-06,1.59319879147269,-0.115188348067594,0,1.15281375391132e-06,-1.42576278278403e-10,2.11732861487509e-12
gyroSystem,1.97421770069858,-0.875123467125439,0.524429386820194,0.755629260413771,0.570975579193463,1.93588911836323,0.00508795705320569,0,0.570611436604692,0.0021930783350112,0.630320486052837
input,0.999993742857021,-0.999990206550703,0.0606778018865273,0.706527873368664,0.499181635846847,1.52551152546749,-0.138668103573485,0,0.49886328021174,-0.0488594848000648,0.379645773390725
error,0.529610481041762,-0.375412113540693,-0.0040133431009867,0.172371222541039,0.0297118383602923,2.69651262456301,0.244249558407391,0,0.029692889483787,0.00124971930891697,0.00237742804568887
