signalsNamesOrdered,maxSignals,minSignals,meanSignals,standardDeviationSignals,varianceSignals,kurtosisSignals,skewnessSignals,firstMomentSignals,secondMomentSignals,thirdMomentSignals,fourthMomentSignals
compassSystem,1.49932070454428,-1.25046587517841,0.0467223819775893,0.846045154604253,0.715792403629334,1.54472930440367,-0.0316514737895966,0,0.715051417704252,-0.0191381451886935,0.789817822529058
compassFilter,1.49882122275113,-1.25011702123269,0.0462052281583666,0.845323269293509,0.714571429609066,1.54618226813848,-0.0302342101976519,0,0.713831707632245,-0.0182344379142363,0.787865998515655
fullSystem,1.49156787383747,-1.25152151880933,0.047155266670708,0.844861392994857,0.71379077337321,1.54359031044457,-0.0320386279114664,0,0.713051859529138,-0.0192910374383784,0.78482761779163
gyroFilter,0.0252671092121302,-0.0238469528232583,0.000950038512341237,0.0142080462502333,0.000201868578248769,1.56323592556993,-0.0554059155198573,0,0.000201659604565282,-1.58666229848681e-07,6.35714840151497e-08
gyroSystem,1.97424200671391,-0.875123467125438,0.525226317935077,0.752035084367956,0.565556768120318,1.89968345367169,-0.0205680268697867,0,0.56497130562744,-0.00873438271347849,0.606364855508498
input,0.999993742857021,-0.999990206550703,0.0455348702128339,0.708583150644904,0.502090081377859,1.50479979366573,-0.097230908158871,0,0.501570319388855,-0.0345383897290337,0.37856667539907
error,0.546116029468596,-0.374396422780219,0.00162039645787393,0.171665535361884,0.0294690560310823,2.81949902226194,0.244292815252949,0,0.029438549761899,0.00123391519270158,0.00244345739663489
