signalsNamesOrdered,maxSignals,minSignals,meanSignals,standardDeviationSignals,varianceSignals,kurtosisSignals,skewnessSignals,firstMomentSignals,secondMomentSignals,thirdMomentSignals,fourthMomentSignals
compassSystem,1.48179673464758,-1.22573632232157,0.0604943277633355,0.845336487887734,0.714593777754369,1.56227643597032,-0.0642769318287803,0,0.714142360333173,-0.0387911209883292,0.796759905658679
compassFilter,1.48178916291513,-1.2257014572908,0.0604560245525843,0.845309066167587,0.714547417345119,1.56236327833634,-0.0641771012409605,0,0.714096029210346,-0.0387271042105444,0.796700810677237
fullSystem,1.48143515262886,-1.22575665089391,0.0605196572049052,0.845270913638996,0.714482917444104,1.56223868023522,-0.0643281884420454,0,0.714031570054689,-0.0388130205627925,0.796493460689926
gyroFilter,0.00132238476078617,-0.0012444606875671,6.3632652320896e-05,0.000724810316408653,5.25349994772412e-07,1.58918596448987,-0.0781906419469268,0,5.25018124908374e-07,-2.97451541248769e-11,4.38049626027082e-13
gyroSystem,1.97437014703843,-0.875123467125439,0.528504266154817,0.752744217057503,0.566623856313514,1.93107751642893,-0.0147341476510648,0,0.566265913258357,-0.00627849636683831,0.619213686396981
input,0.999999650154792,-0.999990206550703,0.0607638780099466,0.70951625147014,0.503413311100238,1.52315343152889,-0.145834067275307,0,0.503095298901186,-0.0520396512046288,0.385517566168243
error,0.526495855287415,-0.375440797337257,-0.000244220805041459,0.172712960822921,0.0298297668362199,2.79428902802732,0.284906615111698,0,0.0298109230163612,0.00146644462333138,0.00248325987690276
