signalsNamesOrdered,maxSignals,minSignals,meanSignals,standardDeviationSignals,varianceSignals,kurtosisSignals,skewnessSignals,firstMomentSignals,secondMomentSignals,thirdMomentSignals,fourthMomentSignals
compassSystem,1.48284931013242,-1.22639511595943,0.0367784939751917,0.847220199561239,0.717782066544586,1.54174444626931,-0.0303304807046918,0,0.717321359184801,-0.0184268006528179,0.793304500517655
compassFilter,1.4828341195553,-1.22638234807357,0.0367387716961902,0.847193464576034,0.717736766420344,1.54186213253468,-0.0302598737342215,0,0.717276088136377,-0.0183821641926984,0.793264918615002
fullSystem,1.48238426484194,-1.22636713027213,0.0368172785753125,0.847139062558438,0.717644591312389,1.54169385644207,-0.03040170449361,0,0.71718397219088,-0.0184647654871702,0.792974628838344
gyroFilter,0.00164093846692265,-0.00155450345247268,7.85068791224318e-05,0.000912009944809719,8.31762139431826e-07,1.60186894984948,-0.0901302004642173,0,8.31228274130522e-07,-6.83047329817243e-11,1.10679604298069e-12
gyroSystem,1.97420160799558,-0.875123467125439,0.503436574949167,0.756588888235332,0.572426745801175,1.91956891143859,0.0147048869001522,0,0.572059334539428,0.00636243419264583,0.62818253934556
input,0.999993742857021,-0.99999997011508,0.0415188345897029,0.712609167834137,0.507811826081261,1.49961542924185,-0.108419528003298,0,0.507485887810348,-0.0391961550618237,0.386213846396122
error,0.526901699277162,-0.375564313172438,-0.00470155601439034,0.171792508925767,0.0295126661230097,2.75530015405967,0.27309192612124,0,0.0294937234618267,0.00138325824144017,0.00239677973656613
