signalsNamesOrdered,maxSignals,minSignals,meanSignals,standardDeviationSignals,varianceSignals,kurtosisSignals,skewnessSignals,firstMomentSignals,secondMomentSignals,thirdMomentSignals,fourthMomentSignals
compassSystem,1.48349720533984,-1.2258795897788,0.0507837898103706,0.846776921126872,0.717031154153105,1.54617889437625,-0.0452300321318833,0,0.716587721157339,-0.027436640928414,0.793959711325061
compassFilter,1.48333624678262,-1.22581833867855,0.0506917065390943,0.846734552536334,0.716959402458906,1.54632076126749,-0.0449979207572078,0,0.716516013836482,-0.0272917445900356,0.793873653532512
fullSystem,1.48271578650816,-1.22591829374276,0.050834586658255,0.846664856288942,0.716841378874775,1.54609623642866,-0.0453099773665403,0,0.716398063241581,-0.0274742249542727,0.793497073090321
gyroFilter,0.00234968779180789,-0.00220939495384101,0.00014288011916066,0.00129826098022707,1.68548157278014e-06,1.60335035000568,-0.111621661473686,0,1.68443922177657e-06,-2.44023415012774e-10,4.54924285395605e-12
gyroSystem,1.97428152382916,-0.875123467125439,0.517025531227033,0.75716926340178,0.573305293440394,1.91555600962002,0.00714036497825879,0,0.57295074471223,0.00309668010252366,0.628824467183013
input,0.999993742857021,-0.999999766516649,0.0540461208253531,0.711144433213866,0.50572640489107,1.50798980953883,-0.127612339750015,0,0.505413648920204,-0.045852510663836,0.385205375342842
error,0.527181171991593,-0.375610418490639,-0.00321153416709802,0.171927499528124,0.0295590650939931,2.76693481082142,0.278064208036857,0,0.029540784905314,0.00141181612038291,0.00241458772294213
