signalsNamesOrdered,maxSignals,minSignals,meanSignals,standardDeviationSignals,varianceSignals,kurtosisSignals,skewnessSignals,firstMomentSignals,secondMomentSignals,thirdMomentSignals,fourthMomentSignals
compassSystem,1.48293733934555,-1.22625520205567,0.0610391266633874,0.83520807669343,0.697572531373939,1.56988162767634,-0.0426238069803776,0,0.697136820860901,-0.0248101430805452,0.762962073870718
compassFilter,1.48290490808904,-1.22623386388833,0.0609846678736836,0.835168126244184,0.697505799094221,1.57011422399829,-0.0424675513591253,0,0.697070130262807,-0.0247156439864296,0.762929125625896
fullSystem,1.48222510029013,-1.22621739150364,0.0610980863834865,0.835090548920688,0.697376224896657,1.56979884506478,-0.0427209480842379,0,0.696940636998532,-0.0248561902380206,0.76249250862222
gyroFilter,0.00252139353968678,-0.00236603159696176,0.000113418509802975,0.00141614484772193,2.00546622972938e-06,1.55548242679176,-0.0697174540807738,0,2.00421359623174e-06,-1.97814227907607e-10,6.24817402338191e-12
gyroSystem,1.97436882394251,-0.875123467125439,0.528959925587004,0.749368028415006,0.561552442010593,1.93701048265442,0.00400500091424713,0,0.561201690953747,0.00168376344239328,0.610056295053245
input,0.999993749860616,-0.999993775132239,0.0620170224752255,0.700513531890271,0.490719208361381,1.53063707642199,-0.125593272398975,0,0.490412700423616,-0.0431329279073983,0.368125283427982
error,0.527850212293265,-0.375569485545201,-0.00091893609173901,0.171658927884634,0.0294667875225018,2.81383092962381,0.258975562005487,0,0.0294483822835746,0.0013087326812187,0.00244017449555164
