signalsNamesOrdered,maxSignals,minSignals,meanSignals,standardDeviationSignals,varianceSignals,kurtosisSignals,skewnessSignals,firstMomentSignals,secondMomentSignals,thirdMomentSignals,fourthMomentSignals
compassSystem,1.4993203092003,-1.24985695903038,0.0438734013170053,0.843149183203107,0.710900545136066,1.55374960504659,-0.0316420363094119,0,0.709149558571692,-0.0188960565464147,0.781369949946999
compassFilter,1.48698991083809,-1.24299643922104,0.04174072999892,0.838528879030745,0.703130680968557,1.55704293929126,-0.028401464123213,0,0.701398832000654,-0.016683543054216,0.766003345052676
fullSystem,1.45706017494722,-1.25328290107762,0.0460852689253996,0.837526370076344,0.701450420573257,1.5473189729375,-0.0352612968321014,0,0.699722710177756,-0.0206389327064821,0.757585737588038
gyroFilter,0.10723226806201,-0.0988541334571478,0.00434453892647956,0.0630570092414568,0.00397618641447716,1.54744929364432,-0.0718357420407996,0,0.00396639285187993,-1.79446161301706e-05,2.43448935891072e-05
gyroSystem,1.97416250432093,-0.875123467125439,0.529177149815132,0.758423331459145,0.575205949701588,1.90191244384872,0.0171146900039497,0,0.573789186278678,0.0074387091106675,0.626174299147677
input,0.999993742857021,-0.999990206550703,0.0426358832227752,0.706311115161647,0.49887539140089,1.51935565201816,-0.0934991799538284,0,0.497646634279213,-0.0328238416330007,0.376271728188713
error,0.539550211445459,-0.360848865662354,0.00344938570262438,0.167354978630038,0.0280076888722604,2.73780879958705,0.236953489613582,0,0.02793870441691,0.00110655372230451,0.00213705471237196
