signalsNamesOrdered,maxSignals,minSignals,meanSignals,standardDeviationSignals,varianceSignals,kurtosisSignals,skewnessSignals,firstMomentSignals,secondMomentSignals,thirdMomentSignals,fourthMomentSignals
compassSystem,1.48129956888085,-1.22526438269016,0.0424100353568191,0.839864983557708,0.705373190606389,1.5650743505283,-0.0391568631784646,0,0.704946725557654,-0.0231762058704673,0.777763519880082
compassFilter,1.48118507712026,-1.22522007210385,0.0422594111504151,0.839721428466228,0.705132077425362,1.56546170113102,-0.0388496777966708,0,0.704705758152433,-0.0229825996312247,0.77742425721564
fullSystem,1.47987896605336,-1.22519426901679,0.0425301322279311,0.839621552702358,0.704964351762319,1.56495461998528,-0.0393817357849969,0,0.704538133895474,-0.0232890413111974,0.776802756548097
gyroFilter,0.00484083999028806,-0.00456496918601167,0.000270721077516017,0.00270763439290019,7.33128400561597e-06,1.59728928907336,-0.100703155573343,0,7.32685154853882e-06,-1.99718901168761e-09,8.57468873561266e-11
gyroSystem,1.97416250432093,-0.875123467125439,0.517893453194662,0.74764812324758,0.558977716195629,1.92555766878684,0.0117657985434055,0,0.55863976110724,0.00491268788243716,0.600924923051236
input,0.999994828153744,-0.999999545075096,0.0470967501149801,0.707356842706866,0.500353702924227,1.52576295977823,-0.115486181753811,0,0.500051191616534,-0.0408368018289045,0.381518850215301
error,0.526703692423359,-0.375289001061681,-0.00456661788704912,0.168608193408687,0.0284287228845413,2.72015168334506,0.246913915241516,0,0.0284115350230634,0.00118246314555864,0.00219574811795786
