signalsNamesOrdered,maxSignals,minSignals,meanSignals,standardDeviationSignals,varianceSignals,kurtosisSignals,skewnessSignals,firstMomentSignals,secondMomentSignals,thirdMomentSignals,fourthMomentSignals
compassSystem,1.48573693335739,-1.22736949256874,0.0519465237890018,0.838907184468904,0.703765264153544,1.56993198546278,-0.0350793298028402,0,0.70333084115098,-0.0206914430512286,0.776604962177513
compassFilter,1.48572994641186,-1.22736989964644,0.0519070533787378,0.83886154905963,0.703688698490723,1.57007076695682,-0.0349640666706477,0,0.703254322750914,-0.0206200899394285,0.776504627650749
fullSystem,1.48535944944963,-1.22735026579885,0.051972686015228,0.838834285144951,0.703642957934641,1.56988727917654,-0.0351280018122744,0,0.703208610429743,-0.0207147509502119,0.776312948446502
gyroFilter,0.00138301748114628,-0.00129399326163866,6.56326364899868e-05,0.000765001366317641,5.85227090467858e-07,1.57724094801403,-0.0730022895658595,0,5.84865839177446e-07,-3.26528328259027e-11,5.39523735209808e-13
gyroSystem,1.97436525303437,-0.875123467125438,0.51847953899279,0.748816220016583,0.560725731359924,1.95154747191513,0.0100702547515862,0,0.560379604365257,0.0042243893361491,0.612835282261616
input,0.999999762109937,-0.999998313843123,0.0539705334329395,0.705569054572436,0.497827690770241,1.52549714026697,-0.12000783778554,0,0.497520389726555,-0.0421139461058967,0.377601026154616
error,0.530139613844672,-0.375423769440637,-0.00199784741771163,0.171179236845576,0.0293023311270338,2.87962474275747,0.303935421588056,0,0.0292842432683135,0.00152311370518871,0.00246947087474595
