signalsNamesOrdered,maxSignals,minSignals,meanSignals,standardDeviationSignals,varianceSignals,kurtosisSignals,skewnessSignals,firstMomentSignals,secondMomentSignals,thirdMomentSignals,fourthMomentSignals
compassSystem,1.48559201011148,-1.22610907925208,0.0559980943478803,0.845375354843354,0.714659490576528,1.54540935954107,-0.0488307507216229,0,0.71421532681607,-0.0294738690606096,0.788318774324322
compassFilter,1.48555503233089,-1.22605412922489,0.0559384804064302,0.845333138895158,0.714588115714341,1.54553692122413,-0.0487258458131507,0,0.714143996313649,-0.0294061434075991,0.7882263760513
fullSystem,1.48499199674981,-1.22614380453648,0.0560467371180077,0.84526895584829,0.714479607720859,1.54533373839506,-0.0489359718910936,0,0.714035555758322,-0.0295262284309804,0.787883422644944
gyroFilter,0.00209417931681,-0.00197468681169211,0.000108256711577567,0.0011614762589911,1.34902710019995e-06,1.59159229428881,-0.0833117666020325,0,1.34818867440741e-06,-1.30416444312651e-10,2.89289837018701e-12
gyroSystem,1.97442991615764,-0.875123467125439,0.52771950333497,0.755900646637479,0.571385787586958,1.92992611083016,-0.00211381420545408,0,0.571030669011702,-0.000912128368697715,0.629302634670479
input,0.999993742857021,-0.999999816847368,0.0578926330140666,0.710246463207383,0.504450038498597,1.50912259435368,-0.126924271258259,0,0.504136520761805,-0.0454325296099239,0.383548987833016
error,0.530461505747764,-0.375311872803702,-0.00184589589605892,0.171460734294257,0.0293987834047257,2.69213429302158,0.235618054549619,0,0.0293805119420751,0.0011865815851844,0.00232388930916696
