signalsNamesOrdered,maxSignals,minSignals,meanSignals,standardDeviationSignals,varianceSignals,kurtosisSignals,skewnessSignals,firstMomentSignals,secondMomentSignals,thirdMomentSignals,fourthMomentSignals
compassSystem,1.48565429202245,-1.22705287068961,0.0603681585216159,0.844337474306965,0.712905770519064,1.55924854520628,-0.0675068547354427,0,0.712461038285428,-0.0405965897670609,0.791475701473949
compassFilter,1.48561768694481,-1.22699651346033,0.0603013069976206,0.844314623888845,0.712867184112562,1.55929792024935,-0.0674077434739777,0,0.712422475950295,-0.0405336961540425,0.79141508579543
fullSystem,1.48505644625965,-1.22708588681787,0.0604143682640122,0.844234821332239,0.712732433549878,1.55916059217694,-0.0676061004722991,0,0.712287809449099,-0.0406414462261374,0.791046243791645
gyroFilter,0.00208736431221868,-0.00197193945613153,0.000113061266391754,0.00116165189745649,1.34943513086425e-06,1.59738296238329,-0.105530107390427,0,1.34859331231724e-06,-1.65271467214999e-10,2.90516665866526e-12
gyroSystem,1.9743949422941,-0.875123467125439,0.528797845752745,0.758632669675013,0.575523527498238,1.92826355409469,-0.0120212130370095,0,0.575164498472974,-0.00524368266441499,0.637896965622541
input,0.999999515812817,-0.999998336896146,0.0611795798517898,0.708838855501534,0.502452523068725,1.52724163858163,-0.145241287598731,0,0.502139077951402,-0.0516804303631927,0.385084286691011
error,0.530518408993526,-0.375314960812644,-0.000765211587777382,0.171713465738553,0.0294855143159453,2.67227625751478,0.226205452303112,0,0.0294671203581686,0.00114422020950941,0.00232036735633512
