signalsNamesOrdered,maxSignals,minSignals,meanSignals,standardDeviationSignals,varianceSignals,kurtosisSignals,skewnessSignals,firstMomentSignals,secondMomentSignals,thirdMomentSignals,fourthMomentSignals
compassSystem,1.48267785432282,-1.22625758478209,0.0516939421329407,0.84133995040348,0.70785291214493,1.56366404927087,-0.0346981996317012,0,0.707403196190581,-0.0206446473132957,0.782487640795085
compassFilter,1.48262236899155,-1.22625431760154,0.0516293492362199,0.841300111074155,0.707785876893386,1.56376041941945,-0.0345638535212827,0,0.707336203528143,-0.0205617931859154,0.782387657505665
fullSystem,1.48186250426199,-1.22624461263008,0.0517664206605486,0.841200923680665,0.707618994001204,1.56353826771648,-0.0348472915828131,0,0.707169426660669,-0.0207230771523894,0.78190766022728
gyroFilter,0.00275976689088175,-0.00260459065739068,0.000137071424328614,0.00154878303894639,2.398728901728e-06,1.57574132938816,-0.0829958836726557,0,2.39720493165066e-06,-3.0804509436818e-10,9.05514170496927e-12
gyroSystem,1.97423765458035,-0.875123467125439,0.517252600605817,0.757026585588831,0.573089251288284,1.93328679052822,0.0179285983307968,0,0.57272515392406,0.00777079986399036,0.634145330382434
input,0.999995550127061,-0.999998981176838,0.0543326138050114,0.705931485271408,0.498339261897497,1.52365493983116,-0.119810612028113,0,0.498022654996672,-0.0421084189777623,0.377906900803901
error,0.526517940408751,-0.375532103626832,-0.00256619314446292,0.172727168744719,0.0298346748225666,2.74769132532781,0.260262234987868,0,0.0298157201371647,0.00133992074147639,0.00244263485099846
