signalsNamesOrdered,maxSignals,minSignals,meanSignals,standardDeviationSignals,varianceSignals,kurtosisSignals,skewnessSignals,firstMomentSignals,secondMomentSignals,thirdMomentSignals,fourthMomentSignals
compassSystem,1.48155450286864,-1.22534883280817,0.0606537803922804,0.838739282074118,0.703483583294207,1.57798780758259,-0.0588412520796558,0,0.703049065948133,-0.0346864903177726,0.779964640404436
compassFilter,1.48151734479091,-1.22528544481317,0.0605538053079115,0.838658201171207,0.703347578391725,1.5782884308614,-0.0586148109303481,0,0.702913145051149,-0.0345429851611316,0.779811621515571
fullSystem,1.48065066224986,-1.22540068603044,0.0607270963896767,0.838580298719742,0.703216917400892,1.57791826750005,-0.0589780903657956,0,0.702782564765067,-0.0347473888566731,0.779339092052824
gyroFilter,0.00320039175165054,-0.00302412163584458,0.000173291081765122,0.00179019720932209,3.20480604826459e-06,1.58375008307835,-0.0999158177277785,0,3.20282655101428e-06,-5.72709486862495e-10,1.6246263426504e-11
gyroSystem,1.97434420608711,-0.875123467125438,0.52923690292959,0.743261017037449,0.552436939447544,1.94412374079542,-0.0214217078904484,0,0.552095718360794,-0.00878770888827208,0.592587739652164
input,0.999998484652398,-0.999999736007172,0.0623919739114923,0.704048148690584,0.495683795674639,1.53516418269766,-0.14263914436206,0,0.495377629031233,-0.0497328457179931,0.37672774812303
error,0.526488900320841,-0.375418453396022,-0.00166487752181562,0.172299269764396,0.0296870383613442,2.79906195289502,0.281226896092671,0,0.0296687017101019,0.00143715849672018,0.00246382351230733
