signalsNamesOrdered,maxSignals,minSignals,meanSignals,standardDeviationSignals,varianceSignals,kurtosisSignals,skewnessSignals,firstMomentSignals,secondMomentSignals,thirdMomentSignals,fourthMomentSignals
compassSystem,1.48486634922273,-1.22660141841951,0.0510846352581709,0.839339623709034,0.704491003928022,1.5628075702072,-0.0372138166060463,0,0.70407290837673,-0.0219852122904566,0.774712875025542
compassFilter,1.48475868538272,-1.2265863703798,0.0508915504088134,0.8391695779769,0.704205580601928,1.56331784232999,-0.0367845915691295,0,0.703787654441333,-0.0217184288702763,0.774338001485568
fullSystem,1.48307729904361,-1.22671173922662,0.0512043086090021,0.839023519300361,0.703960465939163,1.56260311483833,-0.0374646904919301,0,0.703542685247211,-0.0221084261461935,0.773445273309809
gyroFilter,0.00621176734424345,-0.0058501339403679,0.000312758200188443,0.00348067731803107,1.2115114592256e-05,1.57626295847591,-0.0881406132376528,0,1.21079246132695e-05,-3.71347607490107e-09,2.31083047578414e-10
gyroSystem,1.974372442579,-0.875123467125438,0.528338864678698,0.751134870479412,0.564203593650123,1.93332393658629,-0.00638987483747571,0,0.563868754722141,-0.00270557387309381,0.614696425923667
input,0.999999604423699,-0.999999305314499,0.052893168579142,0.705744545715192,0.498075363806743,1.52122796651135,-0.116485007127035,0,0.497779770119024,-0.0409096623271842,0.376937014613478
error,0.52941590534521,-0.375155289091944,-0.00168885997014013,0.169737633499953,0.0288108642261645,2.79269556194467,0.26692204739481,0,0.028793765790422,0.00130416382349184,0.00231537068507189
