signalsNamesOrdered,maxSignals,minSignals,meanSignals,standardDeviationSignals,varianceSignals,kurtosisSignals,skewnessSignals,firstMomentSignals,secondMomentSignals,thirdMomentSignals,fourthMomentSignals
compassSystem,1.48435617817367,-1.22531081848074,0.0655530836077089,0.838956956745112,0.70384877527102,1.56853370239899,-0.0755512288488106,0,0.703414568747102,-0.0445716355755049,0.776098014771289
compassFilter,1.48436489809629,-1.22529936136156,0.0655205778413049,0.838920459822849,0.70378753790938,1.56865043019716,-0.0754952775284704,0,0.703353369162983,-0.0445328145513464,0.776020719975804
fullSystem,1.48399896620862,-1.22528544777642,0.0655836491087805,0.838889055672182,0.703734847726565,1.56849530361739,-0.0756147601528436,0,0.703300711484908,-0.0445982855720839,0.775827797700259
gyroFilter,0.00135415898445301,-0.00127076046750026,6.30712674754364e-05,0.000747150947506296,5.58234538359556e-07,1.58895763298853,-0.082847998231887,0,5.57890161716522e-07,-3.45227253871545e-11,4.94549449936856e-13
gyroSystem,1.97416250432093,-0.875123467125439,0.536705834040965,0.755040855324429,0.570086693209045,1.93613068236401,-0.0310274670124757,0,0.569735004934394,-0.0133430673459233,0.628464100471778
input,0.999994083821606,-0.999990206550703,0.0662284806205277,0.706735440374842,0.499474982681821,1.53413436082125,-0.153984801140926,0,0.499166854993554,-0.0543058313808207,0.382256498712983
error,0.528389635528514,-0.375431820735454,-0.000644831511747371,0.168423742150234,0.0283665569198886,2.74015199192908,0.21709569435648,0,0.0283490575016777,0.0010362371246808,0.00220217537899055
