signalsNamesOrdered,maxSignals,minSignals,meanSignals,standardDeviationSignals,varianceSignals,kurtosisSignals,skewnessSignals,firstMomentSignals,secondMomentSignals,thirdMomentSignals,fourthMomentSignals
compassSystem,1.48568507781678,-1.22737511122024,0.0553530601499035,0.844074683890456,0.712462071984774,1.5598507759817,-0.04758485373369,0,0.712016504710237,-0.0285893202749995,0.790793652920521
compassFilter,1.48562709901736,-1.22737617191374,0.0553040811455898,0.844033126682343,0.712391918937173,1.55999514529888,-0.0474890536282676,0,0.711946395535711,-0.0285275488923266,0.790711104690371
fullSystem,1.48521730006925,-1.22735554662152,0.0553850698391895,0.84400054663467,0.712336922719622,1.5597976090124,-0.0476461478736611,0,0.711891433712293,-0.0286186039702459,0.790488915283112
gyroFilter,0.00150950273950567,-0.00141147232043817,8.09886935996709e-05,0.000830681484689351,6.90031729005704e-07,1.59983400897816,-0.100946649502762,0,6.89600189462861e-07,-5.78080030521424e-11,7.60798537323156e-13
gyroSystem,1.97435266867724,-0.875123467125439,0.521879516548063,0.749537573815584,0.561806574561351,1.93916920848222,-0.00684303785835691,0,0.561455225859312,-0.00287886722479761,0.611288131003435
input,0.999999999870337,-0.999990206550703,0.0568650308017581,0.709702810113654,0.503678078683218,1.51778470145225,-0.129674590387223,0,0.503363083011746,-0.0463102287523074,0.384567777949815
error,0.52946958799952,-0.375584233614226,-0.00147996096256857,0.171697626119714,0.0294800748151452,2.80457135668432,0.269432923747041,0,0.0294616382455297,0.00136249840563251,0.00243433464204064
