signalsNamesOrdered,maxSignals,minSignals,meanSignals,standardDeviationSignals,varianceSignals,kurtosisSignals,skewnessSignals,firstMomentSignals,secondMomentSignals,thirdMomentSignals,fourthMomentSignals
compassSystem,1.48052557861505,-1.22392008486362,0.0723053624828267,0.841239753153037,0.707684322284983,1.55402650708484,-0.0885228350032594,0,0.7072488242405,-0.0526518536246984,0.777325456519067
compassFilter,1.48053227791368,-1.22382520578185,0.072160418137968,0.841154356112377,0.707540650806828,1.55424057169364,-0.088272070012358,0,0.707105241175562,-0.0524867153903161,0.777116900863094
fullSystem,1.47959698878096,-1.22402423440837,0.0723781130842992,0.841075027160688,0.707407201313352,1.55394879118201,-0.0886292275237674,0,0.706971873804852,-0.0526841731376412,0.776677949325768
gyroFilter,0.00342736482014205,-0.00322285186237521,0.000217694946331189,0.00190687383431914,3.63616782001099e-06,1.60277696287403,-0.135480022548843,0,3.6339301782756e-06,-9.38512644354283e-10,2.11653887052635e-11
gyroSystem,1.97440189365298,-0.875123467125439,0.540232102622884,0.758702045297647,0.575628793538832,1.90437881795111,-0.0225442552218367,0,0.575274560435116,-0.00983668232908962,0.630236687382111
input,0.999993742857021,-0.999999276742584,0.0734847334616971,0.7078279025477,0.501020339625076,1.52817083035871,-0.166814354132257,0,0.500712019416076,-0.0591038053170471,0.383131569631259
error,0.52508648305148,-0.375375544124045,-0.00110662037739764,0.169832735613574,0.0288431580859901,2.64984941053345,0.190247758735857,0,0.0288254084502449,0.000931070901477679,0.00220177093124108
