signalsNamesOrdered,maxSignals,minSignals,meanSignals,standardDeviationSignals,varianceSignals,kurtosisSignals,skewnessSignals,firstMomentSignals,secondMomentSignals,thirdMomentSignals,fourthMomentSignals
compassSystem,1.48831636022767,-1.22629189881867,0.0693671102595971,0.844869257538494,0.713804062333645,1.55779466899441,-0.0656949600759505,0,0.713362625065659,-0.0395819859861808,0.792740263759277
compassFilter,1.48822762683983,-1.22628747193063,0.0693260028601185,0.844833990193383,0.713744470986073,1.5579105969198,-0.0656497306096085,0,0.713303070571115,-0.0395497815122657,0.792666891016679
fullSystem,1.48786809396216,-1.22627107909222,0.0693919796566138,0.844799799883883,0.713686701883849,1.55775197109144,-0.0657633744387627,0,0.713245337194991,-0.0396134348421917,0.792457886389093
gyroFilter,0.00136343350304918,-0.00127760338969123,6.5976796495242e-05,0.000750159065711597,5.62738623869297e-07,1.59636836932122,-0.0921552066245114,0,5.62390609878035e-07,-3.88666373681535e-11,5.04904493161056e-13
gyroSystem,1.97437086527353,-0.875123467125439,0.541834076607957,0.749285614089814,0.56142893148195,1.94732789352461,-0.0220722641364549,0,0.56108172744269,-0.00927654109373631,0.613043561429427
input,0.999993742857021,-0.999995207777562,0.0679804620768342,0.709053459209409,0.502756808016828,1.51975080901378,-0.145024965595044,0,0.502445888531351,-0.0516507600099691,0.383663935040446
error,0.531442435078311,-0.375428980335661,0.00141151757977958,0.171938323970462,0.0295627872497716,2.79198255040659,0.267201316909213,0,0.0295445047592028,0.00135691819501716,0.0024370594786526
