signalsNamesOrdered,maxSignals,minSignals,meanSignals,standardDeviationSignals,varianceSignals,kurtosisSignals,skewnessSignals,firstMomentSignals,secondMomentSignals,thirdMomentSignals,fourthMomentSignals
compassSystem,1.48563072556076,-1.22459040533765,0.0646296308017739,0.836211583525842,0.699249812422797,1.575550215697,-0.0530500606625378,0,0.698824736548984,-0.0309911926002596,0.769429420693845
compassFilter,1.48550390866424,-1.22457220451286,0.0644579878370009,0.835982175167408,0.698866197197631,1.57617859087332,-0.0525870534989421,0,0.698441354524562,-0.030695432462158,0.76889195357712
fullSystem,1.48379141704364,-1.22467222566241,0.0647470841279193,0.835869782851456,0.698678293884139,1.57535960937309,-0.0533654732573834,0,0.698253565438009,-0.0311372395722263,0.768079246035555
gyroFilter,0.00628196327846448,-0.0059026409554408,0.00028909629091831,0.00352765541606915,1.2444352734522e-05,1.57967290099817,-0.0667943436074004,0,1.24367877784524e-05,-2.92955746750505e-09,2.44333836979407e-10
gyroSystem,1.97417246323629,-0.875123467125438,0.527316334736343,0.754508853651827,0.569283610238994,1.94077293455525,-0.00933055831525465,0,0.568937541175019,-0.00400409634525461,0.628208647099861
input,0.999997991633167,-0.999995765302256,0.0642383774753279,0.704137895233779,0.495810175504256,1.5344160382297,-0.13728055175296,0,0.495508771142247,-0.0478835163676792,0.376743546882317
error,0.531417060732578,-0.37515958948377,0.00050870665259134,0.169079683815466,0.0285879394791378,2.82433940820756,0.258472631736342,0,0.0285705607925244,0.0012482245275543,0.00230544314094854
