signalsNamesOrdered,maxSignals,minSignals,meanSignals,standardDeviationSignals,varianceSignals,kurtosisSignals,skewnessSignals,firstMomentSignals,secondMomentSignals,thirdMomentSignals,fourthMomentSignals
compassSystem,1.48354425910579,-1.22588015357564,0.0608510664209471,0.840852570119257,0.70703304467616,1.56154155716458,-0.0587660040159489,0,0.706589763770407,-0.0349041585604947,0.779629438902904
compassFilter,1.48349972325732,-1.22581980202925,0.0607844425189667,0.840786691045077,0.706922259838529,1.5617181492949,-0.0586415029372622,0,0.706479048390355,-0.0348220249677557,0.779473277511164
fullSystem,1.48289872064862,-1.22593288757129,0.0608988847690676,0.840734725164302,0.706834878097095,1.56146192590153,-0.058890771615578,0,0.706391721433711,-0.0349635599845902,0.779152737341513
gyroFilter,0.00223636030878238,-0.00211333340799289,0.000114442250101072,0.00124798449147508,1.55746529096231e-06,1.58978468532903,-0.0880276831192434,0,1.55648882369525e-06,-1.70937867343564e-10,3.8515037249848e-12
gyroSystem,1.97418130612583,-0.875123467125439,0.532231274219559,0.748832248270318,0.560749736049579,1.94510585226357,-0.0210282479985851,0,0.560398168816946,-0.00882161604576641,0.610852921799391
input,0.999993742857021,-0.999997520723219,0.0620070857008774,0.707244292151473,0.500194488780839,1.52483598510677,-0.139922917126592,0,0.499880887220475,-0.0494525452178077,0.381027390458337
error,0.528675314250923,-0.375602146248742,-0.00110820093180972,0.170239662349838,0.0289815426369869,2.72356828179145,0.247124990782961,0,0.0289633723908195,0.00121812079806836,0.00228473862678923
