signalsNamesOrdered,maxSignals,minSignals,meanSignals,standardDeviationSignals,varianceSignals,kurtosisSignals,skewnessSignals,firstMomentSignals,secondMomentSignals,thirdMomentSignals,fourthMomentSignals
compassSystem,1.4853113606828,-1.22390649397375,0.0607947283979763,0.842021723319354,0.709000582541695,1.56193304288445,-0.0683581719682357,0,0.708559387406323,-0.0407713249138598,0.784178489113542
compassFilter,1.48527902486297,-1.22386012175063,0.0607369689728214,0.841991679714426,0.70894998870832,1.56203509324654,-0.0681867322225568,0,0.708508825056355,-0.0406647188504241,0.784117803870207
fullSystem,1.48477538492739,-1.22394388682678,0.060838561124995,0.84193603629712,0.708856289215705,1.56185494205663,-0.068419357774638,0,0.708415183870829,-0.0407953614130008,0.783820139988367
gyroFilter,0.00188052583982545,-0.00176941392252265,0.000101592152173555,0.00104297554769541,1.08779799309053e-06,1.59448637601651,-0.0933347186509937,0,1.08712108083597e-06,-1.05793771253828e-10,1.88441541242956e-12
gyroSystem,1.97435991682267,-0.875123467125439,0.528252044952251,0.757642534841248,0.574022210600671,1.92698307138429,-0.021576172119823,0,0.573665009473975,-0.00937479844903795,0.634153832479366
input,0.99999985635481,-0.999990206550703,0.0620961183114787,0.707477322001915,0.500524161147002,1.52971945078421,-0.147641672956199,0,0.500212696205405,-0.0522325253327606,0.38275529742258
error,0.530152530106667,-0.375417139243376,-0.00125755718648366,0.170906741277442,0.0292091142140744,2.70934525194537,0.21665784515509,0,0.0291909380384589,0.00108055405144713,0.0023086625223313
