signalsNamesOrdered,maxSignals,minSignals,meanSignals,standardDeviationSignals,varianceSignals,kurtosisSignals,skewnessSignals,firstMomentSignals,secondMomentSignals,thirdMomentSignals,fourthMomentSignals
compassSystem,1.48456966454844,-1.22439314089149,0.0544171033928642,0.841068556928664,0.707396317454066,1.56335889458305,-0.0541221683719769,0,0.706973739008753,-0.0321721519296453,0.781385328905689
compassFilter,1.48432217640332,-1.22419835030753,0.0542180322020551,0.840814390266937,0.706968838879961,1.5638080276386,-0.0536586296915381,0,0.706546515798192,-0.0318676997220639,0.78066544500043
fullSystem,1.48242504501649,-1.22457557421878,0.0545818893976326,0.840678268833932,0.706739951689617,1.56317382541367,-0.0544633956634778,0,0.706317765338548,-0.0323299408288798,0.779843638798367
gyroFilter,0.00708435808048702,-0.00665609745931861,0.000363857195577461,0.00394225892082782,1.55414053988466e-05,1.59453882337309,-0.0906471138231358,0,1.55321214051794e-05,-5.54881372388015e-09,3.84677381192314e-10
gyroSystem,1.97442753916583,-0.875123467125438,0.527103328333752,0.752608496451197,0.566419548930532,1.92281431347718,0.00688117955616119,0,0.566081185998076,0.00293076483560369,0.616161826420128
input,0.999993742857021,-0.999998787440744,0.0567048451967045,0.708356315790414,0.501768670120169,1.52916836070944,-0.13668620250234,0,0.501468927784374,-0.0485389883191032,0.384541627630643
error,0.530160261313417,-0.375090930573488,-0.00212295579907187,0.169076449625193,0.0285868458178605,2.7247061650047,0.24728101031518,0,0.0285697688490326,0.0011941279300638,0.00222399152350208
