signalsNamesOrdered,maxSignals,minSignals,meanSignals,standardDeviationSignals,varianceSignals,kurtosisSignals,skewnessSignals,firstMomentSignals,secondMomentSignals,thirdMomentSignals,fourthMomentSignals
compassSystem,1.50020220002485,-1.25047354594646,0.0456698710572963,0.846464355306618,0.716501904804648,1.53929613323598,-0.0360918603785523,0,0.716145613454671,-0.0218731470574263,0.789450402788448
compassFilter,1.50003273819717,-1.25041486002695,0.0455130697438324,0.84635995276208,0.716325169639431,1.5396423955644,-0.0357450212452224,0,0.715968966173673,-0.0216549336159755,0.789238491038864
fullSystem,1.4986808560238,-1.25201376490523,0.0458223874833653,0.846263936165175,0.716162649653776,1.5390290637011,-0.0361398686614689,0,0.715806527003525,-0.0218866882089667,0.788566148160848
gyroFilter,0.00785804965020076,-0.00805571488207257,0.000309317739532974,0.00443379551255164,1.9658542647123e-05,1.56026199627968,-0.0600119312552792,0,1.96487671410827e-05,-5.22685631774375e-09,6.02376668221432e-10
gyroSystem,1.97442968422269,-0.875123467125438,0.53435769012931,0.759461016132789,0.576781035025449,1.90018599155527,-0.00495782468874627,0,0.576494221979688,-0.00217011927364823,0.63151843062713
input,0.999999681864037,-0.999990698235184,0.0445152735053374,0.709606889648199,0.503541937836191,1.50373086604199,-0.0972197115889229,0,0.50329154403319,-0.0347123310483121,0.380898604684505
error,0.545624831424123,-0.375989695214887,0.00130711397802796,0.170368311576542,0.0290253615894417,2.78851150667877,0.226767658163478,0,0.0290109282917841,0.00112053016789212,0.0023469059828505
