signalsNamesOrdered,maxSignals,minSignals,meanSignals,standardDeviationSignals,varianceSignals,kurtosisSignals,skewnessSignals,firstMomentSignals,secondMomentSignals,thirdMomentSignals,fourthMomentSignals
compassSystem,1.49932068717541,-1.2504636472041,0.0446723396091222,0.845292209061626,0.714518918700284,1.54760888893511,-0.0328625951107045,0,0.713626885093917,-0.0198111032269101,0.78814045806371
compassFilter,1.49800582730788,-1.24993873937023,0.0439312058709565,0.844491290000032,0.713165538885918,1.54951496321389,-0.0312741241601235,0,0.712275194892303,-0.0187999583167631,0.786124650950997
fullSystem,1.48824785437052,-1.25217199037176,0.0451911927437727,0.843817825661615,0.712028522904295,1.54622405773189,-0.0333936042302457,0,0.711139598406287,-0.0200260635020832,0.781955701310079
gyroFilter,0.0331285692361512,-0.0311671570742541,0.00125998687281629,0.0185877507508665,0.000345504477976337,1.56941789880399,-0.0654310365252807,0,0.000345073136555643,-4.1942134377607e-07,1.86879173255335e-07
gyroSystem,1.97440130312131,-0.875123467125438,0.530789615774018,0.759255075629279,0.576468269868822,1.90636833504302,0.00157317762018387,0,0.575748584138649,0.000687269510328295,0.631935237723619
input,0.999995890158971,-0.999990206550703,0.0449374848782739,0.709543295522735,0.503451688221263,1.50755223563701,-0.0995679493745978,0,0.502823159272173,-0.0355011540815872,0.381156134517031
error,0.546332778761485,-0.373345908985774,0.000253707865498837,0.171075800576985,0.0292669295430565,2.7880995627646,0.227243477432131,0,0.0292303915536145,0.00113564704700734,0.002382196291571
