signalsNamesOrdered,maxSignals,minSignals,meanSignals,standardDeviationSignals,varianceSignals,kurtosisSignals,skewnessSignals,firstMomentSignals,secondMomentSignals,thirdMomentSignals,fourthMomentSignals
compassSystem,1.48358142620867,-1.22582285567736,0.0519462884088569,0.839277381863352,0.704386523707403,1.56579474889014,-0.0453242971991227,0,0.70394462500997,-0.026769411543415,0.775910853204272
compassFilter,1.48347430372375,-1.22581180381136,0.0518858866936013,0.839235716783264,0.704316588324719,1.56597459015293,-0.0451653636065951,0,0.703874733501429,-0.0266715696281587,0.77584588791754
fullSystem,1.48305325569619,-1.22585636677307,0.0519786131442367,0.839201285973779,0.704258798380044,1.56576256974133,-0.0453614224519745,0,0.703816979811424,-0.0267840517218059,0.775613549057934
gyroFilter,0.00159571154581423,-0.0014970076617845,9.27264506354796e-05,0.000883546168554123,7.80653831966671e-07,1.59354608978146,-0.11386501364214,0,7.80164086777231e-07,-7.84637814336212e-11,9.69921392482319e-13
gyroSystem,1.97440679267477,-0.875123467125439,0.527715146065352,0.752123977744064,0.565690477897554,1.9336204338147,0.000955883009329879,0,0.565335590521207,0.000406316288662967,0.617993463049554
input,0.999993742857021,-0.999990206550703,0.0544130932250829,0.705802738552468,0.498157505748163,1.52568955366561,-0.124607360654071,0,0.497844985355599,-0.0437708421637507,0.378141590522172
error,0.5272509039223,-0.375560680477833,-0.00243448008084618,0.169728591573044,0.0288077947973691,2.8044912599955,0.278912525762287,0,0.0287897221532051,0.00136246146843396,0.00232449725696583
