signalsNamesOrdered,maxSignals,minSignals,meanSignals,standardDeviationSignals,varianceSignals,kurtosisSignals,skewnessSignals,firstMomentSignals,secondMomentSignals,thirdMomentSignals,fourthMomentSignals
compassSystem,1.48169692196077,-1.22413663382317,0.0601694884413383,0.839731080826437,0.705148288105936,1.56407786686215,-0.0520346051716397,0,0.704716476539429,-0.0307832097799041,0.776760659101548
compassFilter,1.48169778165431,-1.22399312507774,0.0600115020596747,0.839600233165966,0.704928551532344,1.56427247272481,-0.0516543666663312,0,0.704496874525894,-0.0305439814371608,0.776373216013989
fullSystem,1.48021913814755,-1.22430915084351,0.0602955695474569,0.839451708912006,0.704679171595287,1.5639079727866,-0.0523034125009157,0,0.704247647301597,-0.0309113613670445,0.775643224759693
gyroFilter,0.0053983990619757,-0.00508322298280134,0.000284067487782079,0.00301377607687114,9.08284624152083e-06,1.58442959569646,-0.0832385235045825,0,9.07728418013594e-06,-2.27645078701194e-09,1.30552384964166e-10
gyroSystem,1.97436912490578,-0.875123467125439,0.536190644970481,0.755866338312572,0.571333921394056,1.93021944738111,-0.00810467136811719,0,0.570984053714084,-0.00349680471368139,0.62929552876719
input,0.999997843275713,-0.99999062348554,0.0616051286522754,0.706754677068781,0.499502173558597,1.52994616616241,-0.132845205709682,0,0.499196293476809,-0.046854673265357,0.381257902086542
error,0.526084000971855,-0.375226478866444,-0.00130955910481869,0.169271449256944,0.0286528235335463,2.75688302520339,0.24820726574835,0,0.0286352774076837,0.00120272567619668,0.00226058649548689
