signalsNamesOrdered,maxSignals,minSignals,meanSignals,standardDeviationSignals,varianceSignals,kurtosisSignals,skewnessSignals,firstMomentSignals,secondMomentSignals,thirdMomentSignals,fourthMomentSignals
compassSystem,1.49932070498969,-1.24994236873783,0.0492003106612828,0.84447696535328,0.713141345012285,1.54876143000136,-0.0360925678984467,0,0.71239771482979,-0.0217020899254325,0.786012694062429
compassFilter,1.49916975738446,-1.25010923488424,0.0486021710735373,0.843869220028026,0.71211526051071,1.55018611882894,-0.0345495211640637,0,0.711372700280771,-0.0207294521586634,0.78447341963397
fullSystem,1.49174842215464,-1.25167842201508,0.04962879248782,0.843313417272223,0.711177519751354,1.54763778329019,-0.0364592810289098,0,0.710435937353282,-0.0218320985621379,0.781122536500903
gyroFilter,0.0257835279517546,-0.0243263369946139,0.00102662141428264,0.0145083786309222,0.0002104930504982,1.56185070893345,-0.0596490620273915,0,0.000210273558266189,-1.81878186298863e-07,6.90571811559289e-08
gyroSystem,1.97426845165215,-0.875123467125438,0.527433910265707,0.751762269103099,0.56514650924704,1.90138126352922,-0.023277329309148,0,0.564557201103925,-0.00987404444402745,0.606017426292887
input,0.999999618693895,-0.999990206550703,0.0478631709374861,0.707176702334379,0.500098888324527,1.51015812865385,-0.102507992881426,0,0.499577408774658,-0.0361961114408613,0.376901622278502
error,0.546128827421335,-0.374332120498503,0.00176562155033385,0.171925173230107,0.0295582651902025,2.82094394887149,0.234632887651527,0,0.029527443224415,0.00119049520418954,0.00245949612811773
