signalsNamesOrdered,maxSignals,minSignals,meanSignals,standardDeviationSignals,varianceSignals,kurtosisSignals,skewnessSignals,firstMomentSignals,secondMomentSignals,thirdMomentSignals,fourthMomentSignals
compassSystem,1.48222171909637,-1.22677855324546,0.0506131716011171,0.84599001575539,0.715699106757804,1.55626403092145,-0.03665693454616,0,0.715260027551204,-0.022174410174404,0.796179864714295
compassFilter,1.48220743565013,-1.22675792723416,0.0505430824029156,0.845951238507642,0.715633497932613,1.55644893333397,-0.0365261236739337,0,0.715194458976826,-0.0220922422541928,0.796128476417571
fullSystem,1.48157697250338,-1.22674380834231,0.0506670777135352,0.84587971365483,0.715512489972777,1.55618218200232,-0.0367573483566234,0,0.715073525255003,-0.0222264561402869,0.795722863136021
gyroFilter,0.0023262285609964,-0.00219480340063124,0.000123995310619546,0.00129016038614519,1.66451382197831e-06,1.59906561689909,-0.098013013713668,0,1.66349264785439e-06,-2.10288281425279e-10,4.4249468309498e-12
gyroSystem,1.97436306412413,-0.875123467125438,0.522905166550831,0.757356199797522,0.573588413371744,1.9317081811817,0.0130844117839821,0,0.573236518639614,0.00567877913780529,0.634759513680875
input,0.999998298363389,-0.999999840639837,0.0534410729513506,0.710226607792881,0.504421834416983,1.51466954529609,-0.116019512890658,0,0.504112373168874,-0.0415261887260018,0.384921888227102
error,0.526698585496489,-0.375613428976769,-0.0027739952378154,0.172098899624442,0.0296180312519437,2.75138262303289,0.274025673667626,0,0.0295998606806235,0.00139548686969461,0.00241062870645193
