signalsNamesOrdered,maxSignals,minSignals,meanSignals,standardDeviationSignals,varianceSignals,kurtosisSignals,skewnessSignals,firstMomentSignals,secondMomentSignals,thirdMomentSignals,fourthMomentSignals
compassSystem,1.482451973047,-1.22506791709405,0.0690377932688719,0.848718664841762,0.720323372050782,1.54392547764216,-0.0785948065379816,0,0.719876798354533,-0.048004407526284,0.800097082654965
compassFilter,1.48241716338262,-1.22506677001095,0.0689604242799179,0.848703917227537,0.720298339117365,1.54395411570693,-0.0785137603944447,0,0.719851780940603,-0.047952406085536,0.800056312966863
fullSystem,1.48182906307848,-1.22503733175736,0.0690781985218144,0.848606076330062,0.720132272784303,1.54385122592193,-0.0787184459098854,0,0.71968581756249,-0.048060792524945,0.799634154556927
gyroFilter,0.0021835330207825,-0.0020643110669886,0.000117774241896464,0.00120859806276391,1.46070927731668e-06,1.59453666800996,-0.108044932650306,0,1.45980369189987e-06,-1.90566294618897e-10,3.39800040322396e-12
gyroSystem,1.97416250432093,-0.875123467125438,0.53715084234245,0.75264653838831,0.566476811747906,1.92419618051556,-0.00876369100393548,0,0.566125617196296,-0.00373298519276267,0.616701440098831
input,0.999999616753208,-0.999996725325031,0.0693602097440762,0.710328436290964,0.504566487403565,1.51046084148166,-0.155789903694512,0,0.504253674950122,-0.0557844193353607,0.384067549716696
error,0.527543642430523,-0.375638660392311,-0.000282011222261981,0.173973416904298,0.0302667497893566,2.70517612378826,0.254546166488385,0,0.0302479855303427,0.00133909456007631,0.00247507554329109
