signalsNamesOrdered,maxSignals,minSignals,meanSignals,standardDeviationSignals,varianceSignals,kurtosisSignals,skewnessSignals,firstMomentSignals,secondMomentSignals,thirdMomentSignals,fourthMomentSignals
compassSystem,1.4848852952687,-1.2254604372531,0.0418306892132799,0.838575768607844,0.703209319696237,1.56135981662407,-0.029961835802984,0,0.702788739959576,-0.0176524752648424,0.771174370067917
compassFilter,1.4843936904733,-1.22541688618984,0.041716673199504,0.838383997647604,0.702887727511578,1.56178259306789,-0.0298467754355397,0,0.702467340114741,-0.0175726243018586,0.770677806751507
fullSystem,1.48271545840081,-1.22551051394953,0.0419759597968463,0.838244481465101,0.702653810706696,1.56110007675177,-0.0303145473672669,0,0.702233563212254,-0.0178391214468071,0.769828367614557
gyroFilter,0.00636681358960478,-0.00599533586634909,0.000259286597342335,0.00357164830407731,1.27566716080183e-05,1.56627105267044,-0.0697044847442154,0,1.2749042019736e-05,-3.17305098181848e-09,2.54578677789856e-10
gyroSystem,1.97416250432092,-0.875123467125438,0.511824451656516,0.743912497536863,0.553405803991533,1.9364288432139,0.0105110515568949,0,0.553074819659002,0.00432336593107413,0.592337619492471
input,0.999993742857021,-0.999999996752001,0.0438798965443922,0.705348404343464,0.49751637150987,1.51813225811033,-0.104590011142223,0,0.497218813871408,-0.0366700531198465,0.37532259889733
error,0.528399973541261,-0.375142189699931,-0.00190393674754591,0.16956050275618,0.0287507640949284,2.71373162559398,0.23596697287831,0,0.0287335686618573,0.00114930573331967,0.00224050559054417
