signalsNamesOrdered,maxSignals,minSignals,meanSignals,standardDeviationSignals,varianceSignals,kurtosisSignals,skewnessSignals,firstMomentSignals,secondMomentSignals,thirdMomentSignals,fourthMomentSignals
compassSystem,1.48683483364662,-1.22500543994025,0.0555269136666004,0.843822909411472,0.71203710244764,1.56292531037802,-0.0469202441619759,0,0.711589842961178,-0.0281646834270539,0.79140302365362
compassFilter,1.48678651305655,-1.22500663372668,0.0554688648312652,0.843781492722621,0.711967207461215,1.56305022186883,-0.0468258421686811,0,0.711519991878638,-0.0281038783999823,0.791310897649985
fullSystem,1.48633100676443,-1.22498035744357,0.0555632410991065,0.843737440685927,0.711892868815238,1.56285225826303,-0.0470047584157118,0,0.711445699927791,-0.0282068418219153,0.791045459690695
gyroFilter,0.00170084459576469,-0.00159322523558022,9.43762678411552e-05,0.000938159685110013,8.80143594765719e-07,1.5938100851482,-0.10316089956087,0,8.79590740748906e-07,-8.51012803326399e-11,1.23309878141259e-12
gyroSystem,1.9744081988429,-0.875123467125439,0.526061718380479,0.752606219040016,0.566416120937709,1.93612474998717,-0.00541813646602502,0,0.56606033191702,-0.00230751228522851,0.620381416507568
input,0.99999958395434,-0.999990206550703,0.0566612258735566,0.708038980926531,0.50131919851148,1.52162259225104,-0.127570423312678,0,0.50100429951744,-0.045238914546176,0.381935347633091
error,0.532546172139081,-0.375566228980123,-0.00109798477445003,0.171341571148438,0.0293579340036152,2.84479278082758,0.298158540141397,0,0.0293394930902963,0.00149839447320959,0.00244881428141648
