signalsNamesOrdered,maxSignals,minSignals,meanSignals,standardDeviationSignals,varianceSignals,kurtosisSignals,skewnessSignals,firstMomentSignals,secondMomentSignals,thirdMomentSignals,fourthMomentSignals
compassSystem,1.49967234230021,-1.24985745290907,0.0507295248766409,0.846337494477694,0.71628715455878,1.54272676723679,-0.0417128422135417,0,0.715527571149916,-0.0252469745364851,0.789844795302277
compassFilter,1.49944585404404,-1.25009098918271,0.0503396465877868,0.845726338786906,0.715253040117904,1.54389537367227,-0.0404718601785124,0,0.714494553330929,-0.0244428335147739,0.788162396647496
fullSystem,1.49194598902533,-1.25175937617369,0.0512030268101931,0.845147178023856,0.714273752521687,1.54141212481961,-0.0420960601707506,0,0.713516304215725,-0.0253715677399744,0.784741415763251
gyroFilter,0.0268694141074802,-0.0253471546562655,0.000863380222406217,0.0150830966699438,0.00022749980515487,1.57046751727589,-0.044684525120763,0,0.000227258554035936,-1.53086715580393e-07,8.11090727083242e-08
gyroSystem,1.97439427231249,-0.875123467125438,0.526343839976584,0.755086847099779,0.570156146663085,1.89935613117222,-0.0114712245978666,0,0.569551527207451,-0.00493070834082437,0.616130126146324
input,0.999993742857021,-0.999990206550703,0.0484787780113587,0.709689255407011,0.503658839240158,1.50470510223254,-0.105311636436857,0,0.503124736547432,-0.0375828635118854,0.380892774492442
error,0.546189704304173,-0.374193682827649,0.00272424879883442,0.171076520646074,0.0292671759163665,2.76993600265698,0.223391718358541,0,0.0292361396746736,0.00111672724249487,0.00236760795887518
