signalsNamesOrdered,maxSignals,minSignals,meanSignals,standardDeviationSignals,varianceSignals,kurtosisSignals,skewnessSignals,firstMomentSignals,secondMomentSignals,thirdMomentSignals,fourthMomentSignals
compassSystem,1.48278094356831,-1.22670548104816,0.0545336202377598,0.844580079090547,0.713315509996594,1.55194229589072,-0.0558220630811356,0,0.712869687802846,-0.0335985941381899,0.788670989396738
compassFilter,1.4826851882837,-1.22670892076458,0.0544923764427079,0.844546843788704,0.713259371353462,1.55204605756676,-0.0557426809400022,0,0.712813584246366,-0.0335468543848346,0.788599577532634
fullSystem,1.48230824511974,-1.22670664266039,0.0545644316780877,0.844510382036299,0.713197785367096,1.5518934136702,-0.0558822875839065,0,0.712752036751242,-0.0336265162751387,0.788385855562014
gyroFilter,0.00143158857232245,-0.00134287026499024,7.20552353796399e-05,0.000788264437192498,6.21360822942406e-07,1.59845304201553,-0.0895858926206217,0,6.20972472428067e-07,-4.3837739130766e-11,6.16374380885546e-13
gyroSystem,1.97440700417841,-0.875123467125438,0.518475510851589,0.753091394233171,0.567146648068061,1.91536478520625,-0.00960270924425206,0,0.566792181413018,-0.00409759994614435,0.615317405263782
input,0.999993742857021,-0.999995462311606,0.0559800675885157,0.710096950468713,0.504237679064966,1.51606465569362,-0.134839106731384,0,0.50392253051555,-0.0482349165070094,0.384986300342118
error,0.526520617267859,-0.375622717180637,-0.00141563591042825,0.170607435786717,0.0291068971457188,2.7532319831727,0.255824377611841,0,0.0290887053350027,0.00126919547394931,0.00232965489122343
