signalsNamesOrdered,maxSignals,minSignals,meanSignals,standardDeviationSignals,varianceSignals,kurtosisSignals,skewnessSignals,firstMomentSignals,secondMomentSignals,thirdMomentSignals,fourthMomentSignals
compassSystem,1.48229314710096,-1.22499132901566,0.0641876376056465,0.841256863979829,0.707713111193177,1.55961269479619,-0.0710788875161482,0,0.707280523716897,-0.0422793372189393,0.78018960541964
compassFilter,1.4821646932348,-1.22495489151973,0.06399588153486,0.841135401651002,0.707508763910592,1.55976038490227,-0.0707184863127119,0,0.707076301340964,-0.0420467447580656,0.779812960411632
fullSystem,1.480932406581,-1.22492171299051,0.0642828240408749,0.841013471872939,0.707303659871774,1.55947049904739,-0.0713155649204163,0,0.706871322671363,-0.0423833100516304,0.779216050043788
gyroFilter,0.00458186075449474,-0.00431374792944523,0.000286942506014861,0.00255542417047848,6.53019269106564e-06,1.59346070693709,-0.118980702213239,0,6.52620113074103e-06,-1.98365987682601e-09,6.78675649177466e-11
gyroSystem,1.97418403139844,-0.875123467125438,0.535993016849844,0.755878185238815,0.571351830919925,1.93326658728237,-0.0102627773496442,0,0.57100259385946,-0.00442814699033262,0.630329898095265
input,0.999998487775535,-0.999998807100451,0.0659524310612697,0.707030816462642,0.49989257542783,1.52944539663252,-0.150729757845068,0,0.499587017618889,-0.0532250058316194,0.381729976010162
error,0.527829282160499,-0.375314194369827,-0.00166960702039493,0.170018487706822,0.0289062861621148,2.69346784767249,0.228422255664191,0,0.0288886172830426,0.00112157559056718,0.00224783954086914
