signalsNamesOrdered,maxSignals,minSignals,meanSignals,standardDeviationSignals,varianceSignals,kurtosisSignals,skewnessSignals,firstMomentSignals,secondMomentSignals,thirdMomentSignals,fourthMomentSignals
compassSystem,1.49932070699168,-1.25047279732809,0.0567556148846827,0.842169242201463,0.709249032510187,1.54991139082616,-0.0505242017994493,0,0.708578664804601,-0.0301357197584224,0.778185283311218
compassFilter,1.49860997235079,-1.25014887484156,0.0562859479576387,0.841707789829285,0.7084720034593,1.55085489904472,-0.0489029758351234,0,0.707802370185708,-0.0291208003220426,0.776953793532715
fullSystem,1.49233469251791,-1.25129472949601,0.0571347558503812,0.841235504001601,0.707677173192828,1.54894979984861,-0.0508102519734256,0,0.707008291176577,-0.0302056446510421,0.774259168070454
gyroFilter,0.0225780923749813,-0.021321363601129,0.000848807892742543,0.0127188052859625,0.000161768007902228,1.55057692700624,-0.0475418941542115,0,0.000161615108083795,-9.76785977388448e-08,4.05002059115992e-08
gyroSystem,1.97416250432094,-0.875123467125439,0.541399901253011,0.753894932574273,0.568357569361168,1.90547693913472,-0.0177086110214363,0,0.567820369390127,-0.00757706390988438,0.61436382116113
input,0.999993742857021,-0.999999886285284,0.0540332696531575,0.705315529617872,0.497469996320139,1.5172927470325,-0.116454052885997,0,0.496999797835905,-0.0408027022119219,0.37478465925015
error,0.546018602864536,-0.374724801099753,0.00310148619722371,0.170335913036184,0.0290143232698705,2.79651073665885,0.223533669331516,0,0.0289868995238687,0.00110317800634216,0.00234974114338911
