signalsNamesOrdered,maxSignals,minSignals,meanSignals,standardDeviationSignals,varianceSignals,kurtosisSignals,skewnessSignals,firstMomentSignals,secondMomentSignals,thirdMomentSignals,fourthMomentSignals
compassSystem,1.48494052582926,-1.22657976957766,0.0275265018178385,0.840995047354822,0.70727266967534,1.55599736699962,0.00685647960916963,0,0.706832001345324,0.00407451099693227,0.777394144486591
compassFilter,1.4849067879818,-1.22646425764406,0.0274176394800209,0.84089226953643,0.707099808966128,1.55626379883023,0.00710629755963652,0,0.706659248337489,0.00422141898809617,0.777147240821784
fullSystem,1.48376834543228,-1.22664661985091,0.0276181031823095,0.840794216782317,0.70693491497459,1.55580327792218,0.00667291608289582,0,0.70649445708364,0.00396258691953119,0.776554963476897
gyroFilter,0.00410394715989426,-0.0038619675298959,0.000200463702288688,0.00229909287085492,5.28582802881593e-06,1.57616188135841,-0.0811462930347098,0,5.28253467801916e-06,-9.8521773281178e-10,4.39830693834236e-11
gyroSystem,1.97442115415493,-0.875123467125438,0.500138106158042,0.749452720258926,0.561679379903504,1.93361987381865,0.0248293687438622,0,0.561329423903564,0.0104422092071892,0.609265682385595
input,0.999998665871806,-0.999996006607221,0.0328628709086924,0.70775749221086,0.500920667780605,1.50900976157183,-0.0750617267632097,0,0.500608567676069,-0.0265867938466126,0.378171333825455
error,0.530572537726968,-0.375292098253143,-0.00524476772638284,0.170312135450955,0.0290062234818644,2.77791533171651,0.290676090284274,0,0.0289881510684801,0.00143463058055572,0.00233431809493011
