signalsNamesOrdered,maxSignals,minSignals,meanSignals,standardDeviationSignals,varianceSignals,kurtosisSignals,skewnessSignals,firstMomentSignals,secondMomentSignals,thirdMomentSignals,fourthMomentSignals
compassSystem,1.48643343793264,-1.22540400093741,0.0415244405690468,0.845447069050761,0.714780746566522,1.55270367917598,-0.0306444650060649,0,0.714328925614204,-0.0185011787285238,0.792291606707617
compassFilter,1.48643695218614,-1.22540521487212,0.0414669341079513,0.845405150081928,0.714709867785047,1.55283153693732,-0.0305020515892937,0,0.714258091636004,-0.0184124595140373,0.792199713244434
fullSystem,1.48601504342361,-1.22538118668412,0.0415571130831344,0.845366924913267,0.714645237737313,1.55265269345706,-0.0306963174716214,0,0.714193502441651,-0.0185272140892653,0.791965221950462
gyroFilter,0.00156713648837725,-0.00146577372639933,9.01789751831468e-05,0.000858892764883858,7.37696781569839e-07,1.60405363788836,-0.103584532976557,0,7.37230475133954e-07,-6.55691919397627e-11,8.71817225302754e-13
gyroSystem,1.97440792785003,-0.875123467125439,0.515081841508481,0.756612349458649,0.572462247353336,1.92131369910559,0.0208152209959672,0,0.572100387525679,0.00900719135068292,0.628843770752484
input,0.999993742857021,-0.999990206550703,0.0471279843156303,0.7113497791457,0.506018508290637,1.50892144817286,-0.110512972353934,0,0.505698648298038,-0.0397421125575907,0.385878176294748
error,0.530465652439609,-0.375563792194333,-0.00557087123249583,0.171027834734431,0.0292505202539478,2.757941159369,0.274811489296851,0,0.0292320306709807,0.00137348323984226,0.00235669276009463
