signalsNamesOrdered,maxSignals,minSignals,meanSignals,standardDeviationSignals,varianceSignals,kurtosisSignals,skewnessSignals,firstMomentSignals,secondMomentSignals,thirdMomentSignals,fourthMomentSignals
compassSystem,1.48576323556823,-1.22464945351115,0.0698768290863277,0.847759947256636,0.718696928172575,1.55021796833087,-0.0688752587558647,0,0.718249420745319,-0.0419252991460978,0.799729903110213
compassFilter,1.48570590095249,-1.22464421929522,0.0697445874810237,0.847668345230797,0.718541623506317,1.55039902234487,-0.0686400079243129,0,0.718094212781842,-0.0417685563562391,0.799477672150114
fullSystem,1.48472361014159,-1.22459941230278,0.0699534834287346,0.847564741939448,0.718365991778883,1.55012078443128,-0.0690576749510967,0,0.717918690414139,-0.0420073071522973,0.798943484542316
gyroFilter,0.0036418241925425,-0.00343468789556808,0.000208895947711084,0.00200901835932651,4.03615476811097e-06,1.60996886276173,-0.101019462008983,0,4.03364159577715e-06,-8.18372470614671e-10,2.61946192712225e-11
gyroSystem,1.97416250432092,-0.875123467125439,0.533772991180872,0.760377706028228,0.578174255824751,1.89556045541208,-0.0297649576398177,0,0.577814246948148,-0.0130733725575214,0.632869449893345
input,0.999998443771372,-0.999990206550703,0.0688022853785568,0.712275946786203,0.507337024370182,1.5182999618615,-0.151516291514342,0,0.507021123358743,-0.0547013962486725,0.390310008171098
error,0.530597265584108,-0.375342779618613,0.00115119805017782,0.172118529216239,0.0296247880995614,2.77293921322464,0.248459425394161,0,0.029606341780695,0.00126570530129245,0.00243057958662582
