signalsNamesOrdered,maxSignals,minSignals,meanSignals,standardDeviationSignals,varianceSignals,kurtosisSignals,skewnessSignals,firstMomentSignals,secondMomentSignals,thirdMomentSignals,fourthMomentSignals
compassSystem,1.48306843401871,-1.22495244623915,0.0471925020027308,0.836063477042087,0.699002137643704,1.56938194459379,-0.037131746928533,0,0.698563891789382,-0.0216797655922032,0.765845066340221
compassFilter,1.48294227100188,-1.22489790433421,0.0471080754829509,0.836020755096418,0.698930702951985,1.56952709757451,-0.0368957189771326,0,0.698492501884304,-0.0215386560169897,0.765759361842228
fullSystem,1.48244682507774,-1.22497697921493,0.0472339958578231,0.835973722715009,0.698852065069991,1.56933458199271,-0.0371751052106833,0,0.698413913305057,-0.0216980911889308,0.765493152125352
gyroFilter,0.00186539908756783,-0.00176245790567763,0.000125920374872234,0.00104306276416741,1.08797992999255e-06,1.5883993253467,-0.127543152366833,0,1.08729781091418e-06,-1.44603870428946e-10,1.87783193806018e-12
gyroSystem,1.97436420291073,-0.875123467125438,0.52434905122709,0.750649795755066,0.563475115867122,1.94517353921313,-0.00431669486087161,0,0.563121839932409,-0.00182412630877244,0.61682660221581
input,0.999996730936551,-0.999991313937495,0.052453039046271,0.703957471598225,0.495556121818966,1.52948502996315,-0.122735806076506,0,0.495245428325663,-0.0427761793528616,0.375133786755878
error,0.526686423085859,-0.375420567947376,-0.005219043188448,0.169950222277706,0.0288830780522415,2.80393390250458,0.277835507397155,0,0.0288649695393561,0.00136252476008946,0.00233619978054966
