signalsNamesOrdered,maxSignals,minSignals,meanSignals,standardDeviationSignals,varianceSignals,kurtosisSignals,skewnessSignals,firstMomentSignals,secondMomentSignals,thirdMomentSignals,fourthMomentSignals
compassSystem,1.50020839333433,-1.25039980788963,0.0463837545892489,0.845025229773933,0.714067638954489,1.54476885622132,-0.0347567735432911,0,0.713685988693156,-0.0209556053161223,0.78682444920612
compassFilter,1.50003487582513,-1.25043500078387,0.046272742490531,0.844909385566324,0.713871869818064,1.54527609343301,-0.0344468947807979,0,0.713490324190155,-0.0207602323742125,0.786651294445526
fullSystem,1.49770730944153,-1.25023953480757,0.0465620691782929,0.844711641092124,0.713537756596549,1.54441476160687,-0.0348059808330295,0,0.713156389543318,-0.0209619192254812,0.785477047951405
gyroFilter,0.00913912727162125,-0.00899794451764901,0.000289326687761991,0.00517395401125405,2.67698001105719e-05,1.57454527963574,-0.0352416690870578,0,2.67554923606464e-05,-4.87725979934352e-09,1.12714827058047e-09
gyroSystem,1.97442492000515,-0.875123467125438,0.534390173391827,0.757829096400546,0.574304939351267,1.91310486286595,-0.00366371062112534,0,0.573997988555249,-0.00159326024325755,0.630317720181126
input,0.999997467784299,-0.999995572508248,0.0439752780458977,0.70800888658487,0.501276583483147,1.51081492925591,-0.0943630177018331,0,0.501008664411269,-0.0334633700428059,0.379229174674124
error,0.545761251574495,-0.3758380913244,0.00258679113239523,0.169992224308329,0.0288973563252933,2.81851787081925,0.226213545251086,0,0.0288819114528587,0.00111034388314014,0.00235110842185634
