signalsNamesOrdered,maxSignals,minSignals,meanSignals,standardDeviationSignals,varianceSignals,kurtosisSignals,skewnessSignals,firstMomentSignals,secondMomentSignals,thirdMomentSignals,fourthMomentSignals
compassSystem,1.48557973377103,-1.22436647886195,0.0590601924817469,0.843826937065322,0.712043899717042,1.55826182768618,-0.0587771168014067,0,0.711600810793758,-0.0352827908388882,0.78906594547251
compassFilter,1.48547502165149,-1.22425290980662,0.0589303817523888,0.843761176962563,0.71193292374925,1.55835369274993,-0.0586093685904679,0,0.711489903883818,-0.0351738700978593,0.788866507821186
fullSystem,1.48433210355093,-1.22444251512962,0.059152028182544,0.843600415755263,0.711661661462453,1.55808583616814,-0.0590332954586437,0,0.711218810397448,-0.0354080393650436,0.788129980475455
gyroFilter,0.0042484966563871,-0.00400132544492254,0.000221646430155215,0.00237244647778121,5.62850228993646e-06,1.58942211937974,-0.088789576521348,0,5.62499979940134e-06,-1.18452914691886e-09,5.02903056590952e-11
gyroSystem,1.97422256258523,-0.875123467125438,0.519025683287732,0.752567883332861,0.566358419024103,1.92565099047883,0.00108976520400155,0,0.566005986902744,0.000464049676512109,0.616906899246503
input,0.999993742857021,-0.999998852043959,0.0596402157605563,0.707410032747688,0.500428954432085,1.52397774732888,-0.137158297733707,0,0.500117548735488,-0.0485098830121381,0.381173599547205
error,0.530700053007127,-0.375283477043296,-0.000488187578012274,0.172719817556627,0.0298321353767944,2.68288278200788,0.230600122398478,0,0.0298135715091051,0.00118708151281685,0.00238467780166234
