signalsNamesOrdered,maxSignals,minSignals,meanSignals,standardDeviationSignals,varianceSignals,kurtosisSignals,skewnessSignals,firstMomentSignals,secondMomentSignals,thirdMomentSignals,fourthMomentSignals
compassSystem,1.47999244882492,-1.22613286097239,0.0527046467036752,0.845423687163344,0.714741210816864,1.53639820033989,-0.0545013049538701,0,0.714313989531259,-0.0329033891913025,0.783938694106764
compassFilter,1.47994200667807,-1.22606002635971,0.0524515881548866,0.845273636395696,0.714487520385603,1.536626736363,-0.0537416109593673,0,0.714060450738032,-0.0324274762769802,0.783498816540771
fullSystem,1.47804443209512,-1.22613575005975,0.0528771852636096,0.845084195120542,0.714167296842534,1.53614335831684,-0.0547547246900179,0,0.713740418601744,-0.0330165763006225,0.782550421949709
gyroFilter,0.0069544263977655,-0.00654098138758508,0.000425597108723321,0.00385512750462485,1.4862008076915e-05,1.60010786526755,-0.0982434280302673,0,1.48531246291703e-05,-5.62380489852952e-09,3.53008294729038e-10
gyroSystem,1.97429502570792,-0.875123467125439,0.525921244210001,0.755906931548768,0.571395289163474,1.91333457620138,0.0101711147519062,0,0.571053749839407,0.00438918650894796,0.623942968995708
input,0.999993742857021,-0.999995699223609,0.056225772006265,0.711782328339713,0.506634082936702,1.50906764960408,-0.134315870052619,0,0.506331253239789,-0.0483926530348397,0.386881692472643
error,0.524853734996175,-0.375123320801651,-0.00334858674265512,0.168907998068499,0.0285299118115079,2.65113198072202,0.23671158962013,0,0.0285128586663726,0.00113967406128952,0.00215532552092771
