signalsNamesOrdered,maxSignals,minSignals,meanSignals,standardDeviationSignals,varianceSignals,kurtosisSignals,skewnessSignals,firstMomentSignals,secondMomentSignals,thirdMomentSignals,fourthMomentSignals
compassSystem,1.50015347667588,-1.24985744716946,0.0549734467696042,0.843802566446164,0.712002771141133,1.55550670430628,-0.0409228843349027,0,0.711215157456242,-0.0245452659343868,0.786817290023243
compassFilter,1.4989518278192,-1.2500672553094,0.054484942356066,0.843099384234609,0.710816571696776,1.55734131018167,-0.0396756402204371,0,0.710030270179413,-0.0237377329387672,0.785122696110778
fullSystem,1.49138337310308,-1.25203899291254,0.0554310322346633,0.842517240282713,0.709835300173599,1.55438270554293,-0.0414280467830331,0,0.709050084133584,-0.0247348811159728,0.781469047877958
gyroFilter,0.0280495483008405,-0.0264322413854536,0.000946089878597361,0.0158303593512639,0.000250600277190148,1.56291833774697,-0.0523305970729068,0,0.000250323064494141,-2.07255941833414e-07,9.79350209430997e-08
gyroSystem,1.97441531334024,-0.875123467125438,0.532851026125421,0.748535945878417,0.560306062272096,1.91657288259365,-0.0148412289369811,0,0.559686254681087,-0.00621422288881905,0.600363970978674
input,0.999993742857021,-0.999990206550703,0.0519921893370767,0.706746583643998,0.499490733492463,1.51309468992284,-0.108216054417348,0,0.498938199495237,-0.0381383437325462,0.376668773668882
error,0.546281723986796,-0.374040391680691,0.00343884289758656,0.172209055682753,0.0296559588591456,2.87962949343306,0.267392818016408,0,0.0296231535949209,0.00136331644620233,0.00252696480817283
