signalsNamesOrdered,maxSignals,minSignals,meanSignals,standardDeviationSignals,varianceSignals,kurtosisSignals,skewnessSignals,firstMomentSignals,secondMomentSignals,thirdMomentSignals,fourthMomentSignals
compassSystem,1.4993202911593,-1.24985695546501,0.0440825082266576,0.845233509268753,0.714419685190771,1.54616580163167,-0.0323070825103634,0,0.712651319633368,-0.0194362904922654,0.785254168608289
compassFilter,0.362041366219132,-0.235419877222329,0.0211928962687613,0.17014185767137,0.0289482517318647,1.71940039127302,0.0355814825693441,0,0.0288765976434195,0.000174599530766445,0.00143373558484232
fullSystem,1.16282091229483,-0.923090412342608,0.148463781052176,0.70207050344522,0.492902991807825,1.52322629525684,-0.0817850691964497,0,0.491682934897409,-0.0281969236492874,0.368243168554267
gyroFilter,1.15629220032566,-0.980000279217722,0.127270884783415,0.690832508771881,0.477249555176051,1.54279334870709,-0.0894646814644853,0,0.476068244395912,-0.029387012652069,0.349660186185999
gyroSystem,1.97416250432093,-0.875123467125439,0.531164794221274,0.75977248778591,0.57725423319639,1.89729363460446,0.00998996285194805,0,0.575825386084518,0.00436515917145797,0.629094900224397
input,0.999993742857021,-0.999990206550703,0.0422870595489655,0.708042703169135,0.501324469511056,1.5118490514488,-0.0918023227153593,0,0.500083567358801,-0.032465159843264,0.378088614652339
error,0.220223223894342,0,0.106176721503211,0.0511547371456357,0.00261680713243908,2.34488306793592,0.0697035419408647,0,0.00261032988706175,9.2960390814294e-06,1.59776161154453e-05
