signalsNamesOrdered,maxSignals,minSignals,meanSignals,standardDeviationSignals,varianceSignals,kurtosisSignals,skewnessSignals,firstMomentSignals,secondMomentSignals,thirdMomentSignals,fourthMomentSignals
compassSystem,1.48152352197009,-1.22620401669474,0.0502952103212227,0.848369796898929,0.71973131229033,1.54899513520766,-0.049260458145987,0,0.71927950355694,-0.0300500344368876,0.801392776699715
compassFilter,1.48143109544987,-1.2261687882359,0.050234772856511,0.848336130836579,0.719674190882778,1.54909400617127,-0.0491470707693839,0,0.719222418007145,-0.0299772964066488,0.80131672088332
fullSystem,1.48106889283095,-1.2262262843821,0.0503245261511809,0.84829942280188,0.719611910726002,1.54895471140911,-0.049317967606688,0,0.719160176946513,-0.0300776303021916,0.801105993935874
gyroFilter,0.00137765306229437,-0.00129913235112935,8.97532946701594e-05,0.00075266098743309,5.66498562003753e-07,1.60976822031306,-0.126399395465891,0,5.66142944576256e-07,-5.38436070262693e-11,5.15959422723339e-13
gyroSystem,1.97435247147646,-0.875123467125439,0.521494111899978,0.758951189669483,0.576006908300723,1.92507691629429,0.000340386373921928,0,0.575645322043158,0.000148663596807536,0.637907995884058
input,0.999997351262854,-0.999999674304148,0.0535635539073707,0.712833467870695,0.508131552916562,1.50832337172165,-0.130489714422218,0,0.507812575168341,-0.047220595273754,0.388956795174363
error,0.525369106166855,-0.375425993529881,-0.00323902775618971,0.17212359812811,0.029626533032567,2.77388972230204,0.281302177326672,0,0.029607935083394,0.00143312896461781,0.00243167444769096
