signalsNamesOrdered,maxSignals,minSignals,meanSignals,standardDeviationSignals,varianceSignals,kurtosisSignals,skewnessSignals,firstMomentSignals,secondMomentSignals,thirdMomentSignals,fourthMomentSignals
compassSystem,1.48047531490543,-1.22583772557187,0.0456335297947375,0.850601345136222,0.72352264834755,1.53865506972146,-0.0301895117620635,0,0.72308521022884,-0.0185626641657353,0.804489220944033
compassFilter,1.48043761893219,-1.22581827439792,0.0454130509813708,0.850378929769021,0.723144324195106,1.53911550428255,-0.0296954609749938,0,0.722707114809256,-0.0182445672546391,0.803888606602495
fullSystem,1.47852751365198,-1.22600199543254,0.0458025413207789,0.85023043358948,0.722891790201755,1.53843203098595,-0.0305000238870873,0,0.722454733496676,-0.018729066894703,0.802970509538353
gyroFilter,0.00699679630401662,-0.00658517119541482,0.000389490339408183,0.00386796019555287,1.49611160743814e-05,1.61305989826522,-0.0994060567739277,0,1.49520706595843e-05,-5.74731310792215e-09,3.60622795756588e-10
gyroSystem,1.97439096039004,-0.875123467125438,0.522577765043528,0.762689705175216,0.581695586380258,1.9035767604193,0.0227862447979221,0,0.58134389618293,0.0101000246617893,0.643334183242092
input,0.999993742857021,-0.999999711034025,0.0496315915269505,0.71472068006076,0.510825650506515,1.49844796451699,-0.104313351520801,0,0.510516807912497,-0.0380500267868926,0.390536613751781
error,0.525321105353715,-0.375110120221474,-0.00382905020617144,0.170833453658171,0.0291840688887785,2.66878660750863,0.253098993958596,0,0.0291664243489425,0.00126071001866485,0.00227028421673804
