signalsNamesOrdered,maxSignals,minSignals,meanSignals,standardDeviationSignals,varianceSignals,kurtosisSignals,skewnessSignals,firstMomentSignals,secondMomentSignals,thirdMomentSignals,fourthMomentSignals
compassSystem,1.49948949326946,-1.24992454603544,0.0445251065491818,0.84423512332205,0.712732943450597,1.54211366769785,-0.0339564767821743,0,0.712155831755496,-0.0204072824484583,0.782107510444128
compassFilter,1.49983640116728,-1.25015947426551,0.0441917981777145,0.843902108115939,0.712170768082527,1.54303069078596,-0.0332171193208685,0,0.711594111590152,-0.019939326508318,0.781338555975643
fullSystem,1.49586308382058,-1.25232560801034,0.0447824998101294,0.843571869772787,0.711613499471955,1.54150617130548,-0.0341360316483853,0,0.711037294209225,-0.0204668780978639,0.77934549308726
gyroFilter,0.0156052312863109,-0.0147112526457921,0.000590701632414939,0.00879587328086696,7.73673867730693e-05,1.56405851909647,-0.0632187941794038,0,7.73047411157632e-05,-4.29690154806667e-08,9.34684968186356e-09
gyroSystem,1.97417677134754,-0.875123467125438,0.529490570388057,0.754671404768273,0.569528929174918,1.90733983622598,8.43418183906972e-05,0,0.569067772147246,3.62067002542263e-05,0.617669364496364
input,0.999999999928189,-0.999999459483812,0.0443628583614992,0.708257189528715,0.501628246519115,1.50594981904295,-0.0970279449665393,0,0.501222069801285,-0.0344304034389202,0.378330079624524
error,0.545936920957649,-0.375340049254814,0.000419641448630128,0.170198577934906,0.0289675559310643,2.78595473964419,0.221004675721209,0,0.0289441004201889,0.00108828225147137,0.00233396408692863
