signalsNamesOrdered,maxSignals,minSignals,meanSignals,standardDeviationSignals,varianceSignals,kurtosisSignals,skewnessSignals,firstMomentSignals,secondMomentSignals,thirdMomentSignals,fourthMomentSignals
compassSystem,1.48111629995726,-1.22546511814353,0.0728131049027756,0.833492385104088,0.694709556026502,1.58169222508332,-0.0787577875420401,0,0.69427152982472,-0.0455604014396951,0.76239614667428
compassFilter,1.48098085759134,-1.22545966164265,0.0727434871857374,0.833433227159603,0.694610944133671,1.5818435751819,-0.0785344549073205,0,0.694172980108366,-0.0454215333981555,0.762252654441016
fullSystem,1.4804597093932,-1.22543338594778,0.0728558971163281,0.833394796049821,0.694546886082923,1.58164422690435,-0.0788292477655777,0,0.694108962447309,-0.0455857243930363,0.762016025325992
gyroFilter,0.0019678657953342,-0.00185405602937657,0.000112409930590741,0.00110080006201728,1.21176077653725e-06,1.57181089771849,-0.0926157171044,0,1.21099674073868e-06,-1.23423868695876e-10,2.30508128178308e-12
gyroSystem,1.97438615540303,-0.875123467125439,0.540072214246436,0.747172835256275,0.558267245744901,1.96602845948603,-0.0345601608341902,0,0.557915248742539,-0.0144021756147376,0.611964547684244
input,0.99999906974619,-0.999990206550703,0.072512744264353,0.700914413296805,0.491281014767205,1.54653913131148,-0.166592402879923,0,0.490971253723846,-0.0573111720149684,0.372797544583068
error,0.525058757236856,-0.375439319354088,0.000343152851974891,0.170684369163366,0.0291331538766961,2.82071651499463,0.243974724857731,0,0.0291147849272152,0.00121203515400871,0.00239103874659759
