signalsNamesOrdered,maxSignals,minSignals,meanSignals,standardDeviationSignals,varianceSignals,kurtosisSignals,skewnessSignals,firstMomentSignals,secondMomentSignals,thirdMomentSignals,fourthMomentSignals
compassSystem,1.48238396785997,-1.22482964363266,0.0688428537300152,0.842794015293222,0.710301752214071,1.55866143548708,-0.0680635475195281,0,0.709858367849393,-0.0407072852420206,0.785407786564197
compassFilter,1.48224636687301,-1.22480630315919,0.0687872387304268,0.842754521783744,0.710235183986946,1.55880897534794,-0.0679545455239166,0,0.709791841175469,-0.0406363803626329,0.78533491063779
fullSystem,1.48171464655358,-1.22478976009932,0.0688811530951818,0.842691392219988,0.710128782521661,1.55861136459289,-0.0681439813814047,0,0.709685506128077,-0.0407405049700613,0.785000096361424
gyroFilter,0.00200616084701594,-0.00188982268618913,9.39143647549815e-05,0.00111258537196249,1.23784620990491e-06,1.5932524729404,-0.0812101969040043,0,1.23707352188375e-06,-1.11738755649121e-10,2.43823535357474e-12
gyroSystem,1.97442983797117,-0.875123467125439,0.529370744849161,0.754600768403562,0.569422319675246,1.93989187183648,-0.034627389892093,0,0.569066875031254,-0.0148649932572788,0.628208974108406
input,0.999993742857021,-0.999999276431109,0.0678658108661663,0.708447639614686,0.50189805807562,1.52412697449862,-0.149206063146231,0,0.501584763407658,-0.0530033079361354,0.383450952089348
error,0.526184844656593,-0.37535079862044,0.00101534222901546,0.171555225740876,0.0294311954790029,2.7623500135051,0.238921432397242,0,0.0294128239462445,0.00120520297471966,0.00238974825656286
