signalsNamesOrdered,maxSignals,minSignals,meanSignals,standardDeviationSignals,varianceSignals,kurtosisSignals,skewnessSignals,firstMomentSignals,secondMomentSignals,thirdMomentSignals,fourthMomentSignals
compassSystem,1.48311088862554,-1.2261066598066,0.0552042763386278,0.839920016079154,0.705465633410407,1.56247276763218,-0.0617549997335721,0,0.705031767707202,-0.0365582293718294,0.776658015919335
compassFilter,1.48307320920603,-1.22609471834554,0.0551715617866804,0.839887278611451,0.705410640773349,1.56262231593311,-0.0616630199565035,0,0.704976808890954,-0.0364995101871966,0.776611260505296
fullSystem,1.48253752267079,-1.22607319392365,0.0552538292277126,0.839824374192291,0.705304979487473,1.56240532916808,-0.0618308591726115,0,0.704871212587419,-0.0365906346630515,0.776270817067085
gyroFilter,0.00199444059893894,-0.00188525231275288,8.22674410321758e-05,0.00111384292975008,1.24064607215425e-06,1.57925211608553,-0.0714076300992972,0,1.23988306718982e-06,-9.85861060637586e-11,2.42780010264466e-12
gyroSystem,1.97422217435874,-0.875123467125438,0.520941844382945,0.749439597326995,0.561659710041648,1.95804122765507,-0.00419725837263016,0,0.561314285865731,-0.00176512248534151,0.616927348229157
input,0.999996163959012,-0.999999365854147,0.0569668750471167,0.70619953203659,0.498717779048699,1.52575018890705,-0.13794423719807,0,0.498411064547439,-0.0485383573124712,0.379017080745577
error,0.528217952733889,-0.375472144990849,-0.00171304581940398,0.170306451510802,0.029004287426201,2.70277678448202,0.223357096065961,0,0.0289864496110558,0.00110228092253601,0.00227091159876821
