signalsNamesOrdered,maxSignals,minSignals,meanSignals,standardDeviationSignals,varianceSignals,kurtosisSignals,skewnessSignals,firstMomentSignals,secondMomentSignals,thirdMomentSignals,fourthMomentSignals
compassSystem,1.48326001425508,-1.22637312585047,0.0546175038472636,0.842997043860524,0.710644015957581,1.55345999443263,-0.0472592772788207,0,0.710200694675013,-0.0282851648991004,0.783541960795489
compassFilter,1.48320419382989,-1.22630394334917,0.0545277872802742,0.842972694930197,0.710602964397879,1.55350508059543,-0.047071961949065,0,0.710159668724518,-0.0281706135808614,0.783474176301519
fullSystem,1.4824774607511,-1.22642044158989,0.0546834446279532,0.842874096482182,0.710436742520655,1.55333357234602,-0.0473805592153237,0,0.709993550541541,-0.028345347641026,0.783021228096544
gyroFilter,0.00270418935070738,-0.00254822217872411,0.000155657347679114,0.0015079964761014,2.27405337193425e-06,1.58445289499179,-0.10541328911823,0,2.27263474849574e-06,-3.61151837263996e-10,8.18349116407886e-12
gyroSystem,1.97439001441667,-0.875123467125439,0.5245891048895,0.755099743136759,0.5701756220852,1.91742599248806,0.0160378020599525,0,0.569819929245471,0.00689844650370636,0.622578156659269
input,0.999998867394589,-0.999990206550703,0.0573338566110519,0.706824756923896,0.499601237000525,1.52021580142497,-0.123897613382178,0,0.499289570601897,-0.0437110946223603,0.378974711627461
error,0.528435791025621,-0.375552898378761,-0.00265041198309851,0.17158741243639,0.0294422401066158,2.6537354448041,0.236352900567976,0,0.0294238731446029,0.00119291828559218,0.00229750943849514
