signalsNamesOrdered,maxSignals,minSignals,meanSignals,standardDeviationSignals,varianceSignals,kurtosisSignals,skewnessSignals,firstMomentSignals,secondMomentSignals,thirdMomentSignals,fourthMomentSignals
compassSystem,1.48542579331688,-1.22537753750459,0.0516460392361883,0.840027215750831,0.705645723202093,1.569242006653,-0.0291857204743235,0,0.705219351163905,-0.0172844971727836,0.780437927096136
compassFilter,1.48538050299613,-1.22527114746344,0.0515333456517185,0.839935342721581,0.70549137995282,1.56935161287754,-0.0290798868747502,0,0.705065101173392,-0.0172161699403929,0.780151046991988
fullSystem,1.48425737888403,-1.22548145564685,0.0517362837561679,0.8398138158455,0.705287245284979,1.56904369458465,-0.029408183804428,0,0.704861089849761,-0.0174029755360147,0.779546654482809
gyroFilter,0.00413837348530094,-0.00391104398615985,0.00020293810444954,0.00231911321064134,5.37828608377121e-06,1.58729802070117,-0.0934365882875044,0,5.37503636408313e-06,-1.16436483950534e-09,4.58586523782682e-11
gyroSystem,1.97440053522494,-0.875123467125439,0.523447722327585,0.750666739186752,0.563500553321271,1.9643931278055,0.0258137268605267,0,0.563160069603252,0.0109093403551042,0.623005834681412
input,0.999999099701116,-0.999990206550703,0.0542142665894829,0.705215790414578,0.497329311050058,1.53228470182042,-0.107833492258392,0,0.497028809955768,-0.0377855732152743,0.378531993367934
error,0.529825809464366,-0.375289833674938,-0.00247798283331478,0.170667125023621,0.0291272675638284,2.74419700431175,0.257281781031467,0,0.029109668006388,0.0012778059675872,0.00232535782092684
