signalsNamesOrdered,maxSignals,minSignals,meanSignals,standardDeviationSignals,varianceSignals,kurtosisSignals,skewnessSignals,firstMomentSignals,secondMomentSignals,thirdMomentSignals,fourthMomentSignals
compassSystem,1.4850567966935,-1.22610466678014,0.0684822670136244,0.842447397713113,0.709717617913596,1.56532021758238,-0.0641164753328987,0,0.709262962168617,-0.0382983939545858,0.78744051769359
compassFilter,1.48496897758498,-1.22604676256666,0.0684099168132755,0.842402407612256,0.709641816350925,1.56542992109874,-0.0639978380212681,0,0.709187209165563,-0.0382214046975664,0.787327496123799
fullSystem,1.48443360232727,-1.22613206204655,0.0685144649445929,0.842339711466682,0.709536189513773,1.56522433967295,-0.0642227713754153,0,0.709081649994546,-0.0383471782717925,0.78698976791843
gyroFilter,0.00200514967514159,-0.00189944649993704,0.000104548131317364,0.00112142168974814,1.25758660623757e-06,1.58547610190114,-0.0918187673856299,0,1.2567809774059e-06,-1.29366210383332e-10,2.50425700609644e-12
gyroSystem,1.97441212103024,-0.875123467125438,0.530037237053749,0.746027470475817,0.556556986704546,1.92375116304225,-0.0353103758114317,0,0.556200447955857,-0.0146470222496031,0.595129617364252
input,0.999993742857021,-0.999998365599356,0.0686947782198312,0.706263941491347,0.498808755050892,1.52546372047633,-0.148738876628621,0,0.498489210685069,-0.0523489700387147,0.379064757676947
error,0.528423052894427,-0.375348321173654,-0.000180313275238371,0.173341325997141,0.0300472152984473,2.81430810137375,0.288654316884563,0,0.0300279666019076,0.00150198966060795,0.00253760189045247
