signalsNamesOrdered,maxSignals,minSignals,meanSignals,standardDeviationSignals,varianceSignals,kurtosisSignals,skewnessSignals,firstMomentSignals,secondMomentSignals,thirdMomentSignals,fourthMomentSignals
compassSystem,1.48209657549304,-1.22580920286082,0.0498624804777109,0.842118519520221,0.709163600918929,1.54491599137339,-0.0491224971403505,0,0.708717586075584,-0.0293082744830029,0.775981357070988
compassFilter,1.48205046102387,-1.22575339002916,0.049790708280232,0.842072121838012,0.709085458376771,1.54505144062809,-0.0489769490840046,0,0.708639492679679,-0.0292166054811082,0.775878374690947
fullSystem,1.48143311090636,-1.22585198354455,0.0499108961826188,0.842003928261097,0.708970615207119,1.5448369497324,-0.0492213858104275,0,0.708524721738435,-0.0293552882497547,0.775519397209389
gyroFilter,0.00229924217925565,-0.00216605906487456,0.000120187902386701,0.00128033121834571,1.6392480286706e-06,1.58379125304049,-0.0961114846012709,0,1.63821705506766e-06,-2.01526633527576e-10,4.2505078835898e-12
gyroSystem,1.97442129780721,-0.875123467125439,0.516392332475266,0.75172786008828,0.565094775632905,1.91932603344765,-0.000506480221980311,0,0.564739370113639,-0.000214948584005919,0.612131719292819
input,0.999993742857021,-0.999997076712567,0.0535575772017773,0.70812581925017,0.501442175888725,1.50832195200534,-0.1286007157985,0,0.501126803451059,-0.0456210035226097,0.378781985477453
error,0.527346250539453,-0.375560058106447,-0.00364668101915862,0.170834552113638,0.0291844441958672,2.70440022474827,0.244928002734111,0,0.0291660891995176,0.00121998851032157,0.00230052714834937
