signalsNamesOrdered,maxSignals,minSignals,meanSignals,standardDeviationSignals,varianceSignals,kurtosisSignals,skewnessSignals,firstMomentSignals,secondMomentSignals,thirdMomentSignals,fourthMomentSignals
compassSystem,1.48649248940207,-1.225332780659,0.0433179252747106,0.850101509078497,0.722672575737537,1.54481052424496,-0.0202110803054951,0,0.722224267688072,-0.0124050249895019,0.805785362384718
compassFilter,1.48648894755127,-1.22532993047306,0.0432759220021552,0.850069470631383,0.72261810489952,1.54487376403479,-0.0201545723286924,0,0.722169830640898,-0.0123689433123932,0.80569687757475
fullSystem,1.48612230535717,-1.2253114955384,0.0433451162999764,0.850033679952405,0.722557257053427,1.54473314999055,-0.0202840521368166,0,0.722109020541608,-0.0124468333107697,0.805487874358445
gyroFilter,0.00133514134430474,-0.00126471861509927,6.91942978210352e-05,0.000730224296977815,5.33227523896745e-07,1.60820139451262,-0.0898822513226069,0,5.32896737591598e-07,-3.49654026735479e-11,4.56695315959508e-13
gyroSystem,1.97416250432093,-0.875123467125439,0.516048125728179,0.75190549419769,0.565361872204672,1.91094603962893,0.00722940771412975,0,0.565011151440277,0.00307035256115441,0.610045829812895
input,0.999996789307736,-0.99999790129633,0.0457661398205906,0.713135762347084,0.508562615538356,1.50147448678663,-0.100394569971741,0,0.508247130044846,-0.0363766436965638,0.387853600066615
error,0.531971226681332,-0.375437069591486,-0.00242102352061423,0.17235173323978,0.0297051199507562,2.80857499511044,0.313156626359879,0,0.0296866924569903,0.00160178538151006,0.00247519632599639
