signalsNamesOrdered,maxSignals,minSignals,meanSignals,standardDeviationSignals,varianceSignals,kurtosisSignals,skewnessSignals,firstMomentSignals,secondMomentSignals,thirdMomentSignals,fourthMomentSignals
compassSystem,1.49977229781834,-1.25044682662999,0.0486961245973616,0.847957715477364,0.71903228723759,1.53543817781197,-0.0387451957576561,0,0.718532959260342,-0.0235986902915191,0.792730783442359
compassFilter,1.49997412214312,-1.25039194613449,0.0484719037052851,0.847753466702021,0.718685940305294,1.53604024181257,-0.0381736706624138,0,0.718186852846749,-0.0232337920710104,0.792277814623845
fullSystem,1.49653577859991,-1.25066187077473,0.0489212907333311,0.847469425741939,0.718204427567373,1.53488854330927,-0.0388773285593227,0,0.717705674492673,-0.0236382861072564,0.790623291529079
gyroFilter,0.0130401168433535,-0.0123271023925348,0.000449387028046002,0.00730840292840507,5.34127533639197e-05,1.56485591039602,-0.0519903251718925,0,5.33756611740837e-05,-2.02739063172035e-08,4.45821378133907e-09
gyroSystem,1.97442986502085,-0.875123467125438,0.53392048476746,0.757181866051727,0.573324378277576,1.8876390392166,-0.0062743402163477,0,0.572926236348216,-0.00272092223625752,0.61960708031323
input,0.999993742857021,-0.999999967219738,0.0466321791357861,0.709825057757877,0.503851612620974,1.50164480260427,-0.0995400949189917,0,0.503501715667765,-0.03556308949246,0.380687946971281
error,0.545948754668276,-0.375569005349781,0.00228911159754497,0.171156200912029,0.0292944451106388,2.78611993115216,0.229424530825232,0,0.0292741017459787,0.00114911956531068,0.0023876296477957
