signalsNamesOrdered,maxSignals,minSignals,meanSignals,standardDeviationSignals,varianceSignals,kurtosisSignals,skewnessSignals,firstMomentSignals,secondMomentSignals,thirdMomentSignals,fourthMomentSignals
compassSystem,1.48382839900423,-1.22629693986124,0.0697270552192232,0.842198701518638,0.709298652839679,1.57375983743948,-0.0690534988417999,0,0.708860001848436,-0.0412122566605879,0.790786781010821
compassFilter,1.48380769112458,-1.22629208062234,0.0696736201597367,0.842159612472171,0.709232812879278,1.57384910379119,-0.0689593285416029,0,0.708794202605388,-0.0411503240130616,0.790684826243496
fullSystem,1.48337538212654,-1.22627208570604,0.0697523142401104,0.842112329210431,0.709153175008217,1.57368353671949,-0.0691326779212291,0,0.708714613984711,-0.0412468191321003,0.790424107976275
gyroFilter,0.00161074647076775,-0.00151378492904916,7.86940803739095e-05,0.000896681597650569,8.04037887565176e-07,1.5822893255111,-0.0870919349977187,0,8.03540647065755e-07,-6.27320840104901e-11,1.02164872908557e-12
gyroSystem,1.97442899604187,-0.875123467125439,0.532929131428448,0.748505093613195,0.560259875164897,1.95517429984674,-0.0399017131664461,0,0.559913394104189,-0.0167175575690322,0.612953025920571
input,0.999999942912242,-0.999999506724883,0.0681572548509391,0.705569729663376,0.49782864341725,1.53533228841353,-0.154292459302491,0,0.497520771652613,-0.0541453951486229,0.380036069803585
error,0.52859763053346,-0.375561844766475,0.00159505938917135,0.173641779278511,0.030151467511007,2.79946919078306,0.28008261505892,0,0.0301328209633811,0.00146502771106792,0.00254188134997635
