signalsNamesOrdered,maxSignals,minSignals,meanSignals,standardDeviationSignals,varianceSignals,kurtosisSignals,skewnessSignals,firstMomentSignals,secondMomentSignals,thirdMomentSignals,fourthMomentSignals
compassSystem,1.48426935057004,-1.22528565283752,0.054430158269321,0.846597870767308,0.71672795478774,1.5488966843554,-0.0424887347191051,0,0.716285530124291,-0.0257574618502448,0.794684616433629
compassFilter,1.48417383417212,-1.22524432242694,0.0544013141839218,0.846555783675663,0.716656694874717,1.5490109348363,-0.0424506049304921,0,0.716214314198868,-0.0257305090430418,0.794585209210156
fullSystem,1.48379435647223,-1.22530429138798,0.0544625346397778,0.846524202806415,0.716603225937037,1.54884298072244,-0.0425696202032448,0,0.716160878266706,-0.0257997599516496,0.794380506061479
gyroFilter,0.00144438393185597,-0.00134855846772428,6.12204558560635e-05,0.000791832575681759,6.26998827910809e-07,1.59322119184632,-0.0690152441630251,0,6.26611791597284e-07,-3.42328355307996e-11,6.25566092711977e-13
gyroSystem,1.97435896260655,-0.875123467125439,0.523824098666975,0.752783644435824,0.566683215330081,1.92416121847421,0.00517503839752465,0,0.566333410876174,0.00220557510911023,0.61714302426711
input,0.999999245791116,-0.999999826485711,0.0559271318625649,0.71122060701448,0.505834751842045,1.50611487278956,-0.123094763577952,0,0.505522508168068,-0.0442435864461529,0.384892183521099
error,0.527818358855016,-0.375614748884255,-0.00146459722278703,0.171473798451156,0.0294032635552678,2.80136309754239,0.287173415967838,0,0.0293851133925793,0.00144655613190129,0.00241893470359551
