signalsNamesOrdered,maxSignals,minSignals,meanSignals,standardDeviationSignals,varianceSignals,kurtosisSignals,skewnessSignals,firstMomentSignals,secondMomentSignals,thirdMomentSignals,fourthMomentSignals
compassSystem,1.48304944658964,-1.2260842957572,0.0447915486263247,0.845414079293432,0.714724965467562,1.54772797046665,-0.0369257997232593,0,0.714275452910664,-0.0222909458929762,0.789634439641819
compassFilter,1.48294320704774,-1.22608887599371,0.0447389085992249,0.845374675473422,0.714658341931794,1.54786932655675,-0.0368203847896059,0,0.714208871276491,-0.0222242023808003,0.789559338901832
fullSystem,1.48252627959851,-1.226092355874,0.0448225677258286,0.845336309994307,0.714593476994791,1.54767346854949,-0.0369856906706896,0,0.714144047135046,-0.0223209391615246,0.789316131049023
gyroFilter,0.00157911689108237,-0.00149417274967626,8.36591266036389e-05,0.000872028745547241,7.60434133060695e-07,1.59607395174056,-0.0978463692476577,0,7.5995587259965e-07,-6.48227241513625e-11,9.21785263129998e-13
gyroSystem,1.97435334596272,-0.875123467125439,0.513918887148536,0.754604765347112,0.56942835188457,1.91568290581665,0.0105165707646407,0,0.569070220845649,0.00451463805651351,0.620376507470477
input,0.999999937172302,-0.999990206550703,0.0480403835603039,0.710005563896633,0.504107900764176,1.50859757734833,-0.113232828886988,0,0.503790851769984,-0.0404899996351873,0.382889943521057
error,0.526765317231997,-0.375559594266904,-0.00321781583447525,0.17083408181279,0.0291842835088191,2.75663619753235,0.279525384047426,0,0.0291659286135305,0.00139230686837125,0.00234493641836403
