signalsNamesOrdered,maxSignals,minSignals,meanSignals,standardDeviationSignals,varianceSignals,kurtosisSignals,skewnessSignals,firstMomentSignals,secondMomentSignals,thirdMomentSignals,fourthMomentSignals
compassSystem,1.48532464132763,-1.22595450218889,0.0482243415403453,0.838654706360503,0.703341716500621,1.55950876717117,-0.0432343764562181,0,0.702915706981239,-0.0254790993178709,0.770538452679007
compassFilter,1.4853232419169,-1.22584446405824,0.0481308402577873,0.838569394038332,0.703198628617816,1.55968518794808,-0.0430354245079936,0,0.702772705765837,-0.0253541129276008,0.770312100152966
fullSystem,1.48413906221679,-1.22603771919571,0.0483287968553022,0.838440909079165,0.702983158017496,1.55933608658411,-0.0434584849579866,0,0.702557365674663,-0.0255915899756423,0.769667790286416
gyroFilter,0.00433887408303529,-0.0040853100424269,0.000197956597514705,0.0024308479385301,5.90902170025606e-06,1.57095970945027,-0.070344290901841,0,5.90544264410811e-06,-1.00950282795815e-09,5.47860460818806e-11
gyroSystem,1.97442442865514,-0.875123467125438,0.525885423317968,0.746449243215734,0.557186472697343,1.94538628562413,0.00553702608710334,0,0.556848988461911,0.00230082041550037,0.603226927878595
input,0.99999428137363,-0.99999947591267,0.0506320111337313,0.705357157230874,0.49752871925682,1.52275905905437,-0.120214493418449,0,0.49722736933601,-0.0421492032469347,0.376479422483617
error,0.529519694074623,-0.375278384769642,-0.00230321427842913,0.169759178155729,0.0288181785681087,2.71960989873682,0.234974774150075,0,0.0288007235841183,0.00114848767623867,0.00225586658494435
