signalsNamesOrdered,maxSignals,minSignals,meanSignals,standardDeviationSignals,varianceSignals,kurtosisSignals,skewnessSignals,firstMomentSignals,secondMomentSignals,thirdMomentSignals,fourthMomentSignals
compassSystem,1.48287585229005,-1.22381219715451,0.0501127561088854,0.84763276862845,0.718481310452732,1.53630314656906,-0.0393208880104965,0,0.718034215673359,-0.0239243984489993,0.792076629399017
compassFilter,1.48287109060233,-1.22368710554522,0.0499877612944475,0.847512205992677,0.718276939306574,1.53656523041108,-0.0390874941467546,0,0.717829971702774,-0.0237722457145115,0.79176112952187
fullSystem,1.48162731213884,-1.22395248634244,0.0502140133013515,0.847381120718186,0.718054763749609,1.53614024700735,-0.0395672632503385,0,0.717607934400667,-0.0240528675816361,0.791052544342561
gyroFilter,0.00455878720302749,-0.00429730102161753,0.000226252006903968,0.00253238201223952,6.4129586559143e-06,1.58849068908847,-0.0831009516532692,0,6.40896801580483e-06,-1.34830502654719e-09,6.5247050182867e-11
gyroSystem,1.97440606869202,-0.875123467125439,0.516407045532329,0.755691300635934,0.571069341856829,1.904384500235,0.0186639874894965,0,0.570713978234019,0.00804696660785097,0.620285540468664
input,0.999997187834641,-0.999998948303052,0.0530354045582622,0.71232506682314,0.507407000824591,1.4988606424269,-0.117503626191451,0,0.50709125284648,-0.0424307245643578,0.385419331910626
error,0.527339383994741,-0.375317294276528,-0.00282139125691066,0.171356786806474,0.0293631483846393,2.68806381994324,0.251315446176653,0,0.0293448763570198,0.00126333232230423,0.00231475027022518
