signalsNamesOrdered,maxSignals,minSignals,meanSignals,standardDeviationSignals,varianceSignals,kurtosisSignals,skewnessSignals,firstMomentSignals,secondMomentSignals,thirdMomentSignals,fourthMomentSignals
compassSystem,1.48361493377502,-1.22624837121236,0.0730802216894619,0.844622280731737,0.713386797108482,1.56280331241258,-0.0696348899174972,0,0.712941764795875,-0.0419187166946328,0.794350981925581
compassFilter,1.48357172912837,-1.22618133265887,0.0729877702873417,0.844584530742026,0.713323029568729,1.56295657234311,-0.0694395943738543,0,0.712878037036247,-0.04179554835061,0.794286864839115
fullSystem,1.48281761005901,-1.22630062093239,0.0731416410997741,0.844492087248914,0.713166885426028,1.56270168877981,-0.0697611076087132,0,0.712721990300996,-0.0419752803470525,0.793809695285106
gyroFilter,0.00275098124391498,-0.0025908327150098,0.000153870812432334,0.00153388297205609,2.35279697196361e-06,1.5910886421408,-0.102493448972933,0,2.35132922588004e-06,-3.6954409806394e-10,8.7967299435666e-12
gyroSystem,1.97436160515113,-0.875123467125439,0.538715382197097,0.756808635701885,0.572759311072949,1.9244409455739,-0.00586641226531435,0,0.572402006449697,-0.0025405298448264,0.63053163884096
input,0.999993742857021,-0.999990206550703,0.0726701476506935,0.706590139865929,0.499269625755753,1.52571420094164,-0.153890115409458,0,0.498958166226273,-0.0542384072574743,0.379840665688878
error,0.529731261038463,-0.375537347510429,0.000471493449080488,0.174540299785848,0.0304643162493337,2.78552663731006,0.269493579280329,0,0.0304453116852355,0.00143162429317797,0.00258195200413446
