signalsNamesOrdered,maxSignals,minSignals,meanSignals,standardDeviationSignals,varianceSignals,kurtosisSignals,skewnessSignals,firstMomentSignals,secondMomentSignals,thirdMomentSignals,fourthMomentSignals
compassSystem,1.48613269002569,-1.22619347118803,0.0582938426046493,0.844288649113368,0.712823323021677,1.55877450532485,-0.0520502458350563,0,0.712375288249193,-0.0312957997049753,0.791044627778287
compassFilter,1.48611697573051,-1.2261530861764,0.0582693742247615,0.844240191362949,0.712741500712548,1.55895652096259,-0.0519995762755297,0,0.712293517368291,-0.0312599509678167,0.790955383951783
fullSystem,1.48568176994655,-1.22622129604196,0.0583317308424718,0.844206990003045,0.712685441970001,1.55873262398225,-0.0521280362016331,0,0.712237493860654,-0.0313334786169388,0.790717388996096
gyroFilter,0.00162481684948157,-0.00153341310684199,6.23566177103388e-05,0.000898782539889827,8.07810054010808e-07,1.59108418439341,-0.0594853771154717,0,8.07302316704705e-07,-4.31483822383066e-11,1.03696848170242e-12
gyroSystem,1.97440276050103,-0.875123467125438,0.532070894222312,0.755239970250558,0.570387412664064,1.92897873410759,-0.00217023070644112,0,0.570028903919461,-0.000934009342637616,0.626788753075503
input,0.999997166446082,-0.999993863637323,0.0578820112738811,0.709471291809845,0.50334951390233,1.51473830560618,-0.129036807067839,0,0.503033140857765,-0.0460371579894434,0.383292926551873
error,0.530714949406085,-0.375562464523685,0.00044971956859082,0.171025320034677,0.0292496600929636,2.84768226048439,0.284569697504113,0,0.0292312756428738,0.00142219878922839,0.0024332518727393
