signalsNamesOrdered,maxSignals,minSignals,meanSignals,standardDeviationSignals,varianceSignals,kurtosisSignals,skewnessSignals,firstMomentSignals,secondMomentSignals,thirdMomentSignals,fourthMomentSignals
compassSystem,1.4993202911593,-1.24985695546501,0.0440825082266576,0.845233509268753,0.714419685190771,1.54616580163167,-0.0323070825103634,0,0.712651319633368,-0.0194362904922654,0.785254168608289
compassFilter,0.244140404503936,-0.147874852982264,0.0221406213461672,0.109015393408353,0.0118843559999779,1.7733376972325,0.0580117010857833,0,0.0118549392772057,7.48797871513238e-05,0.000249224144506035
fullSystem,1.23691215301997,-0.900810451761863,0.19792387012689,0.702290679083416,0.493212197927445,1.53450881671447,-0.0779182173239681,0,0.491991375655347,-0.0268890366240397,0.371436319936526
gyroFilter,1.23750222917406,-0.972832092265783,0.175783248780723,0.701400555637359,0.491962739448397,1.55370853835523,-0.083160742726726,0,0.490745009895307,-0.0285892128312901,0.374180660099866
gyroSystem,1.97416250432093,-0.875123467125439,0.531164794221274,0.75977248778591,0.57725423319639,1.89729363460446,0.00998996285194805,0,0.575825386084518,0.00436515917145797,0.629094900224397
input,0.999993742857021,-0.999990206550703,0.0422870595489655,0.708042703169135,0.501324469511056,1.5118490514488,-0.0918023227153593,0,0.500083567358801,-0.032465159843264,0.378088614652339
error,0.281264241194659,0,0.155636810577925,0.0610516460827631,0.00372730348941497,2.59779019199385,-0.169443614281086,0,0.00371807749067879,-3.84151790615875e-05,3.59121119820412e-05
