signalsNamesOrdered,maxSignals,minSignals,meanSignals,standardDeviationSignals,varianceSignals,kurtosisSignals,skewnessSignals,firstMomentSignals,secondMomentSignals,thirdMomentSignals,fourthMomentSignals
compassSystem,1.48732272014572,-1.22720565341571,0.0669486282001784,0.83764262692565,0.701645170442904,1.57763023155386,-0.0629702417372691,0,0.701206642211377,-0.0369746773134098,0.775706199791887
compassFilter,1.48731002718462,-1.22715649107553,0.0668999835076366,0.837594111180293,0.701563895083904,1.57780798986402,-0.0628687708677322,0,0.701125417649477,-0.0369086820257612,0.775613883572556
fullSystem,1.48680456261687,-1.22723450884762,0.0669891919386039,0.83754689942144,0.701484808730467,1.57757398979982,-0.0630573488203341,0,0.70104638072501,-0.0370131318795688,0.775324022528872
gyroFilter,0.00183890557239452,-0.00172990953785778,8.92084309673315e-05,0.00102449677818437,1.04959364851015e-06,1.57026991936632,-0.0852856444405023,0,1.04893765247983e-06,-9.16221435300495e-11,1.72772119633499e-12
gyroSystem,1.97435332405996,-0.875123467125439,0.532075986348859,0.746876208255978,0.557824070458827,1.95103738828373,-0.0170921603122808,0,0.55747543041479,-0.00711435536847716,0.606341166600045
input,0.999998623548328,-0.999990206550703,0.0672131665989473,0.702886466437273,0.494049384700676,1.53513067961086,-0.148680886252763,0,0.493740603835239,-0.0515826211575517,0.374233825296317
error,0.533030816738808,-0.375434901268545,-0.000223974660343304,0.172393207120267,0.0297194178612114,2.89422193925819,0.291677336776232,0,0.0297008432250482,0.00149298641145511,0.00255310919699592
