signalsNamesOrdered,maxSignals,minSignals,meanSignals,standardDeviationSignals,varianceSignals,kurtosisSignals,skewnessSignals,firstMomentSignals,secondMomentSignals,thirdMomentSignals,fourthMomentSignals
compassSystem,1.48441765324138,-1.22601506615542,0.0701949310612862,0.841286421011297,0.707762842177997,1.56627593995773,-0.0898385679868004,0,0.707314607319113,-0.0534418841720001,0.783598382628911
compassFilter,1.48431522423536,-1.22597614188552,0.0701322276447051,0.841254039551427,0.707708359061594,1.56638858976432,-0.0897111230015029,0,0.707260158707534,-0.0533599095105776,0.783534094840529
fullSystem,1.48391104325643,-1.22604045975831,0.0702254958996203,0.841210683493848,0.707635414024186,1.5662346611633,-0.0898915998740736,0,0.707187259867109,-0.0534589903519922,0.783295600222641
gyroFilter,0.00152992933196872,-0.00144622345424702,9.32682549151843e-05,0.000843914606718205,7.12191863432342e-07,1.60095976616269,-0.121069299641686,0,7.11740823620162e-07,-7.26970595634971e-11,8.11006193555881e-13
gyroSystem,1.97439948735976,-0.875123467125439,0.539263655668691,0.755346645183643,0.570548554390185,1.91581924308785,-0.0238636802585108,0,0.570187219016917,-0.0102745696072734,0.622858631917166
input,0.99999657062286,-0.999999655954612,0.0706195819293662,0.707550306019042,0.50062743554764,1.53368635271241,-0.167960725502621,0,0.500310382073576,-0.0594383869024859,0.383897764679262
error,0.52765622996084,-0.375577109958628,-0.000394086029745833,0.169742417222902,0.0288124882046736,2.73493293898986,0.219524771650316,0,0.0287942409037207,0.00107261035363648,0.00226755562488008
