signalsNamesOrdered,maxSignals,minSignals,meanSignals,standardDeviationSignals,varianceSignals,kurtosisSignals,skewnessSignals,firstMomentSignals,secondMomentSignals,thirdMomentSignals,fourthMomentSignals
compassSystem,1.48294034088299,-1.22558085225953,0.0547656178990482,0.846764647628153,0.71701036847283,1.55143604540873,-0.0614056226115995,0,0.716556851478224,-0.0372463841863689,0.79659061102981
compassFilter,1.48277980636902,-1.22558185229887,0.0546785333656663,0.846701251986471,0.716903010115457,1.55168893751167,-0.0612178930966724,0,0.7164495610262,-0.0371241748961781,0.796481890496656
fullSystem,1.48216379857163,-1.22555804477542,0.0548127727558783,0.846644867534268,0.716807531722118,1.55140228524905,-0.0614927675984236,0,0.716354143024002,-0.0372834167322545,0.796122651520227
gyroFilter,0.00232299212130377,-0.00219108750482746,0.000134239390212004,0.00128336674557168,1.64703020363924e-06,1.60782521021801,-0.107863365781952,0,1.64598843880456e-06,-2.27779239512472e-10,4.35604537451004e-12
gyroSystem,1.97442780884524,-0.875123467125438,0.520307803563871,0.76177602803371,0.580302716886816,1.89790269273105,-0.0143589598511641,0,0.579935668995047,-0.00634151045098945,0.638312844663622
input,0.999993742857021,-0.999995682344532,0.0571348545425451,0.712362526602519,0.507460369307524,1.51255774503867,-0.14315045583495,0,0.507139395006887,-0.0516991922369311,0.389015279994154
error,0.526705843484376,-0.375614433197095,-0.00232208178666684,0.171795641669997,0.029513742496806,2.79327850815676,0.271656308653924,0,0.0294950747279908,0.00137608115165921,0.00243003898775306
