signalsNamesOrdered,maxSignals,minSignals,meanSignals,standardDeviationSignals,varianceSignals,kurtosisSignals,skewnessSignals,firstMomentSignals,secondMomentSignals,thirdMomentSignals,fourthMomentSignals
compassSystem,1.48161346306321,-1.22463411478816,0.0579113809253078,0.842195752220785,0.709293685058735,1.56227371981415,-0.0569887831558661,0,0.708862241211375,-0.0340119983343023,0.785020167783891
compassFilter,1.48152019756761,-1.22458797686636,0.0578619161453156,0.842124669386435,0.709173958789212,1.562535390355,-0.0568055963228909,0,0.708742587768051,-0.0338940853065012,0.784886614200023
fullSystem,1.48065506654057,-1.2246999638778,0.0579925047519938,0.842041550919052,0.709033973474163,1.56217133499379,-0.057134258092984,0,0.70860268760222,-0.0340800940885067,0.784393985330827
gyroFilter,0.00315790770597613,-0.00298052177328764,0.00013058860667837,0.00175589951523916,3.08318310761711e-06,1.58566227796785,-0.0557425219519195,0,3.08130769210153e-06,-3.01501318504357e-10,1.5055002462795e-11
gyroSystem,1.97435095750358,-0.875123467125439,0.519856276659038,0.751340566737629,0.564512647225621,1.93595927172041,-0.0237860762164938,0,0.564169269702978,-0.0100794525753802,0.616190600721745
input,0.999999679777315,-0.999996997898662,0.0586238689147725,0.70863661923561,0.502165858121676,1.52192274862814,-0.138780305696757,0,0.501860404436687,-0.0493403513983659,0.383317346524808
error,0.525627164815993,-0.37544870965365,-0.000631364162778658,0.170933024858721,0.0292180989873521,2.75465030591235,0.253106444799914,0,0.0292003264210581,0.00126294594584399,0.00234877754899729
