signalsNamesOrdered,maxSignals,minSignals,meanSignals,standardDeviationSignals,varianceSignals,kurtosisSignals,skewnessSignals,firstMomentSignals,secondMomentSignals,thirdMomentSignals,fourthMomentSignals
compassSystem,1.48331265354728,-1.22662308613443,0.0671478190406253,0.844362605974814,0.712948210368579,1.55977703742013,-0.0692951146389143,0,0.712495257248904,-0.0416749976750231,0.791820020059087
compassFilter,1.48319407665492,-1.22657549654195,0.0670964735779615,0.844323467415559,0.712882117628633,1.55990727705763,-0.0691459895966225,0,0.712429206499262,-0.0415795293867523,0.791739321838423
fullSystem,1.48273006293851,-1.22664953386538,0.0671841696970767,0.844271688061697,0.712794683262548,1.55973782200591,-0.06934954914075,0,0.71234182768233,-0.0416942639399246,0.791459134756535
gyroFilter,0.00175939213773019,-0.00164982468087204,8.7696119115267e-05,0.00097156282600465,9.43934324874143e-07,1.59146264363848,-0.0832018442023507,0,9.43334620728733e-07,-7.62309993093763e-11,1.41621110622131e-12
gyroSystem,1.97435202365514,-0.875123467125438,0.533333406674281,0.753037753417516,0.567065858072099,1.9312513186076,-0.0187292684449697,0,0.566705587514239,-0.00799018907608774,0.620231447741696
input,0.999997156627152,-0.999990206550703,0.0670645898549213,0.708528758976551,0.502013002296852,1.5244508279993,-0.15099442337446,0,0.501694061380526,-0.0536561303417325,0.383699595210052
error,0.526909600607933,-0.375568320276515,0.000119579842155345,0.173001372308186,0.0299294748205156,2.75949377559051,0.272288478624224,0,0.0299104599063984,0.00140852286569533,0.00246874140221755
