signalsNamesOrdered,maxSignals,minSignals,meanSignals,standardDeviationSignals,varianceSignals,kurtosisSignals,skewnessSignals,firstMomentSignals,secondMomentSignals,thirdMomentSignals,fourthMomentSignals
compassSystem,1.48233408494764,-1.22473624676156,0.0648643325139182,0.837006985603289,0.700580693948704,1.5646627428739,-0.0676080609778766,0,0.700150625996618,-0.0396082543823382,0.767014729946601
compassFilter,1.48221272892865,-1.2246965914568,0.0647547086518053,0.836932210896946,0.70045552563685,1.56474210596532,-0.0672594099763761,0,0.700025534522278,-0.039393437200713,0.766779569862269
fullSystem,1.48101767062645,-1.22468483650659,0.0649670693971229,0.836800704907255,0.700235419733279,1.56452782043499,-0.0677785270841692,0,0.699805563735898,-0.0396787711203776,0.766192809838554
gyroFilter,0.00434685745707203,-0.00409806446407714,0.000212360745317762,0.00243911599303409,5.94928682747466e-06,1.58118899598678,-0.0738327663676914,0,5.94563471769721e-06,-1.07040092753296e-09,5.58959357586043e-11
gyroSystem,1.97440269760711,-0.875123467125439,0.533585155678544,0.749430456045493,0.561646008448555,1.94527915376363,-0.0251978622477167,0,0.56130122882397,-0.0105963839676847,0.612877840062248
input,0.999993742857021,-0.999999963355526,0.0656083168282713,0.704209541351248,0.495911078130136,1.53808154054,-0.14663623365226,0,0.495606651440062,-0.0511619379610703,0.377792744112451
error,0.526295542263967,-0.375277507300179,-0.000641247431148255,0.168646941210704,0.0284417907797267,2.66118538308915,0.208005866381302,0,0.0284243311168785,0.000996806735712203,0.00215008503600996
