signalsNamesOrdered,maxSignals,minSignals,meanSignals,standardDeviationSignals,varianceSignals,kurtosisSignals,skewnessSignals,firstMomentSignals,secondMomentSignals,thirdMomentSignals,fourthMomentSignals
compassSystem,1.49932069831802,-1.25047508393364,0.0534523691182838,0.843632901277762,0.711716472118334,1.55087379847132,-0.0435433572789957,0,0.710898407207853,-0.0260995622169203,0.783775242577312
compassFilter,1.4986470076958,-1.25004092951843,0.0528165128766476,0.842861754272948,0.710415936816071,1.55231112235164,-0.041826606734915,0,0.709599366773754,-0.0250018682295144,0.781637177407653
fullSystem,1.49012703047025,-1.25188945593334,0.0539828589298617,0.84223472338097,0.709359329268619,1.54977827717053,-0.0441282235784761,0,0.708543973717735,-0.0263188347860442,0.77804225964843
gyroFilter,0.0293373224230038,-0.0276529526699659,0.00116634605321422,0.0165117185152264,0.000272636848326069,1.56590721445038,-0.0607060771142297,0,0.000272323472638338,-2.72809684936578e-07,1.1612779450899e-07
gyroSystem,1.974427738259,-0.875123467125438,0.53317716419566,0.748771085834102,0.56065813898118,1.92709568631528,-0.0103033889329401,0,0.560013704338673,-0.00431795464553748,0.604366786310971
input,0.999993742857021,-0.999990206550703,0.052744496715983,0.707074380466185,0.49995417951164,1.51399940057275,-0.114393361841846,0,0.49937951953519,-0.0403688998663039,0.377561025975121
error,0.546242403106322,-0.373869770956589,0.00123836221387873,0.171601601781527,0.0294471097339857,2.8474577383493,0.253737825464349,0,0.0294132624814179,0.00127997065056499,0.00246344961566283
