signalsNamesOrdered,maxSignals,minSignals,meanSignals,standardDeviationSignals,varianceSignals,kurtosisSignals,skewnessSignals,firstMomentSignals,secondMomentSignals,thirdMomentSignals,fourthMomentSignals
compassSystem,1.48423717254201,-1.22405348617286,0.0447820306227186,0.844157108018801,0.712601223018666,1.5605793526374,-0.0307556712880522,0,0.712159162706619,-0.0184837808223412,0.791480080589137
compassFilter,1.48419155805132,-1.22405248801897,0.0447317236263426,0.844102745170816,0.712509444404907,1.56073512127106,-0.0306906348736636,0,0.712067441027485,-0.0184411315072867,0.791355199210534
fullSystem,1.48369881300782,-1.22402394548749,0.0448203200103256,0.844059863604608,0.712437053348229,1.56050197773071,-0.0308618857631068,0,0.71199509487841,-0.0185412052643411,0.791076214696696
gyroFilter,0.0018237968473459,-0.00171513672826521,8.85963839829227e-05,0.00100615474029111,1.01234736141027e-06,1.59913109424996,-0.0826107004466825,0,1.01171935436225e-06,-8.40671630402582e-11,1.63683229206868e-12
gyroSystem,1.97440677770545,-0.875123467125438,0.512725366134097,0.756808757090545,0.572759494808936,1.90968752527802,-0.00411490585065334,0,0.572404184948633,-0.00178202627600777,0.625702531043299
input,0.999999907783499,-0.999999697096532,0.048101231505482,0.710324759580883,0.504561264073639,1.51281571619007,-0.113236583847512,0,0.504248260808085,-0.0405465000790481,0.384658067638758
error,0.530237626488267,-0.375691546035051,-0.00328091149515654,0.171405467658703,0.0293798343432986,2.83415516181033,0.279663668117866,0,0.0293616086396117,0.00140703797249265,0.00244333667706775
