signalsNamesOrdered,maxSignals,minSignals,meanSignals,standardDeviationSignals,varianceSignals,kurtosisSignals,skewnessSignals,firstMomentSignals,secondMomentSignals,thirdMomentSignals,fourthMomentSignals
compassSystem,1.4853360358021,-1.22693316068518,0.053581485158275,0.844401056161679,0.713013143646958,1.55458138544577,-0.0506749257309464,0,0.712568066778265,-0.0304812416982013,0.789343750526417
compassFilter,1.48532358753675,-1.22689882674555,0.0535384747973348,0.844376525461612,0.712971716750624,1.55467009045159,-0.050571509966395,0,0.712526665741416,-0.0304163855231014,0.789297064624913
fullSystem,1.48497454292273,-1.22695331050646,0.0536121075135569,0.844338540519103,0.712907571005929,1.55453522403557,-0.050731467086639,0,0.71246256003776,-0.0305084744965447,0.789086587026254
gyroFilter,0.00131068562915415,-0.00122455189749925,7.3632716222111e-05,0.000719068216416814,5.17059099860858e-07,1.58977231791988,-0.10139835200826,0,5.16736341371557e-07,-3.76646907159194e-11,4.24495355065594e-13
gyroSystem,1.97442736067296,-0.875123467125438,0.527618836740764,0.750029608258988,0.562544413265131,1.94243394893122,-0.00480292247603559,0,0.562193261945989,-0.0020245757515667,0.613928128703466
input,0.999993742857021,-0.999990206550703,0.0556490366724617,0.708961571130597,0.502626509339965,1.51504370886496,-0.133520494659569,0,0.502312759958355,-0.0475345348279307,0.38227296339587
error,0.529976386703256,-0.375444183792729,-0.00203692915890482,0.171494699147872,0.0294104318358192,2.841986888689,0.288090465498144,0,0.0293920732641364,0.00145169111105667,0.0024551753381298
