signalsNamesOrdered,maxSignals,minSignals,meanSignals,standardDeviationSignals,varianceSignals,kurtosisSignals,skewnessSignals,firstMomentSignals,secondMomentSignals,thirdMomentSignals,fourthMomentSignals
compassSystem,1.48077215900533,-1.22744297783334,0.0417975046509985,0.841611940682087,0.708310658698669,1.56531177541336,-0.0295033606456943,0,0.707868241048014,-0.0175711477207527,0.784342427689169
compassFilter,1.48076585066125,-1.22740863585176,0.0417496364065237,0.841574783838286,0.708248116792457,1.56545190063147,-0.0294407562898295,0,0.707805738206079,-0.0175315405652814,0.784274124382366
fullSystem,1.4803907084176,-1.22746689498226,0.0418267701725661,0.841544117374283,0.708196501487261,1.56525982217156,-0.0295723089656053,0,0.707754155140298,-0.017607953254139,0.7840636016136
gyroFilter,0.00139580196640615,-0.00130791454371425,7.71337660422747e-05,0.000773103649850057,5.9768925341148e-07,1.58462408522108,-0.113248442699559,0,5.97315930954633e-07,-5.22803378624707e-11,5.65372198123816e-13
gyroSystem,1.97441286974741,-0.875123467125439,0.51399215318991,0.748469735318966,0.560206944688443,1.92030683581046,0.0150099908514861,0,0.559857034042167,0.00628776259930528,0.601900779832972
input,0.999999945912135,-0.999990206550703,0.0467000553042171,0.707314456290614,0.500293740077687,1.51508282647339,-0.10948984456767,0,0.499981251795315,-0.0387083285453826,0.378742302067945
error,0.525334217039975,-0.375419091631008,-0.00487328513165092,0.170810166895295,0.0291761131147987,2.81693027244539,0.310638207745824,0,0.0291578894339025,0.00154663914920021,0.00239490486709935
