signalsNamesOrdered,maxSignals,minSignals,meanSignals,standardDeviationSignals,varianceSignals,kurtosisSignals,skewnessSignals,firstMomentSignals,secondMomentSignals,thirdMomentSignals,fourthMomentSignals
compassSystem,1.48321641971828,-1.22580496223061,0.0511043998484575,0.834555256086013,0.696482475460791,1.56515397468665,-0.0398073369371067,0,0.696055709238082,-0.0231168750088377,0.758307006060585
compassFilter,1.48297289989697,-1.22559010297167,0.0508028611402152,0.834435541138918,0.696282672315799,1.56544611257886,-0.0391683691200699,0,0.695856028521487,-0.022736027194212,0.758013448128063
fullSystem,1.48096481130045,-1.22599915634321,0.0512654379936323,0.834175189121136,0.695848246145283,1.56487312142906,-0.040118660063516,0,0.695421868543478,-0.0232658505912564,0.75679075531835
gyroFilter,0.00747818630355107,-0.00705083453993421,0.000462576853417153,0.0042161936649072,1.77762890200036e-05,1.56327460125529,-0.114147764750467,0,1.77653966860453e-05,-8.5473162980673e-09,4.93384032957107e-10
gyroSystem,1.97435348577133,-0.875123467125439,0.522188303554329,0.752291649581394,0.565942726029895,1.94230250243392,0.0220718764665691,0,0.56559594739875,0.00938855360535729,0.621340192594634
input,0.999998673403606,-0.999990206550703,0.0553243918110348,0.701254395354768,0.491757727004381,1.5315567881746,-0.12179798189741,0,0.491456404867737,-0.0419631026551988,0.369915988875292
error,0.528735235705483,-0.374964210707638,-0.00405895381740251,0.16990117652034,0.0288664097829958,2.7120756157927,0.239802532136384,0,0.0288487220319033,0.00117501560212241,0.00225712157606427
