signalsNamesOrdered,maxSignals,minSignals,meanSignals,standardDeviationSignals,varianceSignals,kurtosisSignals,skewnessSignals,firstMomentSignals,secondMomentSignals,thirdMomentSignals,fourthMomentSignals
compassSystem,1.48320214981144,-1.2244982499199,0.0681429703896021,0.845068395326799,0.714140592780211,1.55116564701209,-0.0701251336808942,0,0.713699765253804,-0.0422811735519144,0.790113142666489
compassFilter,1.48314700021477,-1.22442283186203,0.0680668893249803,0.845009080134145,0.714040345509154,1.55135921144518,-0.0699752189562181,0,0.713599579863778,-0.042181900661003,0.789989902170522
fullSystem,1.48242940238177,-1.22457280536443,0.0682117232215847,0.844942181542896,0.713927290150468,1.55107691149271,-0.0702275567021539,0,0.713486594292351,-0.0423239590400683,0.789596052288789
gyroFilter,0.00266919703064006,-0.00252208870101324,0.000144833896604363,0.00148150571209078,2.19485917495761e-06,1.59916253387126,-0.102313396670114,0,2.19350432361504e-06,-3.32384103427488e-10,7.69430851254902e-12
gyroSystem,1.97435191491077,-0.875123467125438,0.538981373491043,0.761045134750818,0.579189697127891,1.90197228022746,-0.0144191079054621,0,0.578832172623491,-0.00634990729616498,0.637249505671914
input,0.999993742857021,-0.999998465714227,0.06774163831834,0.710067194738141,0.504195421043293,1.52017634214422,-0.145531519134533,0,0.503884189301908,-0.0520538863945998,0.385971673010016
error,0.528378150293494,-0.375528612839485,0.00047008490324456,0.170500906039084,0.0290705589601485,2.67192871636379,0.201852160404405,0,0.029052614170667,0.000999565428109921,0.00225525316321375
