signalsNamesOrdered,maxSignals,minSignals,meanSignals,standardDeviationSignals,varianceSignals,kurtosisSignals,skewnessSignals,firstMomentSignals,secondMomentSignals,thirdMomentSignals,fourthMomentSignals
compassSystem,1.48239051624195,-1.22346262279067,0.0464177580685223,0.839082320051261,0.704059139822607,1.55519041496808,-0.0320590404747827,0,0.703630880005197,-0.0189220356425182,0.769969199554776
compassFilter,1.4822126276452,-1.22342584622506,0.0463286185374331,0.838923557671939,0.703792735616943,1.55572847641687,-0.0320110815604482,0,0.703364637845887,-0.0188830065172649,0.769652813589823
fullSystem,1.48064400769059,-1.22341332364433,0.0465700236331587,0.838779758267041,0.703551482878516,1.55499469344292,-0.0324135273305642,0,0.703123531854867,-0.0191105745543285,0.768762476659715
gyroFilter,0.00584277262938609,-0.00549430467154301,0.00024140509572554,0.00327137429920833,1.07018898055208e-05,1.5692910385982,-0.0675631414974626,0,1.0695380140189e-05,-2.36322010359249e-09,1.79513016544188e-10
gyroSystem,1.97436537366396,-0.875123467125439,0.517527356201189,0.759853030232062,0.577376627552847,1.92513049388635,0.0246930004670785,0,0.577025425224652,0.0108234643043743,0.64098825613766
input,0.999999072495424,-0.999999738892434,0.0486922614215905,0.707035792357568,0.499899611674694,1.51235362704747,-0.105638088736639,0,0.499595536485111,-0.0373033950498874,0.377476962305158
error,0.527934315674379,-0.375182387768125,-0.00212223778843183,0.168460399301509,0.0283789061328239,2.71850542559628,0.233281450386984,0,0.0283616440244706,0.00111423631661938,0.0021867191467955
