signalsNamesOrdered,maxSignals,minSignals,meanSignals,standardDeviationSignals,varianceSignals,kurtosisSignals,skewnessSignals,firstMomentSignals,secondMomentSignals,thirdMomentSignals,fourthMomentSignals
compassSystem,1.48020127799426,-1.22572793106674,0.0648984478605206,0.837420511356321,0.701273112840282,1.56215140563774,-0.0634618487511598,0,0.700825301146259,-0.0372329440869162,0.767260196262136
compassFilter,1.48020457524774,-1.22570065047972,0.0647883523581512,0.837341964096762,0.701141564837424,1.56241302411401,-0.0632068784866281,0,0.700693837145956,-0.0370729196181351,0.767100818247937
fullSystem,1.47924396513032,-1.22567638889517,0.0649786100528714,0.837257343064287,0.700999858515069,1.56206212955398,-0.0636256427527528,0,0.700552221312952,-0.037307225685115,0.766618565429899
gyroFilter,0.00352070174320795,-0.00331546141616233,0.000190257694720237,0.00196801653750919,3.87308909190966e-06,1.57715892167721,-0.0914350377758641,0,3.87061585494164e-06,-6.96278132038992e-10,2.36284699228833e-11
gyroSystem,1.97442922337142,-0.875123467125439,0.535723683162979,0.751934037278203,0.565404796417497,1.91337305595161,-0.00391631069058786,0,0.5650437461005,-0.00166341359613815,0.610891101397117
input,0.999993742857021,-0.999990381411748,0.0665852241874993,0.703980246530798,0.495588187505563,1.52774564620156,-0.14179504592548,0,0.495271719952877,-0.0494226869958464,0.374746957541891
error,0.524801925374458,-0.375361173722893,-0.00160661413462799,0.169298886944107,0.0286621131205137,2.70317007805865,0.212543778492299,0,0.028643810366286,0.00103037326546165,0.00221786420240914
