signalsNamesOrdered,maxSignals,minSignals,meanSignals,standardDeviationSignals,varianceSignals,kurtosisSignals,skewnessSignals,firstMomentSignals,secondMomentSignals,thirdMomentSignals,fourthMomentSignals
compassSystem,1.48310524616787,-1.22587533262205,0.0631825559512923,0.83934255631173,0.704495926835909,1.56686973967406,-0.0727972403557265,0,0.704048343654946,-0.0430049688838771,0.776672370039981
compassFilter,1.48305088899863,-1.2258653577564,0.0631044844673564,0.83927800440379,0.704387568676007,1.56700581888999,-0.0726305457406672,0,0.703940054337585,-0.0428965952836344,0.776500900801827
fullSystem,1.48234806810935,-1.22584054052145,0.0632478954689664,0.839215920219169,0.704283360749307,1.5667723640412,-0.0729191690259218,0,0.703835912616684,-0.0430575034158306,0.776155514852398
gyroFilter,0.00261612546878293,-0.00247061951650653,0.000143411001609927,0.00146316953802099,2.14086509699255e-06,1.5762251786818,-0.0975457106506218,0,2.13950495398303e-06,-3.05265779046283e-10,7.21514151347232e-12
gyroSystem,1.97442781035027,-0.875123467125439,0.535910148413331,0.747831780202446,0.559252371480759,1.93533114605588,-0.0140841227152215,0,0.558897065018573,-0.00588474358157966,0.604531511914613
input,0.999995677629684,-0.999990206550703,0.065216670285779,0.704596739483847,0.496456565291269,1.53341881434081,-0.152874298612733,0,0.496141154512812,-0.0534247325692051,0.37746031097541
error,0.528285323466565,-0.375542692174804,-0.00196877481681262,0.171260910460163,0.0293302994516441,2.70390106324302,0.225525965956401,0,0.0293116652080281,0.00113176768374057,0.00232312072763011
