signalsNamesOrdered,maxSignals,minSignals,meanSignals,standardDeviationSignals,varianceSignals,kurtosisSignals,skewnessSignals,firstMomentSignals,secondMomentSignals,thirdMomentSignals,fourthMomentSignals
compassSystem,1.48141674620712,-1.22504608716896,0.0712381452890489,0.838376118522886,0.7028745161095,1.56265886015555,-0.0760209821288471,0,0.702435219536931,-0.0447551373170591,0.771039692843116
compassFilter,1.48142690366649,-1.22504709605821,0.0710765185164165,0.83833665210761,0.702808342266997,1.56288819785584,-0.0756175746096971,0,0.70236908705308,-0.0445113562131741,0.77100765424712
fullSystem,1.48031904153755,-1.22509326228706,0.0713294808172791,0.838191267769214,0.702564601364562,1.56256393840615,-0.076155738404289,0,0.70212549848871,-0.0448048214756308,0.770313107288029
gyroFilter,0.00405649833080551,-0.00381414067845907,0.000252962300862684,0.00226774780462808,5.14268010539548e-06,1.57993036564579,-0.116138435423969,0,5.13946593032961e-06,-1.35317186141345e-09,4.17324545479543e-11
gyroSystem,1.97418759386207,-0.875123467125438,0.53591688396488,0.752633881247779,0.566457759202095,1.93865663706626,-0.0302556162651224,0,0.566103723102594,-0.0128869463359314,0.621287932981788
input,0.999997665754592,-0.999997247681216,0.0714165659035055,0.703921915340541,0.495506062896696,1.53213580773288,-0.158592756830783,0,0.495196371607385,-0.0552649179223407,0.375709494663261
error,0.525904338463452,-0.375295022429352,-8.70850862264053e-05,0.170983961520064,0.0292355150970946,2.76756358418245,0.236471926167834,0,0.0292172429001589,0.00118096883108456,0.00236252313330053
