signalsNamesOrdered,maxSignals,minSignals,meanSignals,standardDeviationSignals,varianceSignals,kurtosisSignals,skewnessSignals,firstMomentSignals,secondMomentSignals,thirdMomentSignals,fourthMomentSignals
compassSystem,1.49932070788461,-1.25048480500873,0.0558178028846409,0.84299800210826,0.710645631558518,1.54635005842566,-0.0474399799101427,0,0.709939925866802,-0.0283776806968643,0.779383158225078
compassFilter,1.49828402869477,-1.25013542387658,0.0554464893288744,0.842502500304882,0.709810463019978,1.54758957170767,-0.0458218701882075,0,0.709105586691259,-0.0273614539274848,0.778175598843709
fullSystem,1.49168590292742,-1.25134479964112,0.056238368435561,0.842008192076256,0.708977795523526,1.54538058467702,-0.0475741974742699,0,0.708273746074148,-0.0283578425440929,0.775242796488852
gyroFilter,0.0238532000686958,-0.0225146054844931,0.000791879106686692,0.0134457369177531,0.000180787841261427,1.5486341955606,-0.0406600329858439,0,0.00018060831013803,-9.86902661929988e-08,5.05154589519101e-08
gyroSystem,1.97416250432093,-0.875123467125438,0.536967018564341,0.755646943845599,0.571002303743194,1.90413424886076,-0.0166529810974294,0,0.570435270670957,-0.00717466363254731,0.619598425936182
input,0.999993742857021,-0.999990206550703,0.0527192935228018,0.706115162303933,0.498598622435509,1.51311075888929,-0.113208127100139,0,0.498103489741929,-0.0397976091203229,0.375413501929367
error,0.546081771854477,-0.37457225952107,0.00351907491275922,0.170978173059544,0.0292335356627793,2.80380804817162,0.232450713436424,0,0.0292045053393803,0.00116012735001472,0.00239137666614293
