signalsNamesOrdered,maxSignals,minSignals,meanSignals,standardDeviationSignals,varianceSignals,kurtosisSignals,skewnessSignals,firstMomentSignals,secondMomentSignals,thirdMomentSignals,fourthMomentSignals
compassSystem,1.48523562453099,-1.22553649551202,0.0768940644566192,0.835858965672542,0.698660210495173,1.56971094724219,-0.083017223441757,0,0.69821885849865,-0.0484345831204836,0.765249115763231
compassFilter,1.48519234209352,-1.22549174188223,0.0768408928516939,0.835814436832971,0.698585772818417,1.5698533240954,-0.082870807654478,0,0.698144467845064,-0.0483414333076171,0.765155455161128
fullSystem,1.48456135725261,-1.2255764464973,0.0769527101567482,0.835749079869864,0.698476524503324,1.56963043808204,-0.0831091466165729,0,0.698035288543436,-0.0484690927599923,0.764807554310716
gyroFilter,0.00234754968814316,-0.00221643381794712,0.000111817305054347,0.0013162624851429,1.73254692979455e-06,1.56950471863533,-0.0792126405605582,0,1.73145245921351e-06,-1.80472214786282e-10,4.70526154338883e-12
gyroSystem,1.97434754507499,-0.875123467125439,0.537090316753007,0.751388443043374,0.564584592339145,1.93756531049851,-0.0367206696778996,0,0.564227937511389,-0.0155629697124328,0.616830049898879
input,0.999999848593962,-0.999993703318453,0.0756991125703876,0.702508734021148,0.493518521375996,1.54175083391522,-0.164970254078906,0,0.49320675983375,-0.0571411759511562,0.375035373677595
error,0.530132450299335,-0.375608413154243,0.0012535975863607,0.170571393156072,0.0290946001632033,2.72780123644654,0.195012396985628,0,0.0290762207569094,0.000966872385588055,0.00230615576164247
