signalsNamesOrdered,maxSignals,minSignals,meanSignals,standardDeviationSignals,varianceSignals,kurtosisSignals,skewnessSignals,firstMomentSignals,secondMomentSignals,thirdMomentSignals,fourthMomentSignals
compassSystem,1.48327891205883,-1.22599683390309,0.0620327137456594,0.839638267375434,0.704992420041221,1.56721297330312,-0.055585130334092,0,0.704550418523954,-0.0328720466176604,0.777950873036802
compassFilter,1.48319767189611,-1.22598043300259,0.0619673534750765,0.839560235749946,0.704861389452504,1.56749204010712,-0.055557073335545,0,0.704419470086076,-0.0328462948179904,0.777800193315583
fullSystem,1.48238023508796,-1.22595715629664,0.0621102162891098,0.839484043175394,0.704733458746107,1.5671199118086,-0.0557704193782921,0,0.704291619587018,-0.0329634524367379,0.777333295510893
gyroFilter,0.00305153224260524,-0.00287002968223429,0.000142862814033241,0.00171414630390105,2.93829755117763e-06,1.57541041273971,-0.089111842753016,0,2.93645535835558e-06,-4.48405084905013e-10,1.35844017574829e-11
gyroSystem,1.97435605040278,-0.875123467125439,0.531646598079755,0.750886657960153,0.563830773102568,1.93517564010137,0.00128022003613715,0,0.563477274185262,0.00054150095565689,0.614431112440671
input,0.99999987534108,-0.999999995877041,0.0632839588269682,0.704870933491456,0.496843032881117,1.52564886554804,-0.132892113136328,0,0.496531532547022,-0.0464964138369736,0.376138906914581
error,0.528675387528272,-0.375475962377662,-0.00117374253785846,0.172140769536718,0.0296324445366935,2.71101076589878,0.231826952580616,0,0.0296138662015608,0.00118142618192075,0.00237750512606554
