signalsNamesOrdered,maxSignals,minSignals,meanSignals,standardDeviationSignals,varianceSignals,kurtosisSignals,skewnessSignals,firstMomentSignals,secondMomentSignals,thirdMomentSignals,fourthMomentSignals
compassSystem,1.48016273419773,-1.22534147700053,0.0482507487909519,0.837841372597258,0.701978165635658,1.57353271334974,-0.0413074004221957,0,0.701546179072189,-0.0242723742635042,0.774440940029491
compassFilter,1.48008024969671,-1.22534154827969,0.0481952385802314,0.837810325113065,0.701926140866059,1.5737192972923,-0.0412162659054338,0,0.701494186317834,-0.0242161310037975,0.774417970926498
fullSystem,1.47953823570283,-1.22531390956656,0.0483008757150402,0.837747960622485,0.701821645527133,1.5734894466625,-0.0413924650741232,0,0.701389755283732,-0.0243142242702913,0.774074339314571
gyroFilter,0.0019777723327396,-0.00186829166803558,0.000105637134809049,0.00110988347238713,1.23184132227812e-06,1.57843302635541,-0.102723603822224,0,1.23108326607979e-06,-1.40314124015965e-10,2.39221944068307e-12
gyroSystem,1.97442766669324,-0.875123467125439,0.520900102419648,0.752246892936826,0.565875387933109,1.951511359865,0.00584091967536393,0,0.56552715692515,0.00248405627924526,0.624134246749512
input,0.999999803408884,-0.999998919815728,0.051567410001994,0.704011109781927,0.49563164269638,1.53125957186398,-0.122555706072277,0,0.495326638608567,-0.0427239171049068,0.375692206781262
error,0.524013672483537,-0.375458305755028,-0.00326653428695371,0.171303034259312,0.0293447295464471,2.84735489146357,0.275853013744205,0,0.0293266712513416,0.0013853894921348,0.00244887795780753
