signalsNamesOrdered,maxSignals,minSignals,meanSignals,standardDeviationSignals,varianceSignals,kurtosisSignals,skewnessSignals,firstMomentSignals,secondMomentSignals,thirdMomentSignals,fourthMomentSignals
compassSystem,1.48625951692348,-1.22451925595486,0.0535987401739705,0.844242317711921,0.712745091015597,1.56681289551648,-0.035416988497546,0,0.71230620857039,-0.0212917679837226,0.794969738083275
compassFilter,1.48622137108627,-1.22452348609693,0.0535385276487313,0.84419918401673,0.712672262294513,1.5669125470954,-0.0352727912344232,0,0.712233424694578,-0.0212018303185056,0.794857836313048
fullSystem,1.48572196624131,-1.22452943382328,0.0536363695007179,0.84414748864248,0.712584982581406,1.56672768386669,-0.0354981905635093,0,0.712146198725137,-0.0213333941421266,0.794569404769646
gyroFilter,0.00184120182868386,-0.00173950464807381,9.78418519865736e-05,0.00101935576016178,1.039086165775e-06,1.59624246900664,-0.0888646718401476,0,1.03844633439213e-06,-9.40383992762548e-11,1.72134125139638e-12
gyroSystem,1.97442874948702,-0.875123467125438,0.524004048977617,0.75727532838192,0.573465922975945,1.94968756212229,0.00668698900614027,0,0.573112803565246,0.00290128755758155,0.640391034130638
input,0.999993742857021,-0.999999993451067,0.0550499993926437,0.708412838226809,0.501848749364563,1.52481033228284,-0.122691127408037,0,0.501539729198698,-0.0435783887616438,0.383553993030304
error,0.532075150281555,-0.375417404816267,-0.00141362989192571,0.173183301078339,0.0299924557723907,2.84128034381534,0.304065221393747,0,0.0299739875114472,0.00157791473573832,0.00255271970563977
