signalsNamesOrdered,maxSignals,minSignals,meanSignals,standardDeviationSignals,varianceSignals,kurtosisSignals,skewnessSignals,firstMomentSignals,secondMomentSignals,thirdMomentSignals,fourthMomentSignals
compassSystem,1.48410977799936,-1.22517169744101,0.0620205379699838,0.840919670407817,0.707145892078792,1.56863526796654,-0.060806894468725,0,0.706702540422317,-0.036124995563551,0.783421128557841
compassFilter,1.48406965765721,-1.22513280267338,0.0618861719181691,0.840805509792996,0.706953905298261,1.56883246077371,-0.0607145109050889,0,0.706510674009672,-0.0360554227654492,0.783094226242904
fullSystem,1.48300089315471,-1.22512238407107,0.0620972392812236,0.840709819979354,0.706793001409718,1.56847323752598,-0.0610469772414681,0,0.706349871001311,-0.0362404823918363,0.78255857239849
gyroFilter,0.00394065093214313,-0.00370841977067023,0.000211067363054571,0.00220044244543419,4.8419469556684e-06,1.59207941151688,-0.112512060481023,0,4.83891125224792e-06,-1.1976242018014e-09,3.72786383001533e-11
gyroSystem,1.97440885486133,-0.875123467125438,0.530417132036967,0.74308822631579,0.552180112089146,1.9358931131056,-0.00767696976813697,0,0.551833917661504,-0.00314704110672727,0.58951947304268
input,0.999999473765837,-0.999991276003325,0.0638532282909996,0.705408568588454,0.497601248638012,1.53051028073927,-0.140439602562874,0,0.497289272933537,-0.0492496590716558,0.378490020793962
error,0.528569442320179,-0.375301227628948,-0.0017559890097758,0.171723214689681,0.0294888624633584,2.77681978641344,0.255617377496808,0,0.0294703741483344,0.00129320938968572,0.0024116761829017
