signalsNamesOrdered,maxSignals,minSignals,meanSignals,standardDeviationSignals,varianceSignals,kurtosisSignals,skewnessSignals,firstMomentSignals,secondMomentSignals,thirdMomentSignals,fourthMomentSignals
compassSystem,1.49932037776923,-1.24985698994766,0.0517144529864719,0.843327938772876,0.711202012314909,1.55501037438181,-0.0456080841203745,0,0.709508674190349,-0.0272570212680379,0.782796201348694
compassFilter,1.49469094678863,-1.24784857575099,0.0503876824892722,0.84092585296493,0.707156290184795,1.55804751030106,-0.0444095037116956,0,0.705472584731974,-0.0263145611642983,0.775427108121726
fullSystem,1.47502602330684,-1.25322966172328,0.0528915816979614,0.840071471857848,0.705720077829411,1.55164019290991,-0.047425882260944,0,0.704039791929817,-0.0280163289294376,0.769104642108884
gyroFilter,0.06434159498885,-0.0599263418094953,0.00250389920868922,0.036881331217005,0.00136023259233843,1.56919535671803,-0.0787077188913649,0,0.00135699394330905,-3.93445144224701e-06,2.88956742627823e-06
gyroSystem,1.97416250432093,-0.875123467125439,0.527401166803316,0.757678035242533,0.574076005088985,1.90556088419965,0.00207308748131426,0,0.57270915745782,0.000898501528404882,0.625015926713682
input,0.999994023731477,-0.999990206550703,0.051772972348432,0.707889821556484,0.501107999463271,1.52102061013059,-0.106766232625902,0,0.499914885178834,-0.0377379253246029,0.38012570215451
error,0.545632309049669,-0.369123161572339,0.00111860934952942,0.169802085758113,0.0288327483278055,2.75260895702649,0.198797259662301,0,0.028764098927025,0.000969809768184764,0.00227743539609188
