signalsNamesOrdered,maxSignals,minSignals,meanSignals,standardDeviationSignals,varianceSignals,kurtosisSignals,skewnessSignals,firstMomentSignals,secondMomentSignals,thirdMomentSignals,fourthMomentSignals
compassSystem,1.49971150452436,-1.25041334896333,0.0498864275522126,0.847261281965289,0.717851679917466,1.53841928517057,-0.038140461626341,0,0.717344364242612,-0.0231727449244997,0.791644313963035
compassFilter,1.49994829262082,-1.25039618014046,0.0497033209866055,0.847022472118788,0.717447068274222,1.53909137136726,-0.037590510223162,0,0.716940038543993,-0.0228193081361343,0.791097611195636
fullSystem,1.49642211613441,-1.25065698570577,0.0501383509464368,0.846762642983807,0.717006973552923,1.5378675072568,-0.0382915252906966,0,0.716500254843698,-0.0232234741947029,0.789499064017816
gyroFilter,0.0133092600649464,-0.0125851121398607,0.000435029959831242,0.00748871596142601,5.60808667509167e-05,1.56054318900578,-0.0438314252241777,0,5.6041233629538e-05,-1.83885346567292e-08,4.90107294226686e-09
gyroSystem,1.9744296364373,-0.875123467125439,0.534355763493138,0.757705577067961,0.574117741519892,1.89137406015946,-0.00996889969345176,0,0.57371200460009,-0.00433199685031432,0.622537193049116
input,0.999993742857021,-0.999990206550703,0.0474740894445806,0.709386847964956,0.503229700065655,1.50309426745683,-0.0998979829886342,0,0.502874060701652,-0.0356242369813132,0.380105966925902
error,0.545962597595917,-0.375545352192358,0.00266426150185626,0.171236580415948,0.0293219664725476,2.79311729194079,0.232099232625358,0,0.0293012442347578,0.00116413353006994,0.0023980669204883
