signalsNamesOrdered,maxSignals,minSignals,meanSignals,standardDeviationSignals,varianceSignals,kurtosisSignals,skewnessSignals,firstMomentSignals,secondMomentSignals,thirdMomentSignals,fourthMomentSignals
compassSystem,1.49980141934792,-1.25045816117405,0.045380335460075,0.846935916998462,0.717300447502026,1.53669900228174,-0.0321402033037782,0,0.716807457503743,-0.0195052891181552,0.789575818631509
compassFilter,1.49998623478313,-1.25038751578306,0.0451654332717342,0.846724866149863,0.716942998956503,1.53731754726373,-0.0316811117091879,0,0.716450254627324,-0.0192123051030279,0.789106584143143
fullSystem,1.49649098862951,-1.2506522983013,0.0456097167516086,0.846447274363655,0.716472988277661,1.5361897827978,-0.032272779735133,0,0.715980566979875,-0.0195518666374974,0.787494160650546
gyroFilter,0.0129068078077378,-0.0122016754479877,0.000444283479874377,0.00725542473555293,5.26411880932733e-05,1.55939164276476,-0.0524513355192433,0,5.26050085825563e-05,-2.00123087422908e-08,4.31528410860988e-09
gyroSystem,1.97442988898481,-0.875123467125439,0.531239570188992,0.757614194580359,0.573979267829646,1.8903528547572,0.00109726419422034,0,0.573584780360348,0.000476658823033401,0.621925144532129
input,0.999993742857021,-0.999990206550703,0.0436478392009332,0.70918617467564,0.502945030351067,1.50252002328916,-0.0921311202215548,0,0.502599363663541,-0.0328276091021051,0.379545753838774
error,0.545948079013814,-0.375580383989324,0.00196187755067533,0.170795551983847,0.0291711205774669,2.78781226531148,0.228526142209963,0,0.0291510716973449,0.00113741166171364,0.0023690409931985
