signalsNamesOrdered,maxSignals,minSignals,meanSignals,standardDeviationSignals,varianceSignals,kurtosisSignals,skewnessSignals,firstMomentSignals,secondMomentSignals,thirdMomentSignals,fourthMomentSignals
compassSystem,1.48721859179494,-1.22578820599963,0.0414248874019498,0.844526249827072,0.713224586646979,1.56752020985256,-0.0205805621202251,0,0.712772606554046,-0.0123846498749674,0.79637047372518
compassFilter,1.48721678126461,-1.22574106773308,0.0413889551635544,0.844466990898685,0.71312449871748,1.56768637910639,-0.0205039462015525,0,0.712672582051626,-0.0123359480015857,0.796231375293631
fullSystem,1.48674825714493,-1.22581431477301,0.0414639433499432,0.844431867677149,0.713065179148719,1.56743786582774,-0.0206804276610584,0,0.71261330007448,-0.0124405734885247,0.795972716123558
gyroFilter,0.00173339134990486,-0.00163562864513112,7.49881863889333e-05,0.000960543225530819,9.22643288113151e-07,1.5927596931299,-0.0672892370863448,0,9.22058596549074e-07,-5.95776523915167e-11,1.35415163737196e-12
gyroSystem,1.97434811123519,-0.875123467125438,0.514000533020993,0.750938190551375,0.563908166028573,1.94747402986789,0.0107286168210306,0,0.563550809776337,0.00453882409517745,0.618497333009488
input,0.999993742857021,-0.999998217748384,0.043775403913984,0.709404229628425,0.503254361014699,1.51704774454802,-0.103583065434742,0,0.502935441901254,-0.0369451234079072,0.38372821377862
error,0.531182802744816,-0.375567591712904,-0.00231146056404079,0.171715527634781,0.0294862224308912,2.82447435667116,0.302694511726588,0,0.0294675366118602,0.00153115901026089,0.00245259195709374
