signalsNamesOrdered,maxSignals,minSignals,meanSignals,standardDeviationSignals,varianceSignals,kurtosisSignals,skewnessSignals,firstMomentSignals,secondMomentSignals,thirdMomentSignals,fourthMomentSignals
compassSystem,1.48322867245568,-1.22630126977077,0.0402127956018643,0.843800843035697,0.711999862707752,1.54932641856199,-0.0234982155553014,0,0.711562784830092,-0.0141044034605714,0.784457426141253
compassFilter,1.4831105163025,-1.22620060661197,0.0400741936219064,0.843710950545449,0.711848168070306,1.54955767435979,-0.0232862688002804,0,0.71141118331397,-0.0139727194209948,0.784240237599751
fullSystem,1.48192874462329,-1.22639607746959,0.040319327011578,0.843577649150082,0.711623250145579,1.54916561685385,-0.0237367432639769,0,0.711186403460407,-0.0142362727582571,0.783546436325983
gyroFilter,0.00439253058757133,-0.00413959061547503,0.000245133389671445,0.00245323049328823,6.01833985319922e-06,1.59334057070996,-0.0980769878818363,0,6.01464535359628e-06,-1.44671224243827e-09,5.76406227281007e-11
gyroSystem,1.97440644414824,-0.875123467125438,0.509873152156175,0.75086093693839,0.563792146619996,1.90455981068497,0.0321559760123895,0,0.563446049537971,0.0136000405556821,0.604643366119153
input,0.9999975784148,-0.999995525516903,0.0451405038449016,0.709058545259089,0.502764020604935,1.51044075695186,-0.0992769237716015,0,0.502455387074791,-0.0353585601655781,0.381328012284899
error,0.528641325777396,-0.375274823525275,-0.00482117683332376,0.170651565730772,0.0291219568863638,2.68740177736573,0.253416326329609,0,0.0291040796875386,0.00125824553252275,0.00227635683462514
