signalsNamesOrdered,maxSignals,minSignals,meanSignals,standardDeviationSignals,varianceSignals,kurtosisSignals,skewnessSignals,firstMomentSignals,secondMomentSignals,thirdMomentSignals,fourthMomentSignals
compassSystem,1.48045145610254,-1.22520302202401,0.0664815431309881,0.837298115802504,0.701068134726424,1.56678575396254,-0.067052974381455,0,0.700639608971701,-0.0393242162370184,0.769128642728085
compassFilter,1.48046761384371,-1.22511167852625,0.066430143794912,0.837249872467463,0.700987348946783,1.56697131408651,-0.0669494664350505,0,0.700558872572121,-0.0392567260101022,0.76904246553218
fullSystem,1.47955273270414,-1.22525759891884,0.0665787124957086,0.837144543146032,0.700810986119178,1.56670740063128,-0.0672211776405271,0,0.700382617545755,-0.0394011733446169,0.768526085306079
gyroFilter,0.0033471880932967,-0.00315378697658141,0.000148568700796495,0.00187166376403579,3.50312524560463e-06,1.57682969321118,-0.0728031050826006,0,3.50098397100463e-06,-4.7690852540681e-10,1.93270261514033e-11
gyroSystem,1.97442986967969,-0.875123467125439,0.538930208374736,0.749470193006689,0.561705570205483,1.95873409760863,-0.0046346986696555,0,0.561362229392399,-0.00194933412522098,0.617251082350864
input,0.999999504673576,-0.999999904522144,0.0660496980216893,0.704628014266928,0.496500638489755,1.53349571203611,-0.143500015048732,0,0.4961971539919,-0.0501572076064581,0.377564456821568
error,0.524877005596762,-0.375387796586024,0.000529014474019404,0.169568858399643,0.028753597738958,2.71060050452478,0.215289998487878,0,0.0287360221902178,0.00104873033472796,0.00223830268426689
