signalsNamesOrdered,maxSignals,minSignals,meanSignals,standardDeviationSignals,varianceSignals,kurtosisSignals,skewnessSignals,firstMomentSignals,secondMomentSignals,thirdMomentSignals,fourthMomentSignals
compassSystem,1.48703466850755,-1.22639424740569,0.0433555335510435,0.844848950238563,0.713769748719202,1.55294499054114,-0.0335700448705229,0,0.713317136323057,-0.0202244121830783,0.790171546331309
compassFilter,1.48693650261724,-1.22635786211333,0.0433117415694078,0.84482410401689,0.713727766727941,1.55309045809143,-0.033438494051502,0,0.713275180953225,-0.0201433815499556,0.790152605878084
fullSystem,1.4865443338267,-1.22642028282333,0.0433909034346984,0.84478024781622,0.713653667100435,1.55290962023965,-0.0336156307732138,0,0.713201128313434,-0.0202469354025451,0.789896561967221
gyroFilter,0.00148929510240031,-0.00139364866936231,7.91618652904724e-05,0.000822063965437745,6.7578916327123e-07,1.58365243510792,-0.0957566399118617,0,6.75360634949561e-07,-5.31462361582093e-11,7.22322859273707e-13
gyroSystem,1.9744086214814,-0.875123467125439,0.519528878957807,0.751841994325829,0.56526638443184,1.91802736092436,0.00736513453412185,0,0.56490794030728,0.00312713912340053,0.612082773045629
input,0.999997366024498,-0.999990206550703,0.046393012511997,0.708338704258884,0.501743719951155,1.50864004465442,-0.117193182867904,0,0.501425556526963,-0.0416113731306174,0.379313728701613
error,0.530280678357027,-0.375586703262183,-0.00300210907729869,0.173164218959536,0.029985846727866,2.82172562610812,0.323548989066783,0,0.0299668322404038,0.00167842253594146,0.00253394074864565
