signalsNamesOrdered,maxSignals,minSignals,meanSignals,standardDeviationSignals,varianceSignals,kurtosisSignals,skewnessSignals,firstMomentSignals,secondMomentSignals,thirdMomentSignals,fourthMomentSignals
compassSystem,1.48704207090764,-1.22681549929749,0.0571585849267234,0.845553049173626,0.714959958966816,1.56214467950819,-0.0527713946866566,0,0.714506591840014,-0.0318718983741605,0.797505585935529
compassFilter,1.48700376818189,-1.22681069908017,0.057105351594883,0.845518273236891,0.714901150377493,1.56225206687207,-0.0526779236576665,0,0.714447820542124,-0.0318115200987113,0.797429209016622
fullSystem,1.48661108855766,-1.22679381131188,0.0571887145404033,0.845477070850776,0.714831477334409,1.56208473521654,-0.0528440520078476,0,0.714378191679789,-0.0319071778744555,0.797188389016362
gyroFilter,0.00148177067922156,-0.00139095666811492,8.33629455202992e-05,0.000815559132993054,6.65136699408382e-07,1.60431410743946,-0.101271904802753,0,6.64714925978193e-07,-5.48835411604186e-11,7.08859663334976e-13
gyroSystem,1.97435219431962,-0.875123467125438,0.521750822624169,0.754658231574395,0.569509046482994,1.92819957473052,-0.00911845585225823,0,0.569147912021052,-0.00391524569020163,0.624600426733161
input,0.999998103264395,-0.999990206550703,0.0586431078076919,0.709864848857192,0.503908103643045,1.5209646170885,-0.137925929765336,0,0.503588567749802,-0.0492901016522741,0.385718825551875
error,0.532034933748559,-0.375586972572122,-0.00145439326728843,0.17278860164068,0.0298559008569415,2.85208109666392,0.293651829851531,0,0.0298369687701584,0.0015134384419228,0.00253905009565197
