signalsNamesOrdered,maxSignals,minSignals,meanSignals,standardDeviationSignals,varianceSignals,kurtosisSignals,skewnessSignals,firstMomentSignals,secondMomentSignals,thirdMomentSignals,fourthMomentSignals
compassSystem,1.48604513792805,-1.22782799078489,0.0430395881777724,0.843980095860695,0.712302402209028,1.56336729207457,-0.0295811468058164,0,0.711858876429321,-0.0177666629702387,0.792225525413514
compassFilter,1.4859149681911,-1.22778136426006,0.042988367621121,0.84396156665446,0.71227112598985,1.56342834340515,-0.029477341465543,0,0.711827619684751,-0.0177031506435928,0.792186890494927
fullSystem,1.48540465274067,-1.22786303205494,0.0430859598959809,0.843885832374957,0.712143298083173,1.56328136742356,-0.0296735147530112,0,0.711699871372038,-0.0178161689094236,0.791828130202668
gyroFilter,0.00192140477602093,-0.0018071107117645,9.75922748599647e-05,0.00107116730457098,1.14739939438187e-06,1.58689945071446,-0.0904030998842679,0,1.14668494893082e-06,-1.11006776300701e-10,2.08659246164452e-12
gyroSystem,1.97441074416816,-0.875123467125439,0.512298582937016,0.73977320182199,0.547264390133959,1.93422666888813,-0.00264943956984408,0,0.546923627749069,-0.00107162798637849,0.578576431611653
input,0.999997069434892,-0.999991289554629,0.0473063485173542,0.706807927229433,0.499577445994367,1.52094904906097,-0.113254640656057,0,0.499266376600847,-0.0399534682571167,0.379122277033716
error,0.529483548270254,-0.375411510905053,-0.00422038862137328,0.17461845380359,0.0304916044087566,2.75419287962699,0.295688946329551,0,0.0304726183537076,0.00157289505998782,0.00255748971679135
