signalsNamesOrdered,maxSignals,minSignals,meanSignals,standardDeviationSignals,varianceSignals,kurtosisSignals,skewnessSignals,firstMomentSignals,secondMomentSignals,thirdMomentSignals,fourthMomentSignals
compassSystem,1.48532219472807,-1.22618079501886,0.065169067765488,0.83920601115691,0.704266729161892,1.56994695279322,-0.0694685215062442,0,0.703818722336725,-0.0410184531798014,0.777690168934907
compassFilter,1.48530212635133,-1.2261472938134,0.0651430207662291,0.839164345621042,0.704196798961591,1.5700418537824,-0.0694179601260741,0,0.703748836621285,-0.0409824938604408,0.777582735927694
fullSystem,1.48494451274642,-1.22620345831212,0.0652001537034204,0.839135418445035,0.704148250488925,1.56990418416074,-0.06954031302186,0,0.703700319031871,-0.0410504822181145,0.777407350796699
gyroFilter,0.00134165313792933,-0.00126279604716081,5.71329371914855e-05,0.000743869243168015,5.53341450931355e-07,1.57662229488956,-0.0649242274836177,0,5.529894525529e-07,-2.66982049472767e-11,4.82126895502961e-13
gyroSystem,1.9744122221982,-0.875123467125439,0.525069337372611,0.743158435926521,0.552284460888753,1.94320697985002,-0.0342433085628698,0,0.551933134895821,-0.0140412386336722,0.591959502534374
input,0.999996869241803,-0.999990206550703,0.0639282875954669,0.704951373786111,0.496956439402925,1.5340092924167,-0.150977446779201,0,0.496640309352414,-0.0528414863637204,0.378365841593615
error,0.530144100550236,-0.375435260482828,0.00127186610795359,0.17055479445834,0.0290889379127265,2.84526580260929,0.261726837379943,0,0.0290704334992961,0.00129725549618116,0.00240450597257093
