signalsNamesOrdered,maxSignals,minSignals,meanSignals,standardDeviationSignals,varianceSignals,kurtosisSignals,skewnessSignals,firstMomentSignals,secondMomentSignals,thirdMomentSignals,fourthMomentSignals
compassSystem,1.48501213496327,-1.22562251849926,0.0601264437276793,0.844572211110805,0.713302219780595,1.55112874995044,-0.0590751324617872,0,0.712864342420386,-0.035556175551889,0.788245737726632
compassFilter,1.48498350395558,-1.22559714821108,0.0600300618675139,0.844486583108768,0.713157589050721,1.55124016966658,-0.0587831166302802,0,0.712719800475491,-0.0353696567196218,0.787982715067022
fullSystem,1.48392026389917,-1.22557696819509,0.0602149232662038,0.844378141558231,0.712974445941332,1.5509644673721,-0.0592247796564804,0,0.712536769792811,-0.035621678082139,0.787438073301325
gyroFilter,0.00391566873126881,-0.00368547255813523,0.000184861398689882,0.00218140315798774,4.7585197376789e-06,1.594343110901,-0.0736022504290258,0,4.75559860831262e-06,-7.63306358685598e-10,3.60572143880975e-11
gyroSystem,1.97422489842908,-0.875123467125439,0.527653032745916,0.75783604561961,0.574315472040368,1.91985234045205,-0.00445735183809694,0,0.573962914967293,-0.00193821818982907,0.63246353730386
input,0.999999939252258,-0.999998689451022,0.0605101974553814,0.710075977430628,0.504207893724061,1.51901843066633,-0.140921527571165,0,0.503898373838411,-0.0504071075385274,0.385699394383782
error,0.529354113708664,-0.375302540142995,-0.000295274189177775,0.170765548670303,0.0291608726126696,2.72087709647179,0.244503252823824,0,0.0291429715245096,0.00121642514565371,0.00231087571608811
