signalsNamesOrdered,maxSignals,minSignals,meanSignals,standardDeviationSignals,varianceSignals,kurtosisSignals,skewnessSignals,firstMomentSignals,secondMomentSignals,thirdMomentSignals,fourthMomentSignals
compassSystem,1.48319430771834,-1.22631009339673,0.0642243281516353,0.840946247858556,0.707190591787383,1.57642605019989,-0.0581509226606719,0,0.706753244482629,-0.0345508173923816,0.787425046310829
compassFilter,1.48316688515868,-1.22622861003882,0.0641265347221677,0.840868464375885,0.707059774381859,1.57670597995425,-0.0579117726138376,0,0.706622507978407,-0.0343991775135954,0.787273527841158
fullSystem,1.48231642198669,-1.22636236350123,0.0642940779977559,0.840789516700888,0.706927011394113,1.57633406740734,-0.0582967440583968,0,0.706489827095168,-0.0346180952609688,0.786792274598798
gyroFilter,0.00307985777908149,-0.00290394424730917,0.000167543275588118,0.00172359092852632,2.97076568889821e-06,1.58095263236422,-0.0919052404862018,0,2.96892848067996e-06,-4.70153723134566e-10,1.39353644035376e-11
gyroSystem,1.9743994622743,-0.875123467125439,0.531163704332461,0.746922738662221,0.557893577530672,1.92920450943298,-0.0216663100255689,0,0.557548559857493,-0.00902005115998498,0.599713278923233
input,0.999998228357175,-0.999990206550703,0.0645718548246743,0.705133560187817,0.497213337703146,1.53241230225,-0.143241698748921,0,0.496905846461524,-0.0501742191816799,0.378376227602717
error,0.52930557803967,-0.375453631741877,-0.000277776826918548,0.173656654191097,0.0301566335448464,2.84325482478568,0.294354669119822,0,0.0301379838023944,0.00154007624381862,0.00258252286325587
