signalsNamesOrdered,maxSignals,minSignals,meanSignals,standardDeviationSignals,varianceSignals,kurtosisSignals,skewnessSignals,firstMomentSignals,secondMomentSignals,thirdMomentSignals,fourthMomentSignals
compassSystem,1.50019756326696,-1.25046937663359,0.0480018656264878,0.850630029946774,0.72357144784725,1.52729071049181,-0.0409814249802396,0,0.7231280829895,-0.0252005429106123,0.798642037322477
compassFilter,1.49993402933626,-1.25042686557965,0.0477967592123402,0.850485126679755,0.72332495070348,1.52768520017783,-0.0405130393865847,0,0.722881736885646,-0.0248997912025148,0.79830413127164
fullSystem,1.49754224060191,-1.25147774600441,0.0481667421434778,0.85035489183363,0.723103442065385,1.52692964668806,-0.0410812926017419,0,0.722660363975884,-0.0252374489333733,0.797420687364468
gyroFilter,0.00992492245829008,-0.00934930639352834,0.000369982931137628,0.0055400658973877,3.06923301473982e-05,1.57644483417519,-0.0575900599334742,0,3.0673523572553e-05,-9.78347257893299e-09,1.48322184513675e-09
gyroSystem,1.97434542637752,-0.875123467125439,0.534829193738242,0.762496552077819,0.581400991930562,1.88677276324199,-0.0141643290800657,0,0.581044741322762,-0.00627350676556074,0.63699899672571
input,0.999999773263841,-0.999999458574599,0.0461372477185424,0.713303958107048,0.508802536651181,1.49331328590561,-0.101173446143379,0,0.508490770390978,-0.0366852222713067,0.386115359415078
error,0.545309609472228,-0.375800052060877,0.00202949442493533,0.170650070025476,0.0291214463996998,2.75581613452534,0.214564131011763,0,0.0291036023761706,0.0010653130435249,0.00233423047634689
