signalsNamesOrdered,maxSignals,minSignals,meanSignals,standardDeviationSignals,varianceSignals,kurtosisSignals,skewnessSignals,firstMomentSignals,secondMomentSignals,thirdMomentSignals,fourthMomentSignals
compassSystem,1.480495035009,-1.22531611782302,0.0744250730448252,0.834689273869616,0.696706183912987,1.58458503623314,-0.0881947038425439,0,0.696274251994876,-0.0512404587530889,0.768203393340415
compassFilter,1.48050584048307,-1.2252932000352,0.0742811888128513,0.834624839234415,0.696598622267073,1.58476942811539,-0.0878349737503762,0,0.696166757033182,-0.0510196409245121,0.768055577214835
fullSystem,1.47957976920451,-1.22527156736343,0.0744941835833456,0.834529523169223,0.696439525041051,1.58453678563131,-0.088314636490638,0,0.696007758441521,-0.0512806837026596,0.767592084245854
gyroFilter,0.00339146127830392,-0.0031991208067807,0.000212994770494484,0.00189783813232001,3.6017895764879e-06,1.5836876480162,-0.116451630358447,0,3.59955660092901e-06,-7.95278210647569e-10,2.05195363490978e-11
gyroSystem,1.97434987630499,-0.875123467125439,0.543846560106418,0.748808677985872,0.560714436226949,1.94858875190522,-0.0270588178493818,0,0.560366814133814,-0.011350563710741,0.611878237067788
input,0.999999070279351,-0.999995332843602,0.0744185254280954,0.701796588230357,0.49251845125177,1.55190127844719,-0.171314287659214,0,0.492213108132581,-0.059159343727192,0.37598493276462
error,0.525032052053148,-0.375381066168852,7.56581552502241e-05,0.170071833173345,0.0289244284389421,2.77225670168975,0.238948718510414,0,0.0289064963692342,0.00117435091255702,0.00231645759187718
