signalsNamesOrdered,maxSignals,minSignals,meanSignals,standardDeviationSignals,varianceSignals,kurtosisSignals,skewnessSignals,firstMomentSignals,secondMomentSignals,thirdMomentSignals,fourthMomentSignals
compassSystem,1.48169564967426,-1.22515820816662,0.0486539457325056,0.843170176152561,0.710935945953141,1.55466048879627,-0.0406502332298333,0,0.710491888522814,-0.0243445486898753,0.784790630463881
compassFilter,1.48161797560726,-1.22515479625105,0.0486083157297273,0.843114924772086,0.710842776373441,1.55479342638193,-0.0405279290519345,0,0.71039877713773,-0.0242665323052671,0.78465203631008
fullSystem,1.4809363579495,-1.22512350240098,0.0487193828875873,0.843051515963195,0.710735858567841,1.55457632113349,-0.0407603259970082,0,0.71029192611402,-0.0244001763912039,0.784306482388331
gyroFilter,0.00248893466538802,-0.0023478469441346,0.000111067157859856,0.00138528688873428,1.91901976409912e-06,1.5901967071586,-0.0724189690368634,0,1.91782112589543e-06,-1.92337729654399e-10,5.84880371115882e-12
gyroSystem,1.97442560854088,-0.875123467125439,0.522637361691157,0.75993904426883,0.577507351004222,1.92369902412766,0.00598160354495582,0,0.577146634357748,0.00262268949144451,0.640780754514496
input,0.999993742857021,-0.9999997751763,0.051605231512773,0.709569820423983,0.503489330056524,1.515934229551,-0.115995488557628,0,0.503174845777913,-0.0414018246512162,0.383811694855992
error,0.525423376065378,-0.375577045945915,-0.00288584862518584,0.169624003240373,0.0287723024752902,2.72338342655505,0.228061512437063,0,0.0287543310184037,0.00111200541509781,0.00225172487846147
