signalsNamesOrdered,maxSignals,minSignals,meanSignals,standardDeviationSignals,varianceSignals,kurtosisSignals,skewnessSignals,firstMomentSignals,secondMomentSignals,thirdMomentSignals,fourthMomentSignals
compassSystem,1.48152190399788,-1.22642597239003,0.0662475684703595,0.837869273538162,0.702024919539367,1.57190728154183,-0.0626545130769682,0,0.701586428021853,-0.036819181339712,0.773729728922097
compassFilter,1.48140899615251,-1.22642388866893,0.0662324699098603,0.837833105548831,0.701964312753599,1.57201844866962,-0.0626024200506985,0,0.701525859091667,-0.0367838047498967,0.773650849992767
fullSystem,1.48096955749302,-1.22640205517345,0.0662893651267255,0.837788823839633,0.701890113350595,1.57184013747052,-0.0627332792040221,0,0.701451706034323,-0.0368548504609263,0.773399569673276
gyroFilter,0.00166743838336492,-0.00156290534866311,5.68952168651926e-05,0.000928488421161053,8.62090748230146e-07,1.56783606899627,-0.0459926828729088,0,8.6155227805636e-07,-3.67799552494687e-11,1.16376132858045e-12
gyroSystem,1.97433005242726,-0.875123467125439,0.535056195640545,0.750623658767616,0.563435877101683,1.94394571488028,-0.0224239921254693,0,0.563083949633162,-0.00947485679275274,0.616354298914313
input,0.999993742857021,-0.999990206550703,0.063928984478766,0.702923569051615,0.494101543928261,1.53644007652864,-0.14038838945822,0,0.493792923351166,-0.0487134046763491,0.374632413467592
error,0.525397916768937,-0.375564742327745,0.00236038064795962,0.170215001555363,0.0289731467544922,2.76527571168511,0.250261456304387,0,0.0289550498483369,0.00123304930534391,0.00231839308617881
