signalsNamesOrdered,maxSignals,minSignals,meanSignals,standardDeviationSignals,varianceSignals,kurtosisSignals,skewnessSignals,firstMomentSignals,secondMomentSignals,thirdMomentSignals,fourthMomentSignals
compassSystem,1.4993203099821,-1.24985695916374,0.0438773729424975,0.843148994017021,0.710900226111914,1.55375159492563,-0.0316561743207026,0,0.709149240333314,-0.0189044867877852,0.781370249346601
compassFilter,1.49403268928428,-1.24704257540895,0.0425186814319857,0.8409745500124,0.707238193768559,1.55612770583109,-0.0292155232637055,0,0.705496227774055,-0.0173123376234964,0.774523549415233
fullSystem,1.47240768128618,-1.253348767926,0.0453777486668792,0.839780032574777,0.705230503111294,1.54987860195308,-0.0338626094042623,0,0.70349348216767,-0.0199806925991416,0.767039692883952
gyroFilter,0.0716131426697582,-0.0665901399175373,0.00285906723489355,0.0411996999385825,0.00169741527502923,1.55596526024879,-0.0681496181390551,0,0.00169323444922867,-4.74831006062405e-06,4.46101915212807e-06
gyroSystem,1.97416250432093,-0.875123467125439,0.529220821706982,0.758404959329393,0.575178082335418,1.90207868005909,0.0169719830805966,0,0.57376138755134,0.0073761470704522,0.626168352607912
input,0.999993742857021,-0.999990206550703,0.0426775354982804,0.706319592497084,0.498887366745246,1.51930606225758,-0.0936669542627897,0,0.497658580127647,-0.0328839245335515,0.376277511369168
error,0.545287037645266,-0.366240204586937,0.00270021316859884,0.16841672047284,0.0283641917348267,2.77588829988761,0.238483812213096,0,0.0282943291936079,0.00113503174568583,0.00222229029944263
