signalsNamesOrdered,maxSignals,minSignals,meanSignals,standardDeviationSignals,varianceSignals,kurtosisSignals,skewnessSignals,firstMomentSignals,secondMomentSignals,thirdMomentSignals,fourthMomentSignals
compassSystem,1.48530945151284,-1.22703352624048,0.0594623678590476,0.836432017147715,0.699618519309796,1.57580160328388,-0.0619402609099643,0,0.699178230751388,-0.0362121972390835,0.770330926336037
compassFilter,1.48531116724252,-1.22703432300321,0.0594068646692625,0.836400071889024,0.699565080255965,1.57590393362071,-0.0618031493406737,0,0.699124825328176,-0.0361278978257238,0.770263266816254
fullSystem,1.48489839200833,-1.22701325080355,0.0594905060693732,0.83635714021633,0.699493265990838,1.57573999166786,-0.0619986468555082,0,0.699053056257679,-0.0362365980901063,0.770025016912674
gyroFilter,0.00153030029064138,-0.00143490335294891,8.36414001106506e-05,0.000849126618509617,7.21016014261577e-07,1.57372561040994,-0.0970662348439941,0,7.20562259689984e-07,-5.93711486662962e-11,8.17094027110079e-13
gyroSystem,1.97440017660299,-0.875123467125439,0.531450266123511,0.747593711968994,0.558896358175579,1.93300594016145,-0.0155071022552543,0,0.55854462981927,-0.00647317683933899,0.603043929230056
input,0.999998169967162,-0.999990206550703,0.0617279151660415,0.702783569959056,0.493904746204396,1.53871563776531,-0.144197185506679,0,0.49359391879961,-0.0500047757981028,0.374884917743568
error,0.529476472429385,-0.375577719774285,-0.00223740909666848,0.169705494414415,0.028799954834441,2.76801495653989,0.255775199878998,0,0.028781830256194,0.00124892409415165,0.00229300629792135
