signalsNamesOrdered,maxSignals,minSignals,meanSignals,standardDeviationSignals,varianceSignals,kurtosisSignals,skewnessSignals,firstMomentSignals,secondMomentSignals,thirdMomentSignals,fourthMomentSignals
compassSystem,1.48288653936986,-1.22440526269722,0.0487033834128666,0.840774885709231,0.70690240843937,1.57464038888753,-0.0369365420303128,0,0.706463883372099,-0.0219326536803165,0.785889190403659
compassFilter,1.48275895433418,-1.22436551885942,0.0485829661183428,0.840688045583004,0.706756389986171,1.57492870511466,-0.0366694280475296,0,0.706317955501068,-0.0217672971604395,0.785708392511812
fullSystem,1.48193074241941,-1.22435156276707,0.0487707303616705,0.840614712395092,0.706633094695084,1.5745347225476,-0.0370820206625141,0,0.706194736695893,-0.0220064559178858,0.785237795679325
gyroFilter,0.00309673114168607,-0.00292337997787688,0.000187764243327571,0.00172853724851536,2.98784101950506e-06,1.58256086806025,-0.112178116743437,0,2.9859875201133e-06,-5.78815466225585e-10,1.41103049337249e-11
gyroSystem,1.97435345153159,-0.875123467125439,0.519425611485996,0.745415280885043,0.555643940976928,1.94530821369067,0.00914059611287365,0,0.55529924870585,0.00378237991265599,0.599849902095631
input,0.999998183971555,-0.999999930328195,0.0530218324835589,0.705680572558435,0.497985070486401,1.52358010307898,-0.122206395757859,0,0.497676146745404,-0.0429056192391908,0.377362676968979
error,0.526549168522977,-0.375447826650857,-0.00425110212188846,0.172273862229511,0.0296782836074727,2.8240506235859,0.311228782928959,0,0.0296598727615623,0.0015897677396757,0.0024843400734795
