signalsNamesOrdered,maxSignals,minSignals,meanSignals,standardDeviationSignals,varianceSignals,kurtosisSignals,skewnessSignals,firstMomentSignals,secondMomentSignals,thirdMomentSignals,fourthMomentSignals
compassSystem,1.48353793445252,-1.2268487503181,0.0520581060546886,0.845674734014599,0.715165755750662,1.55336706963267,-0.0425608964268303,0,0.714717937494087,-0.0257165549698247,0.793493654107873
compassFilter,1.48346859967439,-1.22680958767631,0.0519857072760303,0.845632992080136,0.715095157294404,1.55346336329001,-0.0424209685855236,0,0.714647383244752,-0.0256282110728572,0.793386179642255
fullSystem,1.48303159523962,-1.22687711854683,0.0520857170962186,0.845590553274968,0.715023383787866,1.55330821759913,-0.0426333696584245,0,0.714575654680924,-0.0257526534475256,0.79314770437285
gyroFilter,0.00160163850810668,-0.00150437678044761,0.000100009820188262,0.000882513704701302,7.78830438985616e-07,1.60063117638072,-0.112504016993061,0,7.78342755554818e-07,-7.72546022177838e-11,9.69690289861856e-13
gyroSystem,1.97440744445299,-0.875123467125439,0.521174325051349,0.754193607232199,0.568807997189917,1.91649875462973,-0.0165240638173009,0,0.568451824367632,-0.00708202345119666,0.619292571529626
input,0.999999998358443,-0.999994842418512,0.054712174090034,0.710489627507415,0.504795510795625,1.51229766959642,-0.126291245340568,0,0.504479420932885,-0.0452520676948418,0.384878979810237
error,0.527342489634714,-0.375561205584964,-0.0026264569938154,0.172324261196005,0.0296956509967489,2.78872972605098,0.287713411358356,0,0.0296770563499131,0.00147092774014472,0.00245611144391266
