signalsNamesOrdered,maxSignals,minSignals,meanSignals,standardDeviationSignals,varianceSignals,kurtosisSignals,skewnessSignals,firstMomentSignals,secondMomentSignals,thirdMomentSignals,fourthMomentSignals
compassSystem,1.48024327117662,-1.22429054608462,0.0618900664583596,0.83814963267158,0.702494806747504,1.56163651656025,-0.0643379279801648,0,0.702056842404146,-0.0378464792795715,0.769705356064997
compassFilter,1.48024648403643,-1.22426373229227,0.0618276368451882,0.838066531557238,0.702355511316379,1.56191958097017,-0.0641975619923419,0,0.701917633815558,-0.0377526780876112,0.76953960408055
fullSystem,1.47925865816603,-1.22434697557963,0.0619798250087807,0.837974368372369,0.702201042049071,1.56156149476261,-0.064520647627247,0,0.701763260850786,-0.0379301587181734,0.769024803816812
gyroFilter,0.003622459324508,-0.00340238994747092,0.000152188163592333,0.00202645619173492,4.1065246970208e-06,1.57534803329111,-0.0677505357981944,0,4.10396451952889e-06,-5.63271957385771e-10,2.65328382839732e-11
gyroSystem,1.9744274755751,-0.875123467125438,0.538219406800356,0.753864636103597,0.568311889567609,1.91331461341227,0.00196949674952759,0,0.567957580409524,0.000843002997596734,0.617189017222988
input,0.999993742857021,-0.999999181568554,0.0628690788798579,0.704910563226551,0.496898902148374,1.52769200377822,-0.138517005397566,0,0.496589114802895,-0.0484728870800988,0.376729992282462
error,0.524850481964855,-0.375345937608329,-0.00088925387107746,0.168922464180329,0.0285347989047544,2.6850404394453,0.202129752908716,0,0.0285170091298761,0.000973388491240835,0.00218352807523859
