signalsNamesOrdered,maxSignals,minSignals,meanSignals,standardDeviationSignals,varianceSignals,kurtosisSignals,skewnessSignals,firstMomentSignals,secondMomentSignals,thirdMomentSignals,fourthMomentSignals
compassSystem,1.48167147891739,-1.22490334501953,0.0583505037603086,0.837357498707879,0.701167580642315,1.56193006009702,-0.0551960220312286,0,0.700732882824186,-0.032376994094531,0.766949164786167
compassFilter,1.48159392421196,-1.22478502153716,0.058198797666002,0.837221711988332,0.700940195024673,1.56217738064364,-0.0548014023945487,0,0.700505638177169,-0.0321298816001551,0.766573171049651
fullSystem,1.48037879950244,-1.22504078164392,0.0584511888422806,0.837120721556094,0.700771102458595,1.56179803839202,-0.0554020442711913,0,0.700336650442192,-0.032470282868255,0.766017307816495
gyroFilter,0.00442502025106856,-0.00417059999872899,0.000252391176278627,0.00248360094586097,6.16827365828149e-06,1.57250716878552,-0.0922404277322192,0,6.16444955805937e-06,-1.41176614490651e-09,5.97559617284344e-11
gyroSystem,1.97436817047407,-0.875123467125439,0.526740301785304,0.755854288210495,0.571315705006194,1.92576364710436,-0.00419891353666412,0,0.57096151052076,-0.00181153688362524,0.62779326120567
input,0.999999984223848,-0.999992650425019,0.0604444750894978,0.704458773181381,0.496262163112216,1.52775703102383,-0.140827226697138,0,0.495954499030931,-0.0491868916451927,0.375783718597322
error,0.525863765562955,-0.375329078977414,-0.00199328624721729,0.169698618637023,0.0287976211673137,2.802459610751,0.264832225199993,0,0.0287797677133972,0.00129300962026886,0.00232120731715155
