signalsNamesOrdered,maxSignals,minSignals,meanSignals,standardDeviationSignals,varianceSignals,kurtosisSignals,skewnessSignals,firstMomentSignals,secondMomentSignals,thirdMomentSignals,fourthMomentSignals
compassSystem,1.48346726139451,-1.22542151810096,0.076139006994946,0.847977425712303,0.719065714517664,1.55253598895455,-0.0840744347578412,0,0.718605070241868,-0.0512152588277598,0.801719100385386
compassFilter,1.48348131258144,-1.2254021435976,0.0760814167488816,0.847920916543594,0.718969880712129,1.55269914295559,-0.0839468546408638,0,0.718509297828905,-0.051127318673647,0.801589644849101
fullSystem,1.48269284076253,-1.2253796566845,0.0762143152023176,0.847836082923672,0.718826023507356,1.55246359143503,-0.0842286338856543,0,0.718365532781214,-0.0512835389229483,0.801147343958227
gyroFilter,0.00288632728750116,-0.00272632488006475,0.000132898453435868,0.0015983259347893,2.55464579382008e-06,1.60084698997679,-0.072271501509782,0,2.55300924942942e-06,-2.94812341465266e-10,1.04340905231704e-11
gyroSystem,1.97442972565654,-0.875123467125439,0.535588970123271,0.755455283361843,0.570712685159323,1.91299345067429,-0.0318580341322856,0,0.570347078058004,-0.0137223282767999,0.62228871474844
input,0.999999861496666,-0.999990206550703,0.0732279889358857,0.711638828275182,0.506429821908875,1.5190549824619,-0.164870417958666,0,0.506105395373379,-0.0593614074774325,0.389094800947023
error,0.52779489574385,-0.375484480391488,0.00298632626643191,0.173438397476024,0.0300808777190511,2.78216382864435,0.244309458834484,0,0.0300616074578602,0.00127338163179813,0.00251424212787392
