signalsNamesOrdered,maxSignals,minSignals,meanSignals,standardDeviationSignals,varianceSignals,kurtosisSignals,skewnessSignals,firstMomentSignals,secondMomentSignals,thirdMomentSignals,fourthMomentSignals
compassSystem,1.48488748744828,-1.22628941568677,0.0379998353606706,0.83249967883089,0.693055715253535,1.59239088753463,-0.0264696718291007,0,0.692627109369024,-0.0152580061513891,0.763921363092527
compassFilter,1.4848516829727,-1.22622019976445,0.0379384027229139,0.832455379211904,0.692981958378835,1.59248447902652,-0.0262955099186511,0,0.692553398107729,-0.0151551937806959,0.763803663871914
fullSystem,1.48408363843544,-1.22634185708669,0.0380744950612172,0.832362177469402,0.692826794481605,1.59224914662287,-0.0266174483062214,0,0.692398330168382,-0.015335588162668,0.763348837350708
gyroFilter,0.0028047465069837,-0.0026430027716496,0.000136092338303433,0.0015878847723353,2.52137805021434e-06,1.55123967521652,-0.0802341245029545,0,2.51981875642942e-06,-3.20932038375856e-10,9.84957547727553e-12
gyroSystem,1.97441485227472,-0.875123467125438,0.510282342170464,0.739473256898379,0.546820697667896,1.98466759102282,0.0128769402795477,0,0.54648252778684,0.00520208091778586,0.592707387389855
input,0.99999810121267,-0.999990206550703,0.0428118671271281,0.698199578869012,0.487482651932866,1.54854989253827,-0.112323830195144,0,0.487181178431361,-0.0381951004630909,0.36754134947609
error,0.530686040963212,-0.375520984331594,-0.00473737206591069,0.171320779544248,0.0293508095036489,2.79808862835399,0.290567807061518,0,0.0293326581063059,0.00145973703321067,0.00240748897502883
