signalsNamesOrdered,maxSignals,minSignals,meanSignals,standardDeviationSignals,varianceSignals,kurtosisSignals,skewnessSignals,firstMomentSignals,secondMomentSignals,thirdMomentSignals,fourthMomentSignals
compassSystem,1.48271650903265,-1.22512294579618,0.0506240452806714,0.840460402399827,0.706373688002078,1.56195320537796,-0.0403900951700957,0,0.705925196771601,-0.0239559226323901,0.778368739746686
compassFilter,1.48272487013514,-1.22508635842036,0.050586582118144,0.840433577458397,0.70632859811952,1.56205639686024,-0.0402678117920994,0,0.705880135517539,-0.0238811078908828,0.778320788733071
fullSystem,1.48235849685839,-1.22514126839621,0.0506513469300144,0.840394488183474,0.706262895769163,1.56191099830703,-0.040434266391003,0,0.70581447488296,-0.0239764791468433,0.778103563618743
gyroFilter,0.00135895382607126,-0.00127192747612245,6.47648118703845e-05,0.000749148608937812,5.61223638273459e-07,1.58502534667626,-0.074374832036325,0,5.60867305804713e-07,-3.12403711673589e-11,4.9860480689027e-13
gyroSystem,1.97441753553746,-0.875123467125438,0.517869204999637,0.748883749498697,0.560826870263227,1.93755804668679,-0.0113852806163291,0,0.560470789710679,-0.00477719769503446,0.608640277166352
input,0.999993742857021,-0.999992833120743,0.0532408556744363,0.706943629962062,0.499769295943937,1.52158536069128,-0.118172650943364,0,0.499451982105243,-0.0417116711170602,0.379562941134774
error,0.526897523491069,-0.37543142385838,-0.00258950874442191,0.169989878653341,0.0288965588445775,2.72868128136668,0.252259953556582,0,0.0288782118230889,0.00123795186347357,0.00227558680553208
