signalsNamesOrdered,maxSignals,minSignals,meanSignals,standardDeviationSignals,varianceSignals,kurtosisSignals,skewnessSignals,firstMomentSignals,secondMomentSignals,thirdMomentSignals,fourthMomentSignals
compassSystem,1.49955747285577,-1.25029930033006,0.0465746243825171,0.846965651866405,0.717350815441484,1.542794381569,-0.031300176872287,0,0.716819444467083,-0.0189959692518187,0.792734215993445
compassFilter,1.499878842182,-1.25037276167895,0.046332014870503,0.846728631383883,0.716949375205223,1.54351609674029,-0.0304702130694171,0,0.71641830159396,-0.0184767464344471,0.792217636477897
fullSystem,1.49630531246683,-1.25068720913596,0.0468292459544858,0.84645309848773,0.716482847939478,1.5422331132078,-0.0314253036067962,0,0.715952119903967,-0.0190373042702334,0.790529320290216
gyroFilter,0.0138842400987079,-0.0131316532145359,0.000497231083982604,0.00782149386448262,6.11757662721394e-05,1.56748041077292,-0.0506201186521801,0,6.11304508897155e-05,-2.41941047957186e-08,5.8575677471135e-09
gyroSystem,1.97442865222324,-0.875123467125439,0.527925453540605,0.754368170066848,0.569071336010005,1.90661780515394,-0.00915969929779988,0,0.568649801687035,-0.00392779266308976,0.616528884882281
input,0.999993742857021,-0.999990206550703,0.0448222391842363,0.709256890856269,0.503045337227101,1.50526804563099,-0.0964326515201781,0,0.502672711051377,-0.0343678268655138,0.380350910656812
error,0.545980326865622,-0.375494245719597,0.00200700677024934,0.171947157027712,0.0295658248099128,2.82523388228579,0.255467287431383,0,0.0295439241989425,0.00129729148404698,0.00246598690885371
