signalsNamesOrdered,maxSignals,minSignals,meanSignals,standardDeviationSignals,varianceSignals,kurtosisSignals,skewnessSignals,firstMomentSignals,secondMomentSignals,thirdMomentSignals,fourthMomentSignals
compassSystem,1.48431606365484,-1.22560154864178,0.0742069033226567,0.847362023477457,0.718022398831811,1.55406756041904,-0.09353996431415,0,0.717590115629625,-0.0568606567801911,0.800244671335833
compassFilter,1.4842217260474,-1.22549665668386,0.0740711233881174,0.847258205787084,0.717846467273548,1.55427220553616,-0.0933002429786083,0,0.717414289990422,-0.0566940926765613,0.799957891085431
fullSystem,1.48319800502586,-1.22566405180719,0.074281305464631,0.847159078714079,0.717678504647686,1.55396750525934,-0.0937355920075027,0,0.717246428485948,-0.0569386437369284,0.799426833805624
gyroFilter,0.00381212816962789,-0.00359788210196223,0.000210182076513722,0.00210655361078725,4.43756811512081e-06,1.61196507784161,-0.0996440842840187,0,4.4348964907288e-06,-9.30629365555707e-10,3.17046238364393e-11
gyroSystem,1.9742738275061,-0.875123467125439,0.549389417039169,0.759659458900499,0.577082493496999,1.90477956986046,-0.0415405094328894,0,0.576735062736314,-0.0181943418813565,0.633574128375305
input,0.999999444196382,-0.999998519335762,0.0727532493642371,0.712331908468061,0.50741674782175,1.52545912192717,-0.169330407347354,0,0.507111259111442,-0.0611490666718202,0.392289858038907
error,0.529536623039326,-0.375315949711366,0.00152805610039386,0.170196233179618,0.0289667577885309,2.67216857809011,0.192291112418357,0,0.028949318440073,0.000947145558648882,0.00223944571698914
