signalsNamesOrdered,maxSignals,minSignals,meanSignals,standardDeviationSignals,varianceSignals,kurtosisSignals,skewnessSignals,firstMomentSignals,secondMomentSignals,thirdMomentSignals,fourthMomentSignals
compassSystem,1.48503372089427,-1.22567320118662,0.0599583196808056,0.84424554261282,0.712750536221615,1.54245453462102,-0.0568861598593174,0,0.712302828598361,-0.03419822937054,0.782603362516886
compassFilter,1.4849426998425,-1.22567427007576,0.0599157630166353,0.844219458197914,0.71270649359998,1.54255887538122,-0.0567830140033647,0,0.712258813641688,-0.0341330572250038,0.782559580887593
fullSystem,1.48457974758099,-1.22565341735363,0.0599900703514226,0.844180292014746,0.712640365426102,1.54242230766821,-0.0569370993128423,0,0.712192727005608,-0.0342209167288825,0.782345099030045
gyroFilter,0.00138175887674535,-0.0013026248419768,7.43073347871809e-05,0.000757544138640768,5.73873121988983e-07,1.59074323912029,-0.0930650811741193,0,5.73512648922407e-07,-4.04204609326867e-11,5.23222109775868e-13
gyroSystem,1.97428250973005,-0.875123467125438,0.533348918873554,0.75411256801949,0.568685765244951,1.92922703594925,-0.003386282020538,0,0.568328550568289,-0.00145084940334767,0.623135203551348
input,0.999993742857021,-0.99999984094482,0.0610050907108208,0.709822467079098,0.503847934770257,1.50693405573014,-0.135298518002316,0,0.503531447374044,-0.0483429265718235,0.382073965402779
error,0.528524126342622,-0.375425113008484,-0.00101502035939833,0.170857125425377,0.0291921573086229,2.76960479099462,0.253292963844948,0,0.0291738205263939,0.00126215614530222,0.00235724333032472
