signalsNamesOrdered,maxSignals,minSignals,meanSignals,standardDeviationSignals,varianceSignals,kurtosisSignals,skewnessSignals,firstMomentSignals,secondMomentSignals,thirdMomentSignals,fourthMomentSignals
compassSystem,1.48629010165582,-1.22510561088381,0.0683649721382963,0.845904706562016,0.71555477258377,1.56790838644431,-0.0622940710570587,0,0.715118192490674,-0.0376715468857954,0.801818987209035
compassFilter,1.48623695690988,-1.22508212629297,0.0682512729325813,0.845790002665127,0.715360728608276,1.56834090624889,-0.0621139219409954,0,0.714924266906868,-0.0375473257086334,0.801605240101993
fullSystem,1.4850817528664,-1.22505207053914,0.0684578313693727,0.845685982820417,0.715184781538934,1.56781021068857,-0.0625016252552912,0,0.714748427187782,-0.0377677509137443,0.800939855838286
gyroFilter,0.00420418992613836,-0.00395128896516753,0.000206558436791193,0.00233617696004668,5.45772278865296e-06,1.59645847695798,-0.0881730021616132,0,5.45439287847074e-06,-1.12319523772181e-09,4.74952809433064e-11
gyroSystem,1.97439708149741,-0.875123467125438,0.537507043367997,0.752338194416083,0.566012758777251,1.92594932255823,-1.31207829735277e-06,0,0.565667418472933,-5.58214995937233e-07,0.616264548398868
input,0.999993742857021,-0.999999625026077,0.0664601219641934,0.708624568043811,0.502148778435278,1.52408778549517,-0.141366901247582,0,0.501842403341662,-0.0502572556706784,0.38383510424267
error,0.532232111940495,-0.37528671475532,0.00199770940517918,0.173705800912584,0.0301737052706822,2.84691508674729,0.287888628853305,0,0.0301552954444036,0.00150754364042764,0.00258881901281315
