signalsNamesOrdered,maxSignals,minSignals,meanSignals,standardDeviationSignals,varianceSignals,kurtosisSignals,skewnessSignals,firstMomentSignals,secondMomentSignals,thirdMomentSignals,fourthMomentSignals
compassSystem,1.48182884147143,-1.22410025975932,0.0563772900884144,0.839415464618845,0.704618322241271,1.56044033014006,-0.0612059528230093,0,0.704184443964029,-0.0361679008577986,0.773784489578787
compassFilter,1.48165920747217,-1.22405995475152,0.0562685041289354,0.839291641133521,0.704410458876598,1.5608146075271,-0.060987975318669,0,0.703976708594039,-0.036023147112588,0.773513507549029
fullSystem,1.48017891706565,-1.22402180564519,0.0565161821216743,0.839146335166781,0.704166571823839,1.56032070373682,-0.061499657210308,0,0.703732971718036,-0.0363065133574562,0.772733374302876
gyroFilter,0.00551701097013169,-0.00518473527375125,0.000247677992738903,0.00308909082055795,9.54248209765542e-06,1.57306552177473,-0.0742968555709738,0,9.53660618503371e-06,-2.18806997580665e-09,1.43065365891721e-10
gyroSystem,1.97442387128119,-0.875123467125438,0.532605029315195,0.752991916659101,0.566996826553947,1.90272432383091,0.00808022505313966,0,0.566647690577005,0.00344661792000763,0.610945002012283
input,0.999994464893478,-0.999999715064595,0.058104651809862,0.706039151648207,0.49849128366012,1.52290075317779,-0.135146446713986,0,0.498184330899245,-0.0475214547893329,0.377965124930677
error,0.527441021105,-0.375214069667749,-0.00158846968818762,0.169232408735388,0.0286396081663815,2.69515432381847,0.224293968684673,0,0.028621972939678,0.00108609282748558,0.00220791714246358
