signalsNamesOrdered,maxSignals,minSignals,meanSignals,standardDeviationSignals,varianceSignals,kurtosisSignals,skewnessSignals,firstMomentSignals,secondMomentSignals,thirdMomentSignals,fourthMomentSignals
compassSystem,1.48580488842872,-1.22410397480875,0.0708762937469855,0.84886235523275,0.720567298131291,1.54640575174033,-0.0784438434666568,0,0.720137108699571,-0.0479381919963468,0.801962087754298
compassFilter,1.48569162460557,-1.22409697259616,0.0707356016617999,0.848769006726553,0.720408826779579,1.54666720617898,-0.0780189647182054,0,0.719978731957622,-0.0476628145655111,0.801744912182278
fullSystem,1.48405955259086,-1.22422008019056,0.071011368590673,0.848554781550683,0.720045217292527,1.54622543684892,-0.0786839246981413,0,0.71961533955086,-0.0480326593908957,0.800707023897405
gyroFilter,0.00603647631172771,-0.00568136792372953,0.00027576692887295,0.00334403440721298,1.11825661166243e-05,1.59385174661745,-0.0690915307572859,0,1.11758899577487e-05,-2.58135651733426e-09,1.99072906134215e-10
gyroSystem,1.97442740714713,-0.875123467125439,0.539219716672218,0.757413233218585,0.573674805854631,1.90928538601558,-0.0274726992027979,0,0.573332313433225,-0.0119264436493818,0.62760108778588
input,0.999999999996701,-0.999999733015941,0.0691096474353441,0.711679896613554,0.506488275243878,1.5158536353851,-0.160122750373122,0,0.506185894184031,-0.0576657704799326,0.388398323607436
error,0.530739210935173,-0.375168660554838,0.00190172115532892,0.173122674354845,0.0299714603757739,2.75012021758537,0.255498754418154,0,0.0299535669665943,0.00132452941565844,0.00246745233972318
