signalsNamesOrdered,maxSignals,minSignals,meanSignals,standardDeviationSignals,varianceSignals,kurtosisSignals,skewnessSignals,firstMomentSignals,secondMomentSignals,thirdMomentSignals,fourthMomentSignals
compassSystem,1.48350960480351,-1.22506160974936,0.0622074509431231,0.845427672248776,0.714747949003984,1.55520564080326,-0.0657964285889005,0,0.714303730266256,-0.0397215967390361,0.793512292727253
compassFilter,1.48349769243528,-1.22506523019472,0.0621716885296344,0.84536910906679,0.714648930564379,1.55543255355151,-0.0656251710629393,0,0.714204773367011,-0.0396099752617999,0.793408193231071
fullSystem,1.48282028252879,-1.22511458671317,0.0622713006913412,0.845303428164631,0.714537885666877,1.55511748306197,-0.0658950729881052,0,0.714093797484362,-0.0397636126615736,0.79300098287887
gyroFilter,0.00249410683781343,-0.00234886178600057,9.96121617067351e-05,0.00138389697582771,1.91517083970509e-06,1.58301314994995,-0.0542632864026943,0,1.91398055329135e-06,-1.43685311607421e-10,5.79908619940669e-12
gyroSystem,1.97437671655138,-0.875123467125438,0.521370277750922,0.755422373486518,0.570662962364004,1.9215124255274,-0.0261998587898695,0,0.570308293027544,-0.0112840104806025,0.624974893009982
input,0.999999844525226,-0.999999477992519,0.0612336705418306,0.709273910425721,0.503069480010594,1.51661617852675,-0.147341544254854,0,0.502756820296479,-0.0525245298350838,0.383346609265763
error,0.527833914494318,-0.375576017818449,0.0010376301495105,0.173214977058486,0.0300034282773718,2.78221656591052,0.272607279312286,0,0.0299847810254902,0.00141543122086177,0.0025014550047488
