signalsNamesOrdered,maxSignals,minSignals,meanSignals,standardDeviationSignals,varianceSignals,kurtosisSignals,skewnessSignals,firstMomentSignals,secondMomentSignals,thirdMomentSignals,fourthMomentSignals
compassSystem,1.4993202911593,-1.24985695546501,0.0440825082266576,0.845233509268753,0.714419685190771,1.54616580163167,-0.0323070825103634,0,0.712651319633368,-0.0194362904922654,0.785254168608289
compassFilter,1.44445597161097,-1.22011158963414,0.0391803410310758,0.826336296969455,0.682831675689192,1.55136269001024,-0.0284278552934974,0,0.681141498274119,-0.0159808585152614,0.719760523167848
fullSystem,1.40107450244304,-1.24320357575187,0.0480622278645906,0.830493015556198,0.689718648887627,1.530806111818,-0.040444425136075,0,0.688011424509193,-0.0230808682296769,0.724621952855071
gyroFilter,0.216856861472074,-0.200000335459158,0.00888188683351473,0.134415068635528,0.0180674106762938,1.53924234105592,-0.0707931700044839,0,0.0180226893627386,-0.000171285561517667,0.000499972590316605
gyroSystem,1.97416250432093,-0.875123467125439,0.531164794221274,0.75977248778591,0.57725423319639,1.89729363460446,0.00998996285194805,0,0.575825386084518,0.00436515917145797,0.629094900224397
input,0.999993742857021,-0.999990206550703,0.0422870595489655,0.708042703169135,0.501324469511056,1.5118490514488,-0.0918023227153593,0,0.500083567358801,-0.032465159843264,0.378088614652339
error,0.506656570982942,-0.333152391082462,0.00577516831562511,0.162295962753288,0.0263399795260166,2.53745480852833,0.225730986711008,0,0.0262747815568928,0.000961390554811809,0.00175176782155418
