signalsNamesOrdered,maxSignals,minSignals,meanSignals,standardDeviationSignals,varianceSignals,kurtosisSignals,skewnessSignals,firstMomentSignals,secondMomentSignals,thirdMomentSignals,fourthMomentSignals
compassSystem,1.48220979047732,-1.22337421389839,0.0456247578487208,0.840202468281128,0.7059401877057,1.56493244111195,-0.0398016146742752,0,0.705499800813806,-0.0235855514096567,0.778913775320868
compassFilter,1.48208399796502,-1.22337754456666,0.0455887375338641,0.840142438588564,0.705839317117539,1.56514765150189,-0.0397370239863756,0,0.705398993151776,-0.0235422296400309,0.778798281956442
fullSystem,1.48159559882936,-1.22335440996109,0.0456697164611067,0.840104341375804,0.705775304398473,1.56488391924661,-0.0398851148699147,0,0.705335020365785,-0.0236267517577926,0.77852582346008
gyroFilter,0.00184799849125322,-0.00173676202064094,8.09789272426533e-05,0.00102571893274672,1.05209932899508e-06,1.58277704411378,-0.0782688188140363,0,1.05144299753594e-06,-8.4385412808561e-11,1.74981126794677e-12
gyroSystem,1.97435214663678,-0.875123467125438,0.51146529787709,0.749645136316603,0.561967830403139,1.94227354845279,-0.00720890959249795,0,0.561617257832707,-0.00303410248424571,0.612620160818367
input,0.999993742857021,-0.999990206550703,0.048619469054016,0.70753273498455,0.500602571074718,1.51930674915273,-0.117609181296915,0,0.500290280013536,-0.0416173405759283,0.380267839692456
error,0.526023534886092,-0.375683819704636,-0.0029497525929093,0.170030593198727,0.028910402623511,2.8043352156812,0.259222414910537,0,0.0288923674378444,0.0012730552323141,0.00234097181246639
