signalsNamesOrdered,maxSignals,minSignals,meanSignals,standardDeviationSignals,varianceSignals,kurtosisSignals,skewnessSignals,firstMomentSignals,secondMomentSignals,thirdMomentSignals,fourthMomentSignals
compassSystem,1.48434499579241,-1.22710985184867,0.0666913423078056,0.839295435390273,0.704416827866948,1.571951316996,-0.0659527107465508,0,0.703992224595178,-0.038956904803906,0.779067014657873
compassFilter,1.48424146054091,-1.22695908453079,0.0665428671667695,0.839137379102349,0.704151541006759,1.57250211619714,-0.0656914941985926,0,0.70372709764268,-0.0387806917631968,0.778753097469918
fullSystem,1.48253528690182,-1.2272514361767,0.0668419623257568,0.838972629855872,0.703875073647277,1.57178585576588,-0.0662292127709088,0,0.70345079693019,-0.0390751075314244,0.777787265478782
gyroFilter,0.00630453885530363,-0.00593553531338091,0.000299095158987311,0.00354199729055312,1.25457448062856e-05,1.56806462542913,-0.0813434418125379,0,1.25381825731294e-05,-3.61139031132866e-09,2.4650920237446e-10
gyroSystem,1.97435304821253,-0.875123467125438,0.530120941289333,0.751948031849036,0.565425842601639,1.92614286422334,-0.013014431288707,0,0.565085019308932,-0.005528354525702,0.615058017803201
input,0.999999989482747,-0.999990206550703,0.0656647295080742,0.703817904638227,0.495359642889344,1.53437605464949,-0.144918371433536,0,0.495061053592846,-0.0504790981776219,0.376053240889146
error,0.528924772988218,-0.375147133645901,0.00117723281768248,0.172513897911729,0.0297610449726984,2.78448791352029,0.248196564277833,0,0.0297431058256383,0.00127313729325532,0.00246330375996732
