signalsNamesOrdered,maxSignals,minSignals,meanSignals,standardDeviationSignals,varianceSignals,kurtosisSignals,skewnessSignals,firstMomentSignals,secondMomentSignals,thirdMomentSignals,fourthMomentSignals
compassSystem,1.49932071052088,-1.25006085006061,0.0451013777833873,0.843988283657882,0.712316222951777,1.54453343015276,-0.0377158063891564,0,0.711715619053841,-0.0226455640712956,0.782366608235059
compassFilter,1.49974194488924,-1.25016646215645,0.0447781229068608,0.843681647648655,0.71179872257915,1.5453619643248,-0.0368372337404524,0,0.711198555022169,-0.0220939470151901,0.781649312088996
fullSystem,1.49535775986222,-1.25066534250904,0.0453856931440196,0.843318347582053,0.711185835368524,1.54387217933002,-0.0379930681701618,0,0.710586184579849,-0.0227577596389645,0.779551587665819
gyroFilter,0.0166313203880586,-0.0156646357719617,0.000607570237158896,0.00935706603627796,8.75546848072665e-05,1.56253502383287,-0.0554022111716095,0,8.74808612956246e-05,-4.53311434160935e-08,1.19579259917793e-08
gyroSystem,1.97418501296547,-0.875123467125439,0.530565945333425,0.757879354283582,0.5743811156493,1.90708939781158,0.00110191035669484,0,0.573896814539983,0.000479067805492221,0.628114298825071
input,0.999995278462419,-0.99999998163242,0.0444074134666316,0.708055492518943,0.501342580486244,1.50987116610019,-0.102182268711565,0,0.500919863302023,-0.0362266287947565,0.378857944176738
error,0.545283737167995,-0.375166289989819,0.00097827967738808,0.169933778609808,0.0288774891126074,2.79557079382069,0.227553848345982,0,0.0288531404708598,0.00111525407754902,0.00232732307148836
