signalsNamesOrdered,maxSignals,minSignals,meanSignals,standardDeviationSignals,varianceSignals,kurtosisSignals,skewnessSignals,firstMomentSignals,secondMomentSignals,thirdMomentSignals,fourthMomentSignals
compassSystem,1.4823012198567,-1.22437699267511,0.0377719233331047,0.848154083917828,0.719365350066489,1.5496263292481,-0.0140658168505962,0,0.718921023105361,-0.00857406425320444,0.800920397296859
compassFilter,1.48218809630527,-1.22432827165263,0.0377364028264639,0.848123515088941,0.719313496846822,1.54977122152605,-0.0139690874271707,0,0.718869201913624,-0.00851418048385587,0.800879814140711
fullSystem,1.48174690779933,-1.22441045660777,0.0378132192716189,0.8480734108669,0.719228510219418,1.54957590102407,-0.014139229641357,0,0.718784267779505,-0.00861635517328285,0.80058966550614
gyroFilter,0.00167033007366846,-0.00156867254971377,7.68164451549652e-05,0.000920885055768958,8.48029285938597e-07,1.59705571969922,-0.0704830631396852,0,8.47505487738511e-07,-5.49918776365613e-11,1.14711010768029e-12
gyroSystem,1.97441624177303,-0.875123467125439,0.517020288934661,0.758155937466104,0.574800425515107,1.93549429912176,0.0247445678641671,0,0.574445391280694,0.0107734052873253,0.638688939670803
input,0.999993742857021,-0.999998995462229,0.0404737781590588,0.711863808884187,0.506750082399102,1.50608139925586,-0.0929329048222948,0,0.506437080495211,-0.0334932859250831,0.386277523010159
error,0.526056646534602,-0.375565055287483,-0.00266055888743995,0.171451738234299,0.0293956985435628,2.80011788899957,0.317749442195521,0,0.0293775418427947,0.00159995577049259,0.00241661364414846
