signalsNamesOrdered,maxSignals,minSignals,meanSignals,standardDeviationSignals,varianceSignals,kurtosisSignals,skewnessSignals,firstMomentSignals,secondMomentSignals,thirdMomentSignals,fourthMomentSignals
compassSystem,1.48349361218948,-1.22485311900508,0.0497322314617747,0.842786568643663,0.710289200286159,1.56183835677721,-0.0400727413438296,0,0.709841633052204,-0.0239657626927302,0.78697152694805
compassFilter,1.48339502095641,-1.22484387219807,0.0496685087368548,0.842734991032777,0.710202265111015,1.5620065883479,-0.039939049423633,0,0.709754752656628,-0.0238814222862976,0.786863644423137
fullSystem,1.48265404526659,-1.22481753565602,0.0497931516474244,0.842646823657927,0.710053669420793,1.56171573355407,-0.0402240434955087,0,0.709606250599482,-0.0240442853909904,0.786387950430722
gyroFilter,0.00275692209914613,-0.00259688917513302,0.000124642910569722,0.00154139852083869,2.37590940004371e-06,1.57570583960295,-0.0751433626506709,0,2.37441229267128e-06,-2.74931703983145e-10,8.8835675398773e-12
gyroSystem,1.97441949745578,-0.875123467125439,0.522040074667598,0.754244932228071,0.568885417791728,1.92975070250299,0.00864258483777577,0,0.568526951869994,0.00370484666472533,0.623739608696291
input,0.999993742857021,-0.99999272161906,0.0515698913984989,0.707220434556674,0.500160743054531,1.51670505759501,-0.122803019206236,0,0.499845581905789,-0.0433973120609414,0.37894209386003
error,0.529723782469934,-0.375535622853468,-0.00177673975107433,0.172437858929471,0.0297348151921801,2.77528954706232,0.272327084311371,0,0.0297160786986753,0.0013950124580007,0.0024507064828839
