signalsNamesOrdered,maxSignals,minSignals,meanSignals,standardDeviationSignals,varianceSignals,kurtosisSignals,skewnessSignals,firstMomentSignals,secondMomentSignals,thirdMomentSignals,fourthMomentSignals
compassSystem,1.50019639567513,-1.25043358660782,0.0412004807768288,0.846049894977599,0.715800424791606,1.53741707093319,-0.0279435876673408,0,0.715440726085681,-0.0169099627931402,0.78693527983997
compassFilter,1.49998983594963,-1.25044609125436,0.0410444578728412,0.845949583151895,0.715630697234865,1.53778865002372,-0.027585583709994,0,0.71527108381917,-0.0166873809493258,0.78675223917205
fullSystem,1.49775465267404,-1.25063144700553,0.0413358145726867,0.845765466585566,0.7153192244687,1.53709296197084,-0.0280322369694989,0,0.714959767571982,-0.0169465056757626,0.785711919367369
gyroFilter,0.00838329660819637,-0.00848709323190577,0.000291356699845396,0.00472365503674685,2.23129169061839e-05,1.56231715757658,-0.0467560324879711,0,2.23017043851255e-05,-4.92430261538882e-09,7.77043464269241e-10
gyroSystem,1.97442595412607,-0.875123467125439,0.532272288160057,0.759154539579595,0.576315614964306,1.89908726931961,0.00197121745096427,0,0.576026009127641,0.000861782509281011,0.630128480581341
input,0.999995569498805,-0.99999768455087,0.039747402056184,0.70893150861632,0.502583883909011,1.50324000187517,-0.0872128953024843,0,0.502331329193479,-0.0310503215390617,0.379322718023404
error,0.545697185258942,-0.375923884817589,0.00158841251650272,0.169496061446549,0.0287289148458923,2.79939149445023,0.235396806078375,0,0.0287144782052662,0.00114538623374112,0.00230815779832022
