signalsNamesOrdered,maxSignals,minSignals,meanSignals,standardDeviationSignals,varianceSignals,kurtosisSignals,skewnessSignals,firstMomentSignals,secondMomentSignals,thirdMomentSignals,fourthMomentSignals
compassSystem,1.48572804427398,-1.22680834428925,0.0439233960132965,0.842080260835324,0.709099165688487,1.56275480750174,-0.0309842953892482,0,0.708656808130353,-0.0184839834090773,0.784806824964818
compassFilter,1.48563679534303,-1.22679392497135,0.0439027081540422,0.842047662868251,0.709044266541884,1.56283695630366,-0.0309207390158577,0,0.708601943231502,-0.0184439261077325,0.784726556941098
fullSystem,1.48527105578473,-1.22678422542616,0.0439586606569438,0.842014901155359,0.708989093767669,1.5627004636874,-0.0310446625889937,0,0.708546804875737,-0.0185156839897713,0.78453591347205
gyroFilter,0.00138706650791803,-0.0013014887300592,5.59525029015327e-05,0.00076630904160083,5.87229547239183e-07,1.58381272318478,-0.0651828577825419,0,5.868632156439e-07,-2.93047978957714e-11,5.45478459544791e-13
gyroSystem,1.97416250432092,-0.875123467125439,0.510730380732219,0.747629252871572,0.558949499749306,1.92847265342049,-0.0103219418868621,0,0.558600810105045,-0.00430936967723006,0.601750704162702
input,0.999997156591383,-0.99999802843157,0.0455171233520945,0.707832928330834,0.501027454429403,1.51728672649098,-0.112322278195734,0,0.500714898313103,-0.0397971226907184,0.380407162798298
error,0.529037647640687,-0.375421935254853,-0.00155846269515069,0.171633125817912,0.0294579298780273,2.83993369134452,0.31000401946049,0,0.0294395531282594,0.00156590043590206,0.00246133443016335
