signalsNamesOrdered,maxSignals,minSignals,meanSignals,standardDeviationSignals,varianceSignals,kurtosisSignals,skewnessSignals,firstMomentSignals,secondMomentSignals,thirdMomentSignals,fourthMomentSignals
compassSystem,1.48140546924306,-1.22530524338483,0.0431631516383504,0.848046597625987,0.719183031745013,1.54347570576274,-0.0235554831255022,0,0.718735500300243,-0.0143530983474805,0.797329790446747
compassFilter,1.481231481626,-1.22529442318331,0.0430896929243193,0.847978449205806,0.719067450317483,1.54380234379705,-0.0233528231758909,0,0.718619990796439,-0.0142261810836566,0.797242210602985
fullSystem,1.48034087886657,-1.225261629686,0.0432486600520203,0.847882972943129,0.718905535806878,1.54341104532961,-0.0236942622072564,0,0.718458177041597,-0.0144293054904683,0.796681235042567
gyroFilter,0.00324576488052947,-0.00306359320890372,0.000158967127700954,0.00179747452045577,3.2309146516877e-06,1.59155841497065,-0.0820551409036571,0,3.22890412607993e-06,-4.76089409195804e-10,1.65933045069722e-11
gyroSystem,1.97438640939291,-0.875123467125439,0.517727113667651,0.756726552433324,0.572635075157625,1.92913447959782,0.0146759935942507,0,0.572278737214154,0.00635358623436507,0.631797238932478
input,0.999999352616296,-0.999996398332183,0.0462274540163673,0.712195535137318,0.507222480269531,1.49541636452114,-0.106873007393036,0,0.506906847114416,-0.0385709438937375,0.384254041477812
error,0.52539472736587,-0.375409320495524,-0.00297879396434706,0.173312706083372,0.0300372940899414,2.79526295998154,0.315117199165695,0,0.0300186025565936,0.00163892022246859,0.00251885757354284
