signalsNamesOrdered,maxSignals,minSignals,meanSignals,standardDeviationSignals,varianceSignals,kurtosisSignals,skewnessSignals,firstMomentSignals,secondMomentSignals,thirdMomentSignals,fourthMomentSignals
compassSystem,1.49939681442127,-1.24997935099903,0.0485540400600194,0.844966666430587,0.713968667378819,1.54089284912866,-0.0426465267178263,0,0.713382004546133,-0.0256960809183795,0.784181765310057
compassFilter,1.4997940264874,-1.25016286604221,0.0482225115528912,0.844641090539029,0.71341857182696,1.54166667240069,-0.0419278513117962,0,0.712832361003766,-0.0252338616596337,0.783367047542196
fullSystem,1.49562732606824,-1.25121808014476,0.0487906728167387,0.844292698006871,0.712830159907722,1.54023829708529,-0.0428996086140391,0,0.712244432578299,-0.0257867686981515,0.781350769114113
gyroFilter,0.0160002309629412,-0.015081454373058,0.000568161263847442,0.00900964476191895,8.11736987359736e-05,1.56411290334349,-0.0577074938315433,0,8.11069989013508e-05,-4.21521481443868e-08,1.02892747206814e-08
gyroSystem,1.97416250432093,-0.875123467125439,0.532780474174983,0.756081356454576,0.571659017578191,1.90632171942565,-0.00664258640182394,0,0.571189289544026,-0.00286752554258537,0.62195119503802
input,0.999999528502605,-0.99999811917294,0.0473839553932874,0.708829663670395,0.502439492099085,1.50548711408251,-0.1063708042162,0,0.5020266412428,-0.0378366423357993,0.379429044245706
error,0.54591116377039,-0.375303750945013,0.00140671742345119,0.170544607638772,0.0290854631946628,2.77760302266806,0.218288710440273,0,0.0290615638822596,0.0010814582224842,0.00234589267096546
