signalsNamesOrdered,maxSignals,minSignals,meanSignals,standardDeviationSignals,varianceSignals,kurtosisSignals,skewnessSignals,firstMomentSignals,secondMomentSignals,thirdMomentSignals,fourthMomentSignals
compassSystem,1.48383424857561,-1.22547908573027,0.0580670002787341,0.84522628935893,0.714407480223466,1.5598016253667,-0.0561797524494369,0,0.713966487951723,-0.0338919504115974,0.795105986530739
compassFilter,1.48371694601202,-1.22547557558249,0.0580056627510984,0.845190475626553,0.714346940089839,1.55989011721532,-0.05610119033368,0,0.713905985188549,-0.0338402537183211,0.795016335820373
fullSystem,1.48325552114419,-1.22545388050699,0.0581020285908003,0.845136975368275,0.714256507134637,1.55973382043623,-0.0562610910342866,0,0.713815608056159,-0.0339302617291826,0.794735419597402
gyroFilter,0.00173922430704226,-0.00164089948021743,9.63658397018243e-05,0.000963779130077642,9.28870211573217e-07,1.60088501981756,-0.111448232394693,0,9.28296834899406e-07,-9.96789579875647e-11,1.3795386744594e-12
gyroSystem,1.97441306795077,-0.875123467125439,0.519346414636042,0.751409376553046,0.564616051171837,1.92343829337643,-0.0360392985473782,0,0.564267522745187,-0.0152757981559649,0.612418592646781
input,0.999998665889184,-0.999990206550703,0.0592071434142513,0.709478900398594,0.503360310110798,1.52155108010812,-0.138452498840028,0,0.503049593869989,-0.0493988686330487,0.385042033333496
error,0.527406537025178,-0.375568040543551,-0.001105114823451,0.173389594227752,0.0300639513864644,2.79736369413553,0.293279607984327,0,0.0300453933917814,0.00152738566108689,0.00252525199842514
