signalsNamesOrdered,maxSignals,minSignals,meanSignals,standardDeviationSignals,varianceSignals,kurtosisSignals,skewnessSignals,firstMomentSignals,secondMomentSignals,thirdMomentSignals,fourthMomentSignals
compassSystem,1.48519803101943,-1.22482896454171,0.0733180841017229,0.835935084365223,0.698787465272693,1.57171916417585,-0.0766826349892789,0,0.698334001635267,-0.044749873306978,0.766480878651888
compassFilter,1.48515814479736,-1.22480520949222,0.0732718434652482,0.835880633118189,0.698696432822065,1.57189263541894,-0.0765950988185251,0,0.69824302825826,-0.0446900553916314,0.766365764390712
fullSystem,1.48458320737145,-1.2247888956256,0.0733618828550062,0.835824177553429,0.698602055782866,1.57165418691756,-0.0767856141825758,0,0.698148712463085,-0.0447921361463048,0.766042520733835
gyroFilter,0.00213961808431296,-0.0020206026164175,9.00393897579109e-05,0.00120181033619441,1.44434808418373e-06,1.56725101785547,-0.0759427462166897,0,1.44341080444059e-06,-1.31695587983936e-10,3.26526523316197e-12
gyroSystem,1.9744090444782,-0.875123467125438,0.535230255167654,0.746509365316979,0.557276232505959,1.94176648957202,-0.0211504709851379,0,0.556914599649044,-0.00879028482822837,0.602246393905752
input,0.999993742857021,-0.999999828364046,0.0718873589454956,0.701913812470054,0.492683000136246,1.53463737368805,-0.155147734213643,0,0.492363283718247,-0.0536011276883232,0.372029252389217
error,0.530115476852813,-0.375290618137634,0.00147452390951063,0.171080300080772,0.029268469075727,2.73622830834493,0.224662214781605,0,0.029249475909552,0.00112384694458934,0.0023409304419894
