signalsNamesOrdered,maxSignals,minSignals,meanSignals,standardDeviationSignals,varianceSignals,kurtosisSignals,skewnessSignals,firstMomentSignals,secondMomentSignals,thirdMomentSignals,fourthMomentSignals
compassSystem,1.48425431387395,-1.22493302836181,0.0481914535318835,0.835482263765301,0.698030613066392,1.56572096948118,-0.0356145948662314,0,0.697609096995699,-0.0207513431129156,0.76197134360226
compassFilter,1.48402827136478,-1.22473261207395,0.0479430398642268,0.835334307135065,0.69778340467682,1.5658850256277,-0.0350379267786668,0,0.697362037886556,-0.0204044951496412,0.761511515787104
fullSystem,1.48201734447954,-1.22517118878348,0.0483521194894977,0.835097511827054,0.697387854259736,1.56538520441832,-0.0359222541790643,0,0.69696672632842,-0.0209017018806255,0.760405614464574
gyroFilter,0.0073550470996418,-0.00692567699334268,0.000409079625270833,0.00414735357885956,1.72005417080792e-05,1.5633903740169,-0.10012581254803,0,1.71901549075309e-05,-7.13617906375136e-09,4.61984084517857e-10
gyroSystem,1.97439593962583,-0.875123467125439,0.513481898012774,0.74534674893981,0.555541776155145,1.9548327949274,0.026401528379781,0,0.555206304068094,0.0109222132543868,0.602585106711294
input,0.999998812422204,-0.999997271359447,0.0516191947059374,0.702019388608331,0.492831221982014,1.53200862075483,-0.120263960046539,0,0.492533618587098,-0.0415708896670737,0.371648999155227
error,0.529903351597845,-0.374959446194206,-0.00326707521643975,0.170154978671868,0.0289527167668238,2.73881087738463,0.263245396615424,0,0.0289352332422061,0.00129569047642964,0.00229306317021776
