signalsNamesOrdered,maxSignals,minSignals,meanSignals,standardDeviationSignals,varianceSignals,kurtosisSignals,skewnessSignals,firstMomentSignals,secondMomentSignals,thirdMomentSignals,fourthMomentSignals
compassSystem,1.48320705469251,-1.22608922877184,0.0647673518854595,0.844703266032299,0.713523607645633,1.56297020889043,-0.0621407199263867,0,0.713077376496386,-0.0374180600319371,0.794738067869445
compassFilter,1.48305310004247,-1.22608142564342,0.0647101814928428,0.844652986979318,0.713438668413084,1.56312721042162,-0.0620850125583962,0,0.712992490384058,-0.0373778405283053,0.794628677843344
fullSystem,1.48246446930386,-1.22605233780309,0.0648124326788001,0.844586076600857,0.71332564078803,1.56289704220367,-0.0622661370037571,0,0.712879533445448,-0.0374779771893958,0.79425994638122
gyroFilter,0.00221747874383132,-0.00209292881148475,0.000102251185957203,0.00123382928879351,1.5223347138847e-06,1.59063656470982,-0.0826263430156149,0,1.52138265965463e-06,-1.5505159015143e-10,3.68169565937112e-12
gyroSystem,1.97424989439035,-0.875123467125439,0.525283007909675,0.750292975963911,0.562939549780782,1.95654693749821,-0.0235406148330065,0,0.562587492526385,-0.00993351405412074,0.619256275558918
input,0.999998491511686,-0.999997048276727,0.0643178102356562,0.708858252572987,0.502480022240829,1.52358586556363,-0.144144832995252,0,0.502165775822917,-0.0512943753661532,0.384203358331562
error,0.526934959846505,-0.37561548490278,0.000494622443143851,0.173080990479268,0.0299570292652843,2.78019622987156,0.266910353065407,0,0.0299382944127107,0.0013826300836268,0.00249189397423396
