signalsNamesOrdered,maxSignals,minSignals,meanSignals,standardDeviationSignals,varianceSignals,kurtosisSignals,skewnessSignals,firstMomentSignals,secondMomentSignals,thirdMomentSignals,fourthMomentSignals
compassSystem,1.48321115624262,-1.22499161305677,0.0666356575043262,0.841678149512765,0.708422107367233,1.55774496830689,-0.0625433682092239,0,0.707976278476505,-0.0372571238642702,0.78078915051919
compassFilter,1.48315590686486,-1.22498580197489,0.0665466012655398,0.841629026047222,0.708339417485195,1.55784354339877,-0.0623206899004409,0,0.707893640633411,-0.0371179744677803,0.780656284747488
fullSystem,1.48243680008424,-1.2249830542612,0.0667006345835846,0.8415524353152,0.708210501384944,1.55764253446617,-0.0626460025442995,0,0.707764805663493,-0.0373015439795923,0.78027146379718
gyroFilter,0.00267422727423339,-0.00252268762310553,0.000154033318044859,0.0014891441810252,2.2175503918812e-06,1.59054683464972,-0.097828370484234,0,2.21615482838725e-06,-3.22749046040547e-10,7.81171982728514e-12
gyroSystem,1.97437048544865,-0.875123467125438,0.533393105649876,0.75915551983538,0.576317103296527,1.93590077737678,0.00503670158114018,0,0.575954411601563,0.00220154914138155,0.642183751020744
input,0.999999641433123,-0.999999358880581,0.0664671596052721,0.707307219922923,0.500283503355094,1.52652733269299,-0.141148044190096,0,0.499968661628628,-0.0498986780015456,0.381583995791979
error,0.528387115802237,-0.37552718670741,0.000233474978312494,0.170760057068544,0.0291589970900523,2.68611607007475,0.211169790509153,0,0.0291406465569559,0.00105046252636505,0.00228098874287102
