signalsNamesOrdered,maxSignals,minSignals,meanSignals,standardDeviationSignals,varianceSignals,kurtosisSignals,skewnessSignals,firstMomentSignals,secondMomentSignals,thirdMomentSignals,fourthMomentSignals
compassSystem,1.48021771309595,-1.22560081557662,0.0446677918598777,0.84055755167794,0.706536997682813,1.54780272816971,-0.033405584105613,0,0.706106444972464,-0.0198209439398667,0.771713253371543
compassFilter,1.4802210198127,-1.22557333233197,0.0446160432919049,0.840489359347235,0.706422363175925,1.54804226300823,-0.0333370781109407,0,0.70599188032207,-0.0197754826525657,0.77158224522514
fullSystem,1.47924969817988,-1.22567482248139,0.0447657906622162,0.840392861202209,0.706260161159636,1.54769633300347,-0.0335810447410284,0,0.705829777149179,-0.0199133426911359,0.771055618248489
gyroFilter,0.00355885346670831,-0.00334831655398006,0.00014974737031145,0.00198868057263229,3.95485041996509e-06,1.57054449890376,-0.0676060350520663,0,3.95244039533379e-06,-5.31231060934334e-10,2.45347086183562e-11
gyroSystem,1.97442986443987,-0.875123467125439,0.516692127706453,0.756974721782431,0.573010729417589,1.91914224989354,0.0247853824262723,0,0.572661545548352,0.0107409490329274,0.629365900201213
input,0.999995624569202,-0.999990206550703,0.0470574498071915,0.706910118902375,0.49972191620657,1.51095268103664,-0.103811747348943,0,0.499417393405713,-0.0366388637282293,0.376858392126871
error,0.524821243373296,-0.375355187441812,-0.00229165914497523,0.169430043733936,0.0287065397196835,2.66221259509428,0.202547549183604,0,0.0286890463987086,0.000984240342046919,0.00219116438106981
