signalsNamesOrdered,maxSignals,minSignals,meanSignals,standardDeviationSignals,varianceSignals,kurtosisSignals,skewnessSignals,firstMomentSignals,secondMomentSignals,thirdMomentSignals,fourthMomentSignals
compassSystem,1.48357675959653,-1.22571257714749,0.0367637373607181,0.841291532333311,0.707771442375731,1.55772273362884,-0.0257941402512794,0,0.707327976559706,-0.0153444847767287,0.77934872595575
compassFilter,1.48346851282062,-1.22567120732263,0.0367226948631703,0.841259980377876,0.707718354585384,1.55790372291806,-0.025674940820251,0,0.707274922032385,-0.0152718567066878,0.779322354856222
fullSystem,1.48304327952672,-1.22573907905074,0.0368003923287092,0.841215764435534,0.70764396233486,1.55768811250373,-0.025850557861922,0,0.707200576393547,-0.0153738920993781,0.77905069175998
gyroFilter,0.00161349917319359,-0.00151194472836868,7.76974655388902e-05,0.000892140787483723,7.95915184692078e-07,1.58179091310895,-0.0815459757728815,0,7.95416490967334e-07,-5.78488087195943e-11,1.00077917083037e-12
gyroSystem,1.97435287829028,-0.875123467125439,0.511080989297646,0.74667067426354,0.55751709580517,1.93658857849799,-0.000519534304363685,0,0.55716777431657,-0.000216069373796394,0.60118667394726
input,0.999999971796699,-0.999990206550703,0.0410689480741187,0.707358706567982,0.500356339757529,1.51304583610254,-0.103146549079753,0,0.500042833278984,-0.0364724983634175,0.378326270516019
error,0.52724762329472,-0.375561718473351,-0.00426855574540949,0.170001432466375,0.0289004870406195,2.79913888005722,0.29700135638314,0,0.0288823789660326,0.00145783333225344,0.0023350187420573
