signalsNamesOrdered,maxSignals,minSignals,meanSignals,standardDeviationSignals,varianceSignals,kurtosisSignals,skewnessSignals,firstMomentSignals,secondMomentSignals,thirdMomentSignals,fourthMomentSignals
compassSystem,1.48240403343623,-1.22541910079083,0.066657687402755,0.845686385288482,0.715185462262298,1.55022981199289,-0.0801996396106478,0,0.714742897000997,-0.048461537538504,0.791946384819937
compassFilter,1.4822436721523,-1.22541664377245,0.0665794655961957,0.845649586433176,0.715123223034601,1.55026314896237,-0.0800194215537048,0,0.714680696287674,-0.0483463270264315,0.791825579551831
fullSystem,1.48162991669334,-1.22538718353888,0.066702171928458,0.845567995229944,0.714985234557186,1.55015107738152,-0.0802876918057185,0,0.714542793199168,-0.0484943717697572,0.791462810925638
gyroFilter,0.00231315235305429,-0.00218527622432253,0.000122706332262461,0.00128157046661486,1.64242286089942e-06,1.59888024913943,-0.0890290316038073,0,1.64140651011916e-06,-1.87221567412442e-10,4.30772768040254e-12
gyroSystem,1.97434838143499,-0.875123467125438,0.530585409935779,0.758008610575893,0.574577053707196,1.93083184015141,-0.0243097936531824,0,0.574221498599704,-0.0105779240602799,0.636653818773571
input,0.999999870675519,-0.999999816632669,0.0661351765389707,0.710814824590808,0.505257714858061,1.52191133087973,-0.158567917000774,0,0.504945055381045,-0.0568959701180402,0.388040984705578
error,0.526236344000228,-0.375616442819647,0.000566995389487349,0.171459915536035,0.0293985026356243,2.70210871954515,0.213507320720702,0,0.0293803104929042,0.00107522002062994,0.00233246739286876
