signalsNamesOrdered,maxSignals,minSignals,meanSignals,standardDeviationSignals,varianceSignals,kurtosisSignals,skewnessSignals,firstMomentSignals,secondMomentSignals,thirdMomentSignals,fourthMomentSignals
compassSystem,1.48599666824713,-1.22525289371844,0.0500564364533551,0.838001614572893,0.702246706026776,1.56924640083043,-0.033686924282097,0,0.701814819983709,-0.0198059264810577,0.772922964450872
compassFilter,1.48575576617521,-1.22507804270889,0.049842846300767,0.837847295318118,0.701988090271885,1.56950741830113,-0.0332420343118706,0,0.701556363279098,-0.0195335620136437,0.772482249930003
fullSystem,1.48414231493181,-1.22542752448214,0.0501703723725311,0.837696640333157,0.701735661225458,1.56890929207179,-0.0340158455887473,0,0.701304089478087,-0.0199774857011121,0.77163261861958
gyroFilter,0.00602124139020849,-0.00565631404453493,0.000327526071763939,0.00336972397516016,1.13550396687692e-05,1.56772022586716,-0.0972565074036571,0,1.13480562495387e-05,-3.71792726445991e-09,2.01888471987971e-10
gyroSystem,1.97437494859079,-0.875123467125438,0.5205756067518,0.748513966293618,0.560273157736603,1.94251971856422,0.00920354293466312,0,0.559928586298881,0.00385615074552053,0.609018824423116
input,0.999999513541144,-0.999999561103954,0.0533582779462342,0.703805164277027,0.495341709263013,1.52425968313774,-0.122451547799484,0,0.495037071065434,-0.0426501794448434,0.373537671826706
error,0.532346121755079,-0.375170820496575,-0.0031879055737031,0.171272127303418,0.0293341415910382,2.8337996646156,0.314670869768912,0,0.0293161009135529,0.0015794862607177,0.0024354631370452
