signalsNamesOrdered,maxSignals,minSignals,meanSignals,standardDeviationSignals,varianceSignals,kurtosisSignals,skewnessSignals,firstMomentSignals,secondMomentSignals,thirdMomentSignals,fourthMomentSignals
compassSystem,1.47940038530873,-1.22390437087402,0.0492691527298177,0.845496757241488,0.714864766505872,1.54246855966556,-0.0496891324827714,0,0.714426199164457,-0.0300052654475466,0.787283347528666
compassFilter,1.47940339155226,-1.22390733761855,0.0491769778359141,0.845381638418508,0.714670114575161,1.54283973524866,-0.0494628841239505,0,0.714231666652109,-0.0298564445210193,0.787044010683308
fullSystem,1.47818351000135,-1.22398566217267,0.0493872834355831,0.845271870797007,0.714484535560672,1.54239702096942,-0.049879665955141,0,0.714046201489776,-0.0300962929892999,0.78640959575989
gyroFilter,0.00446264133208785,-0.00419492601527027,0.000210305599669105,0.00247884600419666,6.14467751252175e-06,1.58582690787727,-0.0827585809717596,0,6.14090777171652e-06,-1.25939480568008e-09,5.98027193080489e-11
gyroSystem,1.97440355331278,-0.875123467125439,0.522521581076033,0.74766870893665,0.559008498322998,1.90723359574703,-0.00991675606029376,0,0.558665548324026,-0.00414092596197367,0.595261327557484
input,0.999993742857021,-0.999999726603256,0.0519858530611217,0.710423041895665,0.504700898456289,1.50348287654287,-0.123478791835529,0,0.504391266003248,-0.0442327263074179,0.382501904364678
error,0.524116525848839,-0.375326224802494,-0.00259856962553856,0.170781464281518,0.0291663085421395,2.74070584707771,0.255249036584143,0,0.0291484151013161,0.00127024218032808,0.00232858619092234
