signalsNamesOrdered,maxSignals,minSignals,meanSignals,standardDeviationSignals,varianceSignals,kurtosisSignals,skewnessSignals,firstMomentSignals,secondMomentSignals,thirdMomentSignals,fourthMomentSignals
compassSystem,1.48378322478814,-1.22435434187342,0.05292116790839,0.847767061206348,0.718708990066448,1.54082196482756,-0.0548639779593646,0,0.718261196303167,-0.0333972648057501,0.794908735969555
compassFilter,1.48378816142817,-1.22434682657929,0.0528614518047886,0.847732168853982,0.718649830109876,1.54090602154753,-0.0547564266528497,0,0.718202073206381,-0.0333276798291067,0.794821234451227
fullSystem,1.48341586758617,-1.22432988404976,0.0529431741706164,0.847694649539702,0.718586218858238,1.5407708931443,-0.0549161968128586,0,0.718138501587921,-0.0334204866544651,0.794610844746656
gyroFilter,0.00138538391415288,-0.0013077592542963,8.17223658276902e-05,0.000754421807876373,5.69152264199455e-07,1.60947252935685,-0.114346418215634,0,5.68797652196839e-07,-4.90522867033002e-11,5.20713885339984e-13
gyroSystem,1.97442842155388,-0.875123467125438,0.521511410661279,0.759707310146888,0.57715519709062,1.91711751989616,0.00194877488114051,0,0.576795598836981,0.000853678964230296,0.637811891225844
input,0.999999995736307,-0.999997082040859,0.0562753046532175,0.713302714930892,0.508800763127782,1.50603965112673,-0.132595312591905,0,0.508483753306519,-0.048077712194506,0.3893951774552
error,0.527848657456671,-0.375424220341926,-0.00333213048260116,0.170634570357056,0.029116156600937,2.70406061675445,0.23866315030944,0,0.0290980156933975,0.00118462373422345,0.00228951329863448
