signalsNamesOrdered,maxSignals,minSignals,meanSignals,standardDeviationSignals,varianceSignals,kurtosisSignals,skewnessSignals,firstMomentSignals,secondMomentSignals,thirdMomentSignals,fourthMomentSignals
compassSystem,1.48528597616579,-1.22594753924406,0.0547301486842658,0.839974625411733,0.705557371335582,1.56004367432044,-0.0403288725386279,0,0.705119952010513,-0.0238786948778802,0.775644583504847
compassFilter,1.48524683253511,-1.22593459160939,0.0546678761650127,0.839942685387407,0.705503714735809,1.56015354035255,-0.0402112655683879,0,0.705066328675837,-0.0238063439655857,0.775581231172604
fullSystem,1.48467467897115,-1.22591470579908,0.0547756673387992,0.839875011218615,0.705390034469469,1.55994000359505,-0.0404203125739048,0,0.704952718887032,-0.0239243227410479,0.775225188237739
gyroFilter,0.00213701164059243,-0.00200980003076686,0.000107791173786712,0.0011904542102173,1.41718122662408e-06,1.58737189859308,-0.0943319660510089,0,1.41630262697956e-06,-1.58998481648444e-10,3.18413013546857e-12
gyroSystem,1.97438837348846,-0.875123467125438,0.523581919512391,0.75173881537976,0.565111246548565,1.93430395779483,-0.00741144468018278,0,0.564760898596583,-0.00314557324466913,0.61695567239644
input,0.999997931608695,-0.999998234288224,0.0563925174677835,0.705621482181723,0.497901676116332,1.52323981626756,-0.119121160831179,0,0.497592995597971,-0.0418119386482272,0.377152334272906
error,0.530190373248058,-0.375295706321987,-0.00161685012898416,0.17096352892414,0.0292285282221951,2.71012024926845,0.244895138363833,0,0.0292104076219334,0.00122260618872822,0.00231240444785846
