signalsNamesOrdered,maxSignals,minSignals,meanSignals,standardDeviationSignals,varianceSignals,kurtosisSignals,skewnessSignals,firstMomentSignals,secondMomentSignals,thirdMomentSignals,fourthMomentSignals
compassSystem,1.48364210048748,-1.2246983733408,0.0453795071932648,0.845305352662162,0.714541139239302,1.55351906701265,-0.0247354926721574,0,0.714086307196501,-0.014926109490186,0.792169283920891
compassFilter,1.48361501890856,-1.2246691467785,0.0453376433933958,0.845254437397023,0.714455063939357,1.55367335501012,-0.0246908237504171,0,0.714000286686691,-0.014896462875243,0.792057097747016
fullSystem,1.48295672314543,-1.22465427644945,0.0454370095961934,0.845183007104323,0.714334315497907,1.55343920146907,-0.0248722995029815,0,0.713879615106119,-0.0150021467680058,0.791670062509418
gyroFilter,0.0024357421204026,-0.00229767027988107,9.93662027977544e-05,0.00135700059788032,1.84145062264755e-06,1.58256256980822,-0.0628985355991246,0,1.84027847075535e-06,-1.57023933511695e-10,5.35954572547473e-12
gyroSystem,1.97441882939003,-0.875123467125439,0.510834988945621,0.749609940584655,0.56191506302333,1.93963185135565,0.0241757657847158,0,0.561557383161444,0.0101735248894301,0.61165649303316
input,0.999998928003661,-0.999997635238076,0.0484060852615734,0.709310991391764,0.503122082509167,1.50978962481224,-0.103253342670565,0,0.502801826568678,-0.0368128456791044,0.38168942708598
error,0.528422344339111,-0.375588339968728,-0.00296907566537995,0.172926776415832,0.0299036700015712,2.78923179147746,0.278231587205624,0,0.0298846352020795,0.00143740241928117,0.00249103898459907
