signalsNamesOrdered,maxSignals,minSignals,meanSignals,standardDeviationSignals,varianceSignals,kurtosisSignals,skewnessSignals,firstMomentSignals,secondMomentSignals,thirdMomentSignals,fourthMomentSignals
compassSystem,1.48531581333468,-1.22614149135619,0.0567616466829039,0.838940963886355,0.703821940886566,1.56359974489835,-0.0469574950030095,0,0.703378448800311,-0.0277005573479308,0.773577280152045
compassFilter,1.48527690819791,-1.22614639747215,0.0566953099824841,0.838889863455723,0.703736203008761,1.56373914774858,-0.0467778079358154,0,0.703292764947634,-0.0275895165806975,0.773457772561459
fullSystem,1.48470567747507,-1.22616565900891,0.056807478955373,0.838834359301099,0.703643082344086,1.56351104254841,-0.0470492748800791,0,0.703199702960126,-0.0277441198846388,0.773140297505059
gyroFilter,0.00213123467100973,-0.0020063151751071,0.000112168972888966,0.00118745943548051,1.41005991091168e-06,1.57785389295553,-0.0878589318378297,0,1.40917140435156e-06,-1.46971000774048e-10,3.13324553180101e-12
gyroSystem,1.97442867007438,-0.875123467125439,0.52396691461444,0.747190696963792,0.558293937629237,1.94665719493364,-0.00449870494665876,0,0.557942145608046,-0.00187487044343849,0.605993290461151
input,0.999998324533202,-0.999999580904035,0.0586230213212346,0.705208366549113,0.497318840250869,1.52561587558467,-0.128912368691549,0,0.497005469841133,-0.0451685699650561,0.37684914666515
error,0.53021601783677,-0.375297377815011,-0.00181554236586165,0.170526361478486,0.0290792399590913,2.74197433797362,0.26456736104451,0,0.0290609165564705,0.00131069072626864,0.00231569842803461
