signalsNamesOrdered,maxSignals,minSignals,meanSignals,standardDeviationSignals,varianceSignals,kurtosisSignals,skewnessSignals,firstMomentSignals,secondMomentSignals,thirdMomentSignals,fourthMomentSignals
compassSystem,1.50013987898437,-1.25042941341812,0.0473455812735013,0.846769982802227,0.717019403774883,1.53920545084999,-0.0388723699911119,0,0.716571826119593,-0.023579283974478,0.790343798992685
compassFilter,1.50009184242032,-1.25043195659654,0.0471372058136923,0.846637579401249,0.716795190854406,1.53963857408577,-0.0384151208095143,0,0.716347753157243,-0.0232909958440829,0.790071852127299
fullSystem,1.49788208140348,-1.2515346817246,0.0475140590963637,0.84642987119073,0.716443526843956,1.53883490788271,-0.0389858410314909,0,0.715996308662406,-0.0236196295861692,0.78888481428219
gyroFilter,0.0103417018195718,-0.00973115558971827,0.000376853282671401,0.00580000790138268,3.36400916561015e-05,1.56682144154212,-0.054543342396158,0,3.36190928473274e-05,-1.06321411531432e-08,1.77088959935638e-09
gyroSystem,1.97437130800157,-0.875123467125438,0.536021570756826,0.759129036744109,0.576276894428038,1.90068494452898,-0.00621709721514685,0,0.575917171023277,-0.00271723812371584,0.630420299774999
input,0.999998395075725,-0.999998040159921,0.04558816611075,0.70961418626093,0.503552293342761,1.50441315199802,-0.0993171466918492,0,0.503237966068515,-0.0354555585719015,0.380990299644452
error,0.545837934451392,-0.375777642744172,0.00192589298561358,0.170106042137362,0.0289360655716379,2.7989970193941,0.233825081025271,0,0.0289180031087342,0.00114985623271511,0.00234066378719276
