signalsNamesOrdered,maxSignals,minSignals,meanSignals,standardDeviationSignals,varianceSignals,kurtosisSignals,skewnessSignals,firstMomentSignals,secondMomentSignals,thirdMomentSignals,fourthMomentSignals
compassSystem,1.48216288611858,-1.22381536529506,0.0743156517206233,0.847583215105131,0.71839730652795,1.53728129483561,-0.0860067116169688,0,0.717958724533733,-0.0523216654063739,0.792414287782646
compassFilter,1.48215699118928,-1.22376863394409,0.074177632028157,0.847447983999671,0.718168085585107,1.53765426711125,-0.0857259566360997,0,0.717729643530415,-0.052125911919027,0.792100824366654
fullSystem,1.48062017366087,-1.22394262308719,0.0744578157997668,0.847296265159435,0.717910960953128,1.53719884427445,-0.0862826129213961,0,0.717472675873181,-0.0524362152614263,0.791299299918749
gyroFilter,0.00561175134865749,-0.00527601722777385,0.000280183771609734,0.00310603952594414,9.64748153672727e-06,1.59279062358598,-0.0787033623035704,0,9.64159174335931e-06,-2.3562230134459e-09,1.48066280421115e-10
gyroSystem,1.97442813065992,-0.875123467125438,0.542175503712473,0.759013933629826,0.576102151444222,1.89275478877337,-0.0291128247817947,0,0.575750440729055,-0.0127184962177769,0.627426578290572
input,0.999999443669456,-0.999991677180474,0.072094409402295,0.712559667755884,0.507741280112375,1.50687536349517,-0.160774130974039,0,0.50743130375089,-0.0581141719680635,0.388000105514784
error,0.526528994783604,-0.375203774576622,0.00236340639747179,0.171317330962233,0.0293496278880232,2.68486643740474,0.197456022499754,0,0.0293317099222795,0.000991919564920434,0.00230992271022745
