signalsNamesOrdered,maxSignals,minSignals,meanSignals,standardDeviationSignals,varianceSignals,kurtosisSignals,skewnessSignals,firstMomentSignals,secondMomentSignals,thirdMomentSignals,fourthMomentSignals
compassSystem,1.484824077522,-1.22521882394072,0.0521115513384044,0.841251412558467,0.707703939131616,1.55921479633932,-0.0589432443852632,0,0.707260515610857,-0.0350592932310531,0.779946429067106
compassFilter,1.48482217174637,-1.22521935036131,0.0520788822165345,0.841232672399921,0.707672409113113,1.55930228507853,-0.0588586854352097,0,0.707229005348004,-0.0350066581962618,0.779920692896696
fullSystem,1.48446438927369,-1.22520003070525,0.0521435549737779,0.841188341384986,0.707597825682024,1.55916780835044,-0.0590009159528423,0,0.707154468648388,-0.0350857035054188,0.779689058395949
gyroFilter,0.00132520557837584,-0.00126016000599407,6.46727572433623e-05,0.000737964740457783,5.44591958158923e-07,1.57319848877339,-0.0774710675943934,0,5.44250735127495e-07,-3.11055637863497e-11,4.65995335140189e-13
gyroSystem,1.9744291903555,-0.875123467125438,0.520265045344751,0.749056725952298,0.561085978694376,1.93458814685196,-0.0236211548886623,0,0.560734421063615,-0.00991829341446888,0.608279184878504
input,0.999993742857021,-0.999999569430547,0.0537770429533428,0.705839507385955,0.498209410186847,1.52280713114869,-0.137057346248965,0,0.497897248902269,-0.048151731487468,0.377506431606935
error,0.52907896240797,-0.375438120487318,-0.00163348797956508,0.171062796125918,0.0292624802184175,2.75142409570263,0.259832526821195,0,0.0292441453310626,0.0012994270914212,0.00235307301457514
