signalsNamesOrdered,maxSignals,minSignals,meanSignals,standardDeviationSignals,varianceSignals,kurtosisSignals,skewnessSignals,firstMomentSignals,secondMomentSignals,thirdMomentSignals,fourthMomentSignals
compassSystem,1.50020309701397,-1.2504841932974,0.0422666599139201,0.850970743594975,0.724151206454585,1.53275890224958,-0.0239628746301361,0,0.723718360545168,-0.0147534402324866,0.802810471492631
compassFilter,1.5000500107164,-1.25040075856642,0.0421101986689932,0.850843794527064,0.723935162685212,1.53318329370744,-0.0236354307030059,0,0.723502445911342,-0.0145453282386395,0.802553671056741
fullSystem,1.49774995869271,-1.25136905620088,0.0424653361997972,0.850706345462925,0.723701286210886,1.53229541501026,-0.0240952774771542,0,0.72326870923168,-0.0148211344454694,0.801570739453386
gyroFilter,0.00976135783092902,-0.00920636348223486,0.000355137530804118,0.0054681811653494,2.99010052570819e-05,1.56356246104521,-0.0468014692270943,0,2.9883132570138e-05,-7.64537283663037e-09,1.39626379849572e-09
gyroSystem,1.97441911629304,-0.875123467125438,0.525862558407747,0.760766180312024,0.578765181106547,1.89251880345767,-0.000161922315206949,0,0.578419236587057,-7.12312879103846e-05,0.633177770133626
input,0.999999972977875,-0.999998911964309,0.0406525480474876,0.712752472307489,0.508016086780438,1.49470778305917,-0.0860963529280253,0,0.507712431020258,-0.031146657728519,0.385293684035953
error,0.545464958528616,-0.375806183535684,0.00181278815230964,0.171766698423688,0.0295037986873742,2.82248540788078,0.254870265404409,0,0.0294861634221696,0.00129046602040867,0.00245396430777332
