signalsNamesOrdered,maxSignals,minSignals,meanSignals,standardDeviationSignals,varianceSignals,kurtosisSignals,skewnessSignals,firstMomentSignals,secondMomentSignals,thirdMomentSignals,fourthMomentSignals
compassSystem,1.48475024794296,-1.22378601739243,0.0550955363115002,0.847858478605108,0.718863999742569,1.55315464645788,-0.0467065037840304,0,0.718421621896573,-0.0284411040519509,0.801629128052195
compassFilter,1.48463444726126,-1.22374000985441,0.0550303548133203,0.847817604699421,0.718794690838264,1.5532779967966,-0.0466157083208956,0,0.718352355643902,-0.0283817106446188,0.801538210668908
fullSystem,1.48417919244172,-1.22382714394356,0.0551250917859488,0.84776561350851,0.71870653544746,1.55310244745908,-0.0467793731646394,0,0.71826425450257,-0.0284761176470417,0.801251049533626
gyroFilter,0.00172016067805952,-0.00161897688753352,9.47369726286499e-05,0.000949254517686999,9.01084139349178e-07,1.60973117069624,-0.112014063083538,0,9.00529626032655e-07,-9.57237178908206e-11,1.30541729976e-12
gyroSystem,1.97436894878816,-0.875123467125438,0.523818153384256,0.755838697746178,0.571292137010638,1.92785802342495,-0.000105432855258531,0,0.570940572618631,-4.54843850425895e-05,0.628429928477296
input,0.999996605331204,-0.999995722520304,0.0574642632771145,0.711821922387465,0.506690449191387,1.51325968978062,-0.126646294249598,0,0.506378639684192,-0.0456357879241116,0.388029030818794
error,0.528313732841489,-0.375567273355921,-0.00233917149116561,0.173140822691331,0.0299777444822309,2.76266320054054,0.287306119396931,0,0.0299592966394726,0.00148984914451793,0.00247965447699016
