signalsNamesOrdered,maxSignals,minSignals,meanSignals,standardDeviationSignals,varianceSignals,kurtosisSignals,skewnessSignals,firstMomentSignals,secondMomentSignals,thirdMomentSignals,fourthMomentSignals
compassSystem,1.47997038117076,-1.22774045045959,0.0496180236758686,0.84004953485938,0.705683221017462,1.56321506531664,-0.0373181627868552,0,0.705221688498811,-0.0221008381993568,0.777445675654064
compassFilter,1.4799745872538,-1.2277273672285,0.0495975187355992,0.840036664560924,0.705661597806642,1.56327042881981,-0.03728270632793,0,0.705200079430051,-0.0220788250809673,0.777425564806204
fullSystem,1.47979281942181,-1.22775488691115,0.0496338279401893,0.840018687193015,0.705631394833476,1.56319479840286,-0.0373487035066693,0,0.705169896210302,-0.0221164886361168,0.777321408827182
gyroFilter,0.000678853018671544,-0.000636840673706653,3.63092045900329e-05,0.000371382785399212,1.37925173290877e-07,1.58886858295648,-0.0990674982709703,0,1.37834967160536e-07,-5.06956045769992e-12,3.01860850917076e-14
gyroSystem,1.97435152445315,-0.875123467125438,0.533648899503383,0.752223817953449,0.565840672296464,1.92370646312725,0.00589258138046301,0,0.565470599914321,0.00250565131094152,0.615118606313361
input,0.999996863519093,-0.999990206550703,0.0515189283335767,0.705574244073817,0.497835013900338,1.5264849125429,-0.109923322274445,0,0.497509418731011,-0.0385737451210532,0.377828862183519
error,0.524376671907269,-0.375757566333311,-0.00188510039338738,0.168314812888364,0.0283298762376449,2.72446481137495,0.259605698188852,0,0.0283113478686209,0.0012366734579571,0.00218374686839344
