signalsNamesOrdered,maxSignals,minSignals,meanSignals,standardDeviationSignals,varianceSignals,kurtosisSignals,skewnessSignals,firstMomentSignals,secondMomentSignals,thirdMomentSignals,fourthMomentSignals
compassSystem,1.48016157635635,-1.22520963849109,0.04773462007367,0.845118806391642,0.714225796916834,1.54327062096857,-0.036541875835001,0,0.71378024121071,-0.0220362464155596,0.786268961697464
compassFilter,1.4801690457311,-1.22517366504986,0.0476529517617839,0.845021571725767,0.714061456681886,1.54357578185257,-0.0363729097643591,0,0.713616003496183,-0.0219267828982463,0.786062571729924
fullSystem,1.47922077640567,-1.22515774520966,0.0478272924074581,0.844951668672627,0.713943322392658,1.54318696631338,-0.0366910940513105,0,0.713497942902706,-0.0221131060999595,0.785604562996879
gyroFilter,0.00347193691641456,-0.00326672057902509,0.000174340645674123,0.00192888407768685,3.72059378515384e-06,1.59900819748224,-0.0893821182210149,0,3.71827276594913e-06,-6.40859034410833e-10,2.21071715615563e-11
gyroSystem,1.97435082272527,-0.875123467125439,0.521456112119297,0.759838595763385,0.577354691611673,1.9011057556412,0.0153853755192728,0,0.576994520250717,0.00674319367953472,0.632921216286288
input,0.999993742857021,-0.999999989384331,0.0509439044239332,0.711291460392157,0.505935541626807,1.50719907530824,-0.112235199197285,0,0.505619923696909,-0.040352026475883,0.385317715312183
error,0.524763529919902,-0.375368462480997,-0.00311661201647503,0.169850751956801,0.0288492779402907,2.68724195258233,0.21993299977308,0,0.0288312808860547,0.00107667915158614,0.0022337504108164
