signalsNamesOrdered,maxSignals,minSignals,meanSignals,standardDeviationSignals,varianceSignals,kurtosisSignals,skewnessSignals,firstMomentSignals,secondMomentSignals,thirdMomentSignals,fourthMomentSignals
compassSystem,1.48354407381704,-1.22570806328708,0.030786291053335,0.842006997307376,0.708975783514584,1.55280842732197,0.00404407331704823,0,0.70853841412315,0.00241192679305139,0.779551266103143
compassFilter,1.4833007566047,-1.2256280394624,0.0305862242095991,0.841780644382008,0.708594653256189,1.55338438392602,0.00429529599476602,0,0.70815751898521,0.00255969313150535,0.779002185912248
fullSystem,1.48144572068827,-1.22570674435951,0.0309373030508998,0.841637282384501,0.708353315099567,1.55253334574297,0.00369247161000418,0,0.707916329710857,0.00219932828967179,0.778045146195207
gyroFilter,0.0069196163245861,-0.00651259686563277,0.000351078841300641,0.00387218334989392,1.49938038951957e-05,1.59203905252213,-0.103689372904099,0,1.49845541703991e-05,-6.01450634063233e-09,3.57471455718356e-10
gyroSystem,1.97416250432092,-0.875123467125439,0.496464922839359,0.747142212362956,0.558221485494612,1.92839688288935,0.0261960399395759,0,0.55787711690393,0.0109154957685283,0.600168940567811
input,0.999993742857021,-0.999990206550703,0.0364442118816651,0.70878464784919,0.502375677026701,1.50486369532343,-0.0718905865681049,0,0.502065759890966,-0.02557484047038,0.379331032695076
error,0.529222107805788,-0.375130992877507,-0.00550690883076531,0.170164447356909,0.0289559391442823,2.74881637465818,0.271325882414659,0,0.0289380761343228,0.00133565934322184,0.00230189250611755
