signalsNamesOrdered,maxSignals,minSignals,meanSignals,standardDeviationSignals,varianceSignals,kurtosisSignals,skewnessSignals,firstMomentSignals,secondMomentSignals,thirdMomentSignals,fourthMomentSignals
compassSystem,1.5001062624564,-1.25047923544282,0.0463898659257266,0.845520697936967,0.714905250639815,1.5404912101077,-0.033659651360604,0,0.714452492406351,-0.0203268296136098,0.786331974863248
compassFilter,1.50007955914514,-1.2503208742828,0.0461493934554169,0.84535620797294,0.714627118358388,1.54099203360132,-0.0331482276876921,0,0.714174536269497,-0.0200063036190387,0.78597569515816
fullSystem,1.49720891635638,-1.25078863990048,0.0465426688032385,0.845118050974887,0.714224520083592,1.54002925090353,-0.0337585221619911,0,0.71377219296511,-0.0203574259406052,0.784599847392913
gyroFilter,0.011067089611198,-0.0104204408609016,0.000393275347821659,0.00623406879337805,3.886361372057e-05,1.55932392180677,-0.0579916071812143,0,3.88390009189737e-05,-1.40367711555187e-08,2.35219022580427e-09
gyroSystem,1.97437068910594,-0.875123467125439,0.5345528707908,0.759313448754457,0.576556913459388,1.90209275452874,-0.000243354891866533,0,0.576191772918881,-0.00010643651843092,0.631489010580718
input,0.999999445012347,-0.999992072518464,0.0441084507629906,0.708514382960131,0.501992630861376,1.50625558534724,-0.0944599315299243,0,0.501674712792432,-0.0335645587744821,0.379090666373478
error,0.545510661364204,-0.375726898745198,0.00243421804024784,0.169794256323316,0.028830089480388,2.8117826561854,0.237926650325208,0,0.028811831032332,0.0011635883895738,0.0023341215383123
