signalsNamesOrdered,maxSignals,minSignals,meanSignals,standardDeviationSignals,varianceSignals,kurtosisSignals,skewnessSignals,firstMomentSignals,secondMomentSignals,thirdMomentSignals,fourthMomentSignals
compassSystem,1.4813939632387,-1.22359224483928,0.074613706338425,0.839361483650337,0.704527700235694,1.57573573003011,-0.0927312664076322,0,0.704096268698502,-0.0547865881033853,0.781173439369289
compassFilter,1.48126053108645,-1.2235954961729,0.074532494590321,0.83931496488822,0.704449610285314,1.57586862063957,-0.0925659198943734,0,0.704018226568054,-0.0546798073427424,0.78106614433915
fullSystem,1.48074643431552,-1.22356453180363,0.0746511400069979,0.839261531232267,0.704359917806329,1.57567717020722,-0.0928153194241733,0,0.703928589014041,-0.0548166598781624,0.780772395334962
gyroFilter,0.00193729565460604,-0.00182871380465056,0.000118645416676743,0.00107787085701304,1.16180558439802e-06,1.59214720794336,-0.113467901661116,0,1.16109412966171e-06,-1.41962672861153e-10,2.14643666492696e-12
gyroSystem,1.97436883402723,-0.875123467125438,0.538246352242508,0.750609139305242,0.563414080008556,1.93208860048021,-0.0422505025357271,0,0.563069062200835,-0.017851486156589,0.612562447832497
input,0.999997526262185,-0.999999994359062,0.0756353452539901,0.70606365944052,0.498525891182539,1.54120937355857,-0.177889030297619,0,0.498220608946665,-0.0625578335257027,0.382564809046255
error,0.525312732224089,-0.375412404924489,-0.000984205246992467,0.170968933397356,0.0292303761870294,2.77132198494653,0.242360883131699,0,0.0292124763853227,0.00121008279963048,0.00236495965175607
