signalsNamesOrdered,maxSignals,minSignals,meanSignals,standardDeviationSignals,varianceSignals,kurtosisSignals,skewnessSignals,firstMomentSignals,secondMomentSignals,thirdMomentSignals,fourthMomentSignals
compassSystem,1.4861319686281,-1.22475579873419,0.0581649346682903,0.843945165625735,0.712243442583049,1.56649333182864,-0.0405531196672318,0,0.711797454203222,-0.0243533614622308,0.793672643700192
compassFilter,1.48612081700843,-1.22470324415733,0.0581162639363909,0.84391231704612,0.712187998862152,1.56661350426187,-0.0404510748635914,0,0.711742045199746,-0.0242892440792807,0.793609960113694
fullSystem,1.48563536483365,-1.22477918564413,0.0582025095097244,0.843855558952277,0.712092204374659,1.56640981385091,-0.0406419018351702,0,0.711646310696278,-0.0243989044292372,0.793293324732151
gyroFilter,0.0017898032227821,-0.00169125270159785,8.62455733334074e-05,0.000995902111629519,9.91821015948136e-07,1.58368614605507,-0.0748269249551274,0,9.91199963339527e-07,-7.38413816205719e-11,1.55593579544412e-12
gyroSystem,1.97441607787428,-0.875123467125439,0.520827777524096,0.749612791822722,0.561919337664255,1.93299850081113,-0.00250662194924129,0,0.561567478341985,-0.00105485256084937,0.609586604488498
input,0.999993742857021,-0.999990206550703,0.0585810534274054,0.707585983057882,0.500677923419989,1.5205925681302,-0.126240010637339,0,0.500364411883721,-0.0446813866106291,0.380702465963317
error,0.53060554717446,-0.375684949844697,-0.000378543917680848,0.173489199046839,0.0300985021859138,2.88062067233707,0.315533128502138,0,0.0300796552841067,0.00164609253658345,0.00260634428202217
