signalsNamesOrdered,maxSignals,minSignals,meanSignals,standardDeviationSignals,varianceSignals,kurtosisSignals,skewnessSignals,firstMomentSignals,secondMomentSignals,thirdMomentSignals,fourthMomentSignals
compassSystem,1.4832377885319,-1.2256340448352,0.0643407671801423,0.840039280788786,0.70566599326814,1.55855438364302,-0.070295986383736,0,0.705229588819613,-0.0416319082114222,0.775145110275528
compassFilter,1.48318221398204,-1.22556490189842,0.0642561334811898,0.839985364410339,0.705575412423569,1.55869070460531,-0.0700895927695711,0,0.705139063992881,-0.0415016820520951,0.775013906031449
fullSystem,1.48245854799946,-1.22568132197753,0.0644058872247456,0.839909419006446,0.705447832135745,1.55846528355319,-0.070415117497256,0,0.705011562604431,-0.0416831247280366,0.774621615850189
gyroFilter,0.00268500332088389,-0.002543216404978,0.00014975374355573,0.00150443127026774,2.26331344695939e-06,1.58118201010816,-0.0980631835154661,0,2.261913747858e-06,-3.33595396103721e-10,8.08972847205419e-12
gyroSystem,1.97442674917541,-0.875123467125439,0.53169598794137,0.758240393898956,0.574928494940043,1.9206065683097,-0.0106512922375525,0,0.574572942376691,-0.00463895389471493,0.63405765579636
input,0.999999181682416,-0.999993359307981,0.0654359491719317,0.705545390854667,0.497794298556265,1.530140635378,-0.151075313249266,0,0.497486448031494,-0.0530109253705698,0.378698738180433
error,0.528413537797518,-0.37553324642402,-0.00103006194718608,0.170658109480331,0.0291241903314008,2.68177312174456,0.216818951763527,0,0.0291061790819689,0.00107665121814339,0.00227191682576121
