signalsNamesOrdered,maxSignals,minSignals,meanSignals,standardDeviationSignals,varianceSignals,kurtosisSignals,skewnessSignals,firstMomentSignals,secondMomentSignals,thirdMomentSignals,fourthMomentSignals
compassSystem,1.50017506963707,-1.25047109997465,0.0427716056764032,0.846986615273376,0.717386326452249,1.53690221244393,-0.0303538075387429,0,0.717027812545976,-0.018429653866098,0.790165819246317
compassFilter,1.49994150225164,-1.25036600641126,0.0426243881550344,0.846888971160289,0.717220929472933,1.53723726543119,-0.0300378429891846,0,0.716862498223822,-0.0182315055908475,0.789973688939183
fullSystem,1.49782685453288,-1.25128300031497,0.0429004597121432,0.846752575213277,0.716989923630316,1.53656735034761,-0.0304610497506298,0,0.716631607826402,-0.0184794399416889,0.78912085194507
gyroFilter,0.00812678000017958,-0.00830399331296938,0.000276071557108864,0.00456926905590983,2.08782197052951e-05,1.56146663643859,-0.044174799857196,0,2.08677858123889e-05,-4.21103786179842e-09,6.79963264231304e-10
gyroSystem,1.97440541549778,-0.875123467125439,0.532464432490988,0.759510045282335,0.576855508884775,1.89700103059811,-0.000149731248873554,0,0.576567225272139,-6.55522154709776e-05,0.63061960729594
input,0.999998308171422,-0.999999491252408,0.041145126445663,0.709589760850742,0.503517628704213,1.50215724839327,-0.0895552836017421,0,0.503265995706359,-0.0319733097106651,0.380461374324559
error,0.545543496434635,-0.375961610238963,0.00175533326648021,0.16992376722847,0.0288740866691151,2.79839212651344,0.235482814284658,0,0.0288596568406948,0.00115450538143853,0.00233072425495885
