signalsNamesOrdered,maxSignals,minSignals,meanSignals,standardDeviationSignals,varianceSignals,kurtosisSignals,skewnessSignals,firstMomentSignals,secondMomentSignals,thirdMomentSignals,fourthMomentSignals
compassSystem,1.4809343978919,-1.22475256944406,0.0607573782087265,0.84207071956324,0.709083096745753,1.56184822888127,-0.0577520035258696,0,0.708635725706797,-0.0344509831709886,0.784304878228499
compassFilter,1.48081806304517,-1.22475245184786,0.060714925810063,0.842034290909771,0.709021747067921,1.56196464455712,-0.0576406627089486,0,0.708574414735386,-0.0343801023671295,0.784227618122396
fullSystem,1.48036702533004,-1.22472480467236,0.0607979772192673,0.841986258967561,0.708940860290189,1.5617937843753,-0.0578269854027099,0,0.708493578990321,-0.0344853335146593,0.783962929952088
gyroFilter,0.00170369759307859,-0.00160288139800006,8.3051409204289e-05,0.000945555158591602,8.94074557939189e-07,1.58471677263747,-0.0814319203916047,0,8.9351047304459e-07,-6.87771456148414e-11,1.26517601255239e-12
gyroSystem,1.97442993463072,-0.875123467125438,0.528844412323256,0.750113540245901,0.562670323260238,1.95606191441838,0.00141347218904731,0,0.562315326210863,0.000596014943685353,0.618503894283063
input,0.999999903560672,-0.999990206550703,0.0616645655109016,0.706746364441785,0.49949042365168,1.52386784844745,-0.138252976894155,0,0.499175287737704,-0.0487589232897444,0.379711246070328
error,0.524875267031018,-0.375566680189342,-0.000866588291634216,0.17172758868233,0.0294903647146473,2.74904841921235,0.263507051482966,0,0.02947175880631,0.00133321847410242,0.00238778103124107
