signalsNamesOrdered,maxSignals,minSignals,meanSignals,standardDeviationSignals,varianceSignals,kurtosisSignals,skewnessSignals,firstMomentSignals,secondMomentSignals,thirdMomentSignals,fourthMomentSignals
compassSystem,1.48345149957789,-1.22581477376965,0.0661883148133555,0.839293833725855,0.704414139330243,1.57320108866497,-0.0702201341333745,0,0.70396632360276,-0.0414752946896266,0.779629037063266
compassFilter,1.48344705884388,-1.22574464201913,0.0661322441171648,0.839229766844042,0.704306601557106,1.57337829673533,-0.0701816087802991,0,0.703858854194386,-0.0414430477912162,0.779478806607741
fullSystem,1.48265925644939,-1.22586887796602,0.066262840302929,0.839151446621114,0.704175150366308,1.57310674951954,-0.0703912391387069,0,0.70372748657078,-0.041555200474604,0.779053392251901
gyroFilter,0.00288074014547479,-0.00271584267508314,0.000130596185764077,0.00160892558240364,2.5886415297129e-06,1.58007577250009,-0.0835281430431807,0,2.58699585804747e-06,-3.47557309458437e-10,1.05747322709579e-11
gyroSystem,1.97436142074789,-0.875123467125438,0.532464274364653,0.754111029141026,0.568683444272137,1.94223565961638,-0.0180002643404225,0,0.568321916335537,-0.00771206158842249,0.627322308393031
input,0.999993742857021,-0.999993368482542,0.0654897740329052,0.705125808229243,0.497202405430943,1.53614676301275,-0.150952878596077,0,0.49688631998566,-0.052872148594829,0.379268514225933
error,0.527582110881284,-0.375487385823746,0.000773066270023695,0.171028719882621,0.0292508230246881,2.77270718832542,0.231206426561636,0,0.029232227460146,0.00115556070574878,0.00236934240374079
