signalsNamesOrdered,maxSignals,minSignals,meanSignals,standardDeviationSignals,varianceSignals,kurtosisSignals,skewnessSignals,firstMomentSignals,secondMomentSignals,thirdMomentSignals,fourthMomentSignals
compassSystem,1.48187060596165,-1.22555782669592,0.0567431807399069,0.834714867551669,0.696748910111801,1.56913016257462,-0.0470609731192484,0,0.696325868879189,-0.0273451114541349,0.760823695777337
compassFilter,1.48164828890276,-1.22546698817017,0.0566351232781127,0.834616464416555,0.696584642675191,1.56942009533449,-0.0469207611304513,0,0.696161701179942,-0.0272539992280852,0.760605503634693
fullSystem,1.48082033192256,-1.2256030091831,0.0568121658231517,0.834554942301568,0.696481951719973,1.56904701921802,-0.0472230337113024,0,0.696059072575031,-0.0274235094359205,0.760200507542509
gyroFilter,0.0031260428720834,-0.00293991559783571,0.000177042545038783,0.00175419068923579,3.07718497420153e-06,1.57316857299136,-0.108362967157797,0,3.07531661659728e-06,-5.84407311141993e-10,1.48783555070706e-11
gyroSystem,1.97442991819042,-0.875123467125439,0.529263418663536,0.75116124453803,0.564243215295922,1.94884904410484,-0.0114365364819375,0,0.563900626822761,-0.00484282065123607,0.619702652551892
input,0.999993742857021,-0.999998528160278,0.0585983944213764,0.703080289046039,0.494321892845062,1.53079159089748,-0.127730665916818,0,0.494021758119595,-0.0443521106124512,0.373601164861711
error,0.525474502970507,-0.375441211709868,-0.0017862285982249,0.16917680293186,0.0286207906502454,2.73131267633751,0.223118838602387,0,0.0286034131210103,0.00107935182126971,0.00223463778415413
