signalsNamesOrdered,maxSignals,minSignals,meanSignals,standardDeviationSignals,varianceSignals,kurtosisSignals,skewnessSignals,firstMomentSignals,secondMomentSignals,thirdMomentSignals,fourthMomentSignals
compassSystem,1.4813475018579,-1.22524676570709,0.0557769370041448,0.839856760934248,0.705359378886966,1.56372888000505,-0.0449393774932269,0,0.704920449590832,-0.0265972794625641,0.777036959146356
compassFilter,1.48123125189298,-1.22522703877507,0.0557335429532901,0.839803844706681,0.705270497584123,1.56392323150412,-0.0448450809080334,0,0.704831623596827,-0.0265364537001094,0.776937696322848
fullSystem,1.48077991066243,-1.22521261698166,0.0558120497022504,0.839771015623443,0.705215358681229,1.56367560283695,-0.0450092487353021,0,0.704776519005634,-0.0266304744220861,0.776693217588054
gyroFilter,0.00171135314340531,-0.0016141721193127,7.85067489601234e-05,0.00095187992866085,9.06075398587385e-07,1.5750208459432,-0.0762715135096549,0,9.0551156822112e-07,-6.57208798364271e-11,1.29144023294323e-12
gyroSystem,1.97437502761201,-0.875123467125439,0.522841763855238,0.752058816237138,0.565592463080006,1.93488556388071,0.00558771416630602,0,0.565240507595824,0.0023745651995924,0.618189806834088
input,0.999996608209292,-0.999997164957584,0.0575686273911234,0.706128119284727,0.498616920844586,1.52212794959289,-0.127455290723284,0,0.498306642735784,-0.0448335246489567,0.377958845616933
error,0.525232197675867,-0.375566721158075,-0.00175657768887326,0.170710558165541,0.0291420946691905,2.80349726967651,0.271201450802682,0,0.0291239601983323,0.00134793097002923,0.00237794056320284
