signalsNamesOrdered,maxSignals,minSignals,meanSignals,standardDeviationSignals,varianceSignals,kurtosisSignals,skewnessSignals,firstMomentSignals,secondMomentSignals,thirdMomentSignals,fourthMomentSignals
compassSystem,1.48565294921113,-1.22717427579791,0.0818348224439748,0.841017489873349,0.707310418272869,1.57339550411149,-0.0955379988805605,0,0.706863883917899,-0.0567779658636425,0.786157369979543
compassFilter,1.48562188843432,-1.22714082743027,0.0817972113906565,0.840981219088866,0.707249410860195,1.57347482579052,-0.095446457191586,0,0.706802915020005,-0.0567162242136469,0.786061386242292
fullSystem,1.48525770030274,-1.22719725154136,0.0818583509593907,0.840947999243811,0.70719353743217,1.5733442456637,-0.0956002423913821,0,0.706747076865609,-0.0568008748483727,0.785871968184223
gyroFilter,0.00135364035142649,-0.001281931028205,6.11395687341733e-05,0.000747773635878044,5.5916541051427e-07,1.58396996871486,-0.0719794813935005,0,5.58812402048036e-07,-3.00682233393636e-11,4.94628362372918e-13
gyroSystem,1.97435147838292,-0.875123467125438,0.544114889989577,0.756227791486024,0.571880472615829,1.93937244771635,-0.04604349645662,0,0.571519436963925,-0.0198936651329484,0.633465885439895
input,0.999999659177143,-0.999993789897781,0.0778005593132994,0.706219063709933,0.498745365947334,1.54014544846362,-0.181180905187319,0,0.49843050144863,-0.063755747467187,0.382622899945512
error,0.531394026326835,-0.375432214661888,0.00405779164609103,0.172136021221927,0.0296308098021158,2.84488264217031,0.253250531314438,0,0.0296121034827963,0.00129048883884729,0.00249461122541954
