signalsNamesOrdered,maxSignals,minSignals,meanSignals,standardDeviationSignals,varianceSignals,kurtosisSignals,skewnessSignals,firstMomentSignals,secondMomentSignals,thirdMomentSignals,fourthMomentSignals
compassSystem,1.48322796042315,-1.22572708552695,0.036796644138623,0.834373511846317,0.696179157270755,1.56334230982639,-0.0177818674789578,0,0.695742407485767,-0.0103192963039015,0.756747566346263
compassFilter,1.48323709911092,-1.22573158861714,0.0367398931798401,0.834338440382131,0.696120633099287,1.56345716068201,-0.0176651424820303,0,0.695683920029588,-0.0102502649807214,0.756675925078165
fullSystem,1.48276299437063,-1.22575461019569,0.0368340314955973,0.834289688123434,0.696039283709097,1.5632800559256,-0.0178447118044059,0,0.695602621674148,-0.0103526457547444,0.756413389080924
gyroFilter,0.00174131571267694,-0.00164308723347491,9.41383157572024e-05,0.000977542713713256,9.55589757133876e-07,1.5601458555328,-0.104391084650369,0,9.54990265441822e-07,-9.74230736146512e-11,1.4228630162387e-12
gyroSystem,1.97416250432094,-0.875123467125438,0.507371063676741,0.739945300361613,0.547519047527238,1.95022881245062,0.00172955745991589,0,0.547175560044473,0.000700043506498464,0.583900639042392
input,0.999998447387317,-0.999990206550703,0.0429463749474123,0.702628605061535,0.493686956650719,1.51819623318777,-0.0962494703624737,0,0.493377240868629,-0.0333554662936868,0.369560999842018
error,0.527328548304114,-0.375568111951721,-0.00611234345181498,0.169214465774164,0.0286335354272358,2.77890570733728,0.27923450014891,0,0.0286155721051359,0.00135167638116704,0.00227550962538882
