signalsNamesOrdered,maxSignals,minSignals,meanSignals,standardDeviationSignals,varianceSignals,kurtosisSignals,skewnessSignals,firstMomentSignals,secondMomentSignals,thirdMomentSignals,fourthMomentSignals
compassSystem,1.48699666617335,-1.22663344399849,0.0672886673868142,0.841614521632804,0.708315003023214,1.56774148916359,-0.0657782406359031,0,0.707868960829874,-0.0391752302316516,0.785561500014305
compassFilter,1.48696146751462,-1.22662274935702,0.067241403354926,0.841587686665937,0.708269834347723,1.56780790801201,-0.0656462531904754,0,0.707823820598133,-0.0390928834234571,0.78549459077459
fullSystem,1.48659807874741,-1.22661037358602,0.0673166822456696,0.841547646060305,0.70820244058964,1.56769473594745,-0.0658292310833966,0,0.707756469279445,-0.0391962531558194,0.785288424026191
gyroFilter,0.00137863439154245,-0.00129745743202878,7.52788907433963e-05,0.000756948045323883,5.72970343319647e-07,1.58999953680621,-0.0900107371718541,0,5.72609530760881e-07,-3.9001577830505e-11,5.21331710929175e-13
gyroSystem,1.97434766034168,-0.875123467125438,0.537002584239972,0.754605906926467,0.569430074768315,1.9406767587688,-0.0279451000804018,0,0.569071491597806,-0.0119965374384442,0.628473346504306
input,0.999999901496271,-0.999999020295088,0.0663597791343472,0.707206240481118,0.500140666575438,1.52907977566975,-0.15072947982031,0,0.499825716533513,-0.0532630579029125,0.38200349703898
error,0.532129331922068,-0.375426429249687,0.000956903111322314,0.172049118429403,0.0296008991523346,2.83873073334031,0.276918057969652,0,0.0295822587876291,0.00140895873939777,0.0024842017513473
