signalsNamesOrdered,maxSignals,minSignals,meanSignals,standardDeviationSignals,varianceSignals,kurtosisSignals,skewnessSignals,firstMomentSignals,secondMomentSignals,thirdMomentSignals,fourthMomentSignals
compassSystem,1.48205687117937,-1.22678021326193,0.0521927068168486,0.841524793834538,0.708163978638262,1.55886507455152,-0.0465272561248256,0,0.707724943313626,-0.0277015579617379,0.780795913480907
compassFilter,1.48193380842887,-1.22677613804755,0.0521362100635475,0.841469739620474,0.708071322696948,1.55907842478552,-0.0463842913739876,0,0.707632344815549,-0.0276110193047227,0.780698442438412
fullSystem,1.48145562333425,-1.22675328446604,0.0522308795866283,0.841428588900518,0.708002070219116,1.55883274724032,-0.0465928372643016,0,0.707563135271677,-0.0277310908765539,0.780422741069945
gyroFilter,0.00181661986863157,-0.00170071915826039,9.46695230806332e-05,0.00100144505005745,1.00289218828457e-06,1.58796514726248,-0.0865453642598163,0,1.00227043243318e-06,-8.68402745980741e-11,1.59518406815217e-12
gyroSystem,1.97440283189965,-0.875123467125439,0.522710911053229,0.757532724243145,0.573855828299241,1.92202050955551,-0.0160678298888382,0,0.573500059031852,-0.00697842516506924,0.632157000278075
input,0.999999998280938,-0.999999012069715,0.0546698731590064,0.707831616129968,0.501025596793162,1.51814732750364,-0.125926398151406,0,0.500714979560184,-0.0446172354897038,0.380623052254917
error,0.52586827789584,-0.375686446717284,-0.00243899357237819,0.170575360337904,0.0290959535544058,2.79104293319939,0.250746763711012,0,0.0290779151455066,0.00124331231044346,0.00235989699254292
