signalsNamesOrdered,maxSignals,minSignals,meanSignals,standardDeviationSignals,varianceSignals,kurtosisSignals,skewnessSignals,firstMomentSignals,secondMomentSignals,thirdMomentSignals,fourthMomentSignals
compassSystem,1.48610195809645,-1.22675676443372,0.0730237380097127,0.840613466772409,0.706631000519129,1.57317136283241,-0.090091820507717,0,0.706188249265671,-0.0534645718212808,0.78454345863005
compassFilter,1.48608071560916,-1.22674651962203,0.0729796411973889,0.840569765163716,0.706557530107385,1.57336611142618,-0.0900041464059902,0,0.706114824888019,-0.0534042120717173,0.784477426020899
fullSystem,1.48560475571855,-1.22672814751,0.0730618580007048,0.840525671685163,0.706483404761794,1.57312801080679,-0.0901674139299988,0,0.706040745986881,-0.0534926682911951,0.784194143104702
gyroFilter,0.00177846579130758,-0.00167696202623201,8.22168033158535e-05,0.00098607333721784,9.72340626371929e-07,1.57891462905997,-0.0852339597711338,0,9.71731390390493e-07,-8.16454549808744e-11,1.49090891979029e-12
gyroSystem,1.97437634088581,-0.875123467125439,0.542946043459479,0.751911116588789,0.565370327249799,1.91778461888153,-0.0457622802746612,0,0.565016085190119,-0.019435641256471,0.612239653619779
input,0.999993742857021,-0.999990206550703,0.0714380022114552,0.705822940135335,0.498186022821289,1.53551054903797,-0.170436251718313,0,0.497873876190449,-0.0598743736401386,0.380619892847018
error,0.530745661948348,-0.375568831854822,0.0016238557892495,0.171598879166893,0.029446175331334,2.80181314259998,0.255410298475199,0,0.0294277253467906,0.00128935778160561,0.0024263450186491
