signalsNamesOrdered,maxSignals,minSignals,meanSignals,standardDeviationSignals,varianceSignals,kurtosisSignals,skewnessSignals,firstMomentSignals,secondMomentSignals,thirdMomentSignals,fourthMomentSignals
compassSystem,1.50019679442583,-1.25046734353075,0.045017322206114,0.846553527685069,0.716652875236035,1.53866055524245,-0.0338642473763795,0,0.716295085483046,-0.0205295478854219,0.789453879702967
compassFilter,1.50000867919827,-1.25042880094228,0.0448705647498469,0.846459588346035,0.716493834702939,1.53898920203947,-0.033541156551906,0,0.716136124351116,-0.0203269119550831,0.789272072152079
fullSystem,1.49818714064405,-1.2516460468806,0.0451516356683652,0.846336158448758,0.716284893097801,1.53837165062134,-0.0339574938258937,0,0.715927287060308,-0.0205702231833595,0.788495282214688
gyroFilter,0.00795990405498798,-0.00799558808102052,0.000281070918518296,0.00448826111709296,2.01444878552085e-05,1.56538078325485,-0.0519128021061443,0,2.01344306970182e-05,-4.69011512419212e-09,6.3459801144823e-10
gyroSystem,1.97442334033736,-0.875123467125439,0.534741798947603,0.759164326753972,0.576330475015812,1.89797052662621,-0.000805145778265848,0,0.57604274137876,-0.000352011281975798,0.629794525311677
input,0.999999779206115,-0.999995262075649,0.0433904471230824,0.709223324842068,0.502997724500038,1.50359651781136,-0.0939077191974386,0,0.502746602321056,-0.0334753409454011,0.380040254006557
error,0.545640521161011,-0.375961389127088,0.00176118854528273,0.170163205369942,0.0289555164617731,2.79399988710693,0.230758085735442,0,0.0289410603876534,0.00113613146240479,0.00234021232939733
