signalsNamesOrdered,maxSignals,minSignals,meanSignals,standardDeviationSignals,varianceSignals,kurtosisSignals,skewnessSignals,firstMomentSignals,secondMomentSignals,thirdMomentSignals,fourthMomentSignals
compassSystem,1.48381532119392,-1.2268617646881,0.0520384290244986,0.842549532107563,0.709889714054673,1.55632877937536,-0.0499340897135935,0,0.709438130267107,-0.0298379462632255,0.783304104281877
compassFilter,1.48382464286161,-1.22685140608045,0.0519878204810293,0.842514126406711,0.709830053194863,1.55641571856357,-0.0498730095830073,0,0.709378507359498,-0.0297976912375397,0.783216197599493
fullSystem,1.48344632314567,-1.22683865028454,0.0520681639527818,0.8424802478783,0.709772968065081,1.5562756429966,-0.0500037450311665,0,0.709321458543411,-0.0298721980308383,0.783019751663547
gyroFilter,0.00140306775878829,-0.00132227140942941,8.03434717525642e-05,0.000771682898934974,5.95494496508685e-07,1.59896584760295,-0.115392510850934,0,5.9511568321574e-07,-5.29760674763443e-11,5.66294024074186e-13
gyroSystem,1.9741675857813,-0.875123467125438,0.527137813835396,0.755682210977958,0.571055603988534,1.93346908689966,0.00140169071378595,0,0.570692337064878,0.000604303706265065,0.629711051141045
input,0.999999462941349,-0.99999826884703,0.0543626779594688,0.708896633369082,0.502534436802018,1.51707251543316,-0.125954248103207,0,0.502214758407106,-0.0448277587702993,0.38263551944157
error,0.527913469248407,-0.375418118954442,-0.00229451400668694,0.169732849387908,0.0288092401613382,2.74024396626184,0.238079754726125,0,0.028790913672686,0.00116306942066623,0.00227143401340722
