signalsNamesOrdered,maxSignals,minSignals,meanSignals,standardDeviationSignals,varianceSignals,kurtosisSignals,skewnessSignals,firstMomentSignals,secondMomentSignals,thirdMomentSignals,fourthMomentSignals
compassSystem,1.49932070682029,-1.25042666957183,0.0488115352620214,0.845302247039929,0.714535888850752,1.54665383070977,-0.0316912833283856,0,0.713824907866821,-0.0191129345707932,0.78809127141705
compassFilter,1.49821291894602,-1.25013020924226,0.0484512998995783,0.844732222416929,0.713572527589444,1.54812528277546,-0.030433021188401,0,0.712862505173932,-0.0183169739216466,0.786715393903609
fullSystem,1.49146744717279,-1.25147610605023,0.0492276062728899,0.844256907307025,0.712769725535622,1.54555572067496,-0.0319863798034645,0,0.712060501928124,-0.019219426919384,0.78364336187933
gyroFilter,0.0243084364621232,-0.0229420791628132,0.000776306373311659,0.0136632884840657,0.000186685452198802,1.5605630722521,-0.0396271338088806,0,0.000186499695529948,-1.00927578151542e-07,5.42797176910048e-08
gyroSystem,1.97417712015579,-0.875123467125438,0.528702477526503,0.752742345752694,0.566621039089268,1.90244067630868,-0.018599024628687,0,0.566057237060323,-0.00792101234907701,0.609581555138595
input,0.999993742857021,-0.999991191570967,0.0466346895269348,0.707851719033634,0.50105405613887,1.50826432365944,-0.0965582297910382,0,0.500555494888981,-0.0341953966001442,0.377904379449903
error,0.546101821354569,-0.374516299996367,0.00259291674595513,0.171507078651302,0.0294146780275038,2.81188730423503,0.244787003398603,0,0.029385409691158,0.00123306502904072,0.00242807116218822
