signalsNamesOrdered,maxSignals,minSignals,meanSignals,standardDeviationSignals,varianceSignals,kurtosisSignals,skewnessSignals,firstMomentSignals,secondMomentSignals,thirdMomentSignals,fourthMomentSignals
compassSystem,1.48424437014191,-1.22599093100307,0.0572709883758831,0.844725464605457,0.713561110552905,1.56076977364525,-0.053822726825759,0,0.713115413419518,-0.0324119702718881,0.793703860613631
compassFilter,1.48421235506603,-1.22592279891355,0.05717942205284,0.844681716027925,0.71348720139188,1.56089423067128,-0.0536078235209793,0,0.713041550422865,-0.0322775402953907,0.793602726239577
fullSystem,1.48354973838444,-1.22602795287652,0.0573253313455722,0.844605154305664,0.713357866679695,1.56068715201221,-0.0539233466889526,0,0.712912296494386,-0.0324586906414737,0.793209791136702
gyroFilter,0.00245559044201848,-0.00231931323946409,0.000145909292732238,0.00136747908007932,1.86999903445459e-06,1.59502288471315,-0.104566939132228,0,1.86883101507017e-06,-2.67146473223747e-10,5.5706642593393e-12
gyroSystem,1.97442952919248,-0.875123467125439,0.527100496202056,0.754291258260487,0.568955302288189,1.91864569389045,-0.0173309702170765,0,0.568599927333605,-0.00743075728125365,0.620309429413492
input,0.999993742857021,-0.999993830176891,0.0586488495060318,0.708699542250662,0.502255041186298,1.5234529309819,-0.136793326287607,0,0.501941327856388,-0.0486456872016798,0.383826495877379
error,0.529081744814931,-0.37558423565216,-0.00132351816045963,0.172900978858428,0.0298947484902025,2.79477092381693,0.276796947932419,0,0.0298760759427383,0.00142937647196137,0.00249455639009313
