signalsNamesOrdered,maxSignals,minSignals,meanSignals,standardDeviationSignals,varianceSignals,kurtosisSignals,skewnessSignals,firstMomentSignals,secondMomentSignals,thirdMomentSignals,fourthMomentSignals
compassSystem,1.50004034225501,-1.2504771178412,0.0452469229900795,0.845503035128572,0.714875382411628,1.54017536165214,-0.0348440547117651,0,0.714417422525393,-0.0210405332687606,0.786093573784884
compassFilter,1.50006767058761,-1.25029953395847,0.0450245971953783,0.845343039205942,0.714604853933939,1.54071241568899,-0.0343271079123324,0,0.714147067352303,-0.0207166105066923,0.785772628364122
fullSystem,1.49693327180575,-1.25058461914318,0.0454297548921671,0.845071264080995,0.714145441375452,1.53969721665353,-0.0349687535790457,0,0.713687949100387,-0.0210834995031892,0.784245529738828
gyroFilter,0.0115881401282416,-0.0110679592161704,0.000405157696788884,0.00652252064649256,4.25432755839217e-05,1.56159456413082,-0.0508791273660541,0,4.25160217238423e-05,-1.41048536552682e-08,2.82275723444891e-09
gyroSystem,1.97440165754442,-0.875123467125438,0.533205896065778,0.759515368724722,0.57686359532905,1.89748425263439,-0.00295355726610772,0,0.576494047862471,-0.00129281873555378,0.630620138687254
input,0.999999705121373,-0.999999881844787,0.0431858355170293,0.708595999964278,0.502108291165375,1.50630052621701,-0.0949828512517186,0,0.501786633067255,-0.0337616633076679,0.379271146081834
error,0.545918807180454,-0.375687946804204,0.00224391937513784,0.169793604297783,0.0288298680604321,2.80273068734804,0.2307255661767,0,0.0288113992147816,0.00112834587509005,0.00232653756382168
