signalsNamesOrdered,maxSignals,minSignals,meanSignals,standardDeviationSignals,varianceSignals,kurtosisSignals,skewnessSignals,firstMomentSignals,secondMomentSignals,thirdMomentSignals,fourthMomentSignals
compassSystem,1.48610990662363,-1.22576745019879,0.0598961297315343,0.841237989070545,0.707681354255455,1.57242008820552,-0.0486330437972115,0,0.707247193915421,-0.0289259946235221,0.786522316199007
compassFilter,1.48608834591903,-1.2257039171526,0.0598254736762807,0.841186669086521,0.707595012248877,1.57252057146684,-0.0484801795467479,0,0.707160904879399,-0.0288297969655217,0.786380654933613
fullSystem,1.48543662201576,-1.22580496830413,0.0599423151340202,0.841118519373583,0.707480363633209,1.57231427708618,-0.0487467181913827,0,0.707046326600305,-0.0289812549970345,0.786022718186427
gyroFilter,0.00236486221998672,-0.0022310708708793,0.000116841457739406,0.00132031269602384,1.74322561528175e-06,1.5806262587628,-0.0800814495863989,0,1.74215615171409e-06,-1.84146107901202e-10,4.79737149300601e-12
gyroSystem,1.97439553370917,-0.875123467125438,0.527771414732941,0.748889812057778,0.560835950603935,1.95249289649333,-0.0214238474622695,0,0.560491879468595,-0.00898982949378405,0.613377882845573
input,0.999998769170406,-0.999990206550703,0.0601063849752662,0.705552633946442,0.497804519268762,1.53376744613074,-0.13358836398837,0,0.497499117723199,-0.0468767078474307,0.379615682523691
error,0.531937396615004,-0.375604405880085,-0.000164069841246003,0.172635785968306,0.0298031145968947,2.8285586408119,0.285600388819232,0,0.0297848304775101,0.00146808598694673,0.00250931655639733
