signalsNamesOrdered,maxSignals,minSignals,meanSignals,standardDeviationSignals,varianceSignals,kurtosisSignals,skewnessSignals,firstMomentSignals,secondMomentSignals,thirdMomentSignals,fourthMomentSignals
compassSystem,1.48062586318297,-1.22533681875935,0.046629947884587,0.840684751899585,0.706750852076467,1.5543524251597,-0.0415100661965374,0,0.706306074951183,-0.0246401211266642,0.775417107661375
compassFilter,1.48049770736736,-1.2253398115599,0.0465859963352445,0.840648928130973,0.706690620367754,1.55449792225028,-0.0414123544886994,0,0.706245881147888,-0.0245789776644588,0.775357517443578
fullSystem,1.47998865272408,-1.22530997560263,0.0466813934954015,0.840596145359773,0.706601879593709,1.55429671410848,-0.0415900691360599,0,0.706157196220774,-0.0246798051258857,0.775062468753082
gyroFilter,0.00191674846585821,-0.00179910018509213,9.53971601571856e-05,0.00106603200764001,1.13642424131299e-06,1.57287122303332,-0.0914961597787864,0,1.13570905928573e-06,-1.10739740530448e-10,2.0287444598841e-12
gyroSystem,1.97423776951311,-0.875123467125439,0.519250113798699,0.754426307355065,0.569159053229399,1.93263775788042,0.000508043399280351,0,0.568800866285894,0.000217942127933552,0.625274846671453
input,0.999993742857021,-0.999990206550703,0.0500911000482486,0.706690136015681,0.499410948341861,1.51568589249773,-0.119718081797479,0,0.499096655737492,-0.0422120787241039,0.377553523816137
error,0.524611915692385,-0.375407756421746,-0.00340970655284696,0.170852137169152,0.0291904527752669,2.74651866467519,0.250848817643127,0,0.0291720824462705,0.00124986528816634,0.00233731593164572
