signalsNamesOrdered,maxSignals,minSignals,meanSignals,standardDeviationSignals,varianceSignals,kurtosisSignals,skewnessSignals,firstMomentSignals,secondMomentSignals,thirdMomentSignals,fourthMomentSignals
compassSystem,1.4805294987546,-1.22603446906982,0.0544915450702035,0.844131738464579,0.712558391883232,1.55180762091216,-0.0456552976036505,0,0.712119354057056,-0.0274359726921176,0.786943330180105
compassFilter,1.48053531255297,-1.22592657482033,0.0543503804571603,0.844056211800904,0.712430888679692,1.55201469970243,-0.0452487174565496,0,0.711991929413716,-0.0271843454353111,0.786766703475027
fullSystem,1.479410006351,-1.22610898217203,0.0545922487904206,0.84393642353635,0.712228686971326,1.55168154027587,-0.0457839754375138,0,0.711789852290506,-0.0274942063693997,0.786151374053173
gyroFilter,0.00411859398529829,-0.00387232406800088,0.000241868333260503,0.00228966333276632,5.24255817741457e-06,1.59888675691251,-0.102866985305373,0,5.23932801217895e-06,-1.23364270584273e-09,4.38903336867622e-11
gyroSystem,1.97442776067697,-0.875123467125439,0.526715360561339,0.757245481777052,0.573420719671759,1.91349931124046,-0.0136616132699122,0,0.573067410540723,-0.00592666738441938,0.628405146622194
input,0.999993742857021,-0.999998530571481,0.0565339233194605,0.709370916454772,0.503207097111883,1.51656406770785,-0.128580974821859,0,0.502897049609041,-0.0458559130854064,0.383547306631561
error,0.525128341528125,-0.375291350332144,-0.00194167452903972,0.171212720941779,0.0293137958122875,2.78307933286128,0.272500240843783,0,0.0292957343238018,0.00136638621885541,0.00238855014459427
