signalsNamesOrdered,maxSignals,minSignals,meanSignals,standardDeviationSignals,varianceSignals,kurtosisSignals,skewnessSignals,firstMomentSignals,secondMomentSignals,thirdMomentSignals,fourthMomentSignals
compassSystem,1.4814500580383,-1.22577453038506,0.0637255093452838,0.841683457908133,0.708431043316193,1.56260340165362,-0.0649350400298407,0,0.707984646943593,-0.0386825301218092,0.783242861009585
compassFilter,1.48141654449214,-1.22576733557265,0.0636347181915348,0.841619548521476,0.708323464453493,1.56282514648886,-0.0647247295463021,0,0.707877135868456,-0.0385484634750445,0.78311611436277
fullSystem,1.48080154688299,-1.22573819293077,0.063770244318149,0.841565786141238,0.708232972403521,1.5625505223269,-0.0650159033471586,0,0.707786700839309,-0.03871445930969,0.782778456461934
gyroFilter,0.00228214551570499,-0.0021542533574833,0.000135526126614166,0.00127208176378009,1.61819201374186e-06,1.59367749836682,-0.118176096649836,0,1.61717235903881e-06,-2.43032360845878e-10,4.16785940226189e-12
gyroSystem,1.97423781390666,-0.875123467125439,0.528984416816261,0.750665257851193,0.563498329344798,1.9206947578872,-0.0133835042132061,0,0.563143257933742,-0.00565585378426188,0.609110560393272
input,0.999997598482753,-0.999997494298003,0.0652414661767114,0.70708711434386,0.499972187271126,1.52377062935222,-0.146723635477431,0,0.499657144935102,-0.0518212915030668,0.38042040397866
error,0.526538513793189,-0.375571592365718,-0.00147122185856264,0.171713478051052,0.0294855185443892,2.80003089713605,0.263047079538638,0,0.029466939137619,0.00133056478019996,0.00243126823399114
