signalsNamesOrdered,maxSignals,minSignals,meanSignals,standardDeviationSignals,varianceSignals,kurtosisSignals,skewnessSignals,firstMomentSignals,secondMomentSignals,thirdMomentSignals,fourthMomentSignals
compassSystem,1.48579698629834,-1.22411103270188,0.0640726533404578,0.842345164470572,0.709545376106954,1.55986043722544,-0.0604761706987528,0,0.709107925196901,-0.0361121040441733,0.7843509404251
compassFilter,1.48558134686713,-1.22398645961958,0.0639753222486386,0.842259251104515,0.709400646071138,1.56009020902635,-0.0602338081196054,0,0.708963284390453,-0.0359563780562371,0.784146485904538
fullSystem,1.48421792735983,-1.22420994076566,0.064191742727003,0.842086781581288,0.709110147713932,1.55970641909241,-0.0607335847146368,0,0.708672965132111,-0.036232450999395,0.78331165812252
gyroFilter,0.0049632441229791,-0.00466852084760931,0.000216420478364376,0.00276576814550542,7.64947343469248e-06,1.58437411052213,-0.0638503387316459,0,7.64475735982522e-06,-1.34961148115491e-09,9.25944909885266e-11
gyroSystem,1.97430330296657,-0.875123467125438,0.529702584658598,0.75124081599796,0.564362763621281,1.91914821573552,-0.022062760956289,0,0.564014821103635,-0.00934535135849392,0.61050545596728
input,0.999997833818713,-0.999990206550703,0.0639611721694824,0.707300620601009,0.500274167902573,1.5240784639391,-0.141987425892987,0,0.499965737466135,-0.0501949759829109,0.380967398983939
error,0.529570777375356,-0.375279004235104,0.000230570557520477,0.171760100977603,0.0295015322878363,2.76418649744524,0.257087595791859,0,0.0294833439202113,0.00130150616792787,0.00240281767611585
