signalsNamesOrdered,maxSignals,minSignals,meanSignals,standardDeviationSignals,varianceSignals,kurtosisSignals,skewnessSignals,firstMomentSignals,secondMomentSignals,thirdMomentSignals,fourthMomentSignals
compassSystem,1.4853728094162,-1.22537618270926,0.051333000260832,0.843020807368241,0.7106840816558,1.56588090553459,-0.0412486405394819,0,0.710237952288785,-0.0246896795437172,0.789889752164704
compassFilter,1.48535503858355,-1.22536110755693,0.0513101575302085,0.842996816451944,0.710643632548113,1.56598395229155,-0.0411977309434967,0,0.710197528572879,-0.024657102012238,0.789851815187857
fullSystem,1.4850086730583,-1.22535047141839,0.0513631422818228,0.842958904372385,0.710579714460692,1.56583372152503,-0.041304520298022,0,0.710133650609806,-0.0247176809316377,0.789633976967515
gyroFilter,0.00130141444450127,-0.00122000289597234,5.29847516141589e-05,0.000717774756584593,5.15200601190072e-07,1.58776253685543,-0.0664820091303796,0,5.14877185872313e-07,-2.45617670867849e-11,4.20913493125131e-13
gyroSystem,1.97441824446666,-0.875123467125438,0.5188322178118,0.749922011928188,0.562383023974422,1.93410951376017,-0.0156713696950716,0,0.562029990061067,-0.00660307440937289,0.61094208356978
input,0.999995866120341,-0.999997916009321,0.0519573873587824,0.707663189902874,0.500787190343512,1.52447925022409,-0.120123122596154,0,0.500472822992386,-0.0425301938107444,0.381840962211935
error,0.530146173625972,-0.375445612109479,-0.000594245076959629,0.172020426414889,0.0295910271039601,2.81103008407247,0.258264780408815,0,0.0295724514435057,0.00131339747340868,0.00245832981440838
