signalsNamesOrdered,maxSignals,minSignals,meanSignals,standardDeviationSignals,varianceSignals,kurtosisSignals,skewnessSignals,firstMomentSignals,secondMomentSignals,thirdMomentSignals,fourthMomentSignals
compassSystem,1.78734762130155,0,0.97276504363361,0.246083418848482,0.0605570490321575,9.61142858205532,-1.30815962907048,0,0.0605167314229484,-0.0194748417426548,0.0351996925161823
compassFilter,1.78716073104847,0,0.972684992159456,0.246236815786707,0.0606325694487768,9.60903915402437,-1.30992015952252,0,0.0605922015596631,-0.0195375419993757,0.0352787694272064
fullSystem,1.78745751949345,0.0011542836620543,0.977749224117885,0.233551008978638,0.0545460737949399,9.65681001512695,-1.08336894226006,0,0.054509758166581,-0.0137875710705554,0.0286934122378936
gyroFilter,1,-0.000562650805070453,0.00506423195842758,0.0606591590909825,0.00367953358162512,202.645034648302,13.8241242848087,0,0.00367708382557877,0.00308242788879099,0.00273995246128697
gyroSystem,2.00387408140234,1,1.45337658997138,0.29229278053415,0.0854350695523849,1.8871570484559,0.262324886069306,0,0.0853781886805124,0.00654425025008387,0.0137563088326903
input,1,1,1,0,0,NaN,NaN,0,0,0,0
error,0.787457519493448,-0.998845716337946,-0.0222507758821151,0.233551008978638,0.0545460737949398,9.65681001512696,-1.08336894226006,0,0.054509758166581,-0.0137875710705554,0.0286934122378936
