signalsNamesOrdered,maxSignals,minSignals,meanSignals,standardDeviationSignals,varianceSignals,kurtosisSignals,skewnessSignals,firstMomentSignals,secondMomentSignals,thirdMomentSignals,fourthMomentSignals
compassSystem,1.79057488699281,0,0.981307476271646,0.241589055052452,0.0583652715211368,9.96608197022742,-1.2302036854846,0,0.0583279057903294,-0.0173297221400993,0.0339060518972294
compassFilter,1.7905198661172,0,0.981104906259331,0.241940123142381,0.0585350231861503,9.96099825181015,-1.23662673106558,0,0.058497548779501,-0.0174962563157864,0.0340861695845444
fullSystem,1.79124807451081,0.0046100697692483,0.986850050941044,0.22729150465797,0.051661428089684,9.94159725134634,-0.930688335909637,0,0.0516283541920593,-0.0109178391659612,0.0264991978010425
gyroFilter,1,-0.00134467395678528,0.0057451446817118,0.0644954750507349,0.00415966630201996,179.477641617875,13.0217419386644,0,0.00415700326341432,0.00349011415817677,0.00310149499774036
gyroSystem,2.00387408140234,1,1.45382451054256,0.288159718271351,0.0830360232342243,1.91698603860667,0.266686862216097,0,0.0829828631681332,0.00637505952915393,0.0132006641057304
input,1,1,1,0,0,NaN,NaN,0,0,0,0
error,0.791248074510809,-0.995389930230752,-0.0131499490589568,0.22729150465797,0.0516614280896839,9.94159725134633,-0.930688335909626,0,0.0516283541920593,-0.010917839165961,0.0264991978010424
