signalsNamesOrdered,maxSignals,minSignals,meanSignals,standardDeviationSignals,varianceSignals,kurtosisSignals,skewnessSignals,firstMomentSignals,secondMomentSignals,thirdMomentSignals,fourthMomentSignals
compassSystem,1.78798900021837,0,0.984197733836076,0.239299587978651,0.057264292806752,10.106495742776,-1.18533923449659,0,0.0572282094464453,-0.0162277346103597,0.0330994603591258
compassFilter,1.78792119504613,0,0.984045501823649,0.23955085884765,0.0573846139746469,10.1021224669216,-1.19036127623071,0,0.0573484547975993,-0.0163478773755264,0.0332243176687811
fullSystem,1.78842865172537,0.0027868377006086,0.988996553307453,0.226908884570299,0.0514876418969374,10.098584021657,-0.918778561235181,0,0.0514551985183004,-0.0107239490002058,0.026737389293737
gyroFilter,1,-0.000940017423709527,0.00495105148380647,0.0608153325427228,0.00369850467228196,206.585682285529,14.0227211956735,0,0.00369617417154328,0.00315109097022851,0.00282231234004888
gyroSystem,2.00387408140234,1,1.46387322057543,0.292031009372964,0.085282110435392,1.87192635745124,0.227667454238107,0,0.0852283724956091,0.00566470429828016,0.0135974399649804
input,1,1,1,0,0,NaN,NaN,0,0,0,0
error,0.788428651725369,-0.997213162299391,-0.0110034466925461,0.226908884570299,0.0514876418969375,10.098584021657,-0.918778561235196,0,0.0514551985183004,-0.0107239490002059,0.026737389293737
