signalsNamesOrdered,maxSignals,minSignals,meanSignals,standardDeviationSignals,varianceSignals,kurtosisSignals,skewnessSignals,firstMomentSignals,secondMomentSignals,thirdMomentSignals,fourthMomentSignals
compassSystem,1.79189946987667,0,0.978061980274603,0.248635877401238,0.0618197995310833,9.53771413461332,-1.23631461857049,0,0.0617794208246619,-0.0189843072158824,0.0364025633738965
compassFilter,1.79188171243692,0,0.977991202131232,0.248730705539773,0.0618669638783133,9.53563354228372,-1.23818375334983,0,0.061826554365656,-0.0190347714521336,0.0364501768636349
fullSystem,1.79208739311847,0.00065206770949203,0.982750493582206,0.236758532163782,0.0560546025523487,9.57217172640345,-1.01775819309356,0,0.0560179894873243,-0.0134938501751262,0.0300376198595004
gyroFilter,1,-0.000392027358057101,0.00475929145097548,0.0586059199732209,0.00343465385590757,216.022892913726,14.2626201980565,0,0.00343241045038444,0.0028681254342804,0.00254506107550402
gyroSystem,2.00387408140234,1,1.45473185533435,0.293023903480771,0.0858630080111084,1.8688966603232,0.260063969895159,0,0.0858069250535571,0.00653677740542716,0.0137603653832714
input,1,1,1,0,0,NaN,NaN,0,0,0,0
error,0.792087393118468,-0.999347932290508,-0.0172495064177925,0.236758532163782,0.0560546025523488,9.57217172640347,-1.01775819309358,0,0.0560179894873244,-0.0134938501751265,0.0300376198595005
