signalsNamesOrdered,maxSignals,minSignals,meanSignals,standardDeviationSignals,varianceSignals,kurtosisSignals,skewnessSignals,firstMomentSignals,secondMomentSignals,thirdMomentSignals,fourthMomentSignals
compassSystem,1.78751507884446,0,0.975343360828382,0.250061627760702,0.0625308176783319,9.50439383083802,-1.22541165424801,0,0.0624889350141133,-0.0191419726366823,0.0371133938174212
compassFilter,1.78735472529848,0,0.975257669259594,0.250186210670315,0.0625931400095713,9.50008008418732,-1.22753535823018,0,0.0625512156023312,-0.0192038206625277,0.0371705317883903
fullSystem,1.78760882660876,0.00110014155061678,0.980650725657237,0.236430788121789,0.0558995175718903,9.51907287982716,-0.966661153169147,0,0.0558620765018488,-0.0127629150615309,0.029704948402384
gyroFilter,1,-0.000492353332126827,0.00539305639764052,0.0612680974958424,0.00375377977076005,191.551728383532,13.3553141719633,0,0.00375126551773208,0.00306846247335548,0.00269551457798685
gyroSystem,2.00387408140234,1,1.44899854440492,0.289911674199221,0.0840487788369952,1.93467341776134,0.290362695282354,0,0.0839924836066958,0.00706807996036382,0.0136486127282833
input,1,1,1,0,0,NaN,NaN,0,0,0,0
error,0.787608826608757,-0.998899858449383,-0.0193492743427644,0.236430788121789,0.0558995175718902,9.51907287982717,-0.966661153169131,0,0.0558620765018487,-0.0127629150615306,0.0297049484023839
