signalsNamesOrdered,maxSignals,minSignals,meanSignals,standardDeviationSignals,varianceSignals,kurtosisSignals,skewnessSignals,firstMomentSignals,secondMomentSignals,thirdMomentSignals,fourthMomentSignals
compassSystem,1.79310081438449,0,0.981075920040835,0.248538104685628,0.0617711894807244,9.6615871814655,-1.22153679163632,0,0.0617307368353539,-0.0187352176777379,0.0368172544332867
compassFilter,1.79296002129888,0,0.981029053146858,0.248636586826566,0.0618201523087643,9.65982786154893,-1.22302818102979,0,0.0617796675986735,-0.0187803990101258,0.0368689289887704
fullSystem,1.79315730420313,0.000606714150536697,0.985783811867767,0.236614892988783,0.055986607584093,9.70788255570351,-0.997295507167962,0,0.0559499431390478,-0.0131984623166359,0.030389518053374
gyroFilter,1,-0.000388273530430361,0.00475475872090762,0.0586120032338667,0.0034353669230868,215.742740150602,14.2561268276423,0,0.00343311717395577,0.00286770510794285,0.00254280726240525
gyroSystem,2.00387408140234,1,1.45692568410655,0.291658136342964,0.085064468495051,1.9041728279139,0.254965373273481,0,0.0850087615739672,0.00631941296878559,0.0137604850315354
input,1,1,1,0,0,NaN,NaN,0,0,0,0
error,0.793157304203128,-0.999393285849463,-0.0142161881322346,0.236614892988783,0.0559866075840931,9.70788255570347,-0.997295507167944,0,0.0559499431390478,-0.0131984623166357,0.0303895180533739
