signalsNamesOrdered,maxSignals,minSignals,meanSignals,standardDeviationSignals,varianceSignals,kurtosisSignals,skewnessSignals,firstMomentSignals,secondMomentSignals,thirdMomentSignals,fourthMomentSignals
compassSystem,1.78865625918131,0,0.977731496314992,0.241665325784962,0.0584021296867517,10.3086453148614,-1.40687942672832,0,0.0583636566105417,-0.0198367545312562,0.0351145077313257
compassFilter,1.78857705612079,0,0.977687662829974,0.241757696075573,0.0584467836117693,10.3064565105042,-1.40799668025005,0,0.0584082811192714,-0.0198752806285981,0.03516075778594
fullSystem,1.78875581177611,0.000518195273328967,0.982427399182069,0.229488370068185,0.0526649119965522,10.4064950507095,-1.18700055645961,0,0.0526302183786362,-0.0143318970751412,0.0288253657204881
gyroFilter,1,-0.000348891713613853,0.00473973635209652,0.0585917931910847,0.00343299822934684,215.399443483202,14.2499608778365,0,0.00343073670218653,0.00286348396185112,0.00253524161029248
gyroSystem,2.00387408140234,1,1.45984722481042,0.293077439722978,0.085894385674576,1.8857610233889,0.246749579385158,0,0.0858378017577943,0.00620546458980655,0.0138945289949013
input,1,1,1,0,0,NaN,NaN,0,0,0,0
error,0.78875581177611,-0.999481804726671,-0.0175726008179297,0.229488370068185,0.0526649119965522,10.4064950507095,-1.18700055645963,0,0.0526302183786362,-0.0143318970751414,0.0288253657204881
