signalsNamesOrdered,maxSignals,minSignals,meanSignals,standardDeviationSignals,varianceSignals,kurtosisSignals,skewnessSignals,firstMomentSignals,secondMomentSignals,thirdMomentSignals,fourthMomentSignals
compassSystem,1.79137732468693,0,0.977243410550351,0.246345304102946,0.0606860088535729,9.82687845687333,-1.29040476338357,0,0.0606457928105951,-0.0192720083138546,0.0361423960231963
compassFilter,1.79141688259888,0,0.977193202342172,0.246418357879108,0.0607220070998362,9.82543336013595,-1.29187558058249,0,0.0606817672011617,-0.0193111447490858,0.0361799660062003
fullSystem,1.79157557454213,0.000428855771415816,0.981905553062076,0.234477352773851,0.0549796289638331,9.90479703594158,-1.07547125889012,0,0.0549431944847318,-0.0138506344785986,0.0299001518142637
gyroFilter,1,-0.000322906438705806,0.00471235071990648,0.0584791561118316,0.00341981169955197,215.64458330381,14.2628318047395,0,0.00341754542274644,0.00284955605133317,0.00251864607998543
gyroSystem,2.00387408140234,1,1.45537062545117,0.292281868695282,0.0854286907680059,1.90080238473267,0.263456075479705,0,0.0853720779841968,0.00657176457173153,0.0138537923229708
input,1,1,1,0,0,NaN,NaN,0,0,0,0
error,0.791575574542127,-0.999571144228584,-0.0180944469379225,0.234477352773851,0.054979628963833,9.90479703594162,-1.07547125889014,0,0.0549431944847317,-0.0138506344785988,0.0299001518142638
