signalsNamesOrdered,maxSignals,minSignals,meanSignals,standardDeviationSignals,varianceSignals,kurtosisSignals,skewnessSignals,firstMomentSignals,secondMomentSignals,thirdMomentSignals,fourthMomentSignals
compassSystem,1.78769096346546,0,0.976195307870223,0.242975869583252,0.0590372731997376,9.93229454156695,-1.35399713138442,0,0.0589988374749982,-0.0194036273660144,0.0345729548208115
compassFilter,1.78755976812771,0,0.976105990800356,0.243136055875954,0.0591151416669149,9.92707195622663,-1.35567534192487,0,0.0590766552465588,-0.0194661266682181,0.0346459893448786
fullSystem,1.78784915647184,0.00111110009525028,0.981048771253464,0.230519210216889,0.0531391062790181,9.97372950436713,-1.12515529665881,0,0.053104510506701,-0.013769227769437,0.0281268052248545
gyroFilter,1,-0.000549613005817573,0.00494278045310946,0.0599295950577005,0.00359155636377996,207.560062586852,13.991585389351,0,0.00358921811093896,0.00300861559993413,0.00267388973491079
gyroSystem,2.00387408140233,1,1.4547686638543,0.293332399013987,0.0860438963113007,1.8852804001819,0.273657751725778,0,0.0859878781496397,0.00690023057509677,0.0139396033858205
input,1,1,1,0,0,NaN,NaN,0,0,0,0
error,0.787849156471841,-0.99888889990475,-0.0189512287465354,0.230519210216889,0.0531391062790181,9.97372950436713,-1.12515529665882,0,0.053104510506701,-0.0137692277694371,0.0281268052248546
