signalsNamesOrdered,maxSignals,minSignals,meanSignals,standardDeviationSignals,varianceSignals,kurtosisSignals,skewnessSignals,firstMomentSignals,secondMomentSignals,thirdMomentSignals,fourthMomentSignals
compassSystem,1.81053663065442,0,0.996234081077763,0.204013887682894,0.0416216663674884,10.5345938037895,-0.525225275109982,0,0.0416021165007118,-0.00445675495489256,0.0182326017670201
compassFilter,1.8101732757613,0,0.996061977654385,0.204372744620664,0.0417682187437832,10.5389027990394,-0.537933752191431,0,0.0417486000407565,-0.00458872117930862,0.0183687343189341
fullSystem,1.81084062328722,0.00603122706846894,0.997918513311181,0.19930967666695,0.0397243472130843,10.1727187998494,-0.325619021791976,0,0.0397056885248678,-0.00257625509911474,0.0160377154028878
gyroFilter,1,-0.00223848732706311,0.00185653565679498,0.0366570786105722,0.00134374141226167,611.013295796519,24.2273029038063,0,0.00134311025142923,0.00119253892913662,0.00110223447000663
gyroSystem,2.00387408140235,1,1.48641472304124,0.281157032765669,0.0790492770735957,1.92290018894803,0.201127167309176,0,0.0790121473051252,0.00446695455452127,0.0120045109357027
input,1,1,1,0,0,NaN,NaN,0,0,0,0
error,0.810840623287218,-0.993968772931531,-0.00208148668882024,0.19930967666695,0.0397243472130843,10.1727187998494,-0.325619021791956,0,0.0397056885248678,-0.00257625509911459,0.0160377154028878
