signalsNamesOrdered,maxSignals,minSignals,meanSignals,standardDeviationSignals,varianceSignals,kurtosisSignals,skewnessSignals,firstMomentSignals,secondMomentSignals,thirdMomentSignals,fourthMomentSignals
compassSystem,1.78648547196982,0,0.97841514508341,0.239575922198601,0.0573966224973102,10.0311511323288,-1.28506534126229,0,0.0573603643656,-0.0176539975812707,0.0330046078122598
compassFilter,1.7861725443985,0,0.978204797780528,0.239875183435486,0.0575401036282079,10.0296403017116,-1.29052868093191,0,0.0575037548577542,-0.0177955726071222,0.0331648292742972
fullSystem,1.78683719846974,0.0040940462442859,0.983583467961514,0.226230951061675,0.0511804432182699,10.0315763573638,-1.01567985717643,0,0.0511481119212274,-0.0117490093629726,0.0262439013664276
gyroFilter,1,-0.00122775936587316,0.00537867018098725,0.0628038562780694,0.0039443243633964,191.475814214631,13.4736908377198,0,0.00394183268660336,0.00333452407738545,0.00297515980411724
gyroSystem,2.00387408140234,1,1.4583401213049,0.291519124859639,0.08498340015893,1.8790896818871,0.25263607214782,0,0.0849297151304026,0.00625294864134328,0.0135539800668145
input,1,1,1,0,0,NaN,NaN,0,0,0,0
error,0.786837198469736,-0.995905953755714,-0.0164165320384853,0.226230951061675,0.0511804432182699,10.0315763573638,-1.01567985717644,0,0.0511481119212274,-0.0117490093629727,0.0262439013664276
