signalsNamesOrdered,maxSignals,minSignals,meanSignals,standardDeviationSignals,varianceSignals,kurtosisSignals,skewnessSignals,firstMomentSignals,secondMomentSignals,thirdMomentSignals,fourthMomentSignals
compassSystem,1.78744121916077,0,0.975020164094458,0.246304960007912,0.0606661333244991,9.7582171305763,-1.32010479897019,0,0.0606259570772643,-0.0197059021240184,0.0358663921657135
compassFilter,1.78737587328008,0,0.974969018783676,0.246415208427437,0.0607204549443373,9.75635875826972,-1.32137943130176,0,0.0606802427225199,-0.0197514282844893,0.035923809136468
fullSystem,1.78759019846988,0.000694654908198079,0.979806956888554,0.234173644611323,0.05483729583055,9.81758520406375,-1.10275953733677,0,0.054800979740596,-0.0141469659070494,0.0294836552887064
gyroFilter,1,-0.000415418022083225,0.00483793810488229,0.059060202698162,0.00348810754274798,212.878223829004,14.1551337085534,0,0.00348579753775278,0.00291317929248492,0.00258663741699745
gyroSystem,2.00387408140234,1,1.45870049351724,0.296667244079194,0.0880114537095439,1.86390667310798,0.259620978894957,0,0.0879531679786105,0.00677200099779814,0.0144187342335153
input,1,1,1,0,0,NaN,NaN,0,0,0,0
error,0.78759019846988,-0.999305345091802,-0.0201930431114445,0.234173644611323,0.05483729583055,9.81758520406377,-1.10275953733679,0,0.054800979740596,-0.0141469659070496,0.0294836552887064
