signalsNamesOrdered,maxSignals,minSignals,meanSignals,standardDeviationSignals,varianceSignals,kurtosisSignals,skewnessSignals,firstMomentSignals,secondMomentSignals,thirdMomentSignals,fourthMomentSignals
compassSystem,1.78816143639931,0,0.981701749252695,0.241218275399109,0.0581862563865203,9.95793444621733,-1.19777003609238,0,0.058149171455745,-0.0167953377154876,0.0336710240532557
compassFilter,1.78810176068187,0,0.981560121210627,0.241418209420336,0.0582827518397211,9.9566991890228,-1.20229400956253,0,0.0582456054077008,-0.0169007286426032,0.0337786053030297
fullSystem,1.78856367196064,0.00236593624452981,0.986521678715298,0.228849727799144,0.0523721979137424,9.97344130596932,-0.94298000549985,0,0.0523388185651676,-0.0112911546817059,0.0273207656782561
gyroFilter,1,-0.000859395267506224,0.00496155750467101,0.060762972411351,0.0036921388162626,205.608508254091,13.9741915086455,0,0.00368978563664739,0.00313204789500538,0.00279926074570941
gyroSystem,2.00387408140235,1,1.4551282184989,0.290913471919901,0.084630648144491,1.88690357692094,0.263582868452173,0,0.0845767089168654,0.00648325871412529,0.0134974358218421
input,1,1,1,0,0,NaN,NaN,0,0,0,0
error,0.788563671960638,-0.99763406375547,-0.0134783212847022,0.228849727799144,0.0523721979137424,9.9734413059693,-0.942980005499842,0,0.0523388185651677,-0.0112911546817058,0.0273207656782561
