signalsNamesOrdered,maxSignals,minSignals,meanSignals,standardDeviationSignals,varianceSignals,kurtosisSignals,skewnessSignals,firstMomentSignals,secondMomentSignals,thirdMomentSignals,fourthMomentSignals
compassSystem,1.78534055932138,0,0.977381919360971,0.242316541172134,0.0587173061256265,9.88934701374664,-1.32011494434688,0,0.0586790039037573,-0.0187644503228961,0.0340512518075483
compassFilter,1.78521879717318,0,0.977239812503218,0.242501146715561,0.058806806158362,9.88631061065509,-1.32442078424131,0,0.0587684455542144,-0.018868713618648,0.0341446494519984
fullSystem,1.78563074930641,0.00203648000411283,0.98232162773872,0.229661552100752,0.0527444285133262,9.92308045512135,-1.08418636645869,0,0.0527100224934219,-0.0131202993548423,0.0275697555664861
gyroFilter,1,-0.00076314533493882,0.00508181523550182,0.0611327093298772,0.00373720815001125,201.666341657854,13.8176033967816,0,0.00373477031038306,0.00315375948485037,0.00281294483632753
gyroSystem,2.00387408140234,1,1.45745117583492,0.292490020050395,0.0855504118290804,1.89330670344094,0.263860934743154,0,0.0854946059505226,0.00659603830528019,0.0138387990310205
input,1,1,1,0,0,NaN,NaN,0,0,0,0
error,0.785630749306409,-0.997963519995887,-0.0176783722612789,0.229661552100752,0.0527444285133262,9.92308045512137,-1.08418636645871,0,0.0527100224934219,-0.0131202993548425,0.0275697555664862
