signalsNamesOrdered,maxSignals,minSignals,meanSignals,standardDeviationSignals,varianceSignals,kurtosisSignals,skewnessSignals,firstMomentSignals,secondMomentSignals,thirdMomentSignals,fourthMomentSignals
compassSystem,1.81064308559941,0,0.995105808575626,0.204065266593568,0.0416426330299041,10.6304137717046,-0.601847245918352,0,0.0416217908712305,-0.0051105474115613,0.0184158468498673
compassFilter,1.81032709657921,0,0.994933583409139,0.204467806418512,0.0418070838615979,10.6389414634866,-0.616120539567708,0,0.0417861593952007,-0.00526276977663253,0.0185764760721571
fullSystem,1.81117318383079,0.00698344428594597,0.996906081184163,0.199051028416669,0.0396213119137334,10.2593121626068,-0.394977944934801,0,0.0396014814272901,-0.00311271955876651,0.01608944669869
gyroFilter,1,-0.00260737921357368,0.00197249777502253,0.0382027938650969,0.00145945345909909,565.631836118668,23.3170107390703,0,0.00145872300191235,0.00129906870176574,0.00120359259680276
gyroSystem,2.00387408140234,1,1.49037038683997,0.282770961354436,0.079959416585312,1.90119161069242,0.18062454119926,0,0.0799193968572913,0.00408089154933532,0.0121431199372257
input,1,1,1,0,0,NaN,NaN,0,0,0,0
error,0.811173183830791,-0.993016555714054,-0.0030939188158375,0.199051028416669,0.0396213119137334,10.2593121626068,-0.394977944934799,0,0.0396014814272901,-0.0031127195587665,0.01608944669869
