signalsNamesOrdered,maxSignals,minSignals,meanSignals,standardDeviationSignals,varianceSignals,kurtosisSignals,skewnessSignals,firstMomentSignals,secondMomentSignals,thirdMomentSignals,fourthMomentSignals
compassSystem,1.81046559423219,0,0.991457691544408,0.217469222297993,0.047292862646894,10.5180992920781,-0.874660148458399,0,0.0472335240488427,-0.0089787289888135,0.0234659404632572
compassFilter,1.80843873725412,0,0.990750995641022,0.218446365131247,0.047718814439054,10.5606536529558,-0.927580239564747,0,0.0476589413970979,-0.00965090577580654,0.0239872014709549
fullSystem,1.81197138578772,0.0424638168608423,0.99701994626545,0.202857455600518,0.0411511472927163,9.9248204148625,-0.407466521155622,0,0.0410995147365146,-0.00339505623847524,0.0167647100075548
gyroFilter,1,-0.00654950954269773,0.00626895062442793,0.0683287510521538,0.0046688182203472,180.424299496628,13.1804844579465,0,0.00466296023010837,0.00419685476558749,0.00392300128737515
gyroSystem,2.00387408140234,1,1.48411871407771,0.284442873890171,0.0809077485068997,1.90652323257698,0.195648240026697,0,0.0808062331386351,0.00449410524574849,0.0124489243047806
input,1,1,1,0,0,NaN,NaN,0,0,0,0
error,0.811971385787719,-0.957536183139158,-0.00298005373454967,0.202857455600518,0.0411511472927162,9.92482041486251,-0.407466521155623,0,0.0410995147365146,-0.00339505623847525,0.0167647100075548
