signalsNamesOrdered,maxSignals,minSignals,meanSignals,standardDeviationSignals,varianceSignals,kurtosisSignals,skewnessSignals,firstMomentSignals,secondMomentSignals,thirdMomentSignals,fourthMomentSignals
compassSystem,1.80651381719495,0,0.987588514554919,0.220809921734414,0.0487570215363581,10.6677184456362,-1.06368202057397,0,0.0486366338288609,-0.0114092496369868,0.0252347242752782
compassFilter,1.52543700576405,0,0.976955489492647,0.194139096524316,0.0376899887992775,15.6185816527184,-2.71447045500945,0,0.0375969270985386,-0.0197885350498295,0.0220773169687777
fullSystem,1.56115049345587,0.526359519635493,1.0089916643811,0.12808812381462,0.0164065674623494,8.72019934626804,0.170956722345353,0,0.0163660574192324,0.000357933451729819,0.00233568651958703
gyroFilter,1,-0.0300272167143347,0.0320361748884501,0.125474267310606,0.0157437917571335,47.0490598863641,6.5461634787038,0,0.0157049181972394,0.012883692914067,0.0116043897613162
gyroSystem,2.00387408140234,1,1.48766491326615,0.285499739845961,0.0815101014521113,1.9025065174426,0.171983733522379,0,0.081308841942353,0.0039874388507237,0.0125777136853033
input,1,1,1,0,0,NaN,NaN,0,0,0,0
error,0.561150493455873,-0.473640480364507,0.00899166438109739,0.12808812381462,0.0164065674623494,8.72019934626805,0.170956722345349,0,0.0163660574192324,0.000357933451729811,0.00233568651958703
