signalsNamesOrdered,maxSignals,minSignals,meanSignals,standardDeviationSignals,varianceSignals,kurtosisSignals,skewnessSignals,firstMomentSignals,secondMomentSignals,thirdMomentSignals,fourthMomentSignals
compassSystem,1.79170579322283,0,0.979781864075193,0.246515095844964,0.0607696924794517,10.0137362568985,-1.33212075620085,0,0.060730077295306,-0.0199365196932179,0.0369320841528885
compassFilter,1.79155186690081,0,0.979717645938764,0.246615463684904,0.0608191869285201,10.0123047640586,-1.33434531924336,0,0.0607795394794142,-0.019994214374521,0.036986979867213
fullSystem,1.79178618288728,0.000808989098891845,0.984984397934448,0.232790856843368,0.0541915830298694,10.0510993155128,-1.0718830377116,0,0.0541562560526661,-0.0135089112275661,0.0294788698824454
gyroFilter,1,-0.000454451705933501,0.0052667519956827,0.0601957156312264,0.00362352418035548,197.401182210452,13.5338630896598,0,0.00362116203942956,0.00294912864392466,0.00258848508752641
gyroSystem,2.00387408140233,1,1.45308408610072,0.291059944631153,0.0847158913686897,1.9254390993998,0.28160461994619,0,0.0846606658853985,0.00693684987131932,0.013800446783692
input,1,1,1,0,0,NaN,NaN,0,0,0,0
error,0.79178618288728,-0.999191010901108,-0.0150156020655527,0.232790856843368,0.0541915830298694,10.0510993155127,-1.07188303771159,0,0.0541562560526661,-0.013508911227566,0.0294788698824454
