signalsNamesOrdered,maxSignals,minSignals,meanSignals,standardDeviationSignals,varianceSignals,kurtosisSignals,skewnessSignals,firstMomentSignals,secondMomentSignals,thirdMomentSignals,fourthMomentSignals
compassSystem,1.79139027800234,0,0.978804988658262,0.243497878857499,0.059291217008101,10.1650456677018,-1.31747545326626,0,0.0592523120100642,-0.0190020512003592,0.0356878131361721
compassFilter,1.79143694129456,0,0.978754046253436,0.243576647574964,0.0593295832438581,10.1633169626807,-1.3190902456903,0,0.0592906530711259,-0.0190438108774799,0.0357279368520439
fullSystem,1.79160947949954,0.000491307419174621,0.98345914247316,0.231472633328592,0.0535795799800727,10.2549374585839,-1.09263266812573,0,0.0535444227753614,-0.0135377204813315,0.029400959125539
gyroFilter,1,-0.00034683822856385,0.00470509621972337,0.0584020874597052,0.00341080381965106,216.654507004595,14.2931631848877,0,0.00340856575940194,0.00284436854699154,0.00251716150798469
gyroSystem,2.00387408140234,1,1.45863681034155,0.292692761889989,0.0856690528627899,1.88666920161932,0.251857562957579,0,0.0856128395735099,0.0063090409951692,0.0138284519057805
input,1,1,1,0,0,NaN,NaN,0,0,0,0
error,0.791609479499535,-0.999508692580825,-0.0165408575268409,0.231472633328592,0.0535795799800727,10.2549374585839,-1.09263266812572,0,0.0535444227753614,-0.0135377204813315,0.029400959125539
