signalsNamesOrdered,maxSignals,minSignals,meanSignals,standardDeviationSignals,varianceSignals,kurtosisSignals,skewnessSignals,firstMomentSignals,secondMomentSignals,thirdMomentSignals,fourthMomentSignals
compassSystem,1.80651381719495,0,0.990040844824672,0.197756069152131,0.0391074628865025,13.3449384376316,-1.22384182431161,0,0.0390300223659351,-0.00943677262823836,0.0203289138287595
compassFilter,1.03762263545788,0,0.951801675781482,0.17177627874,0.0295070899377622,22.5499231342137,-4.39387084995086,0,0.0294486600566974,-0.0222047350546099,0.0195558250496702
fullSystem,1.1957783558603,0.84834264690076,1.04475116348367,0.0420579745217469,0.00176887322087191,6.78070439924473,-0.719982858531618,0,0.00176537050162266,-5.34042665692449e-05,2.11322890777331e-05
gyroFilter,1,-0.031974615611762,0.0929494877021889,0.157408380406786,0.0247773982222876,20.8012807244168,4.14348588627448,0,0.0247283340673919,0.0161123227464176,0.0127197856703909
gyroSystem,2.25540084428403,1,1.61547752673904,0.363998234723501,0.132494714881825,1.75167390163537,0.110332453709483,0,0.132232349109782,0.0053052987718488,0.0306287085942743
input,1,1,1,0,0,NaN,NaN,0,0,0,0
error,0.195778355860303,-0.15165735309924,0.0447511634836705,0.0420579745217468,0.00176887322087191,6.78070439924472,-0.719982858531593,0,0.00176537050162265,-5.3404266569243e-05,2.11322890777331e-05
