signalsNamesOrdered,maxSignals,minSignals,meanSignals,standardDeviationSignals,varianceSignals,kurtosisSignals,skewnessSignals,firstMomentSignals,secondMomentSignals,thirdMomentSignals,fourthMomentSignals
compassSystem,1.81064096300022,0,0.993097635184115,0.209512148325526,0.0438953402959773,10.7211739694716,-0.725561093808446,0,0.0438567679407085,-0.00666390690161131,0.020621278561655
compassFilter,1.8096573728269,0,0.992675454498769,0.210304590017232,0.0442280205823158,10.7350932766661,-0.754576160708441,0,0.0441891558893613,-0.00700933212758752,0.0209622180229502
fullSystem,1.81178644709534,0.0212994078463377,0.996692980618376,0.199796039259355,0.0399184573037255,10.1609808392463,-0.356660248694373,0,0.0398833795732302,-0.00284081292790788,0.0161629093016752
gyroFilter,1,-0.00406060354070248,0.00401752611960589,0.0547330741714631,0.00299570940825888,278.892573046359,16.382097191878,0,0.00299307697468396,0.00268254074499856,0.00249846184219649
gyroSystem,2.00387408140234,1,1.4869684414649,0.281853575245961,0.0794414378789308,1.92350810493541,0.190406388600725,0,0.0793716299370337,0.0042577432020714,0.012117823381273
input,1,1,1,0,0,NaN,NaN,0,0,0,0
error,0.811786447095345,-0.978700592153662,-0.0033070193816241,0.199796039259355,0.0399184573037255,10.1609808392463,-0.35666024869437,0,0.0398833795732302,-0.00284081292790785,0.0161629093016752
