signalsNamesOrdered,maxSignals,minSignals,meanSignals,standardDeviationSignals,varianceSignals,kurtosisSignals,skewnessSignals,firstMomentSignals,secondMomentSignals,thirdMomentSignals,fourthMomentSignals
compassSystem,1.79055106002069,0,0.976275712032474,0.242125173040367,0.0586245994198276,10.2643451103419,-1.39504202971971,0,0.0585857751818012,-0.0197822444082973,0.0352302404225191
compassFilter,1.79051479437607,0,0.976236319904187,0.242202125260489,0.0586618694806974,10.2618006907675,-1.39609310359865,0,0.0586230205605115,-0.0198160308379936,0.0352663049759909
fullSystem,1.79066029665347,0.000373082179993515,0.980898547240617,0.230191823550221,0.052988275629376,10.3764920589524,-1.18223109055175,0,0.0529531840561115,-0.014405903296398,0.0290960956974741
gyroFilter,1,-0.000288396056931761,0.00466222733642964,0.0582128829895794,0.00338873974595846,217.178789094426,14.3163670434668,0,0.00338649554745121,0.0028213605385726,0.00249068282044603
gyroSystem,2.00387408140234,1,1.46039585042112,0.29302565542098,0.0858640347348947,1.89259624294577,0.254078890293948,0,0.0858071711357326,0.00638636830238625,0.0139349412695223
input,1,1,1,0,0,NaN,NaN,0,0,0,0
error,0.790660296653468,-0.999626917820006,-0.0191014527593809,0.230191823550221,0.052988275629376,10.3764920589524,-1.18223109055177,0,0.0529531840561115,-0.0144059032963984,0.0290960956974742
