signalsNamesOrdered,maxSignals,minSignals,meanSignals,standardDeviationSignals,varianceSignals,kurtosisSignals,skewnessSignals,firstMomentSignals,secondMomentSignals,thirdMomentSignals,fourthMomentSignals
compassSystem,1.80651396038655,0,0.983620446338436,0.210116556803448,0.0441489674429364,12.2873359067028,-1.41920899122132,0,0.0440622307681959,-0.0131264133169251,0.0238556191311804
compassFilter,1.79516622881715,0,0.981701544607191,0.213020343093515,0.0453776665716787,12.3768426832294,-1.57238313973456,0,0.0452885159497304,-0.0151544616408447,0.0253855191868385
fullSystem,1.80194665403745,0.131701866981692,0.994006681398969,0.182483829028333,0.0333003478568418,11.355303271624,-0.594854122507612,0,0.033234924776573,-0.00360414724867131,0.0125426163355634
gyroFilter,1,-0.0150341687082169,0.0123051367917768,0.0926892274759302,0.00859129289008474,97.1532868336195,9.61678581083569,0,0.00857441412212779,0.00763548495655506,0.00714276575769786
gyroSystem,2.25540084428403,1,1.61080109932831,0.366357964113329,0.134218157869264,1.75320579955443,0.111906358240343,0,0.133954467971681,0.00548643917121869,0.0314591733311669
input,1,1,1,0,0,NaN,NaN,0,0,0,0
error,0.801946654037455,-0.868298133018308,-0.00599331860103205,0.182483829028333,0.0333003478568418,11.355303271624,-0.594854122507599,0,0.033234924776573,-0.00360414724867123,0.0125426163355634
