signalsNamesOrdered,maxSignals,minSignals,meanSignals,standardDeviationSignals,varianceSignals,kurtosisSignals,skewnessSignals,firstMomentSignals,secondMomentSignals,thirdMomentSignals,fourthMomentSignals
compassSystem,1.79101260953868,0,0.977680612929088,0.241048434936105,0.0581043479851454,10.1321542343303,-1.34616715483607,0,0.0580662217725568,-0.0188358118086853,0.0341624437057909
compassFilter,1.79096514799038,0,0.977576465276783,0.241231261963541,0.0581925217485227,10.1281998832169,-1.34993218641125,0,0.058154337679134,-0.0189315042459575,0.0342528325542687
fullSystem,1.79133900821902,0.00168683946165606,0.982658912176887,0.228223284996027,0.0520858678143776,10.1839483732681,-1.10377336864296,0,0.0520516907357592,-0.0131078714190327,0.0275921708537082
gyroFilter,1,-0.000707156433254807,0.0050824469001039,0.0609618775812242,0.00371635051822817,201.946052926153,13.8141597207292,0,0.00371391196801936,0.00312659681414171,0.00278547060579609
gyroSystem,2.00387408140234,1,1.45881103767871,0.294231404664707,0.0865721194909665,1.86965881769343,0.25811637359148,0,0.0865153136382821,0.00656833106744715,0.0139942083383759
input,1,1,1,0,0,NaN,NaN,0,0,0,0
error,0.79133900821902,-0.998313160538344,-0.0173410878231138,0.228223284996027,0.0520858678143776,10.183948373268,-1.10377336864295,0,0.0520516907357592,-0.0131078714190326,0.0275921708537082
