signalsNamesOrdered,maxSignals,minSignals,meanSignals,standardDeviationSignals,varianceSignals,kurtosisSignals,skewnessSignals,firstMomentSignals,secondMomentSignals,thirdMomentSignals,fourthMomentSignals
compassSystem,1.78858015220077,0,0.973911905865496,0.250118800782198,0.0625594145047246,9.23559169550903,-1.29271608386004,0,0.062517956973575,-0.0202073944112524,0.0360972634481287
compassFilter,1.78849511245101,0,0.973862387937259,0.250211685547932,0.0626058875847371,9.23333045226599,-1.29367093930828,0,0.0625643992563178,-0.0202448582655074,0.0361420628240328
fullSystem,1.78867104728414,0.000504960782819618,0.97862267030001,0.238401248550625,0.0568351553104971,9.26417919983456,-1.09362258882932,0,0.0567974911916697,-0.0148033906956257,0.0298858252631098
gyroFilter,1,-0.000352178504633649,0.00476028236275158,0.0587292188441858,0.00344912114604827,214.298248234187,14.2140109022063,0,0.00344683544615029,0.00287638801074512,0.00254600775308561
gyroSystem,2.00387408140234,1,1.45327959536843,0.293495290469267,0.0861394855276393,1.89023003949912,0.271126922094986,0,0.0860824017068788,0.00684769182284257,0.014006944614119
input,1,1,1,0,0,NaN,NaN,0,0,0,0
error,0.788671047284137,-0.99949503921718,-0.0213773296999892,0.238401248550625,0.0568351553104971,9.26417919983456,-1.09362258882932,0,0.0567974911916697,-0.0148033906956258,0.0298858252631098
