signalsNamesOrdered,maxSignals,minSignals,meanSignals,standardDeviationSignals,varianceSignals,kurtosisSignals,skewnessSignals,firstMomentSignals,secondMomentSignals,thirdMomentSignals,fourthMomentSignals
compassSystem,1.78748525515117,0,0.980452185046631,0.246082209702547,0.0605564539320882,9.59003876003096,-1.20992828647,0,0.0605171570768435,-0.0180126415603588,0.0351218511752423
compassFilter,1.78743737168358,0,0.980341866086768,0.246262363506108,0.0606451516796144,9.58744955161856,-1.21390284940256,0,0.0606057972658055,-0.0181115318497438,0.0352153029740056
fullSystem,1.78782477399144,0.00181175248928899,0.98538079762093,0.233617227673129,0.0545770090656787,9.59756703298945,-0.969192064212198,0,0.0545415924472065,-0.012345297787529,0.0285507013895862
gyroFilter,1,-0.000725910518393436,0.00503893153415842,0.0607685892413604,0.00369282143838519,203.570031772807,13.8747635665674,0,0.00369042505847709,0.0031105714175958,0.0027724685316592
gyroSystem,2.00387408140235,1,1.44998456185617,0.291629643899595,0.0850478492010045,1.90826139952071,0.294711738221312,0,0.0849926591625872,0.00730246627155357,0.0137848073141346
input,1,1,1,0,0,NaN,NaN,0,0,0,0
error,0.787824773991439,-0.998188247510711,-0.0146192023790716,0.233617227673129,0.0545770090656787,9.59756703298941,-0.969192064212171,0,0.0545415924472065,-0.0123452977875286,0.0285507013895861
