signalsNamesOrdered,maxSignals,minSignals,meanSignals,standardDeviationSignals,varianceSignals,kurtosisSignals,skewnessSignals,firstMomentSignals,secondMomentSignals,thirdMomentSignals,fourthMomentSignals
compassSystem,1.7899761103253,0,0.980355475662664,0.244749847170527,0.0599024876899962,9.82560705958846,-1.3061619584679,0,0.0598641378259181,-0.0191314166086562,0.0352121753803697
compassFilter,1.78977444766521,0,0.980259265069735,0.244890441368305,0.0599713282735631,9.82348372889829,-1.30889475847693,0,0.0599329343374085,-0.0192045015987021,0.0352855273947011
fullSystem,1.79009430430654,0.00148468936964416,0.985751990668114,0.230424497634186,0.053095449109967,9.77679604823371,-1.02174594207446,0,0.0530614571451078,-0.012488540305338,0.0275267475474415
gyroFilter,1,-0.000602943985335003,0.00549272559837597,0.0616068795947339,0.00379540761340004,187.576453930044,13.2005562883203,0,0.00379297777497917,0.00308363296840558,0.0026986024935356
gyroSystem,2.00387408140234,1,1.45832370452997,0.29284231206356,0.0857566197347313,1.8805743007284,0.255361487243125,0,0.0857017179295234,0.00640677821977022,0.0138124128924776
input,1,1,1,0,0,NaN,NaN,0,0,0,0
error,0.790094304306536,-0.998515310630356,-0.014248009331888,0.230424497634186,0.0530954491099669,9.77679604823368,-1.02174594207443,0,0.0530614571451078,-0.0124885403053376,0.0275267475474414
