signalsNamesOrdered,maxSignals,minSignals,meanSignals,standardDeviationSignals,varianceSignals,kurtosisSignals,skewnessSignals,firstMomentSignals,secondMomentSignals,thirdMomentSignals,fourthMomentSignals
compassSystem,1.78902866508093,0,0.980159452776568,0.245365920292716,0.0602044348410917,9.8641355599598,-1.25837009300183,0,0.0601656683022371,-0.0185708381797819,0.035707259697736
compassFilter,1.78892967367327,0,0.980097946107001,0.245467906442933,0.0602544930934764,9.86202160527723,-1.25993180483467,0,0.0602156943213621,-0.0186170809300663,0.0357589984469773
fullSystem,1.78913221821192,0.000635886559053545,0.984784373191694,0.233480073508248,0.0545129447254171,9.90248058776277,-1.03071913034923,0,0.0544778430224387,-0.0131060008749319,0.0293889322418635
gyroFilter,1,-0.000393279445674688,0.00468642708469385,0.0581689314011972,0.00338362458035718,219.243115224909,14.3701824180864,0,0.00338144581372463,0.00282563414425151,0.00250686432048224
gyroSystem,2.00387408140234,1,1.45488385790744,0.292346596707444,0.0854665326064248,1.90073767455438,0.266517047220229,0,0.0854114994238063,0.00665272408910255,0.0138661174717818
input,1,1,1,0,0,NaN,NaN,0,0,0,0
error,0.789132218211916,-0.999364113440946,-0.015215626808306,0.233480073508248,0.0545129447254171,9.90248058776276,-1.03071913034923,0,0.0544778430224387,-0.0131060008749319,0.0293889322418634
