signalsNamesOrdered,maxSignals,minSignals,meanSignals,standardDeviationSignals,varianceSignals,kurtosisSignals,skewnessSignals,firstMomentSignals,secondMomentSignals,thirdMomentSignals,fourthMomentSignals
compassSystem,1.81061863052936,0,0.994195381321949,0.205745140506596,0.0423310628420791,10.5822722550264,-0.657883994266418,0,0.0423059703329848,-0.00572468785538404,0.0189400993020977
compassFilter,1.8104834012785,0,0.993985609276956,0.20614247856416,0.0424947214685751,10.5901962125147,-0.674973066093451,0,0.0424695319478468,-0.00590748537706743,0.0191011254144634
fullSystem,1.81146066971782,0.00817964241128932,0.996397211945291,0.199674015223067,0.0398697123553017,10.1631713461645,-0.420566271309014,0,0.039846078856573,-0.00334512865244427,0.016136168780501
gyroFilter,1,-0.00207424264656031,0.00241160266833906,0.0419602394085343,0.00176066169122151,471.113261816108,21.281883817884,0,0.00175961802691136,0.0015708606899987,0.00145868707542987
gyroSystem,2.00387408140235,1,1.48872455350879,0.282267908871156,0.079675172378495,1.91260658042805,0.18692655110927,0,0.0796279434677786,0.00420019295610792,0.012127091225848
input,1,1,1,0,0,NaN,NaN,0,0,0,0
error,0.811460669717816,-0.991820357588711,-0.003602788054706,0.199674015223067,0.0398697123553017,10.1631713461645,-0.420566271309059,0,0.039846078856573,-0.00334512865244463,0.0161361687805011
