signalsNamesOrdered,maxSignals,minSignals,meanSignals,standardDeviationSignals,varianceSignals,kurtosisSignals,skewnessSignals,firstMomentSignals,secondMomentSignals,thirdMomentSignals,fourthMomentSignals
compassSystem,1.78796423813241,0,0.980983697301988,0.24447612359171,0.0597685750064293,9.55617071359287,-1.1471493335832,0,0.0597305784552491,-0.0167461523579039,0.0340939516388886
compassFilter,1.78790161429273,0,0.980862127013128,0.244694557144866,0.0598754262963221,9.55609343911776,-1.15181908586264,0,0.0598373618167949,-0.0168594315319695,0.0342156868697014
fullSystem,1.78838360988197,0.00254812777869155,0.985875147558881,0.232186662790176,0.0539106463776387,9.53787447995853,-0.896848770182595,0,0.0538763738751736,-0.0112154513026834,0.0276852416650966
gyroFilter,1,-0.000911458021328082,0.00501302054575118,0.0609242951221653,0.00371176973613269,204.731934224373,13.9435247266651,0,0.00370941006052167,0.00315013988463141,0.00281705470358775
gyroSystem,2.00387408140234,1,1.45567946603335,0.293524478211091,0.0861566193090934,1.87138195756301,0.265514932489343,0,0.0861018471417004,0.00670822550352928,0.0138735426930683
input,1,1,1,0,0,NaN,NaN,0,0,0,0
error,0.788383609881971,-0.997451872221308,-0.0141248524411197,0.232186662790176,0.0539106463776387,9.53787447995853,-0.896848770182585,0,0.0538763738751736,-0.0112154513026833,0.0276852416650965
