signalsNamesOrdered,maxSignals,minSignals,meanSignals,standardDeviationSignals,varianceSignals,kurtosisSignals,skewnessSignals,firstMomentSignals,secondMomentSignals,thirdMomentSignals,fourthMomentSignals
compassSystem,1.78881465413105,0,0.975525394539661,0.247670772148323,0.0613408113765465,9.57849410319093,-1.29871118699589,0,0.0613003223921395,-0.019710912016732,0.0359933901002411
compassFilter,1.78875143234279,0,0.975482954506987,0.247769816940155,0.0613898821865579,9.57644449713634,-1.29977806998338,0,0.0613493608121773,-0.0197507807773349,0.0360432862075346
fullSystem,1.78893898753554,0.000560246448970578,0.980252801739599,0.235775019558171,0.0555898598476559,9.62735006736431,-1.08796417915776,0,0.0555531668708588,-0.014245504319508,0.0297114882834145
gyroFilter,1,-0.000356725704073524,0.00476984723261423,0.0587509246476447,0.00345167114695322,214.459677235796,14.2162134572302,0,0.00344939281616315,0.00288003600811703,0.00255170789386163
gyroSystem,2.00387408140234,1,1.4556192796961,0.295383988212689,0.0872517004924341,1.86816430725197,0.261857388941395,0,0.087194108610921,0.00674210553679658,0.014203303090056
input,1,1,1,0,0,NaN,NaN,0,0,0,0
error,0.788938987535543,-0.999439753551029,-0.0197471982603996,0.235775019558171,0.055589859847656,9.62735006736434,-1.08796417915778,0,0.0555531668708588,-0.0142455043195082,0.0297114882834146
