signalsNamesOrdered,maxSignals,minSignals,meanSignals,standardDeviationSignals,varianceSignals,kurtosisSignals,skewnessSignals,firstMomentSignals,secondMomentSignals,thirdMomentSignals,fourthMomentSignals
compassSystem,1.7886340466248,0,0.976534850104051,0.239384989300017,0.0573051731021691,10.4922600100735,-1.44690971653594,0,0.0572679860982092,-0.0198293874856356,0.0344106491902826
compassFilter,1.78855305782169,0,0.976488039021354,0.239478606300032,0.0573500028754057,10.4894985242853,-1.44825853702741,0,0.0573127867800939,-0.0198711676023202,0.034455438268844
fullSystem,1.78873093584143,0.000514062668147349,0.981154047756806,0.227308135478175,0.0516689884545642,10.5954694844924,-1.22896190765222,0,0.0516354589357748,-0.014419841408376,0.0282498592129224
gyroFilter,1,-0.000355246675175502,0.00466600873545233,0.0581445729652812,0.00338079136531491,218.748290512811,14.3611972709556,0,0.00337859747085332,0.00282030012603801,0.00249699442666386
gyroSystem,2.00387408140234,1,1.46125820435095,0.292926030337113,0.0858056592490589,1.88414514110822,0.252288235189792,0,0.0857499774455229,0.00633502044054997,0.0138542296935927
input,1,1,1,0,0,NaN,NaN,0,0,0,0
error,0.788730935841431,-0.999485937331853,-0.0188459522431933,0.227308135478175,0.0516689884545643,10.5954694844924,-1.22896190765223,0,0.0516354589357748,-0.0144198414083761,0.0282498592129224
