signalsNamesOrdered,maxSignals,minSignals,meanSignals,standardDeviationSignals,varianceSignals,kurtosisSignals,skewnessSignals,firstMomentSignals,secondMomentSignals,thirdMomentSignals,fourthMomentSignals
compassSystem,1.7906883284059,0,0.975610559866781,0.249042817940729,0.0620223251678591,9.44678724452718,-1.26804536882087,0,0.0619813592991881,-0.0195670987544356,0.0362916177033941
compassFilter,1.79060060786645,0,0.975566017766241,0.249127172256218,0.0620643479563793,9.44468592945998,-1.26927528902217,0,0.0620233543315732,-0.0196059865312004,0.0363327290807335
fullSystem,1.79076586872611,0.000456251863569013,0.980279114955895,0.237346041522708,0.0563331434264989,9.49465795888548,-1.06203470712375,0,0.0562959352736413,-0.0141858142113136,0.0300907769497737
gyroFilter,1,-0.000330495690099797,0.00471309718965202,0.0584821301050139,0.00342015954161978,215.820831370062,14.267331969377,0,0.00341790051946547,0.00285089940663181,0.0025212284397565
gyroSystem,2.00387408140234,1,1.45056064118228,0.290983504854639,0.0846714000974899,1.89832951954746,0.272638482773722,0,0.0846154744699487,0.00671060764544093,0.0135916189175098
input,1,1,1,0,0,NaN,NaN,0,0,0,0
error,0.790765868726111,-0.999543748136431,-0.0197208850441062,0.237346041522708,0.0563331434264989,9.49465795888547,-1.06203470712374,0,0.0562959352736413,-0.0141858142113135,0.0300907769497736
