signalsNamesOrdered,maxSignals,minSignals,meanSignals,standardDeviationSignals,varianceSignals,kurtosisSignals,skewnessSignals,firstMomentSignals,secondMomentSignals,thirdMomentSignals,fourthMomentSignals
compassSystem,1.79075437580528,0,0.977630390749804,0.245651118431953,0.0603444719868695,9.90108842605373,-1.30467573591495,0,0.0603046143435492,-0.019320946689105,0.0360067586809405
compassFilter,1.79065653688117,0,0.977581089912665,0.245729562971238,0.0603830181180354,9.89948929007544,-1.30588664801245,0,0.0603431350149192,-0.019357411640679,0.0360469503949896
fullSystem,1.79082354458341,0.000463976647798005,0.982299459729021,0.233723797796103,0.0546268136562336,9.97980822402316,-1.08760264328313,0,0.0545907325375703,-0.0138723052778898,0.0297413063074967
gyroFilter,1,-0.000333889896022121,0.00471836981635823,0.0585080651070329,0.0034231936825688,215.679762686377,14.2622412806029,0,0.00342093265635839,0.00285367536824272,0.00252405286479151
gyroSystem,2.00387408140234,1,1.45274863035902,0.291577117349643,0.0850172153619276,1.90613993932672,0.272064521319194,0,0.084961061322719,0.00673754694946044,0.0137592461152127
input,1,1,1,0,0,NaN,NaN,0,0,0,0
error,0.790823544583409,-0.999536023352202,-0.0177005402709793,0.233723797796103,0.0546268136562337,9.97980822402314,-1.08760264328312,0,0.0545907325375704,-0.0138723052778897,0.0297413063074966
