signalsNamesOrdered,maxSignals,minSignals,meanSignals,standardDeviationSignals,varianceSignals,kurtosisSignals,skewnessSignals,firstMomentSignals,secondMomentSignals,thirdMomentSignals,fourthMomentSignals
compassSystem,1.8106538412085,0,0.993091549758613,0.20899834402322,0.0436803078044482,10.6774669974685,-0.715772166417034,0,0.0436428782347786,-0.00652596714566647,0.0203373801521755
compassFilter,1.80956171211648,0,0.992729834857403,0.209739711035983,0.0439907463854576,10.688351239796,-0.741524960638662,0,0.0439530508015798,-0.00683296682314429,0.0206485123217634
fullSystem,1.81148868499298,0.0186251055003894,0.996579364357691,0.19964402459649,0.0398577365570841,10.109074737081,-0.355291178346014,0,0.0398235825411826,-0.00282354630530522,0.0160321608231845
gyroFilter,1,-0.00360720957686289,0.00384952950028997,0.0535106100876949,0.00286338539195732,291.443470981289,16.7428483375483,0,0.0028609317626583,0.00256206764685586,0.0023854445694039
gyroSystem,2.00387408140234,1,1.48648365869136,0.282034805576059,0.0795436315563255,1.92257114510413,0.194136023512712,0,0.0794754707752147,0.00434966483427222,0.0121436331270368
input,1,1,1,0,0,NaN,NaN,0,0,0,0
error,0.811488684992975,-0.981374894499611,-0.00342063564230765,0.199644024596491,0.0398577365570841,10.109074737081,-0.355291178346035,0,0.0398235825411826,-0.00282354630530538,0.0160321608231845
