signalsNamesOrdered,maxSignals,minSignals,meanSignals,standardDeviationSignals,varianceSignals,kurtosisSignals,skewnessSignals,firstMomentSignals,secondMomentSignals,thirdMomentSignals,fourthMomentSignals
compassSystem,1.80984424289399,0,0.992358218598937,0.212822619865629,0.04529346752647,10.5315706130293,-0.653071920444872,0,0.045247670289335,-0.00628572455428622,0.0215618286466315
compassFilter,1.80968235671792,0,0.99173410506724,0.213775424514443,0.0456999321263303,10.5355043854066,-0.68332845317049,0,0.0456537239037556,-0.0066656701185797,0.0219587567752551
fullSystem,1.81236200315837,0.0298790731518835,0.996575008037282,0.20146809229959,0.040589392214836,9.90967391578484,-0.215975159327339,0,0.0405483513733649,-0.00176345184553214,0.0162931766615674
gyroFilter,1,-0.00516939413815698,0.00484090297004225,0.0600401540835331,0.0036048201023744,232.59170788835,14.9655543700908,0,0.00360117518821629,0.00323414273399346,0.00301635689650491
gyroSystem,2.00387408140234,1,1.48015978824194,0.281244403371884,0.0790984144280068,1.93274780004415,0.211574382229164,0,0.079018436253661,0.00469954408360085,0.012067909632343
input,1,1,1,0,0,NaN,NaN,0,0,0,0
error,0.812362003158365,-0.970120926848116,-0.00342499196271878,0.20146809229959,0.0405893922148359,9.90967391578485,-0.215975159327331,0,0.0405483513733649,-0.00176345184553207,0.0162931766615674
