signalsNamesOrdered,maxSignals,minSignals,meanSignals,standardDeviationSignals,varianceSignals,kurtosisSignals,skewnessSignals,firstMomentSignals,secondMomentSignals,thirdMomentSignals,fourthMomentSignals
compassSystem,1.79315063429818,0,0.977524864377,0.245983380310735,0.0605078233890955,9.74547062080898,-1.28792857479393,0,0.0604690611703965,-0.0191510071174404,0.0356343850402414
compassFilter,1.79316623030532,0,0.977430204875395,0.24614152337106,0.0605856495274259,9.74066429153944,-1.29092915659746,0,0.0605468374521361,-0.0192326711144763,0.0357084914172605
fullSystem,1.79349978301842,0.00158361106415004,0.982965614323573,0.231713222381248,0.0536910174263019,9.72115101643999,-1.00899189746469,0,0.0536566221556892,-0.012540725803317,0.0279875155576904
gyroFilter,1,-0.000619106131277691,0.00553540944818059,0.0618641213886485,0.00382716951518944,185.95795188449,13.1440442219303,0,0.00382471777302724,0.0031090528353276,0.00272027958462583
gyroSystem,2.00387408140233,1,1.4582468775028,0.292149758108591,0.085351481162908,1.89707688781834,0.259892172618053,0,0.085296803724623,0.00647429279021267,0.0138022677452943
input,1,1,1,0,0,NaN,NaN,0,0,0,0
error,0.79349978301842,-0.99841638893585,-0.0170343856764251,0.231713222381248,0.0536910174263018,9.72115101644003,-1.00899189746471,0,0.0536566221556892,-0.0125407258033172,0.0279875155576905
