signalsNamesOrdered,maxSignals,minSignals,meanSignals,standardDeviationSignals,varianceSignals,kurtosisSignals,skewnessSignals,firstMomentSignals,secondMomentSignals,thirdMomentSignals,fourthMomentSignals
compassSystem,1.790443156332,0,0.975952093112707,0.248313589430492,0.061659638695855,9.45808790766169,-1.22950982919521,0,0.0616195739533626,-0.0188065893579347,0.0359120939582068
compassFilter,1.79038354133065,0,0.975892333814304,0.248406759577643,0.061705918203865,9.45691469910586,-1.23111961248657,0,0.0616658233902172,-0.0188524176367735,0.0359615615129659
fullSystem,1.79058754419218,0.000641694559220441,0.980624167289851,0.236535165868954,0.0559488846926536,9.48114177616963,-1.01212227525364,0,0.0559125306415212,-0.0133812506857448,0.0296400504976817
gyroFilter,1,-0.000388160508173474,0.00473183347554727,0.0584397495310613,0.00341520432525318,217.217105810021,14.3028739593281,0,0.00341298521912891,0.00285183846713761,0.00253024652910401
gyroSystem,2.00387408140234,1,1.45122160304042,0.292057780114202,0.0852977469252357,1.90421239441202,0.272234555590903,0,0.0852423227881823,0.00677526308815676,0.0138364901552539
input,1,1,1,0,0,NaN,NaN,0,0,0,0
error,0.790587544192179,-0.99935830544078,-0.0193758327101483,0.236535165868954,0.0559488846926536,9.48114177616962,-1.01212227525365,0,0.0559125306415213,-0.013381250685745,0.0296400504976817
