signalsNamesOrdered,maxSignals,minSignals,meanSignals,standardDeviationSignals,varianceSignals,kurtosisSignals,skewnessSignals,firstMomentSignals,secondMomentSignals,thirdMomentSignals,fourthMomentSignals
compassSystem,1.78872925369189,0,0.97660536004581,0.242422083504659,0.0587684665707399,10.0872545993533,-1.40754082288891,0,0.0587299803450878,-0.0200332210343704,0.034793065401576
compassFilter,1.78865653661457,0,0.976561300259649,0.242517989516252,0.0588149752390048,10.0847499719252,-1.4088554670931,0,0.0587764585558097,-0.0200757400791784,0.0348395041654497
fullSystem,1.78883866381106,0.000534169519272066,0.981281677072698,0.230362650341244,0.0530669506722421,10.1548572209483,-1.19369550194944,0,0.0530321982487501,-0.014578169708276,0.028559663135056
gyroFilter,1,-0.000349778545125634,0.00472037681304683,0.0584604817549198,0.00341762792701731,216.476828018365,14.2848489570002,0,0.00341538979477957,0.00285125504865056,0.00252517783442881
gyroSystem,2.00387408140234,1,1.45483974270068,0.289929721528148,0.0840592434253892,1.91320747098072,0.269663819756399,0,0.0840041948049403,0.00656559579150567,0.0135009402383069
input,1,1,1,0,0,NaN,NaN,0,0,0,0
error,0.788838663811064,-0.999465830480728,-0.0187183229273021,0.230362650341244,0.0530669506722421,10.1548572209483,-1.19369550194944,0,0.0530321982487502,-0.014578169708276,0.028559663135056
