signalsNamesOrdered,maxSignals,minSignals,meanSignals,standardDeviationSignals,varianceSignals,kurtosisSignals,skewnessSignals,firstMomentSignals,secondMomentSignals,thirdMomentSignals,fourthMomentSignals
compassSystem,1.80651381719495,0,0.987588514554919,0.220809921734414,0.0487570215363581,10.6677184456362,-1.06368202057397,0,0.0486366338288609,-0.0114092496369868,0.0252347242752782
compassFilter,1.18675950480581,0,0.964313566181814,0.177553309406188,0.0315251776810894,22.3000419017437,-4.2869530397393,0,0.0314473377361978,-0.0239069709339394,0.0220532930685901
fullSystem,1.34191458420712,0.712077346026112,1.02113495423977,0.0757721879931075,0.00574142447326282,8.31086598724862,0.015200134254024,0,0.00572724811653872,6.58819463358077e-06,0.000272607798482587
gyroFilter,1,-0.035108272263441,0.0568213880579532,0.146289899664192,0.0214007347437593,29.1854172911585,5.03031082317507,0,0.0213478934234043,0.015690159552556,0.0133007447504783
gyroSystem,2.00387408140234,1,1.48766491326615,0.285499739845961,0.0815101014521113,1.9025065174426,0.171983733522379,0,0.081308841942353,0.0039874388507237,0.0125777136853033
input,1,1,1,0,0,NaN,NaN,0,0,0,0
error,0.341914584207122,-0.287922653973888,0.0211349542397665,0.0757721879931075,0.00574142447326282,8.31086598724862,0.0152001342540246,0,0.00572724811653872,6.58819463358101e-06,0.000272607798482587
