signalsNamesOrdered,maxSignals,minSignals,meanSignals,standardDeviationSignals,varianceSignals,kurtosisSignals,skewnessSignals,firstMomentSignals,secondMomentSignals,thirdMomentSignals,fourthMomentSignals
compassSystem,1.7845103516273,0,0.979541559042463,0.238617027884287,0.0569380859963308,10.6282850716903,-1.47734292576974,0,0.0569000765931289,-0.0200516720679975,0.0344103346703183
compassFilter,1.78446574348416,0,0.979521639194634,0.238668770468791,0.0569627819970846,10.6263051014781,-1.47788589725348,0,0.056924756107901,-0.0200720935649754,0.0344337750778422
fullSystem,1.78456043231864,0.000221173497342881,0.983989459830954,0.226905658922023,0.0514861780508373,10.7512967052192,-1.26922100810504,0,0.0514518081055431,-0.0148128359718441,0.0284617847441825
gyroFilter,1,-0.000202702925740761,0.00446782063631833,0.0569924614168457,0.00324814065835064,224.016802249524,14.5433532496698,0,0.00324597234015414,0.00268956333164486,0.00236031639515607
gyroSystem,2.00387408140234,1,1.46789809516164,0.290478961497251,0.0843780270725217,1.89277577372972,0.212638074657243,0,0.0843216999516455,0.00520655021668343,0.013457917931408
input,1,1,1,0,0,NaN,NaN,0,0,0,0
error,0.784560432318641,-0.999778826502657,-0.0160105401690468,0.226905658922023,0.0514861780508373,10.7512967052192,-1.26922100810504,0,0.051451808105543,-0.014812835971844,0.0284617847441825
