signalsNamesOrdered,maxSignals,minSignals,meanSignals,standardDeviationSignals,varianceSignals,kurtosisSignals,skewnessSignals,firstMomentSignals,secondMomentSignals,thirdMomentSignals,fourthMomentSignals
compassSystem,1.79253782584511,0,0.979015266282341,0.249322632986985,0.062161775319563,9.37585794455285,-1.21201394207402,0,0.0621216191339561,-0.0187660023160791,0.0361823318008707
compassFilter,1.79243241676074,0,0.978973009484009,0.249407104173857,0.062203903612389,9.37510907435824,-1.21370271943855,0,0.0621637202121226,-0.0188112571670412,0.0362284975360873
fullSystem,1.79262472187775,0.00058462722702656,0.983653630410689,0.237658692202249,0.0564816539792831,9.38752592333546,-0.996280146593456,0,0.0564451671227074,-0.0133604664512553,0.0299091916622751
gyroFilter,1,-0.000372415925271152,0.00468062092667843,0.0581749389725473,0.0033843235244596,218.923812854588,14.3628229637804,0,0.00338213726895285,0.00282505334232369,0.0025042372053035
gyroSystem,2.00387408140234,1,1.45133575220676,0.292781401661699,0.0857209491589889,1.87961885485451,0.27010265304841,0,0.0856655738688345,0.00677233359761187,0.0137937531588388
input,1,1,1,0,0,NaN,NaN,0,0,0,0
error,0.79262472187775,-0.999415372772973,-0.0163463695893127,0.237658692202248,0.0564816539792831,9.38752592333545,-0.996280146593437,0,0.0564451671227073,-0.013360466451255,0.029909191662275
