signalsNamesOrdered,maxSignals,minSignals,meanSignals,standardDeviationSignals,varianceSignals,kurtosisSignals,skewnessSignals,firstMomentSignals,secondMomentSignals,thirdMomentSignals,fourthMomentSignals
compassSystem,1.79063221182254,0,0.97793633452954,0.245076405168936,0.0600624443705283,9.92140831218307,-1.31399716293848,0,0.0600230333177917,-0.0193228568366433,0.0357444979415723
compassFilter,1.79055220243623,0,0.977892878067115,0.245155841317423,0.0601013865320536,9.91969931087525,-1.31535794473332,0,0.0600619499267176,-0.019361682477993,0.035784698546352
fullSystem,1.79071631781347,0.00045121616315635,0.982574072002642,0.233217038183159,0.0543901868989251,9.99412730089943,-1.0980747027275,0,0.05435449779991,-0.0139150611023168,0.0295267639414502
gyroFilter,1,-0.000328954628523004,0.00468119393552605,0.0582735698071382,0.00339580893806741,217.354079109094,14.3184817044063,0,0.00339358071697944,0.00283063742313872,0.00250313436107651
gyroSystem,2.00387408140235,1,1.45591139394988,0.292756981457602,0.0857066501921665,1.88954690427096,0.260409941253147,0,0.0856504122327228,0.00652757312813463,0.0138617030814019
input,1,1,1,0,0,NaN,NaN,0,0,0,0
error,0.790716317813472,-0.999548783836844,-0.017425927997358,0.233217038183159,0.0543901868989251,9.99412730089943,-1.09807470272749,0,0.05435449779991,-0.0139150611023168,0.0295267639414502
