signalsNamesOrdered,maxSignals,minSignals,meanSignals,standardDeviationSignals,varianceSignals,kurtosisSignals,skewnessSignals,firstMomentSignals,secondMomentSignals,thirdMomentSignals,fourthMomentSignals
compassSystem,1.80651381719495,0,0.990040844824672,0.197756069152131,0.0391074628865025,13.3449384376316,-1.22384182431161,0,0.0390300223659351,-0.00943677262823836,0.0203289138287595
compassFilter,1.57443596584874,0,0.982653258613389,0.178133098473982,0.0317314007719412,18.2301799617023,-2.76156666007539,0,0.031668566314967,-0.0155631726331658,0.0182830127085287
fullSystem,1.59729177843946,0.486005560330942,1.00796078496191,0.123245434678399,0.0151894371690676,10.8609808639164,0.177385777668779,0,0.0151593590756635,0.00033108542020846,0.00249592038854959
gyroFilter,1,-0.0282623370600885,0.0253075263485198,0.110182480697464,0.0121401790526471,63.051602110066,7.62081057625448,0,0.012116139094127,0.0101635994840908,0.00925602730494795
gyroSystem,2.25540084428403,1,1.61547752673904,0.363998234723501,0.132494714881825,1.75167390163537,0.110332453709483,0,0.132232349109782,0.0053052987718488,0.0306287085942743
input,1,1,1,0,0,NaN,NaN,0,0,0,0
error,0.597291778439461,-0.513994439669058,0.0079607849619081,0.123245434678399,0.0151894371690676,10.8609808639164,0.177385777668785,0,0.0151593590756635,0.00033108542020847,0.00249592038854959
