signalsNamesOrdered,maxSignals,minSignals,meanSignals,standardDeviationSignals,varianceSignals,kurtosisSignals,skewnessSignals,firstMomentSignals,secondMomentSignals,thirdMomentSignals,fourthMomentSignals
compassSystem,1.79272722932004,0,0.979452016595564,0.241602545831086,0.0583717901520621,10.3978978689586,-1.34734506592002,0,0.058333812409608,-0.0189827608900928,0.035382316968202
compassFilter,1.79264161889606,0,0.979397047911041,0.241688025267958,0.058413101557925,10.3959519976427,-1.34946713761787,0,0.058375096937523,-0.0190328460681861,0.0354257860185422
fullSystem,1.79283440821274,0.000587159556876544,0.984111357978522,0.229443011752488,0.0526440956420521,10.4961603630395,-1.1171189349934,0,0.052609844441244,-0.0134803118630455,0.0290512278565927
gyroFilter,1,-0.000382613821779509,0.00471431006747925,0.0583865039079974,0.00340898383859859,217.331889616805,14.3100441898899,0,0.00340676589205429,0.00284547261736787,0.00252236561275105
gyroSystem,2.00387408140234,1,1.46345805776535,0.292946433920728,0.0858176131468716,1.87688836029027,0.230535546570396,0,0.0857617786555594,0.00579000006418858,0.0138046690676207
input,1,1,1,0,0,NaN,NaN,0,0,0,0
error,0.792834408212744,-0.999412840443124,-0.0158886420214804,0.229443011752488,0.0526440956420521,10.4961603630395,-1.11711893499337,0,0.052609844441244,-0.0134803118630451,0.0290512278565926
