signalsNamesOrdered,maxSignals,minSignals,meanSignals,standardDeviationSignals,varianceSignals,kurtosisSignals,skewnessSignals,firstMomentSignals,secondMomentSignals,thirdMomentSignals,fourthMomentSignals
compassSystem,1.80651381719495,0,0.987588514554919,0.220809921734414,0.0487570215363581,10.6677184456362,-1.06368202057397,0,0.0486366338288609,-0.0114092496369868,0.0252347242752782
compassFilter,1.62811177516972,0,0.979944440024283,0.204404792077965,0.041781319024436,13.3020139665676,-2.09091517502652,0,0.0416781552737584,-0.0177909503236183,0.0231065111375533
fullSystem,1.64726393917059,0.43582573301289,1.0060192325483,0.148832599978051,0.0221511428162264,8.77043511412204,0.155197064242472,0,0.0220964486364333,0.000509761720970129,0.00428219162713788
gyroFilter,1,-0.0263437646516551,0.0260747925240175,0.119340636307693,0.014242187474325,54.6290775720126,7.11400793582058,0,0.0142070215793267,0.0120467224763109,0.0110263036351836
gyroSystem,2.00387408140234,1,1.48766491326615,0.285499739845961,0.0815101014521113,1.9025065174426,0.171983733522379,0,0.081308841942353,0.0039874388507237,0.0125777136853033
input,1,1,1,0,0,NaN,NaN,0,0,0,0
error,0.64726393917059,-0.56417426698711,0.00601923254830035,0.148832599978051,0.0221511428162264,8.77043511412203,0.155197064242463,0,0.0220964486364333,0.000509761720970102,0.00428219162713788
