signalsNamesOrdered,maxSignals,minSignals,meanSignals,standardDeviationSignals,varianceSignals,kurtosisSignals,skewnessSignals,firstMomentSignals,secondMomentSignals,thirdMomentSignals,fourthMomentSignals
compassSystem,1.79609351671777,0,0.977986880264169,0.246792620109019,0.0609065973402743,9.63266095408885,-1.2515013537209,0,0.060867504530685,-0.0187935822433315,0.0356875938720719
compassFilter,1.79593080652067,0,0.9779062880627,0.246906049615659,0.0609625973368101,9.62986871934625,-1.25348700660348,0,0.0609234685837056,-0.0188493669172057,0.0357428854333818
fullSystem,1.79617485981813,0.00103786209153373,0.983057077525556,0.233558877030264,0.0545497490396381,9.60398545976558,-0.99235036518486,0,0.0545147363637462,-0.0126309468620763,0.0285416664301973
gyroFilter,1,-0.000466107430302509,0.00515078946285605,0.0598789446550395,0.00358548801300128,200.706016088786,13.6748921141763,0,0.00358318667281322,0.00293310803711629,0.00257691004708577
gyroSystem,2.00387408140234,1,1.45443644313239,0.293378667732289,0.086071042680373,1.89496528761623,0.270589991223908,0,0.0860157981086911,0.0068262008663995,0.0140203128813792
input,1,1,1,0,0,NaN,NaN,0,0,0,0
error,0.796174859818131,-0.998962137908466,-0.0169429224744464,0.233558877030264,0.0545497490396381,9.60398545976553,-0.992350365184827,0,0.0545147363637462,-0.0126309468620759,0.0285416664301972
