signalsNamesOrdered,maxSignals,minSignals,meanSignals,standardDeviationSignals,varianceSignals,kurtosisSignals,skewnessSignals,firstMomentSignals,secondMomentSignals,thirdMomentSignals,fourthMomentSignals
compassSystem,1.79058722199142,0,0.980017590804387,0.244113688220215,0.0595914927764764,9.6436802097163,-1.20073772769715,0,0.0595531209202134,-0.0174503822827638,0.0342020275341662
compassFilter,1.7903891071011,0,0.979836719763948,0.244327195829648,0.0596957786219793,9.63853713713696,-1.20566915952964,0,0.0596573396144958,-0.0175680668563571,0.034303536031384
fullSystem,1.79084431211293,0.00231328330490392,0.984858759394785,0.231778777638726,0.0537214017637022,9.6465450136832,-0.958647482108773,0,0.0536868097471125,-0.0119250533908865,0.0278039814532938
gyroFilter,1,-0.000845326303320126,0.00502203963083717,0.0610316660549383,0.00372486426144151,203.482366543715,13.8967114039781,0,0.00372246576545861,0.00315615342745938,0.00281960456239519
gyroSystem,2.00387408140235,1,1.45357788597761,0.291616353544536,0.0850400976546117,1.9104142901399,0.27299234145652,0,0.0849853390598567,0.00676342191885753,0.0137979822170666
input,1,1,1,0,0,NaN,NaN,0,0,0,0
error,0.790844312112931,-0.997686716695096,-0.0151412406052162,0.231778777638726,0.0537214017637022,9.64654501368317,-0.958647482108764,0,0.0536868097471126,-0.0119250533908864,0.0278039814532938
