signalsNamesOrdered,maxSignals,minSignals,meanSignals,standardDeviationSignals,varianceSignals,kurtosisSignals,skewnessSignals,firstMomentSignals,secondMomentSignals,thirdMomentSignals,fourthMomentSignals
compassSystem,1.80651381719495,0,0.987588514554919,0.220809921734414,0.0487570215363581,10.6677184456362,-1.06368202057397,0,0.0486366338288609,-0.0114092496369868,0.0252347242752782
compassFilter,1.54103226739135,0,0.977398256479878,0.195501683341916,0.0382209081895228,15.2597356176233,-2.62270279723379,0,0.0381265355767091,-0.0195249574379997,0.0221820509172802
fullSystem,1.57241644903255,0.514450831309761,1.00855572187623,0.130948664642424,0.0171475527716341,8.72484545793656,0.170459850553291,0,0.0171052131351609,0.000381342174166631,0.00255278784338158
gyroFilter,1,-0.0295301356711937,0.0311574653963523,0.124607775091342,0.0155270976132144,48.0453634187936,6.62284884784218,0,0.0154887591005892,0.0127664391946203,0.0115261623662547
gyroSystem,2.00387408140234,1,1.48766491326615,0.285499739845961,0.0815101014521113,1.9025065174426,0.171983733522379,0,0.081308841942353,0.0039874388507237,0.0125777136853033
input,1,1,1,0,0,NaN,NaN,0,0,0,0
error,0.572416449032549,-0.485549168690239,0.00855572187622968,0.130948664642424,0.0171475527716341,8.72484545793656,0.170459850553303,0,0.0171052131351609,0.00038134217416666,0.00255278784338158
