signalsNamesOrdered,maxSignals,minSignals,meanSignals,standardDeviationSignals,varianceSignals,kurtosisSignals,skewnessSignals,firstMomentSignals,secondMomentSignals,thirdMomentSignals,fourthMomentSignals
compassSystem,1.78762773499412,0,0.979931363008297,0.242648145212572,0.0588781223751013,9.88161297090838,-1.23703461412634,0,0.0588406442577397,-0.0176562301364091,0.0342123320590823
compassFilter,1.78757929753078,0,0.979793248900142,0.242860572400596,0.0589812576267449,9.87679323477517,-1.2401756767719,0,0.0589437138599552,-0.0177475926998515,0.0343155492062826
fullSystem,1.78798870676426,0.00201348706652818,0.984753829632407,0.230303683044637,0.0530397864239248,9.89845241097081,-0.991173455344891,0,0.0530060246248007,-0.0120958812252536,0.0278110744346519
gyroFilter,1,-0.000762702304651475,0.00496058073226354,0.0603747996266461,0.00364511642995767,206.781429043602,13.9919922952842,0,0.00364279617761524,0.00307632252642983,0.00274398211755015
gyroSystem,2.00387408140234,1,1.45699814591769,0.292117907463876,0.0853328718610734,1.8892474054206,0.254071089671441,0,0.0852785543105571,0.0063272499962608,0.0137394229570437
input,1,1,1,0,0,NaN,NaN,0,0,0,0
error,0.787988706764264,-0.997986512933472,-0.015246170367595,0.230303683044637,0.0530397864239247,9.89845241097079,-0.991173455344866,0,0.0530060246248006,-0.0120958812252532,0.0278110744346518
