signalsNamesOrdered,maxSignals,minSignals,meanSignals,standardDeviationSignals,varianceSignals,kurtosisSignals,skewnessSignals,firstMomentSignals,secondMomentSignals,thirdMomentSignals,fourthMomentSignals
compassSystem,1.78516690735854,0,0.972214667584372,0.259178856465901,0.0671736796389723,8.8731023124097,-1.29835647772108,0,0.0671170407859883,-0.0225758000066617,0.0399706388214227
compassFilter,1.78516745210017,0,0.97220970910203,0.259189569923931,0.0671792331573522,8.8727885434677,-1.29846100942598,0,0.0671225896218064,-0.0225804175337472,0.0399758344939199
fullSystem,1.78518578429239,-0.000364958580256572,0.976583614318512,0.248488464335661,0.0617465169078949,8.9639783076788,-1.14152689843405,0,0.0616944540774497,-0.0174926391719609,0.0341187450058942
gyroFilter,1,-0.000376050360228808,0.00437390521648122,0.05543670591249,0.00307322836242791,225.241156529968,14.5428484372438,0,0.00307063710748488,0.00247452712548623,0.00212375657496213
gyroSystem,2.25540084428403,1,1.53786964146374,0.383682715040112,0.147212425820551,1.74406888968893,0.309622474721219,0,0.147088300672305,0.0174662500505131,0.0377328749577271
input,1,1,1,0,0,NaN,NaN,0,0,0,0
error,0.785185784292393,-1.00036495858026,-0.0234163856814873,0.24848846433566,0.0617465169078948,8.96397830767883,-1.14152689843406,0,0.0616944540774497,-0.017492639171961,0.0341187450058943
