signalsNamesOrdered,maxSignals,minSignals,meanSignals,standardDeviationSignals,varianceSignals,kurtosisSignals,skewnessSignals,firstMomentSignals,secondMomentSignals,thirdMomentSignals,fourthMomentSignals
compassSystem,1.81056811081153,0,0.995054983048516,0.204203721534509,0.0416991598885431,10.6259206208838,-0.61066077650175,0,0.0416783519245269,-0.00519596039119394,0.0184581275251583
compassFilter,1.81017951022371,0,0.994894661734673,0.204574580480777,0.0418507589788859,10.6336563510644,-0.623534078289853,0,0.041829875366621,-0.00533445492812271,0.0186061176281072
fullSystem,1.81095960668308,0.0063711032702386,0.996873719677815,0.199221727177041,0.0396892965794034,10.2585522852249,-0.40518296615766,0,0.0396694915411901,-0.00320137191303919,0.0161435611935168
gyroFilter,1,-0.00253555805900341,0.0019790579431444,0.0379181708065073,0.00143778767731146,572.15098144235,23.4471293272201,0,0.00143707021839065,0.00127734044226338,0.0011815895072668
gyroSystem,2.00387408140233,1,1.49067240226422,0.282785510408017,0.0799676448967226,1.90132113231281,0.178820752207435,0,0.0799277408823031,0.00404077086781365,0.0121464831283256
input,1,1,1,0,0,NaN,NaN,0,0,0,0
error,0.810959606683079,-0.993628896729761,-0.00312628032218342,0.199221727177041,0.0396892965794034,10.2585522852249,-0.405182966157678,0,0.0396694915411901,-0.00320137191303933,0.0161435611935168
