signalsNamesOrdered,maxSignals,minSignals,meanSignals,standardDeviationSignals,varianceSignals,kurtosisSignals,skewnessSignals,firstMomentSignals,secondMomentSignals,thirdMomentSignals,fourthMomentSignals
compassSystem,1.78743299480807,0,0.978247395492022,0.242010442270948,0.0585690541681797,10.3419432901901,-1.3741162451429,0,0.0585304202274355,-0.0194578986646483,0.0354295336944269
compassFilter,1.78736175607981,0,0.978192685866425,0.24212228221932,0.0586231995470922,10.3392251717179,-1.37563611596578,0,0.0585845298903989,-0.0195064389663911,0.0354857421285589
fullSystem,1.78757705661364,0.000699655427986535,0.983012186710869,0.229630982492298,0.052730388120378,10.4363368135318,-1.14372401920625,0,0.0526956055424622,-0.0138351171530724,0.0289799002114844
gyroFilter,1,-0.000419404375394672,0.00481950084444391,0.0589489428305993,0.00347497786084527,213.719487982005,14.1829298897036,0,0.00347268565909009,0.00290244612021191,0.00257735992948917
gyroSystem,2.00387408140234,1,1.46115933758675,0.293385372810749,0.0860749769793023,1.88642933732126,0.243601282718691,0,0.086018199290002,0.00614561133673647,0.0139579370516676
input,1,1,1,0,0,NaN,NaN,0,0,0,0
error,0.787577056613643,-0.999300344572013,-0.016987813289131,0.229630982492298,0.052730388120378,10.4363368135318,-1.14372401920626,0,0.0526956055424622,-0.0138351171530724,0.0289799002114844
