signalsNamesOrdered,maxSignals,minSignals,meanSignals,standardDeviationSignals,varianceSignals,kurtosisSignals,skewnessSignals,firstMomentSignals,secondMomentSignals,thirdMomentSignals,fourthMomentSignals
compassSystem,1.80651381719495,0,0.987588514554919,0.220809921734414,0.0487570215363581,10.6677184456362,-1.06368202057397,0,0.0486366338288609,-0.0114092496369868,0.0252347242752782
compassFilter,1.60366148806113,0,0.979297070834137,0.201995154736067,0.0408020425368476,13.7728836775136,-2.22458654903553,0,0.040701296752806,-0.0182667664522634,0.0228160979122048
fullSystem,1.62600284572082,0.457226704022256,1.00666971804889,0.144079572861636,0.0207589233159914,8.75407199443508,0.161386666459786,0,0.0207076667152112,0.000480910656621139,0.00375381138349138
gyroFilter,1,-0.0271416921215979,0.0273726472147559,0.120731511972798,0.0145760979832379,52.8013281218877,6.98028130709013,0,0.0145401076178472,0.0122383919120337,0.0111629785041665
gyroSystem,2.00387408140234,1,1.48766491326615,0.285499739845961,0.0815101014521113,1.9025065174426,0.171983733522379,0,0.081308841942353,0.0039874388507237,0.0125777136853033
input,1,1,1,0,0,NaN,NaN,0,0,0,0
error,0.626002845720823,-0.542773295977744,0.00666971804889263,0.144079572861636,0.0207589233159914,8.75407199443508,0.161386666459766,0,0.0207076667152112,0.000480910656621082,0.00375381138349138
