signalsNamesOrdered,maxSignals,minSignals,meanSignals,standardDeviationSignals,varianceSignals,kurtosisSignals,skewnessSignals,firstMomentSignals,secondMomentSignals,thirdMomentSignals,fourthMomentSignals
compassSystem,1.78543322689824,0,0.972567559415351,0.243035821179327,0.0590664103763097,9.90598830755124,-1.4278514071383,0,0.0590277036853685,-0.0204770243441646,0.034515135922608
compassFilter,1.78516284937071,0,0.972458523198835,0.243214711284062,0.0591533957849896,9.90000000664662,-1.43016124918821,0,0.0591146320918146,-0.0205554738657479,0.0345959433239978
fullSystem,1.78550907627838,0.00165008666764288,0.97814948917935,0.228315988565018,0.0521281906344214,9.8954902725358,-1.15776115637944,0,0.0520940306143464,-0.0137657828995928,0.0268542630095285
gyroFilter,1,-0.0006508123819573,0.0056909659805163,0.0627256222966962,0.00393450369250779,180.82483482167,12.9614077221716,0,0.00393192538078269,0.00319565636919712,0.00279555867303467
gyroSystem,2.00387408140234,1,1.4571231257366,0.293169091429154,0.0859481161693958,1.88379331071153,0.262724357720043,0,0.0858917936817356,0.0066134465410467,0.0138974971883926
input,1,1,1,0,0,NaN,NaN,0,0,0,0
error,0.785509076278385,-0.998349913332357,-0.0218505108206495,0.228315988565018,0.0521281906344214,9.8954902725358,-1.15776115637944,0,0.0520940306143464,-0.0137657828995929,0.0268542630095285
