signalsNamesOrdered,maxSignals,minSignals,meanSignals,standardDeviationSignals,varianceSignals,kurtosisSignals,skewnessSignals,firstMomentSignals,secondMomentSignals,thirdMomentSignals,fourthMomentSignals
compassSystem,1.81032572373307,0,0.994537092419521,0.209726756440882,0.043985312367213,10.4645384621501,-0.62130224421462,0,0.043952165937396,-0.00572497170958241,0.0202153210044702
compassFilter,1.80974231072458,0,0.994211129650819,0.210255446127931,0.0442073526264555,10.4794351883745,-0.64104443142612,0,0.0441740388716503,-0.00595166934777848,0.0204490009005105
fullSystem,1.81123206820385,0.0135535429548659,0.99742685568963,0.201758580538389,0.0407065248208658,9.9725212773151,-0.309546078957408,0,0.0406758492181372,-0.00253939494248369,0.0164997828704954
gyroFilter,1,-0.00290713899130668,0.00321572603881032,0.0489420502222991,0.00239532427996205,348.391346379353,18.3008387401198,0,0.0023935192126825,0.00214302072477821,0.00199591110674026
gyroSystem,2.00387408140235,1,1.48051715172545,0.280941011709247,0.0789278520602151,1.93364551300054,0.215768866032612,0,0.0788683736487153,0.00477906686743447,0.0120277011928431
input,1,1,1,0,0,NaN,NaN,0,0,0,0
error,0.811232068203849,-0.986446457045134,-0.00257314431037033,0.201758580538389,0.0407065248208658,9.97252127731509,-0.309546078957405,0,0.0406758492181372,-0.00253939494248366,0.0164997828704954
