signalsNamesOrdered,maxSignals,minSignals,meanSignals,standardDeviationSignals,varianceSignals,kurtosisSignals,skewnessSignals,firstMomentSignals,secondMomentSignals,thirdMomentSignals,fourthMomentSignals
compassSystem,1.79076686731685,0,0.976205980364146,0.244988735519676,0.0600194805315299,9.81612919601906,-1.30122797168089,0,0.0599808579571853,-0.0191149163049729,0.0353155206106317
compassFilter,1.79067941745543,0,0.976147113559206,0.245072585434941,0.0600605721317667,9.81360253677463,-1.3023911682386,0,0.0600219231149509,-0.0191516546522272,0.035354791217411
fullSystem,1.79084638940306,0.000465722944658612,0.98074776718573,0.233377694047761,0.0544651480790504,9.87094967979247,-1.08893615305717,0,0.0544300997212131,-0.0138280554301138,0.0292440284636857
gyroFilter,1,-0.000324288887855628,0.00460065362652217,0.0577599840473987,0.00333621575715576,221.393914203653,14.4509595646503,0,0.00333406890016917,0.00278200907008161,0.00246101816663396
gyroSystem,2.00387408140234,1,1.46084180842431,0.295262830186002,0.0871801388894477,1.86896814466763,0.252681417272844,0,0.0871240384139719,0.00649800888605028,0.0141865859909818
input,1,1,1,0,0,NaN,NaN,0,0,0,0
error,0.790846389403059,-0.999534277055341,-0.0192522328142708,0.233377694047761,0.0544651480790503,9.87094967979248,-1.08893615305716,0,0.0544300997212131,-0.0138280554301137,0.0292440284636857
