signalsNamesOrdered,maxSignals,minSignals,meanSignals,standardDeviationSignals,varianceSignals,kurtosisSignals,skewnessSignals,firstMomentSignals,secondMomentSignals,thirdMomentSignals,fourthMomentSignals
compassSystem,1.809968230979,0,0.992050094406543,0.214858353824747,0.0461641122082802,10.3949915760259,-0.747710657103288,0,0.0461137147058694,-0.00740421009223981,0.0221046864265453
compassFilter,1.80945011030393,0,0.991443708045185,0.21577157587341,0.0465573729548949,10.4144013403511,-0.783647790298793,0,0.0465065461285249,-0.00785944798714481,0.0225248799273505
fullSystem,1.81239155417688,0.0323759363933864,0.996713463452184,0.202434630656336,0.0409797796889673,9.76645816730345,-0.304586043707686,0,0.0409350419382152,-0.00252262595225159,0.0163654357534635
gyroFilter,1,-0.00557773280926122,0.00526975540699896,0.0628173603025071,0.00394602075537499,212.742274519512,14.3126939191014,0,0.00394171287245428,0.00354200249131406,0.00330539807191173
gyroSystem,2.00387408140235,1,1.47901905533518,0.283288101303274,0.0802521483400143,1.91778762810745,0.212775878087744,0,0.0801645368243593,0.00482942941422933,0.0123243802087172
input,1,1,1,0,0,NaN,NaN,0,0,0,0
error,0.812391554176878,-0.967624063606614,-0.00328653654781615,0.202434630656336,0.0409797796889673,9.76645816730345,-0.304586043707688,0,0.0409350419382152,-0.0025226259522516,0.0163654357534635
