signalsNamesOrdered,maxSignals,minSignals,meanSignals,standardDeviationSignals,varianceSignals,kurtosisSignals,skewnessSignals,firstMomentSignals,secondMomentSignals,thirdMomentSignals,fourthMomentSignals
compassSystem,1.81065119256313,0,0.996333781316344,0.181999055035561,0.0331236560338371,13.4103084212867,-0.679970974843879,0,0.0331102943331376,-0.00409670731167494,0.0147016083526532
compassFilter,1.8103466459402,0,0.99619834277166,0.182354090365513,0.0332530142730337,13.42264084308,-0.696311035848483,0,0.033239600390713,-0.00421975240524876,0.0148302870691069
fullSystem,1.81122305255934,0.00720811857943757,0.997839395921384,0.177429328534734,0.0314811666242866,12.9317499993361,-0.437013296971634,0,0.0314684674848658,-0.00243954054993779,0.0128058522469123
gyroFilter,1,-0.00228134196314267,0.00164105314972278,0.0343712949971152,0.00118138591977871,700.207812189762,25.9487201222475,0,0.00118090936232822,0.00105303011246316,0.0009764726492737
gyroSystem,2.25540084428403,1,1.61741438092032,0.360712847608621,0.130113758429921,1.75281630569921,0.118544943606931,0,0.130061272040881,0.00556038714011183,0.0296505257912581
input,1,1,1,0,0,NaN,NaN,0,0,0,0
error,0.811223052559338,-0.992791881420562,-0.00216060407861618,0.177429328534734,0.0314811666242867,12.931749999336,-0.437013296971623,0,0.0314684674848658,-0.00243954054993774,0.0128058522469122
