signalsNamesOrdered,maxSignals,minSignals,meanSignals,standardDeviationSignals,varianceSignals,kurtosisSignals,skewnessSignals,firstMomentSignals,secondMomentSignals,thirdMomentSignals,fourthMomentSignals
compassSystem,1.79051453622671,0,0.981237031711961,0.245566992625338,0.060303147867053,9.94840916391925,-1.28086283027606,0,0.0602636566110824,-0.0189489802259184,0.0361297202133663
compassFilter,1.79037077123254,0,0.981177356991945,0.245656027292981,0.0603468837453696,9.94658417784762,-1.28347315751239,0,0.0603073638476975,-0.0190082575532562,0.036175509165394
fullSystem,1.79058332550782,0.000686442868383591,0.985960082795229,0.233394900742529,0.0544731796926149,10.0014718632081,-1.05164569136083,0,0.0544375063594829,-0.0133572416031802,0.0296387827677816
gyroFilter,1,-0.000404305746375178,0.00478272580328332,0.0587238339126695,0.00344848866940279,215.317729004565,14.2370199350968,0,0.00344623032711765,0.00288028553302827,0.00255722175514673
gyroSystem,2.00387408140234,1,1.45666019657744,0.291971664409639,0.085247452818135,1.88341167994725,0.254365926266985,0,0.0851916260644886,0.0063249092169413,0.0136690733780958
input,1,1,1,0,0,NaN,NaN,0,0,0,0
error,0.790583325507825,-0.999313557131616,-0.0140399172047719,0.233394900742529,0.0544731796926149,10.0014718632081,-1.05164569136082,0,0.0544375063594829,-0.0133572416031801,0.0296387827677816
