signalsNamesOrdered,maxSignals,minSignals,meanSignals,standardDeviationSignals,varianceSignals,kurtosisSignals,skewnessSignals,firstMomentSignals,secondMomentSignals,thirdMomentSignals,fourthMomentSignals
compassSystem,1.80990102687526,0,0.992686064324375,0.214565725542221,0.0460384505774595,10.4427084625127,-0.691473486903654,0,0.0459892115928847,-0.00681960906291876,0.0220864075845952
compassFilter,1.80952319216828,0,0.992057607756896,0.215548577124845,0.0464611891005453,10.4657338302472,-0.721497831794755,0,0.0464114979892078,-0.00721395467572337,0.0225434747690002
fullSystem,1.81240337426481,0.0316322384554486,0.997233907898232,0.202507810628535,0.0410094133655626,9.8339167836051,-0.23955745497419,0,0.0409655530304123,-0.00198626835622745,0.0165030483942494
gyroFilter,1,-0.00547325956408518,0.00517630014133639,0.0620660056866361,0.00385218906189354,217.844708722021,14.4833869406461,0,0.00384806907359205,0.00345727895193904,0.00322576506308414
gyroSystem,2.00387408140234,1,1.47901371897325,0.281112490692133,0.0790242324231344,1.94094154574183,0.215017667893016,0,0.0789397145274947,0.00476889185970177,0.0120949355696587
input,1,1,1,0,0,NaN,NaN,0,0,0,0
error,0.812403374264812,-0.968367761544551,-0.0027660921017685,0.202507810628535,0.0410094133655626,9.83391678360512,-0.23955745497418,0,0.0409655530304123,-0.00198626835622737,0.0165030483942494
