signalsNamesOrdered,maxSignals,minSignals,meanSignals,standardDeviationSignals,varianceSignals,kurtosisSignals,skewnessSignals,firstMomentSignals,secondMomentSignals,thirdMomentSignals,fourthMomentSignals
compassSystem,1.7898319761637,0,0.977490892757392,0.2458517907767,0.0604431030281104,9.63687143209095,-1.26548126984004,0,0.0604047508053768,-0.0187872133438538,0.0351623796755969
compassFilter,1.78977018612643,0,0.97743050705088,0.245934415430319,0.0604837366930529,9.63393691059491,-1.26658143987104,0,0.060445358687537,-0.0188225109430456,0.0351989506149959
fullSystem,1.78993078945408,0.000436632666475281,0.98194846545642,0.234473807209412,0.0549779662672764,9.66227067183951,-1.05471590879394,0,0.0549430817709139,-0.0135832914711856,0.0291679045581109
gyroFilter,1,-0.000310557882450269,0.00451795840554132,0.0572582592988487,0.0032785082579342,225.131127683683,14.5746234807397,0,0.00327642798619693,0.00273336912423572,0.00241677823157277
gyroSystem,2.00387408140234,1,1.45389876866429,0.293188352935618,0.0859594102971007,1.89539461788199,0.279200402355162,0,0.0859048675240696,0.00702979561471045,0.0139873418112801
input,1,1,1,0,0,NaN,NaN,0,0,0,0
error,0.789930789454079,-0.999563367333525,-0.0180515345435791,0.234473807209412,0.0549779662672764,9.66227067183952,-1.05471590879394,0,0.0549430817709139,-0.0135832914711857,0.0291679045581109
