signalsNamesOrdered,maxSignals,minSignals,meanSignals,standardDeviationSignals,varianceSignals,kurtosisSignals,skewnessSignals,firstMomentSignals,secondMomentSignals,thirdMomentSignals,fourthMomentSignals
compassSystem,1.79047068625069,0,0.975483346974152,0.243794455396158,0.0594357364819093,10.0311160411843,-1.37190076140844,0,0.0593962967098576,-0.0198591999848977,0.0353889755344249
compassFilter,1.79043237524771,0,0.975447384552378,0.243872845899438,0.0594739649670912,10.0285912430864,-1.37297013357475,0,0.0594344998277633,-0.0198938577598562,0.0354255951137348
fullSystem,1.7905780268176,0.000373654023469541,0.980120995106832,0.231939008383326,0.0537957036098405,10.1252369387371,-1.16303376781526,0,0.0537600063944391,-0.0144971052484367,0.0292633349469587
gyroFilter,1,-0.000288727884306672,0.00467361055445316,0.0582732973028555,0.00339577717854699,216.727150293239,14.3013631395321,0,0.00339352384266209,0.00282718215976342,0.00249583074501164
gyroSystem,2.00387408140235,1,1.45772921231843,0.292294133926465,0.0854358607278224,1.89030990693784,0.255594555867806,0,0.0853791680531523,0.00637645761393714,0.013779607516116
input,1,1,1,0,0,NaN,NaN,0,0,0,0
error,0.790578026817598,-0.99962634597653,-0.0198790048931691,0.231939008383326,0.0537957036098405,10.1252369387371,-1.16303376781525,0,0.0537600063944391,-0.0144971052484366,0.0292633349469586
