signalsNamesOrdered,maxSignals,minSignals,meanSignals,standardDeviationSignals,varianceSignals,kurtosisSignals,skewnessSignals,firstMomentSignals,secondMomentSignals,thirdMomentSignals,fourthMomentSignals
compassSystem,1.79290824563632,0,0.978513605562419,0.245586181699808,0.0603125726418912,9.97065565360002,-1.30946197364347,0,0.0602726833742709,-0.0193764263346422,0.0362213615765294
compassFilter,1.79289458607939,0,0.978471601484777,0.245667141137966,0.0603523442349013,9.9682978272531,-1.31043930467607,0,0.0603124286633174,-0.0194100715430039,0.036260571036192
fullSystem,1.7930448397959,0.000392449980879348,0.983145149798339,0.233761913148816,0.0546446320389947,10.0629347547346,-1.0947225138357,0,0.0546084914093393,-0.0139699328440898,0.0300085502750016
gyroFilter,1,-0.000290058018396211,0.00467354831355881,0.0582687436488803,0.00339524648641893,216.93297485953,14.3073485743741,0,0.00339300095302844,0.00282771171166226,0.00249743121244881
gyroSystem,2.00387408140235,1,1.45525138436301,0.291389132117086,0.0849076263159489,1.90199179430353,0.260996704552322,0,0.0848514704784383,0.00645095605446916,0.0136939073454119
input,1,1,1,0,0,NaN,NaN,0,0,0,0
error,0.793044839795897,-0.999607550019121,-0.0168548502016634,0.233761913148816,0.0546446320389948,10.0629347547345,-1.09472251383567,0,0.0546084914093394,-0.0139699328440895,0.0300085502750014
