signalsNamesOrdered,maxSignals,minSignals,meanSignals,standardDeviationSignals,varianceSignals,kurtosisSignals,skewnessSignals,firstMomentSignals,secondMomentSignals,thirdMomentSignals,fourthMomentSignals
compassSystem,1.79178646140189,0,0.979070661079729,0.24962046489488,0.062310376494336,9.71518519289363,-1.29321029568714,0,0.0622693828255898,-0.0200946754122192,0.0376703977851241
compassFilter,1.79178731907154,0,0.978998746316403,0.249741844853659,0.0623709890709091,9.71123580797734,-1.2947739963715,0,0.0623299555254677,-0.0201483364401761,0.0377283779277391
fullSystem,1.79201614672841,0.000781623142213927,0.984306686098182,0.236004292094224,0.055698025886896,9.74295973487167,-1.03949864286504,0,0.0556613824488125,-0.0136506995993788,0.0301855355116311
gyroFilter,1,-0.000444130107338347,0.00530793978177928,0.0604373466753129,0.00365267287315196,195.741080186678,13.4776510115055,0,0.00365026979889331,0.00297236168527413,0.002608146073341
gyroSystem,2.00387408140233,1,1.45843097004846,0.294701314396571,0.0868488647070663,1.87560717218579,0.248814432459632,0,0.0867917272960748,0.00636199121964264,0.0141285810722184
input,1,1,1,0,0,NaN,NaN,0,0,0,0
error,0.792016146728409,-0.999218376857786,-0.0156933139018187,0.236004292094224,0.055698025886896,9.74295973487166,-1.03949864286503,0,0.0556613824488126,-0.0136506995993787,0.030185535511631
