signalsNamesOrdered,maxSignals,minSignals,meanSignals,standardDeviationSignals,varianceSignals,kurtosisSignals,skewnessSignals,firstMomentSignals,secondMomentSignals,thirdMomentSignals,fourthMomentSignals
compassSystem,1.78919620348748,0,0.981570221747904,0.244024255721341,0.0595478373803546,9.64693125692888,-1.13088974149191,0,0.0595094689284343,-0.0164172108656684,0.0341634194333924
compassFilter,1.78904296220786,0,0.981424379445528,0.244280807054165,0.0596731126950344,9.64584934764247,-1.13631398634289,0,0.0596346635244834,-0.0165480380951203,0.0343034674176828
fullSystem,1.7896093408614,0.00314778383670694,0.986545671772454,0.231469945014721,0.0535783354451179,9.63070931754934,-0.869243772672797,0,0.0535438133217641,-0.0107697478365174,0.0276106652415118
gyroFilter,1,-0.00104160941138098,0.00512129232692488,0.0615010248701689,0.00378237606008114,200.937593218577,13.8045426694915,0,0.00377993896210428,0.00320810965231959,0.0028709839857455
gyroSystem,2.00387408140233,1,1.45174274363947,0.288291387826559,0.0831119242949633,1.91657050244651,0.270807792013743,0,0.0830583727973505,0.00648240683908116,0.0132218320683815
input,1,1,1,0,0,NaN,NaN,0,0,0,0
error,0.789609340861405,-0.996852216163293,-0.0134543282275457,0.231469945014721,0.0535783354451179,9.63070931754935,-0.869243772672797,0,0.0535438133217641,-0.0107697478365174,0.0276106652415118
