signalsNamesOrdered,maxSignals,minSignals,meanSignals,standardDeviationSignals,varianceSignals,kurtosisSignals,skewnessSignals,firstMomentSignals,secondMomentSignals,thirdMomentSignals,fourthMomentSignals
compassSystem,1.81038420130192,0,0.994373468444827,0.206205651576414,0.0425207707420535,10.7104013473468,-0.670298835887287,0,0.0424940449276337,-0.00587165559978611,0.0193402414101837
compassFilter,1.81047094268334,0,0.99414560094562,0.206694982506869,0.042722815793515,10.718383971947,-0.687294235648896,0,0.0426959629866052,-0.00606349357113311,0.0195390272067185
fullSystem,1.81157084992402,0.00938762414993433,0.996698498770409,0.199796202598793,0.0399185225728979,10.2866971170193,-0.417086459151193,0,0.0398934323638641,-0.00332336618308269,0.0163711338901311
gyroFilter,1,-0.00262765215520844,0.00255289782478719,0.0435346931107969,0.00189526950425127,439.58563401934,20.5591964701562,0,0.00189407826006255,0.00169473974961343,0.00157702772890233
gyroSystem,2.00387408140235,1,1.48990604325606,0.282883450202467,0.0800230463984514,1.90256827590834,0.180184598849492,0,0.079972749071991,0.00407502901181175,0.0121681428985064
input,1,1,1,0,0,NaN,NaN,0,0,0,0
error,0.81157084992402,-0.990612375850066,-0.00330150122959257,0.199796202598793,0.039918522572898,10.2866971170193,-0.41708645915117,0,0.0398934323638641,-0.0033233661830825,0.016371133890131
