signalsNamesOrdered,maxSignals,minSignals,meanSignals,standardDeviationSignals,varianceSignals,kurtosisSignals,skewnessSignals,firstMomentSignals,secondMomentSignals,thirdMomentSignals,fourthMomentSignals
compassSystem,1.8102926954869,0,0.99384349334085,0.209077891376228,0.0437135646623299,10.4830843738321,-0.620498459640605,0,0.0436809912162328,-0.00566473287337894,0.0200020289279685
compassFilter,1.80982058942129,0,0.993498525958767,0.209610411629295,0.0439365246634024,10.4945080500909,-0.641061607037771,0,0.043903785077215,-0.00589729310491493,0.0202286086471146
fullSystem,1.81129054929136,0.0133235927316183,0.996670571076427,0.201209454325087,0.0404852445097994,9.98516605824087,-0.311564632801315,0,0.0404550766673927,-0.00253517355380435,0.0163418548563374
gyroFilter,1,-0.00287249148417756,0.00317204511765994,0.0486001890283583,0.00236197837359216,353.350143997695,18.4307050542392,0,0.0023602183300947,0.00211334410868789,0.00196838311255337
gyroSystem,2.00387408140234,1,1.4804647399751,0.281240831332157,0.0790964052084026,1.93804060421594,0.220618610146604,0,0.0790374660092905,0.00490220711961404,0.0121067866136136
input,1,1,1,0,0,NaN,NaN,0,0,0,0
error,0.811290549291358,-0.986676407268382,-0.0033294289235742,0.201209454325088,0.0404852445097995,9.98516605824083,-0.311564632801291,0,0.0404550766673928,-0.00253517355380417,0.0163418548563374
