signalsNamesOrdered,maxSignals,minSignals,meanSignals,standardDeviationSignals,varianceSignals,kurtosisSignals,skewnessSignals,firstMomentSignals,secondMomentSignals,thirdMomentSignals,fourthMomentSignals
compassSystem,1.78761082082862,0,0.983280375082257,0.238053826180575,0.0566696241592116,10.2239593987486,-1.23423097926345,0,0.0566338704531175,-0.0166345404562204,0.0327922791440228
compassFilter,1.78756973030879,0,0.983135751403509,0.238403152884867,0.0568360633054451,10.2149530221512,-1.23955541997402,0,0.0568002045904259,-0.0167799552648622,0.0329561274491612
fullSystem,1.78821961097394,0.00384427456662405,0.988384546749309,0.224938709175282,0.050597422885442,10.2076393239455,-0.951478715619407,0,0.050565500221161,-0.0108188360493437,0.0260996048454706
gyroFilter,1,-0.00120080988438453,0.00524879534580002,0.0623051004845051,0.00388192554638428,195.596319925342,13.6306282469661,0,0.0038794763820017,0.00329363555061717,0.00294379053054457
gyroSystem,2.00387408140234,1,1.45628044332262,0.284733129170921,0.0810729548474642,1.93126319568605,0.2425910055211,0,0.0810218047182229,0.00559470978921047,0.012677840670374
input,1,1,1,0,0,NaN,NaN,0,0,0,0
error,0.788219610973944,-0.996155725433376,-0.0116154532506905,0.224938709175282,0.050597422885442,10.2076393239455,-0.951478715619412,0,0.050565500221161,-0.0108188360493438,0.0260996048454706
