signalsNamesOrdered,maxSignals,minSignals,meanSignals,standardDeviationSignals,varianceSignals,kurtosisSignals,skewnessSignals,firstMomentSignals,secondMomentSignals,thirdMomentSignals,fourthMomentSignals
compassSystem,1.81064632785614,0,0.994829704862327,0.203981101552399,0.0416082897905301,10.6528024108094,-0.606794015780588,0,0.0415874125753818,-0.0051461701393428,0.0184241590278181
compassFilter,1.810335574179,0,0.994655710717458,0.204391270887557,0.0417757916150306,10.6609466194629,-0.621005762559332,0,0.0417548303548123,-0.00529853387795789,0.0185869964445586
fullSystem,1.81118953760878,0.00704459111314774,0.996644359378601,0.198956649179753,0.0395837482528353,10.2825262349146,-0.399768526341432,0,0.0395638868638474,-0.00314598774258023,0.0160952500764115
gyroFilter,1,-0.00253144388505966,0.0019886486611453,0.0382709679266299,0.00146466698604113,563.788290121635,23.2793631728142,0,0.00146393208037829,0.00130392462614314,0.00120825306984786
gyroSystem,2.00387408140234,1,1.49072833113444,0.282880102909432,0.0800211526220506,1.90070194452564,0.17882818837506,0,0.0799810015168715,0.00404497865289931,0.0121587154583959
input,1,1,1,0,0,NaN,NaN,0,0,0,0
error,0.811189537608781,-0.992955408886852,-0.00335564062139808,0.198956649179753,0.0395837482528353,10.2825262349146,-0.399768526341449,0,0.0395638868638474,-0.00314598774258036,0.0160952500764115
