signalsNamesOrdered,maxSignals,minSignals,meanSignals,standardDeviationSignals,varianceSignals,kurtosisSignals,skewnessSignals,firstMomentSignals,secondMomentSignals,thirdMomentSignals,fourthMomentSignals
compassSystem,1.78876226736459,0,0.978280243430942,0.244002687179553,0.0595373113508428,9.93475475085541,-1.355320514994,0,0.0594983980754501,-0.0196697989840539,0.0351696216796337
compassFilter,1.7886929006448,0,0.978236676697901,0.244106021046142,0.0595877495109795,9.93212129010272,-1.35641686550484,0,0.0595488032694691,-0.0197107313257131,0.0352198977322213
fullSystem,1.78887687945658,0.00054301305582363,0.982953506727692,0.232013184459802,0.053830117763178,9.9850540817476,-1.13805611902666,0,0.0537949346796727,-0.0141995883738297,0.0288956980538435
gyroFilter,1,-0.00036721678630669,0.00471683002979304,0.0584246224365394,0.00341343650685219,216.797470758849,14.2949711702417,0,0.00341120550259934,0.00284803360354539,0.00252272539120607
gyroSystem,2.00387408140235,1,1.45672227600576,0.291314061490046,0.0848638824218262,1.89433375721317,0.257794538990046,0,0.0848084158320081,0.00636696026628537,0.0136249337857744
input,1,1,1,0,0,NaN,NaN,0,0,0,0
error,0.788876879456585,-0.999456986944176,-0.0170464932723062,0.232013184459802,0.053830117763178,9.98505408174765,-1.13805611902668,0,0.0537949346796726,-0.0141995883738299,0.0288956980538436
