signalsNamesOrdered,maxSignals,minSignals,meanSignals,standardDeviationSignals,varianceSignals,kurtosisSignals,skewnessSignals,firstMomentSignals,secondMomentSignals,thirdMomentSignals,fourthMomentSignals
compassSystem,1.79092524877053,0,0.9787574887722,0.244607178737216,0.0598326718897803,10.0583196513373,-1.27571099036634,0,0.0597935143819991,-0.0186523440232664,0.0359611517925426
compassFilter,1.79087183743415,0,0.978691456271658,0.244686898415423,0.0598716782561597,10.0565285753542,-1.27806578915706,0,0.0598324952206517,-0.0187050503747766,0.0360016430438536
fullSystem,1.79106109806995,0.000568593371281909,0.983424341081127,0.232564128454244,0.0540860738436822,10.1373560939626,-1.04763719001491,0,0.0540506771984965,-0.0131647500051454,0.0296160395476908
gyroFilter,1,-0.000370856604051895,0.00473288480946896,0.0585198945337104,0.00342457805623659,216.227138179342,14.2745287340839,0,0.0034223368402312,0.00285789262455904,0.00253253645158376
gyroSystem,2.00387408140233,1,1.45926418388271,0.292392129826204,0.0854931575843038,1.89516317118699,0.246444097796932,0,0.0854372065649423,0.00615444623393674,0.0138337743940846
input,1,1,1,0,0,NaN,NaN,0,0,0,0
error,0.791061098069947,-0.999431406628718,-0.0165756589188732,0.232564128454244,0.0540860738436821,10.1373560939626,-1.04763719001491,0,0.0540506771984965,-0.0131647500051454,0.0296160395476907
