signalsNamesOrdered,maxSignals,minSignals,meanSignals,standardDeviationSignals,varianceSignals,kurtosisSignals,skewnessSignals,firstMomentSignals,secondMomentSignals,thirdMomentSignals,fourthMomentSignals
compassSystem,1.79584102659883,0,0.975320557404335,0.245138320929072,0.0600927963879247,9.84559890308484,-1.28780831040884,0,0.0600541017347451,-0.018952444623178,0.0355081045467822
compassFilter,1.79582969264279,0,0.975273442254307,0.245213437325944,0.0601296298452045,9.84351906585428,-1.28890971557204,0,0.0600909114744091,-0.0189860965327717,0.0355441366525366
fullSystem,1.79598200666573,0.000400883468298262,0.979830788486689,0.233653041742941,0.0545937439157286,9.91693587969051,-1.07761976614149,0,0.0545585901849393,-0.0137328367688133,0.0295191456662924
gyroFilter,1,-0.000307949552438069,0.0045573462323811,0.0575366034036044,0.00331046073122366,222.641747157757,14.495080624536,0,0.00330832907589126,0.0027582503888298,0.00243682311204339
gyroSystem,2.00387408140234,1,1.46070680031188,0.292990626360939,0.0858435071353752,1.89114500816282,0.247131434528943,0,0.0857882312132017,0.00620968486222505,0.0139181097874427
input,1,1,1,0,0,NaN,NaN,0,0,0,0
error,0.795982006665731,-0.999599116531702,-0.0201692115133113,0.233653041742941,0.0545937439157286,9.9169358796905,-1.07761976614148,0,0.0545585901849393,-0.0137328367688132,0.0295191456662924
