signalsNamesOrdered,maxSignals,minSignals,meanSignals,standardDeviationSignals,varianceSignals,kurtosisSignals,skewnessSignals,firstMomentSignals,secondMomentSignals,thirdMomentSignals,fourthMomentSignals
compassSystem,1.79054369247049,0,0.975195123118821,0.245758448114316,0.0603972148195571,9.64156145707386,-1.32443078861208,0,0.0603580721009443,-0.0196395850364565,0.0351251423444154
compassFilter,1.79040688742752,0,0.975097047201258,0.245906918412109,0.0604702125229398,9.63875152210286,-1.32765719764039,0,0.0604310224953812,-0.0197231314019464,0.0351998384186118
fullSystem,1.79074594879079,0.00160908259375253,0.980707325472025,0.23132127202292,0.0535095308903017,9.60252138250833,-1.05030496978305,0,0.0534748519979555,-0.0129879260542724,0.0274589840876028
gyroFilter,1,-0.000638024571527618,0.00561027827076526,0.0622892975000425,0.0038799565830488,183.373236976696,13.0521343492439,0,0.00387744202920366,0.0031513707933387,0.00275693532672468
gyroSystem,2.00387408140234,1,1.46065337848373,0.294230505078973,0.0865715901190277,1.85954107623546,0.233333018908995,0,0.0865154840982117,0.00593768239245925,0.0139185329072823
input,1,1,1,0,0,NaN,NaN,0,0,0,0
error,0.79074594879079,-0.998390917406248,-0.0192926745279768,0.23132127202292,0.0535095308903017,9.60252138250832,-1.05030496978303,0,0.0534748519979554,-0.0129879260542722,0.0274589840876027
