signalsNamesOrdered,maxSignals,minSignals,meanSignals,standardDeviationSignals,varianceSignals,kurtosisSignals,skewnessSignals,firstMomentSignals,secondMomentSignals,thirdMomentSignals,fourthMomentSignals
compassSystem,1.78683919255344,0,0.974717982354731,0.246969512804372,0.0609939402548286,9.84972686222676,-1.3279297472203,0,0.0609541009731468,-0.0199838653565603,0.036595699073884
compassFilter,1.78679571057791,0,0.974650752788433,0.247081256651047,0.0610491473882607,9.84538014122966,-1.32981500347878,0,0.0610092720470534,-0.0200394128729368,0.0366457973449386
fullSystem,1.78701785316629,0.000746693036289809,0.979910666272463,0.233414590126737,0.0544823708840325,9.88360715954171,-1.07588085251505,0,0.0544467847502088,-0.013668552841866,0.0292994826646506
gyroFilter,1,-0.000431708202886627,0.00525991348403307,0.0601699168214382,0.00362041889029879,197.440353226201,13.5379497928751,0,0.00361805414902492,0.00294622216646335,0.0025845565803851
gyroSystem,2.00387408140234,1,1.45647097653054,0.293451711934891,0.0861139072375184,1.88197025971919,0.254791464317947,0,0.0860576604006552,0.00643234274015594,0.0139377229052925
input,1,1,1,0,0,NaN,NaN,0,0,0,0
error,0.787017853166287,-0.99925330696371,-0.0200893337275343,0.233414590126737,0.0544823708840326,9.88360715954175,-1.07588085251509,0,0.0544467847502089,-0.0136685528418664,0.0292994826646507
