signalsNamesOrdered,maxSignals,minSignals,meanSignals,standardDeviationSignals,varianceSignals,kurtosisSignals,skewnessSignals,firstMomentSignals,secondMomentSignals,thirdMomentSignals,fourthMomentSignals
compassSystem,1.78809877549758,0,0.978769885835297,0.240999816356405,0.0580809114838212,10.072734069301,-1.34334362444947,0,0.058043172100141,-0.0187851136485181,0.033935140068731
compassFilter,1.78793702877922,0,0.978669440617492,0.241175337432109,0.0581655433854918,10.0715852263339,-1.34772537097112,0,0.0581277490103226,-0.0188875950099599,0.0340302267329661
fullSystem,1.78833508563226,0.00188688880737438,0.983721120594744,0.228268647618564,0.0521065754856082,10.1138254157956,-1.10353609186915,0,0.052072718061641,-0.0131129955127518,0.0274243250144967
gyroFilter,1,-0.000741274474293618,0.00505167997724974,0.0608832719732917,0.00370677280617381,202.980214296849,13.8573534846553,0,0.00370436424684556,0.00312428627736637,0.00278535833244075
gyroSystem,2.00387408140234,1,1.4577691373189,0.290192407756253,0.0842116335193714,1.90787696422012,0.254411970445825,0,0.0841569151090274,0.00621115336275152,0.0135123217892253
input,1,1,1,0,0,NaN,NaN,0,0,0,0
error,0.788335085632256,-0.998113111192626,-0.0162788794052577,0.228268647618564,0.0521065754856083,10.1138254157955,-1.10353609186913,0,0.052072718061641,-0.0131129955127515,0.0274243250144966
