signalsNamesOrdered,maxSignals,minSignals,meanSignals,standardDeviationSignals,varianceSignals,kurtosisSignals,skewnessSignals,firstMomentSignals,secondMomentSignals,thirdMomentSignals,fourthMomentSignals
compassSystem,1.78958742764102,0,0.976885163832218,0.248044983404145,0.0615263137919628,9.45627687087576,-1.21854350786819,0,0.0614859421949864,-0.018578249407787,0.0357496541205792
compassFilter,1.78949410134282,0,0.976816399944663,0.248167206322187,0.0615869622937591,9.45544823138813,-1.22101726028928,0,0.0615465509011779,-0.0186434972486723,0.0358170291982495
fullSystem,1.78976872155771,0.00102913384121471,0.981778545688123,0.235741850204423,0.0555742199378047,9.47587646005949,-0.988563643637544,0,0.0555377539142235,-0.0129385944990707,0.0292277923810192
gyroFilter,1,-0.000522310592144137,0.00496214574346109,0.060037314698004,0.00360447915614716,206.54876193212,13.9564188655787,0,0.00360211401234392,0.00301724222850957,0.00268001673346953
gyroSystem,2.00387408140233,1,1.45577688324299,0.296629306987477,0.0879889457638707,1.86444146311456,0.27466320317711,0,0.0879312102351542,0.00716168238448562,0.0144156707227476
input,1,1,1,0,0,NaN,NaN,0,0,0,0
error,0.789768721557709,-0.998970866158785,-0.0182214543118777,0.235741850204423,0.0555742199378047,9.47587646005948,-0.988563643637535,0,0.0555377539142235,-0.0129385944990706,0.0292277923810191
