signalsNamesOrdered,maxSignals,minSignals,meanSignals,standardDeviationSignals,varianceSignals,kurtosisSignals,skewnessSignals,firstMomentSignals,secondMomentSignals,thirdMomentSignals,fourthMomentSignals
compassSystem,1.78923838734736,0,0.976911298366711,0.243782652658729,0.0594299817373265,9.76894555246816,-1.33581067795382,0,0.0593906761938494,-0.0193340267745708,0.0344575368287042
compassFilter,1.78910510286947,0,0.976796674545541,0.243949263539035,0.0595112431812375,9.7659166180019,-1.33990229244391,0,0.0594718838934192,-0.0194330368399267,0.0345411190602428
fullSystem,1.78947834248717,0.00167915597152593,0.981919225087808,0.231005244739152,0.0533634230969953,9.79553455124705,-1.10405528773372,0,0.0533281298277513,-0.013596444444995,0.027857417180557
gyroFilter,1,-0.000699047194733016,0.00512255054226814,0.0611921756226009,0.00374448235742723,200.385969744104,13.7600611780388,0,0.00374200584793158,0.00314975705678212,0.00280592613612704
gyroSystem,2.00387408140233,1,1.45619490875137,0.293757402573541,0.0862934115667532,1.8911494071599,0.274643990903065,0,0.0862363392046059,0.00695513508544777,0.01406392252024
input,1,1,1,0,0,NaN,NaN,0,0,0,0
error,0.789478342487166,-0.998320844028474,-0.0180807749121912,0.231005244739152,0.0533634230969953,9.79553455124708,-1.10405528773373,0,0.0533281298277513,-0.0135964444449953,0.0278574171805571
