signalsNamesOrdered,maxSignals,minSignals,meanSignals,standardDeviationSignals,varianceSignals,kurtosisSignals,skewnessSignals,firstMomentSignals,secondMomentSignals,thirdMomentSignals,fourthMomentSignals
compassSystem,1.78920914080839,0,0.978486992425564,0.237378368768888,0.0563484899593784,10.2885002543652,-1.30537996145818,0,0.0563128037719437,-0.0174440638757844,0.0326261910373078
compassFilter,1.78900815897518,0,0.978317252943893,0.237576077912443,0.0564423927962594,10.2914021775982,-1.31325910776779,0,0.0564066471390103,-0.0175932409187776,0.0327442555909367
fullSystem,1.7895702963326,0.00311219981967085,0.98336115434029,0.224644339307952,0.0504650791831061,10.3148888199349,-1.05039505906645,0,0.0504331190316285,-0.0118966973146087,0.026235914507151
gyroFilter,1,-0.00103332219379193,0.00504390139639651,0.0609350605877317,0.00371308160883053,204.483159017244,13.9214824062609,0,0.00371073006886294,0.00314683902986001,0.00281563446598134
gyroSystem,2.00387408140234,1,1.45584545506715,0.285537392895279,0.081531602741433,1.95204449543825,0.256006019114934,0,0.0814799677808621,0.00595424155395257,0.0129595944165151
input,1,1,1,0,0,NaN,NaN,0,0,0,0
error,0.789570296332598,-0.996887800180329,-0.0166388456597102,0.224644339307952,0.0504650791831061,10.3148888199349,-1.05039505906645,0,0.0504331190316285,-0.0118966973146087,0.026235914507151
