signalsNamesOrdered,maxSignals,minSignals,meanSignals,standardDeviationSignals,varianceSignals,kurtosisSignals,skewnessSignals,firstMomentSignals,secondMomentSignals,thirdMomentSignals,fourthMomentSignals
compassSystem,1.7930771599978,0,0.975901724319462,0.247458638624094,0.0612357778296897,9.60880724532362,-1.28762705081626,0,0.0611955440729028,-0.0194926009644336,0.0359839705036144
compassFilter,1.79305375698642,0,0.975849612307641,0.247524915472235,0.0612685837795369,9.60708369638238,-1.28895868939159,0,0.0612283284682494,-0.0195284423361555,0.036016074914856
fullSystem,1.79320094523592,0.000380120568746476,0.980482754103323,0.235872388389811,0.0556357836047137,9.66916254281616,-1.08284161809278,0,0.0555992292133834,-0.0141960688011509,0.0298900335659525
gyroFilter,1,-0.000282184068047142,0.00463314179568101,0.0580193294737519,0.00336624259258378,218.716612711279,14.3669551467995,0,0.00336403086946119,0.00280320393720515,0.00247515109828446
gyroSystem,2.00387408140235,1,1.45590260125769,0.293963722592437,0.086414670200403,1.90574573073878,0.277338828211404,0,0.086357893150337,0.00703823452187124,0.014212452701814
input,1,1,1,0,0,NaN,NaN,0,0,0,0
error,0.793200945235919,-0.999619879431254,-0.0195172458966774,0.235872388389811,0.0556357836047137,9.66916254281615,-1.08284161809277,0,0.0555992292133834,-0.0141960688011507,0.0298900335659524
