signalsNamesOrdered,maxSignals,minSignals,meanSignals,standardDeviationSignals,varianceSignals,kurtosisSignals,skewnessSignals,firstMomentSignals,secondMomentSignals,thirdMomentSignals,fourthMomentSignals
compassSystem,1.78636472374572,0,0.982949585045202,0.217433936269873,0.0472775166418111,12.8082723472903,-1.60144382970739,0,0.0472518223392884,-0.0164490020257669,0.0285974743010756
compassFilter,1.7863493839686,0,0.982932596892568,0.217461983746303,0.0472897143748773,12.8080336275546,-1.60234629964742,0,0.0472640134431518,-0.016464641448901,0.0286116993903467
fullSystem,1.78642500989217,0.00013749119619493,0.986464332731213,0.20719401413246,0.042929359492322,12.9159842592978,-1.36820725258001,0,0.0429060283186848,-0.0121598820070668,0.0237773875912503
gyroFilter,1,-0.000160557163525699,0.00353173583864308,0.0506154759093161,0.00256192640152656,282.777203857564,16.3452399415123,0,0.00256053405022138,0.00211781067697474,0.00185398197206072
gyroSystem,2.25540084428403,1,1.58739356172434,0.372226498640526,0.138552566290185,1.74601339320784,0.176845972465792,0,0.138477265982419,0.00911303197856681,0.0334814711041906
input,1,1,1,0,0,NaN,NaN,0,0,0,0
error,0.786425009892173,-0.999862508803805,-0.0135356672687888,0.20719401413246,0.042929359492322,12.9159842592978,-1.36820725257998,0,0.0429060283186849,-0.0121598820070666,0.0237773875912503
