signalsNamesOrdered,maxSignals,minSignals,meanSignals,standardDeviationSignals,varianceSignals,kurtosisSignals,skewnessSignals,firstMomentSignals,secondMomentSignals,thirdMomentSignals,fourthMomentSignals
compassSystem,1.79049830982829,0,0.980792290382549,0.238731692553946,0.0569928210296719,10.2666617566528,-1.29015610738661,0,0.0569574656816386,-0.0175375227875068,0.0333066204790815
compassFilter,1.79027486164127,0,0.980574805111262,0.239133625709053,0.0571848909447576,10.2627955850843,-1.2978398921548,0,0.0571494164466529,-0.0177312282061831,0.0335188630468594
fullSystem,1.79111639331827,0.00573239884835561,0.986513903934715,0.223764024063944,0.0500703384652891,10.2525171716,-0.972891238636282,0,0.0500392774612784,-0.0108900741668103,0.025671578030374
gyroFilter,1,-0.00154598270076112,0.00593909882345515,0.06529828309249,0.00426386577482697,173.298587709202,12.7816025196132,0,0.00426122069680288,0.00355538265513322,0.00314675607221616
gyroSystem,2.00387408140234,1,1.45945572475555,0.288693669165949,0.0833440346164982,1.91962161095353,0.258919798089197,0,0.0832923323617733,0.00622404601541823,0.0133175911334792
input,1,1,1,0,0,NaN,NaN,0,0,0,0
error,0.791116393318267,-0.994267601151644,-0.0134860960652848,0.223764024063943,0.0500703384652891,10.2525171716,-0.972891238636279,0,0.0500392774612783,-0.0108900741668102,0.025671578030374
