signalsNamesOrdered,maxSignals,minSignals,meanSignals,standardDeviationSignals,varianceSignals,kurtosisSignals,skewnessSignals,firstMomentSignals,secondMomentSignals,thirdMomentSignals,fourthMomentSignals
compassSystem,1.80651386646725,0,0.9853774124786,0.224992357671838,0.0506215610107324,10.4540883985167,-1.13048305601892,0,0.0504968773629227,-0.0128280558431998,0.0266572419635252
compassFilter,1.74737276708932,0,0.98117829032184,0.222449013986578,0.049483563823601,11.1058177596422,-1.51352252210699,0,0.0493616831245281,-0.0165986905155917,0.027060166357965
fullSystem,1.74894227733284,0.277024557257176,1.00076404060044,0.178179217265201,0.0317478334652395,8.86451053268202,-0.0116362258604965,0,0.0316696368310887,-6.5580808595231e-05,0.00889080175799305
gyroFilter,1,-0.0210625635446344,0.0195857502786031,0.111700749148826,0.0124770573604089,64.6662016983579,7.79046545913252,0,0.0124463256920335,0.0108174562721119,0.0100175074736307
gyroSystem,2.00387408140234,1,1.48651216260276,0.286091503864909,0.0818483485836853,1.90254569130249,0.171776030561858,0,0.0816467516659915,0.00400747599070859,0.0126827349765972
input,1,1,1,0,0,NaN,NaN,0,0,0,0
error,0.748942277332836,-0.722975442742824,0.000764040600444233,0.178179217265201,0.0317478334652395,8.86451053268202,-0.0116362258604948,0,0.0316696368310887,-6.55808085952212e-05,0.00889080175799305
