signalsNamesOrdered,maxSignals,minSignals,meanSignals,standardDeviationSignals,varianceSignals,kurtosisSignals,skewnessSignals,firstMomentSignals,secondMomentSignals,thirdMomentSignals,fourthMomentSignals
compassSystem,1.78819053337695,0,0.974999829369157,0.24616869127734,0.0605990245651985,9.712607135337,-1.31238766775975,0,0.0605593135399264,-0.0195584104633488,0.0356203112194463
compassFilter,1.78806359599019,0,0.974901628733795,0.246341716380706,0.0606842412293922,9.70734746006575,-1.31352725178694,0,0.0606444743609588,-0.019616699607581,0.0357012191619542
fullSystem,1.7883688899855,0.00139765080504036,0.980497198120452,0.23181310545858,0.0537373158623508,9.69718454945777,-1.03617980214154,0,0.0537021013696494,-0.0128950206674112,0.0279658626857087
gyroFilter,1,-0.000580372571018284,0.00559556938665619,0.0621658536663864,0.00386459336207056,184.15753290411,13.0792934471354,0,0.00386206086314391,0.00313915640291315,0.00274680428060968
gyroSystem,2.00387408140234,1,1.45376144786627,0.292783530093179,0.0857221954938234,1.88882511953583,0.270608986436458,0,0.0856660210537882,0.00678508211607608,0.0138614588817424
input,1,1,1,0,0,NaN,NaN,0,0,0,0
error,0.788368889985504,-0.99860234919496,-0.019502801879548,0.23181310545858,0.0537373158623508,9.69718454945775,-1.03617980214153,0,0.0537021013696494,-0.0128950206674112,0.0279658626857087
