signalsNamesOrdered,maxSignals,minSignals,meanSignals,standardDeviationSignals,varianceSignals,kurtosisSignals,skewnessSignals,firstMomentSignals,secondMomentSignals,thirdMomentSignals,fourthMomentSignals
compassSystem,1.78890277673663,0,0.978104207146695,0.243328185901361,0.0592086060540472,9.84881392951941,-1.30784817323049,0,0.0591698061811415,-0.018823810847118,0.0344813472296215
compassFilter,1.78859735969355,0,0.977964183112689,0.243506910675392,0.0592956155466731,9.84562846297048,-1.31298734318569,0,0.0592567586557513,-0.0189394506321275,0.0345715798915717
fullSystem,1.78901610576937,0.00209155554668789,0.983067319885423,0.230651723159611,0.0532002173964978,9.89089382482688,-1.07408693017513,0,0.0531653548687151,-0.0131668687839103,0.0279571549827455
gyroFilter,1,-0.000779746855182673,0.00510313677273347,0.0613279122166393,0.00376111281685182,200.539766128573,13.7812795563717,0,0.00375864812955375,0.0031756823001517,0.00283311266366739
gyroSystem,2.00387408140233,1,1.45619537378504,0.288776127944842,0.0833916520708157,1.91332231626232,0.24668475150811,0,0.0833370048545176,0.00593470500785487,0.0132881313559606
input,1,1,1,0,0,NaN,NaN,0,0,0,0
error,0.789016105769367,-0.997908444453312,-0.0169326801145766,0.230651723159611,0.0532002173964978,9.89089382482689,-1.07408693017514,0,0.0531653548687151,-0.0131668687839104,0.0279571549827456
