signalsNamesOrdered,maxSignals,minSignals,meanSignals,standardDeviationSignals,varianceSignals,kurtosisSignals,skewnessSignals,firstMomentSignals,secondMomentSignals,thirdMomentSignals,fourthMomentSignals
compassSystem,1.81063006648064,0,0.988951766658094,0.222250783441516,0.0493954107403675,10.174226340497,-0.876296616263012,0,0.0493229834518919,-0.00959898122530089,0.0247514172625235
compassFilter,1.80772962159262,0,0.987983134738168,0.22387889814976,0.0501217610367506,10.1976275753781,-0.928636838109137,0,0.0500482687185149,-0.0103975135735964,0.025543315339079
fullSystem,1.81214010199393,0.0567043754599091,0.995582197744325,0.205602999513984,0.0422725934091471,9.53558460314387,-0.344724354834964,0,0.0422106101343536,-0.00298954029877845,0.0169898906297017
gyroFilter,1,-0.00821651864528028,0.00759906300615838,0.0752196709125633,0.00565799889219432,149.646583255131,11.9988456526688,0,0.00564970270613539,0.00509539503815582,0.00477659034136321
gyroSystem,2.00387408140234,1,1.47953312797629,0.284333706826467,0.0808456568376794,1.91872420208186,0.206625994666593,0,0.0807271148188558,0.00473929894423625,0.0125040705631585
input,1,1,1,0,0,NaN,NaN,0,0,0,0
error,0.812140101993926,-0.943295624540091,-0.00441780225567486,0.205602999513984,0.0422725934091471,9.53558460314386,-0.34472435483496,0,0.0422106101343536,-0.00298954029877841,0.0169898906297017
