signalsNamesOrdered,maxSignals,minSignals,meanSignals,standardDeviationSignals,varianceSignals,kurtosisSignals,skewnessSignals,firstMomentSignals,secondMomentSignals,thirdMomentSignals,fourthMomentSignals
compassSystem,1.79124161950367,0,0.97886482850083,0.241644203341388,0.0583919210084938,9.84216709062875,-1.23586563096408,0,0.058354870297194,-0.0174215550258845,0.0335154419060093
compassFilter,1.79118004493895,0,0.978632754960615,0.241955943267097,0.0585426784822708,9.83857412059201,-1.24260100707862,0,0.0585055321126754,-0.0175843816762684,0.0336764286730686
fullSystem,1.79187020248436,0.00431177925120723,0.984154207268027,0.227999822032642,0.0519839188469166,9.81945214092073,-0.958142680623403,0,0.0519509341268361,-0.0113454108562323,0.0265017150296853
gyroFilter,1,-0.00127396491155007,0.00552145230740943,0.0634491510983773,0.00402579477510471,186.649012543091,13.2918344436287,0,0.00402324033679564,0.00339194567913035,0.00302118729960764
gyroSystem,2.00387408140234,1,1.45429326547091,0.289513415928706,0.0838180180027081,1.89693842971086,0.259121563681573,0,0.0837648339811327,0.00628197427912837,0.0133099584294962
input,1,1,1,0,0,NaN,NaN,0,0,0,0
error,0.791870202484358,-0.995688220748793,-0.0158457927319745,0.227999822032642,0.0519839188469167,9.8194521409207,-0.95814268062338,0,0.0519509341268361,-0.011345410856232,0.0265017150296853
