signalsNamesOrdered,maxSignals,minSignals,meanSignals,standardDeviationSignals,varianceSignals,kurtosisSignals,skewnessSignals,firstMomentSignals,secondMomentSignals,thirdMomentSignals,fourthMomentSignals
compassSystem,1.8106083246938,0,0.994880173677952,0.204197497989269,0.0416966181850776,10.6166124253952,-0.611967122721651,0,0.0416758218667808,-0.00520660163456209,0.0184397194515563
compassFilter,1.81025709451168,0,0.994717374144783,0.204568967830241,0.0418484625991303,10.6255370343104,-0.625230475939775,0,0.0418275905479586,-0.00534852969035646,0.018589879959326
fullSystem,1.81104491198175,0.00652789691465845,0.996666090849836,0.199203018361269,0.0396818425242401,10.2506446749825,-0.407402076287448,0,0.0396620510815846,-0.00321799964843016,0.0161250666582047
gyroFilter,1,-0.00271462038328929,0.00194871670505426,0.037971649162466,0.00144184614011741,571.092507716894,23.426274383012,0,0.00144112701486049,0.0012816121464744,0.00118607180304162
gyroSystem,2.00387408140234,1,1.49101105730887,0.283000972358604,0.0800895503559154,1.89753343664108,0.175906930849337,0,0.0800496054430197,0.00398402215432234,0.0121592791416464
input,1,1,1,0,0,NaN,NaN,0,0,0,0
error,0.811044911981754,-0.993472103085342,-0.0033339091501627,0.199203018361269,0.0396818425242402,10.2506446749824,-0.407402076287463,0,0.0396620510815847,-0.00321799964843029,0.0161250666582047
