signalsNamesOrdered,maxSignals,minSignals,meanSignals,standardDeviationSignals,varianceSignals,kurtosisSignals,skewnessSignals,firstMomentSignals,secondMomentSignals,thirdMomentSignals,fourthMomentSignals
compassSystem,1.8106132959962,0,0.991988564397956,0.210664148541638,0.0443793834807733,10.6110662380853,-0.768945457976215,0,0.0443418374710603,-0.00717986146516462,0.020863463054566
compassFilter,1.80947665347724,0,0.991599114931596,0.211407912964867,0.0446933056641606,10.6181969133775,-0.793101462166208,0,0.0446554940688441,-0.00748412614105685,0.0211738860999104
fullSystem,1.81127203650304,0.0169510418220423,0.995332633743471,0.201640076334256,0.0406587203840845,10.1081952917596,-0.437245139182631,0,0.0406243221434888,-0.00358017438739646,0.0166819140324717
gyroFilter,1,-0.0033832219034895,0.00373351881187591,0.0527859302331571,0.00278635443057973,299.345397825902,16.9657056136502,0,0.00278399710872644,0.00249215526934736,0.00232011838468906
gyroSystem,2.00387408140234,1,1.48551177750962,0.282953083861174,0.0800624476665487,1.9178757321293,0.198816870679868,0,0.0799947129392505,0.00449826627838121,0.012272782351157
input,1,1,1,0,0,NaN,NaN,0,0,0,0
error,0.811272036503038,-0.983048958177958,-0.00466736625652849,0.201640076334256,0.0406587203840845,10.1081952917596,-0.437245139182641,0,0.0406243221434889,-0.00358017438739654,0.0166819140324717
