signalsNamesOrdered,maxSignals,minSignals,meanSignals,standardDeviationSignals,varianceSignals,kurtosisSignals,skewnessSignals,firstMomentSignals,secondMomentSignals,thirdMomentSignals,fourthMomentSignals
compassSystem,1.78971859225052,0,0.97913631489158,0.247791887941186,0.0614008197294574,9.4215873905017,-1.19774503966999,0,0.061360635946912,-0.0182053552936814,0.0354734791325447
compassFilter,1.78966908617477,0,0.97899711655042,0.247996441588451,0.061502235040534,9.41878501647589,-1.20094725553963,0,0.0614619848867117,-0.0182992717353539,0.0355801723300411
fullSystem,1.79009927191168,0.00215656924062867,0.984100044269677,0.235398956780956,0.0554126688535626,9.44205250246435,-0.964095597478188,0,0.0553764040179254,-0.012563401103556,0.0289544894847418
gyroFilter,1,-0.000815645890707817,0.00510292771925899,0.0613697924456544,0.0037662514248227,200.542992444812,13.7855637578104,0,0.0037637866005918,0.00318318602064994,0.00284090999457051
gyroSystem,2.00387408140234,1,1.44576429521877,0.2883904623812,0.0831690587924424,1.92675305083112,0.293606089693709,0,0.0831146287801437,0.00703527799988669,0.0133100900686508
input,1,1,1,0,0,NaN,NaN,0,0,0,0
error,0.790099271911683,-0.997843430759371,-0.0158999557303218,0.235398956780957,0.0554126688535627,9.44205250246433,-0.964095597478208,0,0.0553764040179255,-0.0125634011035563,0.0289544894847419
