signalsNamesOrdered,maxSignals,minSignals,meanSignals,standardDeviationSignals,varianceSignals,kurtosisSignals,skewnessSignals,firstMomentSignals,secondMomentSignals,thirdMomentSignals,fourthMomentSignals
compassSystem,1.78777236853292,0,0.977336513616375,0.249267788887602,0.0621344305769141,9.32083434107341,-1.21971911187242,0,0.0620943179684074,-0.0188728557600526,0.0359383812718073
compassFilter,1.78770092482873,0,0.977274184331754,0.249442913022131,0.0622217668569662,9.31723551878967,-1.22058810919411,0,0.0621815978660966,-0.0189261357817762,0.0360255673669453
fullSystem,1.78800535780763,0.00139372194080328,0.982781086072825,0.235275708546732,0.0553546590321666,9.25481217931682,-0.944070997716049,0,0.0553189232936048,-0.0122833049511741,0.0283214214385232
gyroFilter,1,-0.000575741943173336,0.00550690174107331,0.0616986503017748,0.0038067234490607,187.005937694717,13.1808134830551,0,0.00380426591294123,0.00309277633351582,0.00270643205142594
gyroSystem,2.00387408140235,1,1.44867109535856,0.295252264905242,0.0871738999316752,1.89492293335156,0.303849961818227,0,0.0871176223978265,0.00781300689212773,0.0143814799548171
input,1,1,1,0,0,NaN,NaN,0,0,0,0
error,0.788005357807632,-0.998606278059197,-0.0172189139271755,0.235275708546732,0.0553546590321666,9.25481217931681,-0.944070997716043,0,0.0553189232936049,-0.0122833049511741,0.0283214214385231
