signalsNamesOrdered,maxSignals,minSignals,meanSignals,standardDeviationSignals,varianceSignals,kurtosisSignals,skewnessSignals,firstMomentSignals,secondMomentSignals,thirdMomentSignals,fourthMomentSignals
compassSystem,1.78754259072387,0,0.975857408951252,0.243855576834953,0.0594655423535074,9.87276192019561,-1.36411716604934,0,0.0594263429188644,-0.0197615124901927,0.0348655622910466
compassFilter,1.78738940938163,0,0.97575067778575,0.244010719283844,0.0595412311254189,9.86792630234207,-1.36584804951564,0,0.0595019817970568,-0.0198243763087982,0.034937253321672
fullSystem,1.78768123605042,0.00112519791337494,0.980760430321735,0.231281221025437,0.0534910031990169,9.92075572035267,-1.13805337482679,0,0.0534557421553788,-0.0140654676499641,0.0283487218675513
gyroFilter,1,-0.0005472972559184,0.0050097525359844,0.0603210641827842,0.00363863078414357,204.875044623808,13.9003198628188,0,0.00363623221408151,0.00304791049244265,0.00270889568345334
gyroSystem,2.00387408140234,1,1.45423958149898,0.29185808074319,0.0851811392950982,1.89095813828604,0.265836222060392,0,0.0851249882474416,0.00660236840401393,0.0137023811722092
input,1,1,1,0,0,NaN,NaN,0,0,0,0
error,0.787681236050417,-0.998874802086625,-0.0192395696782662,0.231281221025437,0.053491003199017,9.92075572035263,-1.13805337482677,0,0.0534557421553789,-0.014065467649964,0.0283487218675512
