signalsNamesOrdered,maxSignals,minSignals,meanSignals,standardDeviationSignals,varianceSignals,kurtosisSignals,skewnessSignals,firstMomentSignals,secondMomentSignals,thirdMomentSignals,fourthMomentSignals
compassSystem,1.81048637608033,0,0.993842803676884,0.210081346612786,0.0441341721946414,10.4357975701654,-0.638982332541429,0,0.0441029599087895,-0.00591821116043085,0.0202983679744518
compassFilter,1.80977316313411,0,0.993555893411171,0.210654433957223,0.044375290545838,10.451314085931,-0.658361235112049,0,0.044343907737814,-0.0061477357851665,0.0205512774987774
fullSystem,1.81116687190387,0.0125742537396902,0.99655503606601,0.202798244264584,0.0411271278767977,10.0003171904698,-0.358852343659396,0,0.0410980422135185,-0.00298983683266833,0.0168910264881107
gyroFilter,1,-0.0027579866165206,0.00299914265484066,0.0471234040481282,0.00222061520908314,376.044653641265,19.0143662965979,0,0.00221904475985465,0.00198760897698047,0.00185170390864402
gyroSystem,2.00387408140234,1,1.48288158314132,0.282268066869185,0.0796752615740668,1.91818819825345,0.203023318030913,0,0.079618914147211,0.0045611073795109,0.0121597239387862
input,1,1,1,0,0,NaN,NaN,0,0,0,0
error,0.811166871903871,-0.98742574626031,-0.00344496393398838,0.202798244264584,0.0411271278767977,10.0003171904698,-0.358852343659418,0,0.0410980422135185,-0.00298983683266852,0.0168910264881107
