signalsNamesOrdered,maxSignals,minSignals,meanSignals,standardDeviationSignals,varianceSignals,kurtosisSignals,skewnessSignals,firstMomentSignals,secondMomentSignals,thirdMomentSignals,fourthMomentSignals
compassSystem,1.78603437709646,0,0.980083084827176,0.24521302793797,0.0601294290705078,9.56833226433482,-1.2279867502188,0,0.0600908845646934,-0.0180886675287575,0.0345504288315913
compassFilter,1.78596869686244,0,0.979955002554672,0.245397696238261,0.0602200293190461,9.56552256746583,-1.23123828127026,0,0.0601814267361492,-0.0181775701430283,0.0346444490830484
fullSystem,1.78635985761059,0.00182992479310163,0.984935719954789,0.232873628211479,0.0542301267163783,9.5587408730564,-0.989612378896543,0,0.054195363814637,-0.0124855685455437,0.0280753358791366
gyroFilter,1,-0.000728508074245848,0.00498071740011701,0.0604183079112243,0.00365037193085551,206.018947194722,13.959181881051,0,0.00364803194884855,0.0030757279247483,0.00274172839442789
gyroSystem,2.00387408140234,1,1.45365163936042,0.292306266511185,0.0854429534417081,1.90033441770389,0.281902575319168,0,0.085388182317707,0.00703389201082993,0.013855607477951
input,1,1,1,0,0,NaN,NaN,0,0,0,0
error,0.786359857610594,-0.998170075206898,-0.0150642800452114,0.232873628211479,0.0542301267163783,9.55874087305639,-0.989612378896534,0,0.054195363814637,-0.0124855685455436,0.0280753358791366
