signalsNamesOrdered,maxSignals,minSignals,meanSignals,standardDeviationSignals,varianceSignals,kurtosisSignals,skewnessSignals,firstMomentSignals,secondMomentSignals,thirdMomentSignals,fourthMomentSignals
compassSystem,1.79066173295497,0,0.977229423657803,0.248551216384928,0.0617777071664273,9.44385861967474,-1.23641728065712,0,0.0617376697670971,-0.0189666406698411,0.0359956436392063
compassFilter,1.79057775845271,0,0.977187236584944,0.248637390521967,0.061820551965573,9.44198611470482,-1.23746666361784,0,0.0617804867990366,-0.0190024893240719,0.0360384421630561
fullSystem,1.7907424446906,0.000453722787140171,0.981811796015985,0.237033982588988,0.0561851089019966,9.47364959292315,-1.02647640054304,0,0.0561486959992733,-0.0136570997360566,0.0298673482953525
gyroFilter,1,-0.000319767382780389,0.00462455943104377,0.057924401327259,0.00335523626912137,220.037750766008,14.4069967946599,0,0.0033530617802885,0.00279727904940859,0.00247388955927683
gyroSystem,2.00387408140234,1,1.45458119597391,0.293339959174311,0.0860483316483863,1.8808691379183,0.255614367644642,0,0.0859925647451793,0.0064457968549081,0.013908502872516
input,1,1,1,0,0,NaN,NaN,0,0,0,0
error,0.790742444690604,-0.99954627721286,-0.0181882039840132,0.237033982588988,0.0561851089019966,9.47364959292318,-1.02647640054306,0,0.0561486959992733,-0.0136570997360569,0.0298673482953526
