signalsNamesOrdered,maxSignals,minSignals,meanSignals,standardDeviationSignals,varianceSignals,kurtosisSignals,skewnessSignals,firstMomentSignals,secondMomentSignals,thirdMomentSignals,fourthMomentSignals
compassSystem,1.7878174124956,0,0.983105691961004,0.242031802393629,0.0585793933699087,9.77741967092601,-1.16797765601145,0,0.058542200104277,-0.0165439075440921,0.0335090670321043
compassFilter,1.78775329366273,0,0.982975389468239,0.242240684639348,0.0586805492945401,9.77852652153641,-1.17318783781087,0,0.0586432918029245,-0.0166607697572947,0.0336287015416629
fullSystem,1.78824684330517,0.00268075382825107,0.987940758171907,0.229736736669597,0.052778968175596,9.76188853401885,-0.913084012451511,0,0.0527454577196114,-0.011060845773006,0.0271583871650752
gyroFilter,1,-0.000916319730239534,0.00496536870366445,0.0608638353100507,0.00370440644864898,206.212255384098,14.0089050127693,0,0.0037020544445546,0.0031555015129726,0.00282618166875134
gyroSystem,2.00387408140234,1,1.45215762236771,0.291263963910074,0.0848346966726087,1.87991048992642,0.270409497544512,0,0.084780833373134,0.00667526425786391,0.0135124012704075
input,1,1,1,0,0,NaN,NaN,0,0,0,0
error,0.788246843305169,-0.997319246171749,-0.0120592418280957,0.229736736669597,0.0527789681755959,9.76188853401881,-0.913084012451477,0,0.0527454577196114,-0.0110608457730056,0.027158387165075
