signalsNamesOrdered,maxSignals,minSignals,meanSignals,standardDeviationSignals,varianceSignals,kurtosisSignals,skewnessSignals,firstMomentSignals,secondMomentSignals,thirdMomentSignals,fourthMomentSignals
compassSystem,1.78739649375082,0,0.975203809041367,0.245487248677825,0.0602639892634085,9.88389775435005,-1.43087058425019,0,0.0602247037423762,-0.0211476621697831,0.0358490448289305
compassFilter,1.78731215278154,0,0.975144833947251,0.245596680841147,0.0603177296401885,9.88053719537831,-1.43227493116095,0,0.0602784090863161,-0.0211967395210034,0.0359007995197452
fullSystem,1.78752943597793,0.000718942402952911,0.980385046698176,0.231886562180542,0.0537713777199105,9.90220561991798,-1.19048677817217,0,0.0537363246705494,-0.014829500237161,0.0285935355638066
gyroFilter,1,-0.00042319584601147,0.00524021275092531,0.0600628022048335,0.00360754020869695,198.106259783984,13.5621610089333,0,0.00360518848757003,0.00293576209859312,0.00257486313733916
gyroSystem,2.00387408140234,1,1.45548149843815,0.293499869124763,0.0861421731762529,1.87515236203147,0.261436717052475,0,0.0860860179134262,0.00660336813903126,0.0138963837752783
input,1,1,1,0,0,NaN,NaN,0,0,0,0
error,0.78752943597793,-0.999281057597047,-0.0196149533018227,0.231886562180542,0.0537713777199105,9.90220561991802,-1.19048677817219,0,0.0537363246705494,-0.0148295002371612,0.0285935355638067
