signalsNamesOrdered,maxSignals,minSignals,meanSignals,standardDeviationSignals,varianceSignals,kurtosisSignals,skewnessSignals,firstMomentSignals,secondMomentSignals,thirdMomentSignals,fourthMomentSignals
compassSystem,1.78732268125425,0,0.983546567363834,0.239889096504216,0.0575467786216092,10.0664259799042,-1.24186892987096,0,0.0575098423067044,-0.0171273048094702,0.0332935157091729
compassFilter,1.78722021707494,0,0.983365252259403,0.240157278561525,0.0576755184460777,10.0655184921357,-1.24886081693801,0,0.0576384994997067,-0.0172815638113308,0.0334396315591974
fullSystem,1.78783186036745,0.00360959406506517,0.988537933055281,0.227013252934382,0.0515350170078496,10.0668557660521,-0.977947552597032,0,0.0515019393332617,-0.0114301239132027,0.0267018291111609
gyroFilter,1,-0.00112445141663864,0.00517268079587844,0.0619771249789499,0.00384116402065637,198.888846456862,13.751675672969,0,0.00383869857520024,0.00327063167485598,0.00293074782859693
gyroSystem,2.00387408140233,1,1.45826976077141,0.292688258213979,0.0856664164963331,1.87398103726809,0.266419699029338,0,0.0856114316333701,0.00667365839644986,0.0137350014982371
input,1,1,1,0,0,NaN,NaN,0,0,0,0
error,0.787831860367453,-0.996390405934935,-0.0114620669447189,0.227013252934382,0.0515350170078496,10.0668557660521,-0.977947552597031,0,0.0515019393332617,-0.0114301239132027,0.0267018291111609
