signalsNamesOrdered,maxSignals,minSignals,meanSignals,standardDeviationSignals,varianceSignals,kurtosisSignals,skewnessSignals,firstMomentSignals,secondMomentSignals,thirdMomentSignals,fourthMomentSignals
compassSystem,1.80651381719495,0,0.990040844824672,0.197756069152131,0.0391074628865025,13.3449384376316,-1.22384182431161,0,0.0390300223659351,-0.00943677262823836,0.0203289138287595
compassFilter,1.01472809865731,0,0.941675753269807,0.181056543219341,0.0327814718425372,18.6990637737896,-3.94107411325468,0,0.0327165580369084,-0.0233220119114779,0.0200149761635144
fullSystem,1.1660800152233,0.881141332450902,1.05634415512455,0.0384497631664605,0.0014783842875569,5.50514995796852,-0.940469024457546,0,0.00147545679391818,-5.33008630037578e-05,1.1984561447121e-05
gyroFilter,1,-0.0258723551369326,0.11466840185474,0.167161380660238,0.0279429271842371,16.9151491976285,3.68460055401364,0,0.0278875946551594,0.0171595936437772,0.0131552149151995
gyroSystem,2.25540084428403,1,1.61547752673904,0.363998234723501,0.132494714881825,1.75167390163537,0.110332453709483,0,0.132232349109782,0.0053052987718488,0.0306287085942743
input,1,1,1,0,0,NaN,NaN,0,0,0,0
error,0.166080015223298,-0.118858667549098,0.0563441551245467,0.0384497631664605,0.00147838428755691,5.50514995796843,-0.940469024457474,0,0.00147545679391818,-5.33008630037539e-05,1.19845614471208e-05
