signalsNamesOrdered,maxSignals,minSignals,meanSignals,standardDeviationSignals,varianceSignals,kurtosisSignals,skewnessSignals,firstMomentSignals,secondMomentSignals,thirdMomentSignals,fourthMomentSignals
compassSystem,1.78784883200293,0,0.985836392206484,0.221334924433801,0.0489891487741165,11.7524817938706,-1.3178700123145,0,0.04896322858958,-0.0142783376053158,0.0281753734555578
compassFilter,1.78778494714465,0,0.985712385092277,0.221551871252155,0.0490852316553313,11.7489224818766,-1.32309947786482,0,0.0490592606332915,-0.0143771894697748,0.0282774365006213
fullSystem,1.78827624245431,0.00264802125836612,0.989878671999697,0.210076964482534,0.044132331006196,11.7087618697001,-1.03037405667363,0,0.0441089805665101,-0.00954520909020781,0.0227805924620883
gyroFilter,1,-0.000927847718793062,0.00416628690741957,0.0555997567635759,0.0030913329521688,247.399598168709,15.3479638841802,0,0.00308969732626818,0.00263587416904591,0.00236173335913678
gyroSystem,2.25540084428403,1,1.58290444613695,0.37523697146968,0.140802784757737,1.72442668310167,0.184626413696398,0,0.140728285929823,0.00974688699145125,0.0341513228186757
input,1,1,1,0,0,NaN,NaN,0,0,0,0
error,0.788276242454305,-0.997351978741634,-0.0101213280003041,0.210076964482534,0.0441323310061959,11.7087618697,-1.0303740566736,0,0.0441089805665101,-0.0095452090902076,0.0227805924620882
