signalsNamesOrdered,maxSignals,minSignals,meanSignals,standardDeviationSignals,varianceSignals,kurtosisSignals,skewnessSignals,firstMomentSignals,secondMomentSignals,thirdMomentSignals,fourthMomentSignals
compassSystem,1.7904236420262,0,0.976862277141804,0.245935773422079,0.0604844046487161,9.5697770590306,-1.23510025879225,0,0.0604446384392166,-0.0183543449223589,0.0349637002776348
compassFilter,1.79032141970558,0,0.976738681760478,0.246120853907902,0.060575474728355,9.56660679306716,-1.23844853418257,0,0.060535648643721,-0.0184456839812336,0.0350574500952342
fullSystem,1.79070545512961,0.00176798926164062,0.981837365549648,0.233374062246836,0.05446345292959,9.58784005173065,-0.997455155350386,0,0.0544276452682293,-0.0126655104550051,0.0284027160181052
gyroFilter,1,-0.000717947778120287,0.00509868378916911,0.0611169193989179,0.00373527783681382,201.112380056308,13.78856521048,0,0.00373282203284485,0.00314466947235564,0.00280229192535364
gyroSystem,2.00387408140234,1,1.45014283064532,0.292957769141589,0.0858242545004165,1.89622052386334,0.294088868366596,0,0.0857678282975892,0.00738695080212918,0.0139488264232808
input,1,1,1,0,0,NaN,NaN,0,0,0,0
error,0.790705455129608,-0.998232010738359,-0.0181626344503518,0.233374062246836,0.05446345292959,9.58784005173065,-0.997455155350384,0,0.0544276452682293,-0.0126655104550051,0.0284027160181052
