signalsNamesOrdered,maxSignals,minSignals,meanSignals,standardDeviationSignals,varianceSignals,kurtosisSignals,skewnessSignals,firstMomentSignals,secondMomentSignals,thirdMomentSignals,fourthMomentSignals
compassSystem,1.80651381719495,0,0.987588514554919,0.220809921734414,0.0487570215363581,10.6677184456362,-1.06368202057397,0,0.0486366338288609,-0.0114092496369868,0.0252347242752782
compassFilter,1.18405978412019,0,0.964018734652713,0.177519841983016,0.031513294297675,22.3369204554052,-4.29806442686013,0,0.0314354836944708,-0.023955384277609,0.0220731132742039
fullSystem,1.33866970418792,0.714909134458661,1.02141402600153,0.0750495463898461,0.00563243441332165,8.2906653259497,0.00863814199411141,0,0.00561852716785666,3.63792772384285e-06,0.000261718458981113
gyroFilter,1,-0.0351671268280886,0.0573952913488181,0.146705923798638,0.0215226280776118,28.9233468131503,5.0053709710142,0,0.0214694857860621,0.0157459451683667,0.0133318933481304
gyroSystem,2.00387408140234,1,1.48766491326615,0.285499739845961,0.0815101014521113,1.9025065174426,0.171983733522379,0,0.081308841942353,0.0039874388507237,0.0125777136853033
input,1,1,1,0,0,NaN,NaN,0,0,0,0
error,0.338669704187919,-0.285090865541339,0.0214140260015307,0.0750495463898461,0.00563243441332166,8.29066532594969,0.00863814199410488,0,0.00561852716785667,3.6379277238401e-06,0.000261718458981113
