signalsNamesOrdered,maxSignals,minSignals,meanSignals,standardDeviationSignals,varianceSignals,kurtosisSignals,skewnessSignals,firstMomentSignals,secondMomentSignals,thirdMomentSignals,fourthMomentSignals
compassSystem,1.79060902999325,0,0.974943627700241,0.247655559870471,0.0613332763347566,9.61321683227428,-1.28140777124895,0,0.0612927119985564,-0.0194446714889167,0.0361148997735371
compassFilter,1.79052946720517,0,0.974899532355351,0.247722231030518,0.0613663037467373,9.61279458301077,-1.28290189262223,0,0.0613257175670106,-0.0194830705729706,0.0361522173231239
fullSystem,1.79068904298418,0.000431165681033341,0.979604171468658,0.23591344582685,0.0556551539218982,9.67983599069906,-1.07341928434178,0,0.0556183449576641,-0.0140797999840081,0.0299436075172117
gyroFilter,1,-0.000313193034816361,0.00470463911330782,0.0584302191329048,0.00341409050791927,216.028387592391,14.2754837029607,0,0.0034118325115516,0.00284493525727546,0.00251470028340502
gyroSystem,2.00387408140234,1,1.45328175745148,0.291062426059543,0.0847173358636672,1.89608411560148,0.253780291401907,0,0.0846613058796304,0.00625151584590621,0.0135902525099731
input,1,1,1,0,0,NaN,NaN,0,0,0,0
error,0.790689042984176,-0.999568834318967,-0.0203958285313409,0.23591344582685,0.0556551539218982,9.67983599069906,-1.07341928434179,0,0.0556183449576642,-0.0140797999840082,0.0299436075172117
