signalsNamesOrdered,maxSignals,minSignals,meanSignals,standardDeviationSignals,varianceSignals,kurtosisSignals,skewnessSignals,firstMomentSignals,secondMomentSignals,thirdMomentSignals,fourthMomentSignals
compassSystem,1.79140866627761,0,0.97778423747615,0.247910122023944,0.061459428601927,9.58427494499906,-1.24373787718442,0,0.0614195198820556,-0.0189316508582815,0.0361553107284527
compassFilter,1.79138282385538,0,0.977685800292665,0.248025866928909,0.0615168306658367,9.58135214293216,-1.24597251125348,0,0.0614768846718978,-0.0189922421290049,0.036211832701989
fullSystem,1.79163930912716,0.00111611799450704,0.982922799751619,0.234516345223151,0.0549979161768241,9.56596626487076,-0.984089031012936,0,0.0549622032442418,-0.0126803310414162,0.0288972897431677
gyroFilter,1,-0.000488070452439482,0.00523699945895223,0.060355775251078,0.00364281960615864,197.475154401079,13.5611408614235,0,0.00364045413888191,0.00297871926040494,0.00261711972522184
gyroSystem,2.00387408140234,1,1.45366273779621,0.294031072889773,0.086454271824711,1.89248501469304,0.284800929312857,0,0.0863981326871625,0.00723265811117128,0.0141267142906038
input,1,1,1,0,0,NaN,NaN,0,0,0,0
error,0.791639309127163,-0.998883882005493,-0.0170772002483822,0.234516345223151,0.0549979161768241,9.56596626487075,-0.984089031012921,0,0.0549622032442417,-0.012680331041416,0.0288972897431676
