signalsNamesOrdered,maxSignals,minSignals,meanSignals,standardDeviationSignals,varianceSignals,kurtosisSignals,skewnessSignals,firstMomentSignals,secondMomentSignals,thirdMomentSignals,fourthMomentSignals
compassSystem,1.78825588646548,0,0.976715477955489,0.246330133855064,0.0606785348450536,9.62192084651483,-1.24288470823669,0,0.0606399843146564,-0.0185596364606242,0.0353818014032891
compassFilter,1.78816498078173,0,0.976642180562925,0.246499749218903,0.0607621263649822,9.61822532866202,-1.24376526693945,0,0.060723522726885,-0.0186111779607384,0.0354657267352911
fullSystem,1.78846629996125,0.00137439221378335,0.982057461543912,0.232419033372164,0.0540186070736512,9.57562022197548,-0.962492633246325,0,0.0539842877553071,-0.0120725351336808,0.0279062618465527
gyroFilter,1,-0.000566096941078564,0.00541528098098617,0.061171687558159,0.00374197535871303,190.294685828047,13.2971282424271,0,0.00373959799190317,0.00304085165568522,0.00266119375820845
gyroSystem,2.00387408140235,1,1.45214502422383,0.294712768737463,0.0868556160569011,1.86461876235373,0.276743271179343,0,0.086800434598161,0.00707717475330653,0.0140486259429042
input,1,1,1,0,0,NaN,NaN,0,0,0,0
error,0.788466299961247,-0.998625607786217,-0.0179425384560869,0.232419033372164,0.0540186070736512,9.57562022197549,-0.962492633246338,0,0.0539842877553071,-0.0120725351336809,0.0279062618465527
