signalsNamesOrdered,maxSignals,minSignals,meanSignals,standardDeviationSignals,varianceSignals,kurtosisSignals,skewnessSignals,firstMomentSignals,secondMomentSignals,thirdMomentSignals,fourthMomentSignals
compassSystem,1.81027268687016,0,0.994410090674461,0.206615174731854,0.0426898304294745,10.6503685242211,-0.662691431961321,0,0.0426628797789508,-0.00583964715149027,0.0193849627212922
compassFilter,1.81043452626825,0,0.994173182057541,0.207119017112766,0.0428982872497583,10.6593733175364,-0.680188944602598,0,0.0428712049977067,-0.00603779140350074,0.0195912909185007
fullSystem,1.81157930518386,0.00982934390097795,0.996763065201561,0.200184028813289,0.0400736453919199,10.2265754096402,-0.409270213544718,0,0.0400483463733644,-0.00328009952081812,0.0164020979853729
gyroFilter,1,-0.00287093025207907,0.002589883144019,0.0437340384087758,0.00191266611554028,436.224053111839,20.481319357256,0,0.00191145862430572,0.00171161183945869,0.00159382051262624
gyroSystem,2.00387408140233,1,1.4885769429236,0.282698560867155,0.0799184763163604,1.90797232370734,0.18721102619064,0,0.0798680227328274,0.00422562373398529,0.0121707666690873
input,1,1,1,0,0,NaN,NaN,0,0,0,0
error,0.811579305183862,-0.990170656099022,-0.00323693479843926,0.200184028813289,0.0400736453919199,10.2265754096402,-0.40927021354471,0,0.0400483463733644,-0.00328009952081805,0.0164020979853729
