signalsNamesOrdered,maxSignals,minSignals,meanSignals,standardDeviationSignals,varianceSignals,kurtosisSignals,skewnessSignals,firstMomentSignals,secondMomentSignals,thirdMomentSignals,fourthMomentSignals
compassSystem,1.80651381719495,0,0.987588514554919,0.220809921734414,0.0487570215363581,10.6677184456362,-1.06368202057397,0,0.0486366338288609,-0.0114092496369868,0.0252347242752782
compassFilter,1.08985807749386,0,0.952696769629598,0.181105309185782,0.0327991330152778,21.2040474800234,-4.27669704394417,0,0.0327181475016598,-0.0253099650485412,0.0226984488649209
fullSystem,1.24890999014163,0.795661688359504,1.0320380313177,0.0560194216228429,0.00313817559895783,7.20566771296649,-0.291389703568716,0,0.00313042701723201,-5.10363463797788e-05,7.06124690022724e-05
gyroFilter,1,-0.0350109007958133,0.0793412616881069,0.160964069561488,0.0259094316897956,21.4325985822304,4.23824588991671,0,0.0258454577843887,0.0176101272010741,0.0143167119765898
gyroSystem,2.00387408140234,1,1.48766491326615,0.285499739845961,0.0815101014521113,1.9025065174426,0.171983733522379,0,0.081308841942353,0.0039874388507237,0.0125777136853033
input,1,1,1,0,0,NaN,NaN,0,0,0,0
error,0.248909990141629,-0.204338311640496,0.0320380313177049,0.0560194216228429,0.00313817559895784,7.20566771296649,-0.291389703568718,0,0.00313042701723201,-5.10363463797792e-05,7.06124690022724e-05
