signalsNamesOrdered,maxSignals,minSignals,meanSignals,standardDeviationSignals,varianceSignals,kurtosisSignals,skewnessSignals,firstMomentSignals,secondMomentSignals,thirdMomentSignals,fourthMomentSignals
compassSystem,1.79072008587267,0,0.976726169978175,0.246427639580356,0.0607265815491458,9.69457240609776,-1.31564427473117,0,0.0606869168975788,-0.0196689461707279,0.0357041589647761
compassFilter,1.79062765394525,0,0.976664375470765,0.246505206173073,0.0607648166704295,9.69236568868173,-1.31698926388476,0,0.0607251270449099,-0.0197076519034138,0.0357409963934085
fullSystem,1.7907936868721,0.00045966157974809,0.981330028710426,0.234700690808941,0.055084414266194,9.74826099334382,-1.10790153123001,0,0.0550484348969803,-0.0143093078259182,0.0295404495355575
gyroFilter,1,-0.000335218437540918,0.0046656532396616,0.0581697188276051,0.00338371618848263,218.201040921708,14.3460845531321,0,0.00338150605380694,0.0028209711201011,0.00249503795498565
gyroSystem,2.00387408140234,1,1.45567559513758,0.2926477494669,0.0856427052680414,1.88842350418874,0.252469871174792,0,0.0855867662051622,0.00632149042581846,0.0138328807175996
input,1,1,1,0,0,NaN,NaN,0,0,0,0
error,0.790793686872104,-0.999540338420252,-0.0186699712895737,0.234700690808941,0.0550844142661939,9.74826099334384,-1.10790153123001,0,0.0550484348969802,-0.0143093078259182,0.0295404495355575
