signalsNamesOrdered,maxSignals,minSignals,meanSignals,standardDeviationSignals,varianceSignals,kurtosisSignals,skewnessSignals,firstMomentSignals,secondMomentSignals,thirdMomentSignals,fourthMomentSignals
compassSystem,1.81025672116856,0,0.993870322044556,0.216443635478636,0.0468478473392086,10.2664717443065,-0.65567324008732,0,0.046801463331942,-0.00663860162103212,0.0224874432719987
compassFilter,1.80951643282158,0,0.993319826524513,0.217241050378161,0.0471936739694066,10.2862145395502,-0.685985466390661,0,0.0471469475595359,-0.00702255719916948,0.0228645542417214
fullSystem,1.81207816134048,0.028077053432832,0.99803820155147,0.205396128132118,0.0421875694516655,9.73095695732489,-0.256111837459872,0,0.0421457995809213,-0.00221595582429923,0.0172847915622045
gyroFilter,1,-0.0049768871944349,0.0047183750269559,0.0592122937244256,0.00350609572810765,238.963053129933,15.1683206172414,0,0.00350262434619864,0.00314432799937543,0.00293168889908701
gyroSystem,2.00387408140234,1,1.47854719419645,0.281718826795381,0.0793654973709659,1.93032924990966,0.210909245231517,0,0.0792869176705986,0.00470866636708253,0.0121348513571234
input,1,1,1,0,0,NaN,NaN,0,0,0,0
error,0.812078161340484,-0.971922946567168,-0.00196179844853106,0.205396128132118,0.0421875694516655,9.73095695732488,-0.256111837459852,0,0.0421457995809213,-0.00221595582429906,0.0172847915622045
