signalsNamesOrdered,maxSignals,minSignals,meanSignals,standardDeviationSignals,varianceSignals,kurtosisSignals,skewnessSignals,firstMomentSignals,secondMomentSignals,thirdMomentSignals,fourthMomentSignals
compassSystem,1.81054805849164,0,0.993323037188843,0.210855492894501,0.0444600388837831,10.6337984741341,-0.711165020302894,0,0.0444199847946986,-0.00665791115325163,0.0209819204750314
compassFilter,1.80970440460196,0,0.99287473573324,0.211630857920698,0.0447876200242506,10.656490245824,-0.741710846997994,0,0.0447472708170216,-0.00702076536163544,0.021337684852972
fullSystem,1.81201002315044,0.023729880322659,0.997076219007728,0.200785947660975,0.040314996778116,10.083962438588,-0.334420248426114,0,0.0402786769611988,-0.00270336919289123,0.0163599364715602
gyroFilter,1,-0.00441267305023141,0.00420148327448801,0.0558484300222789,0.00311904713595338,268.168581815108,16.0666302041736,0,0.00311623718357865,0.00279492755859947,0.00260416744830846
gyroSystem,2.00387408140234,1,1.48617217300064,0.282653483433178,0.0798929916969098,1.91459964008155,0.189997866641406,0,0.0798210160287144,0.00428474126314101,0.0121986698077024
input,1,1,1,0,0,NaN,NaN,0,0,0,0
error,0.812010023150442,-0.976270119677341,-0.00292378099227269,0.200785947660976,0.040314996778116,10.0839624385879,-0.334420248426105,0,0.0402786769611988,-0.00270336919289116,0.0163599364715602
