signalsNamesOrdered,maxSignals,minSignals,meanSignals,standardDeviationSignals,varianceSignals,kurtosisSignals,skewnessSignals,firstMomentSignals,secondMomentSignals,thirdMomentSignals,fourthMomentSignals
compassSystem,1.80651381719495,0,0.987588514554919,0.220809921734414,0.0487570215363581,10.6677184456362,-1.06368202057397,0,0.0486366338288609,-0.0114092496369868,0.0252347242752782
compassFilter,1.42673367946304,0,0.974004196308134,0.186666396191025,0.0348443434669447,17.9585620604217,-3.28321913747234,0,0.0347583080509769,-0.0212758937294852,0.0216964567827649
fullSystem,1.48964702215025,0.583432147743575,1.01187040695555,0.111092176791105,0.012341471744186,8.68853362905217,0.161647086873982,0,0.0123109989744473,0.000220804451696029,0.00131684020185636
gyroFilter,1,-0.0323553264256025,0.037866210647421,0.130955206712181,0.0171492661650301,41.2805799104777,6.08856140038966,0,0.017106922297956,0.013622992395627,0.0120806292211229
gyroSystem,2.00387408140234,1,1.48766491326615,0.285499739845961,0.0815101014521113,1.9025065174426,0.171983733522379,0,0.081308841942353,0.0039874388507237,0.0125777136853033
input,1,1,1,0,0,NaN,NaN,0,0,0,0
error,0.489647022150247,-0.416567852256425,0.0118704069555551,0.111092176791105,0.012341471744186,8.68853362905217,0.161647086873975,0,0.0123109989744473,0.000220804451696021,0.00131684020185636
