signalsNamesOrdered,maxSignals,minSignals,meanSignals,standardDeviationSignals,varianceSignals,kurtosisSignals,skewnessSignals,firstMomentSignals,secondMomentSignals,thirdMomentSignals,fourthMomentSignals
compassSystem,1.7897093021705,0,0.978171725896485,0.248259618728877,0.0616328382914075,9.59058234187199,-1.26023255601704,0,0.0615925290446505,-0.0192638350189003,0.0363832132863797
compassFilter,1.78963530250862,0,0.978118187184386,0.248339762197053,0.0616726374880889,9.58852099340657,-1.26134975810852,0,0.0616323022117723,-0.0192995913899077,0.0364223870153987
fullSystem,1.78979572855845,0.000435845800950638,0.982772818966896,0.236625276867893,0.055991521652807,9.64417396635662,-1.0503251378182,0,0.0559549019525763,-0.0139021179332807,0.0301954366306736
gyroFilter,1,-0.000312485473155766,0.00465463178250797,0.0581238713455044,0.00337838442018875,218.379449848504,14.3531848613554,0,0.00337617488165364,0.00281569545648299,0.00248921056993183
gyroSystem,2.00387408140234,1,1.45703808187339,0.293652981016854,0.0862320732600846,1.892281430305,0.261761208729275,0,0.086175675566651,0.0066218956465444,0.0140525494073005
input,1,1,1,0,0,NaN,NaN,0,0,0,0
error,0.789795728558452,-0.999564154199049,-0.017227181033105,0.236625276867893,0.0559915216528071,9.64417396635658,-1.05032513781818,0,0.0559549019525763,-0.0139021179332805,0.0301954366306736
