signalsNamesOrdered,maxSignals,minSignals,meanSignals,standardDeviationSignals,varianceSignals,kurtosisSignals,skewnessSignals,firstMomentSignals,secondMomentSignals,thirdMomentSignals,fourthMomentSignals
compassSystem,1.79031611847104,0,0.975688916212289,0.245834627135413,0.0604346638988075,9.73602698453953,-1.30905861809044,0,0.0603953184144984,-0.0194296065897529,0.0355130783481375
compassFilter,1.79024097480127,0,0.975607123850518,0.245979025105617,0.0605056807919096,9.73110158576652,-1.31044231523959,0,0.0604662890726441,-0.0194844379371144,0.0355785822584881
fullSystem,1.790501415118,0.00113530182700781,0.980861844721222,0.232345367164067,0.0539843696426049,9.72565161666297,-1.0512896204777,0,0.0539492235686188,-0.0131734696343921,0.0283066911300608
gyroFilter,1,-0.000492231845821367,0.00525472087070407,0.0604603039004271,0.003655448347732,196.777042297088,13.5363123709383,0,0.00365306849854728,0.00298873281112423,0.00262597181229279
gyroSystem,2.00387408140234,1,1.45198727777584,0.290359939281815,0.0843088943397396,1.92624730729323,0.285232110733723,0,0.0842540057366538,0.00697564310482932,0.0136739239611786
input,1,1,1,0,0,NaN,NaN,0,0,0,0
error,0.790501415117996,-0.998864698172992,-0.0191381552787786,0.232345367164067,0.053984369642605,9.72565161666293,-1.05128962047768,0,0.0539492235686189,-0.0131734696343919,0.0283066911300607
