signalsNamesOrdered,maxSignals,minSignals,meanSignals,standardDeviationSignals,varianceSignals,kurtosisSignals,skewnessSignals,firstMomentSignals,secondMomentSignals,thirdMomentSignals,fourthMomentSignals
compassSystem,1.80651387645727,0,0.982976060037277,0.229866433567215,0.0528385772809109,10.3170559097305,-1.21442559067027,0,0.0527087527667072,-0.0146958604670875,0.0286629749113136
compassFilter,1.78213307059116,0,0.980381740114231,0.231010017125093,0.0533656280121356,10.5076424231382,-1.38983520862346,0,0.0532345085329903,-0.0170707728261324,0.0297777433983738
fullSystem,1.78552224463804,0.193433266245912,0.997174745295154,0.191525978389237,0.0366822003979545,9.03785219565682,-0.194536551299301,0,0.0365920721414485,-0.00136170087881448,0.0121015010156802
gyroFilter,1,-0.0180771926807379,0.0167930051809228,0.107340824716495,0.0115220526508173,70.3386586774429,8.13482287684661,0,0.0114937429391446,0.0100239829887594,0.00929216775874715
gyroSystem,2.00387408140234,1,1.48534318620603,0.286710425486766,0.0822028680828026,1.90292205052035,0.171226122929526,0,0.0820008954339505,0.00402066523987292,0.0127955273155501
input,1,1,1,0,0,NaN,NaN,0,0,0,0
error,0.785522244638041,-0.806566733754088,-0.00282525470484669,0.191525978389237,0.0366822003979545,9.03785219565683,-0.194536551299293,0,0.0365920721414484,-0.00136170087881442,0.0121015010156802
