signalsNamesOrdered,maxSignals,minSignals,meanSignals,standardDeviationSignals,varianceSignals,kurtosisSignals,skewnessSignals,firstMomentSignals,secondMomentSignals,thirdMomentSignals,fourthMomentSignals
compassSystem,1.78961976058354,0,0.972691476396795,0.243273926420821,0.0591822032762029,9.9289846353725,-1.39165394758679,0,0.0591434714677761,-0.0200166536270925,0.0347310939624689
compassFilter,1.78953212472826,0,0.972609843575652,0.243398709650077,0.0592429318593227,9.92449644597046,-1.39324102586843,0,0.0592041603070588,-0.0200703336929096,0.0347866760081707
fullSystem,1.7897722155718,0.00101712420356988,0.977849625865133,0.229719359356789,0.0527709840632934,9.93637814620987,-1.14092182822992,0,0.0527364480789588,-0.0138172686835421,0.0276343887255506
gyroFilter,1,-0.000456398037496308,0.00523978228948211,0.0604155609482784,0.00365004000469514,197.129701299218,13.5526378515867,0,0.00364765123505856,0.0029856836798863,0.00262288155034492
gyroSystem,2.00387408140234,1,1.45729037567691,0.292697382221908,0.0856717575595578,1.89942083815368,0.262941217586877,0,0.0856156896553958,0.00658701585406229,0.0139228427156637
input,1,1,1,0,0,NaN,NaN,0,0,0,0
error,0.789772215571799,-0.99898287579643,-0.0221503741348669,0.229719359356789,0.0527709840632934,9.93637814620987,-1.14092182822992,0,0.0527364480789588,-0.0138172686835421,0.0276343887255506
