signalsNamesOrdered,maxSignals,minSignals,meanSignals,standardDeviationSignals,varianceSignals,kurtosisSignals,skewnessSignals,firstMomentSignals,secondMomentSignals,thirdMomentSignals,fourthMomentSignals
compassSystem,1.80651381719495,0,0.987588514554919,0.220809921734414,0.0487570215363581,10.6677184456362,-1.06368202057397,0,0.0486366338288609,-0.0114092496369868,0.0252347242752782
compassFilter,1.23472311340762,0,0.967219737353206,0.178465101041032,0.0318497922895859,21.6566137709703,-4.12502535035695,0,0.0317711508271424,-0.0233601722772462,0.021860316418939
fullSystem,1.37724424087474,0.681335445407383,1.01837683428493,0.0837963921846112,0.00702183534315717,8.482082338958,0.0742735552465473,0,0.00700449747811234,4.35411291756024e-05,0.000416156277893977
gyroFilter,1,-0.0342986951567894,0.051157096931719,0.142045567237217,0.0201769431717427,32.0336913106552,5.29486318002012,0,0.0201271235589729,0.0151191477595759,0.012976883675361
gyroSystem,2.00387408140234,1,1.48766491326615,0.285499739845961,0.0815101014521113,1.9025065174426,0.171983733522379,0,0.081308841942353,0.0039874388507237,0.0125777136853033
input,1,1,1,0,0,NaN,NaN,0,0,0,0
error,0.377244240874743,-0.318664554592617,0.0183768342849258,0.0837963921846112,0.00702183534315717,8.482082338958,0.0742735552465451,0,0.00700449747811234,4.35411291756011e-05,0.000416156277893977
