signalsNamesOrdered,maxSignals,minSignals,meanSignals,standardDeviationSignals,varianceSignals,kurtosisSignals,skewnessSignals,firstMomentSignals,secondMomentSignals,thirdMomentSignals,fourthMomentSignals
compassSystem,1.78839724712267,0,0.977810944904547,0.247687373286262,0.0613490348854482,9.68681169507224,-1.22006779466226,0,0.0613092495191153,-0.0185213638500457,0.0364110210249003
compassFilter,1.78841822003181,0,0.977750906946675,0.247753280575855,0.0613816880360986,9.68473211699277,-1.22179108934828,0,0.0613418814939221,-0.0185623344087558,0.0364419659309428
fullSystem,1.7885760899818,0.000424295048069018,0.982358055176564,0.236138618026507,0.0557614469234684,9.74989087858583,-1.00526109793243,0,0.0557252851550355,-0.0132238320742535,0.0302764083491622
gyroFilter,1,-0.000320818887004748,0.00460714822988627,0.0578363343707035,0.00334504157343981,220.498760837447,14.4236321118439,0,0.0033428722857787,0.00278775314120878,0.00246402847635787
gyroSystem,2.00387408140235,1,1.45562919981282,0.294077495629349,0.0864815734356295,1.89694933337712,0.272269387964498,0,0.0864254894061641,0.00691769780747585,0.0141690073731125
input,1,1,1,0,0,NaN,NaN,0,0,0,0
error,0.788576089981799,-0.999575704951931,-0.0176419448234365,0.236138618026507,0.0557614469234683,9.74989087858583,-1.00526109793243,0,0.0557252851550355,-0.0132238320742535,0.0302764083491622
