signalsNamesOrdered,maxSignals,minSignals,meanSignals,standardDeviationSignals,varianceSignals,kurtosisSignals,skewnessSignals,firstMomentSignals,secondMomentSignals,thirdMomentSignals,fourthMomentSignals
compassSystem,1.81051927358297,0,0.993962379497205,0.206166891745282,0.0425047872519109,10.6822063782527,-0.669614616295466,0,0.0424782549252867,-0.0058623929479442,0.019274996064839
compassFilter,1.81049749261913,0,0.993764192695549,0.206626441338568,0.0426944862602405,10.6896451092332,-0.685565602194535,0,0.0426678355197534,-0.00604226734970066,0.0194609712747636
fullSystem,1.81153710258304,0.00879105647795859,0.996260300330405,0.199816650240692,0.039926693713411,10.2581492288018,-0.418192636733386,0,0.0399017706836274,-0.00333322502980887,0.0163325256680709
gyroFilter,1,-0.00229160323148347,0.00249610763485557,0.0432330788145488,0.00186909910378499,444.805122765949,20.6798514218954,0,0.00186793237525578,0.0016695104365715,0.00155200129448179
gyroSystem,2.00387408140233,1,1.48916045744422,0.283112585829827,0.0801527362552513,1.90105945434715,0.180581442167208,0,0.0801027033362405,0.00409396265459144,0.0121980397838863
input,1,1,1,0,0,NaN,NaN,0,0,0,0
error,0.811537102583044,-0.991208943522041,-0.00373969966959599,0.199816650240692,0.039926693713411,10.2581492288018,-0.418192636733371,0,0.0399017706836273,-0.00333322502980874,0.0163325256680709
