signalsNamesOrdered,maxSignals,minSignals,meanSignals,standardDeviationSignals,varianceSignals,kurtosisSignals,skewnessSignals,firstMomentSignals,secondMomentSignals,thirdMomentSignals,fourthMomentSignals
compassSystem,1.78916102536589,0,0.980792445935286,0.23992470985972,0.0575638664012706,10.0507241462835,-1.23561474502075,0,0.0575265841043786,-0.0170484916886327,0.0332609406041187
compassFilter,1.78902281725237,0,0.98061554077942,0.240205844959433,0.0576988479526754,10.0493397935633,-1.24169484497965,0,0.0576614782324988,-0.0171926782622006,0.0334125079383892
fullSystem,1.78961701520483,0.00347838187457776,0.985766913182869,0.227188246808205,0.0516144994877859,10.0648493988703,-0.974766199633811,0,0.0515810704078067,-0.0114192080872548,0.0267786069973447
gyroFilter,1,-0.0010924406042927,0.00515137240344778,0.0618979487634771,0.00383135606112604,199.715797458901,13.7818217849192,0,0.00382887461289992,0.00326522675403679,0.00292788967120495
gyroSystem,2.00387408140234,1,1.45155592927721,0.287705894896143,0.0827746819579904,1.92299502379838,0.274243825206508,0,0.0827210714126808,0.00652470805490738,0.0131586235348064
input,1,1,1,0,0,NaN,NaN,0,0,0,0
error,0.789617015204833,-0.996521618125422,-0.0142330868171301,0.227188246808205,0.0516144994877858,10.0648493988703,-0.97476619963382,0,0.0515810704078067,-0.0114192080872549,0.0267786069973447
