signalsNamesOrdered,maxSignals,minSignals,meanSignals,standardDeviationSignals,varianceSignals,kurtosisSignals,skewnessSignals,firstMomentSignals,secondMomentSignals,thirdMomentSignals,fourthMomentSignals
compassSystem,1.78851408382803,0,0.977101884278762,0.243824166603864,0.0594502242200689,9.84203080734848,-1.29226180621505,0,0.0594120906573876,-0.0187138335021284,0.0347403660569153
compassFilter,1.78830736522412,0,0.976933252262675,0.244011822091917,0.0595417693206172,9.8423457006361,-1.29861274928203,0,0.0595035770375379,-0.0188492586234514,0.0348485540589755
fullSystem,1.78883390397676,0.00298180863416176,0.982637920047313,0.229282597265423,0.0525705094087782,9.82940707084639,-1.00749052649994,0,0.0525367887484775,-0.0121321076827956,0.0271302857586213
gyroFilter,1,-0.000972771176095621,0.00570466778463954,0.0632749494909354,0.00400371923308042,180.338159689306,12.9809126393975,0,0.0040011511001535,0.00328535765977334,0.00288707149224904
gyroSystem,2.00387408140234,1,1.45594429851856,0.288564039390222,0.0832692048292015,1.90781122905504,0.243997334516545,0,0.083215792895379,0.0058572493843163,0.0132113412872788
input,1,1,1,0,0,NaN,NaN,0,0,0,0
error,0.788833903976756,-0.997018191365838,-0.0173620799526874,0.229282597265423,0.0525705094087782,9.82940707084638,-1.00749052649994,0,0.0525367887484775,-0.0121321076827955,0.0271302857586213
