signalsNamesOrdered,maxSignals,minSignals,meanSignals,standardDeviationSignals,varianceSignals,kurtosisSignals,skewnessSignals,firstMomentSignals,secondMomentSignals,thirdMomentSignals,fourthMomentSignals
compassSystem,1.78780393061216,0,0.979626389165096,0.245613459643206,0.0603259715579047,9.57764211721908,-1.21288086861743,0,0.0602869003328024,-0.0179536427181917,0.0348100394202674
compassFilter,1.78775165205633,0,0.979519241809961,0.245830378959789,0.0604325752195134,9.57334747900542,-1.21527416470468,0,0.0603934349505888,-0.0180367739502663,0.0349175115321115
fullSystem,1.78814866745886,0.00189675890743585,0.984554781287491,0.2332095771622,0.0543867068801719,9.57854558607863,-0.970738285038144,0,0.0543514823290837,-0.0123004003736961,0.0282958247281538
gyroFilter,1,-0.0007438642216957,0.00503553947753094,0.0607946868220492,0.00369599394579104,203.605979368458,13.8791963296954,0,0.00369360016732874,0.00311558167658184,0.00277773166974771
gyroSystem,2.00387408140234,1,1.45190669798577,0.294350500437567,0.0866422171078464,1.88832338023929,0.28879123676356,0,0.0865861016822584,0.00735794083332961,0.0141570493036859
input,1,1,1,0,0,NaN,NaN,0,0,0,0
error,0.78814866745886,-0.998103241092564,-0.0154452187125083,0.233209577162199,0.0543867068801719,9.57854558607865,-0.970738285038153,0,0.0543514823290837,-0.0123004003736962,0.0282958247281538
