signalsNamesOrdered,maxSignals,minSignals,meanSignals,standardDeviationSignals,varianceSignals,kurtosisSignals,skewnessSignals,firstMomentSignals,secondMomentSignals,thirdMomentSignals,fourthMomentSignals
compassSystem,1.79312814447809,0,0.97952828615807,0.248416102201778,0.0617105598331241,9.51986234630613,-1.1970057508654,0,0.0616707465687156,-0.0183322193806937,0.0362067114162269
compassFilter,1.79298606363537,0,0.979474626115214,0.248502926692197,0.0617537045745874,9.51950253914798,-1.19850712621251,0,0.0617138634748619,-0.018374465887155,0.0362559863664707
fullSystem,1.79318470847344,0.000613465277574701,0.984160325905646,0.236681595290438,0.0560181775492265,9.54090609055729,-0.973771308104723,0,0.0559820367895173,-0.012898227031263,0.0299010894245363
gyroFilter,1,-0.000386202220720167,0.00468569979043052,0.0581896852721886,0.00338603947207636,218.966952516675,14.362473805142,0,0.00338385493048147,0.00282713699551787,0.00250727543837421
gyroSystem,2.00387408140234,1,1.4498190726429,0.291370746207965,0.0848969117457862,1.89533557395268,0.278131315272434,0,0.0848421395446599,0.00687333177178056,0.0136429830021818
input,1,1,1,0,0,NaN,NaN,0,0,0,0
error,0.793184708473442,-0.999386534722425,-0.0158396740943541,0.236681595290438,0.0560181775492265,9.54090609055728,-0.973771308104718,0,0.0559820367895173,-0.0128982270312629,0.0299010894245363
