signalsNamesOrdered,maxSignals,minSignals,meanSignals,standardDeviationSignals,varianceSignals,kurtosisSignals,skewnessSignals,firstMomentSignals,secondMomentSignals,thirdMomentSignals,fourthMomentSignals
compassSystem,1.78886510268094,0,0.973311080810163,0.244380047635838,0.0597216076824943,9.83672258627663,-1.35048741436202,0,0.0596825739519829,-0.0196907318732459,0.0350385006147179
compassFilter,1.78874988971348,0,0.973250234068322,0.244514437697655,0.0597873102426005,9.83295299528462,-1.35187308783678,0,0.0597482335692393,-0.0197434719750501,0.0351021811603485
fullSystem,1.78900007051412,0.00107442976438147,0.978506465819582,0.230842360983792,0.0532881956245715,9.83878446628325,-1.09581437415436,0,0.0532533667385423,-0.0134665887398158,0.0279020161611811
gyroFilter,1,-0.000474567628832023,0.00525623175125887,0.0604864151302243,0.00365860641530583,196.62258856683,13.5330055995917,0,0.00365621516928275,0.00299186422512764,0.0026284329428948
gyroSystem,2.00387408140234,1,1.45380417941831,0.28981985883556,0.0839955505754641,1.90091157810792,0.255039727014516,0,0.0839406515228004,0.00620249379530574,0.0133938856677477
input,1,1,1,0,0,NaN,NaN,0,0,0,0
error,0.789000070514117,-0.998925570235619,-0.021493534180418,0.230842360983792,0.0532881956245715,9.83878446628326,-1.09581437415437,0,0.0532533667385423,-0.0134665887398158,0.0279020161611811
