signalsNamesOrdered,maxSignals,minSignals,meanSignals,standardDeviationSignals,varianceSignals,kurtosisSignals,skewnessSignals,firstMomentSignals,secondMomentSignals,thirdMomentSignals,fourthMomentSignals
compassSystem,1.80651381719495,0,0.987588514554919,0.220809921734414,0.0487570215363581,10.6677184456362,-1.06368202057397,0,0.0486366338288609,-0.0114092496369868,0.0252347242752782
compassFilter,1.38907162067562,0,0.972770291157368,0.184340272439469,0.0339813360430578,18.8472230733347,-3.48881812217584,0,0.0338974315096181,-0.0217735136227518,0.0216561352282662
fullSystem,1.46370165954902,0.604539214918535,1.01306308435294,0.105013415860747,0.0110278175107422,8.66865923298474,0.152007786186659,0,0.0110005883317033,0.000175383891849357,0.00104901997122682
gyroFilter,1,-0.0329181014672135,0.0402927931955747,0.133114145676535,0.0177193757791939,39.2448540667568,5.9209347701655,0,0.0176756242340601,0.0139140133930544,0.0122611791814532
gyroSystem,2.00387408140234,1,1.48766491326615,0.285499739845961,0.0815101014521113,1.9025065174426,0.171983733522379,0,0.081308841942353,0.0039874388507237,0.0125777136853033
input,1,1,1,0,0,NaN,NaN,0,0,0,0
error,0.46370165954902,-0.395460785081465,0.0130630843529427,0.105013415860747,0.0110278175107422,8.66865923298473,0.152007786186665,0,0.0110005883317033,0.000175383891849365,0.00104901997122682
