signalsNamesOrdered,maxSignals,minSignals,meanSignals,standardDeviationSignals,varianceSignals,kurtosisSignals,skewnessSignals,firstMomentSignals,secondMomentSignals,thirdMomentSignals,fourthMomentSignals
compassSystem,1.79009700498207,0,0.973422596949101,0.246185933037038,0.060607513625317,9.67373283673661,-1.37419675417528,0,0.0605672962970985,-0.0204835958967724,0.0354870962002681
compassFilter,1.78998699331725,0,0.973307999264742,0.246319633405122,0.0606733618008336,9.67178235392908,-1.37734291999534,0,0.0606331007777408,-0.0205639599269322,0.0355570786366627
fullSystem,1.79031291621392,0.00152524303666946,0.979014640610064,0.23153310086436,0.0536075767958657,9.66676255122752,-1.10845066389088,0,0.0535720044157756,-0.0137443185372277,0.0277432185370189
gyroFilter,1,-0.000615056391354285,0.00570664134532139,0.0627924622374999,0.00394289331384785,180.43982751058,12.9451171234096,0,0.00394027692810542,0.0032018140255902,0.00280146947479447
gyroSystem,2.00387408140235,1,1.45473524769779,0.291409124550038,0.0849192778710193,1.90645517052876,0.268167194725689,0,0.0848629279852389,0.00662952887950452,0.0137297497462386
input,1,1,1,0,0,NaN,NaN,0,0,0,0
error,0.790312916213922,-0.998474756963331,-0.0209853593899349,0.23153310086436,0.0536075767958658,9.66676255122753,-1.10845066389089,0,0.0535720044157756,-0.0137443185372279,0.027743218537019
