signalsNamesOrdered,maxSignals,minSignals,meanSignals,standardDeviationSignals,varianceSignals,kurtosisSignals,skewnessSignals,firstMomentSignals,secondMomentSignals,thirdMomentSignals,fourthMomentSignals
compassSystem,1.81064739184359,0,0.992335750990011,0.210674446351988,0.0443837223457165,10.6983505224922,-0.772832262069975,0,0.0443458522754556,-0.00721713372658507,0.0210388905825872
compassFilter,1.80954240648173,0,0.991955290155825,0.21138823895589,0.0446849875688724,10.7147409042481,-0.798340285579398,0,0.0446468604463734,-0.00753137777306449,0.0213581446463153
fullSystem,1.81143754994769,0.0182150313276322,0.995770370673727,0.201440831755483,0.0405784086983407,10.2119227945605,-0.435948941010078,0,0.0405437854827277,-0.00355895150340459,0.0167863437932548
gyroFilter,1,-0.00351915709616857,0.00381508051790161,0.0533060916774248,0.00284153940992202,293.646147660426,16.8054029593969,0,0.0028391148882412,0.00254228000137688,0.00236695631176033
gyroSystem,2.00387408140234,1,1.48707911356215,0.282663388811528,0.079898591374417,1.91692897750981,0.189443179697954,0,0.0798304185148825,0.00427298711894788,0.0122163884768171
input,1,1,1,0,0,NaN,NaN,0,0,0,0
error,0.811437549947692,-0.981784968672368,-0.00422962932627354,0.201440831755483,0.0405784086983407,10.2119227945605,-0.435948941010066,0,0.0405437854827278,-0.0035589515034045,0.0167863437932548
