signalsNamesOrdered,maxSignals,minSignals,meanSignals,standardDeviationSignals,varianceSignals,kurtosisSignals,skewnessSignals,firstMomentSignals,secondMomentSignals,thirdMomentSignals,fourthMomentSignals
compassSystem,1.80651381719495,0,0.987588514554919,0.220809921734414,0.0487570215363581,10.6677184456362,-1.06368202057397,0,0.0486366338288609,-0.0114092496369868,0.0252347242752782
compassFilter,1.48897581713645,0,0.975938923942132,0.191248842721835,0.0365761198424411,16.4432827031006,-2.92029375716084,0,0.0364858084354227,-0.0203522533601558,0.0218895317115821
fullSystem,1.53562775453014,0.547023880001098,1.00998811915831,0.121828099165212,0.0148420857462087,8.71035198380871,0.170114708804218,0,0.0148054386209094,0.000306459990197856,0.00190931797632531
gyroFilter,1,-0.0310093532534323,0.0340491952161775,0.127417258041896,0.016235157646915,44.9008124519588,6.37854688821172,0,0.0161950708379103,0.0131460727189552,0.0117765994332368
gyroSystem,2.00387408140234,1,1.48766491326615,0.285499739845961,0.0815101014521113,1.9025065174426,0.171983733522379,0,0.081308841942353,0.0039874388507237,0.0125777136853033
input,1,1,1,0,0,NaN,NaN,0,0,0,0
error,0.535627754530136,-0.452976119998902,0.00998811915830914,0.121828099165212,0.0148420857462087,8.7103519838087,0.170114708804228,0,0.0148054386209094,0.000306459990197874,0.00190931797632531
