signalsNamesOrdered,maxSignals,minSignals,meanSignals,standardDeviationSignals,varianceSignals,kurtosisSignals,skewnessSignals,firstMomentSignals,secondMomentSignals,thirdMomentSignals,fourthMomentSignals
compassSystem,1.79201268098181,0,0.981109284951073,0.221513408844918,0.0490681902980959,12.1799619998821,-1.53967767498404,0,0.0490417241760365,-0.0167216222493389,0.0292939134559994
compassFilter,1.79198507957754,0,0.981077010244762,0.221589658909681,0.0491019769357089,12.1764434258171,-1.5408975567759,0,0.0490754925900047,-0.0167521582822118,0.0293257947231582
fullSystem,1.79213656821629,0.000397507968607854,0.984899250725323,0.210776874507073,0.0444268908269704,12.2453570848261,-1.29947247380846,0,0.044402928102684,-0.0121586259974989,0.0241431912306014
gyroFilter,1,-0.000292271163010449,0.00382224048056155,0.052669168083974,0.00277404126665791,266.249145165399,15.858837330312,0,0.00277254502002001,0.00231520394993209,0.00204665874657145
gyroSystem,2.25540084428403,1,1.5758528389243,0.372196542068801,0.138530265927973,1.76266671008014,0.208887381721073,0,0.138455546259188,0.0107616222223346,0.0337902120579502
input,1,1,1,0,0,NaN,NaN,0,0,0,0
error,0.792136568216289,-0.999602492031392,-0.0151007492746766,0.210776874507073,0.0444268908269704,12.2453570848261,-1.29947247380846,0,0.044402928102684,-0.0121586259974989,0.0241431912306014
