signalsNamesOrdered,maxSignals,minSignals,meanSignals,standardDeviationSignals,varianceSignals,kurtosisSignals,skewnessSignals,firstMomentSignals,secondMomentSignals,thirdMomentSignals,fourthMomentSignals
compassSystem,1.79234246299868,0,0.978424688309044,0.246010526286362,0.0605211790436929,9.78738781847347,-1.21574559984472,0,0.0604827040411222,-0.0180837920876141,0.0358038060373417
compassFilter,1.79224928643264,0,0.978321274063174,0.246189316307119,0.0606091794637667,9.78280927696286,-1.2175055840218,0,0.060570648516873,-0.0181494846195458,0.035891204541006
fullSystem,1.79258191435746,0.00156866155334581,0.983810421596149,0.231874612018197,0.0537658356985893,9.7629723019719,-0.92321637415804,0,0.0537316552563143,-0.0114987022390502,0.0281865872850624
gyroFilter,1,-0.000630796342673046,0.00548914753297508,0.0615891553960456,0.00379322406239826,187.657115648707,13.2041438590124,0,0.00379081260399877,0.00308183030328261,0.00269668157999743
gyroSystem,2.00387408140234,1,1.45756458423347,0.294622451674934,0.0868023890309491,1.87962938476168,0.260491462374915,0,0.0867472063297215,0.00665543949918584,0.0141443573667968
input,1,1,1,0,0,NaN,NaN,0,0,0,0
error,0.79258191435746,-0.998431338446654,-0.0161895784038507,0.231874612018197,0.0537658356985894,9.76297230197189,-0.923216374158043,0,0.0537316552563144,-0.0114987022390502,0.0281865872850624
