signalsNamesOrdered,maxSignals,minSignals,meanSignals,standardDeviationSignals,varianceSignals,kurtosisSignals,skewnessSignals,firstMomentSignals,secondMomentSignals,thirdMomentSignals,fourthMomentSignals
compassSystem,1.78554471317172,0,0.973370043227229,0.246494032895197,0.0607593082529386,9.65315532852886,-1.3345863858225,0,0.0607192030989763,-0.0199680559509493,0.0355894618144602
compassFilter,1.78535037582442,0,0.973287966892055,0.246684335532753,0.060853161397236,9.64695210212108,-1.3361089277713,0,0.0608129942940035,-0.0200371729755119,0.0356765538560422
fullSystem,1.78568039848701,0.00154910651066584,0.978976191760745,0.231974439606422,0.0538121406307133,9.64127437958965,-1.06226688248576,0,0.0537766210659406,-0.0132471943600617,0.0278818421524813
gyroFilter,1,-0.000625403289103543,0.0056882248686884,0.0626944350085561,0.00393059218104207,181.000776536119,12.9657785302653,0,0.00392799773075755,0.00319194530840852,0.00279269105858823
gyroSystem,2.00387408140235,1,1.45640835872612,0.292467915890964,0.0855374818256042,1.88090531989811,0.255484828888094,0,0.0854810214415609,0.00638512892456429,0.0137437846272283
input,1,1,1,0,0,NaN,NaN,0,0,0,0
error,0.785680398487007,-0.998450893489334,-0.0210238082392562,0.231974439606422,0.0538121406307133,9.64127437958962,-1.06226688248574,0,0.0537766210659406,-0.0132471943600615,0.0278818421524812
