signalsNamesOrdered,maxSignals,minSignals,meanSignals,standardDeviationSignals,varianceSignals,kurtosisSignals,skewnessSignals,firstMomentSignals,secondMomentSignals,thirdMomentSignals,fourthMomentSignals
compassSystem,1.7929042243517,0,0.978727066730568,0.245486109397921,0.0602634299073279,9.961940264461,-1.26932314562297,0,0.0602240677715295,-0.01875976218206,0.0361313430755011
compassFilter,1.79284791602027,0,0.978680299417789,0.245576224375002,0.0603076819782813,9.96063270184695,-1.27119288886188,0,0.0602682909384522,-0.0188080932309034,0.0361796763926851
fullSystem,1.79304146549624,0.000590989221315428,0.983414874168532,0.233495962659428,0.054520364578253,10.0353601097762,-1.04342139391704,0,0.0544847536281692,-0.0132700397634481,0.0297908533901466
gyroFilter,1,-0.000381528607781512,0.00473457475074285,0.0585074073489825,0.00342311671469977,216.442475341922,14.2803261649916,0,0.00342088084486653,0.00285722898896374,0.0025329019978685
gyroSystem,2.00387408140235,1,1.45830789031931,0.29066554857177,0.0844864611265278,1.89349671137428,0.239704870511917,0,0.0844312772851649,0.00588073890016829,0.0134980575023816
input,1,1,1,0,0,NaN,NaN,0,0,0,0
error,0.793041465496245,-0.999409010778685,-0.0165851258314686,0.233495962659428,0.054520364578253,10.0353601097762,-1.04342139391704,0,0.0544847536281692,-0.013270039763448,0.0297908533901466
