signalsNamesOrdered,maxSignals,minSignals,meanSignals,standardDeviationSignals,varianceSignals,kurtosisSignals,skewnessSignals,firstMomentSignals,secondMomentSignals,thirdMomentSignals,fourthMomentSignals
compassSystem,1.79331164136854,0,0.978411252783366,0.249228626466892,0.0621149082505737,9.51255069748072,-1.21720409681466,0,0.0620743367886203,-0.0188248505787177,0.0366539818734073
compassFilter,1.79329967404371,0,0.978366930680555,0.249305016838768,0.0621529914209782,9.51074584442791,-1.21838869101987,0,0.0621123950843218,-0.0188605031110917,0.036691978346014
fullSystem,1.79345526994688,0.000414673878797649,0.983001809326487,0.237687288621896,0.0564952471724283,9.56309750287818,-1.00574573526208,0,0.0564583462924985,-0.0134921272779721,0.030482802349157
gyroFilter,1,-0.000299002394239078,0.00463487864593195,0.0580045220090275,0.00336452457349575,219.128272817508,14.3789274802913,0,0.00336232697416623,0.00280340865918194,0.00247729830251542
gyroSystem,2.00387408140234,1,1.45973198148487,0.295768833968564,0.0874792031471239,1.86274410625169,0.249277163699558,0,0.0874220645428475,0.00644338500847928,0.0142362404603183
input,1,1,1,0,0,NaN,NaN,0,0,0,0
error,0.793455269946875,-0.999585326121202,-0.0169981906735126,0.237687288621896,0.0564952471724283,9.56309750287818,-1.00574573526208,0,0.0564583462924985,-0.0134921272779721,0.030482802349157
