signalsNamesOrdered,maxSignals,minSignals,meanSignals,standardDeviationSignals,varianceSignals,kurtosisSignals,skewnessSignals,firstMomentSignals,secondMomentSignals,thirdMomentSignals,fourthMomentSignals
compassSystem,1.79209458389985,0,0.980824089090859,0.237574539250445,0.0564416617000613,10.4783970073557,-1.31055617737437,0,0.0564053414544371,-0.0175564211675887,0.033337675445964
compassFilter,1.79154761834508,0,0.980635780527675,0.237879075750643,0.0565864546799801,10.4767685607892,-1.31784371721478,0,0.0565500412599801,-0.0177220231537352,0.0335037332623667
fullSystem,1.79224314671312,0.00435334909211031,0.986266318599924,0.223310715774342,0.0498676757796488,10.5156248406346,-1.0134242713543,0,0.0498355858981947,-0.0112745873084914,0.0261164546586149
gyroFilter,1,-0.00128050848773209,0.00563053807224729,0.0640352698943137,0.0041005157904376,182.973371222002,13.1571332225854,0,0.00409787710588777,0.00345143474701331,0.00307259804348599
gyroSystem,2.00387408140234,1,1.46783077462677,0.293637069978738,0.0862227288656982,1.86730557465901,0.216048452302666,0,0.0861672444841887,0.00546467661955479,0.0138643592679716
input,1,1,1,0,0,NaN,NaN,0,0,0,0
error,0.792243146713117,-0.99564665090789,-0.013733681400078,0.223310715774342,0.0498676757796488,10.5156248406346,-1.01342427135428,0,0.0498355858981947,-0.0112745873084911,0.0261164546586148
