signalsNamesOrdered,maxSignals,minSignals,meanSignals,standardDeviationSignals,varianceSignals,kurtosisSignals,skewnessSignals,firstMomentSignals,secondMomentSignals,thirdMomentSignals,fourthMomentSignals
compassSystem,1.81003537157145,0,0.994673519371928,0.208504869765731,0.0434742807160243,10.5404785846925,-0.660461244161159,0,0.0434458661534648,-0.00598094802234434,0.0198956095819162
compassFilter,1.81024052287413,0,0.994410038204759,0.209060829127043,0.0437064302752865,10.5505215135707,-0.679361345020361,0,0.0436778639809889,-0.00620144533191715,0.0201278186310259
fullSystem,1.81152408011275,0.0112725413038283,0.997124822435418,0.201859714353917,0.0407473442790451,10.1221847064855,-0.403212794582278,0,0.0407207120278824,-0.00331327397693657,0.0167843676758533
gyroFilter,1,-0.00252418304607183,0.00271478423066043,0.0448955452988877,0.00201560998768448,414.73254065384,19.9704882831237,0,0.00201429259553567,0.00180539617509767,0.00168272530130457
gyroSystem,2.00387408140234,1,1.48670266557315,0.282064335190649,0.0795602891865428,1.91509032893059,0.190477582184493,0,0.079508288997532,0.00427034026263249,0.0121063737774672
input,1,1,1,0,0,NaN,NaN,0,0,0,0
error,0.811524080112754,-0.988727458696172,-0.00287517756458195,0.201859714353917,0.0407473442790451,10.1221847064855,-0.403212794582285,0,0.0407207120278823,-0.00331327397693662,0.0167843676758533
