signalsNamesOrdered,maxSignals,minSignals,meanSignals,standardDeviationSignals,varianceSignals,kurtosisSignals,skewnessSignals,firstMomentSignals,secondMomentSignals,thirdMomentSignals,fourthMomentSignals
compassSystem,1.79078973002589,0,0.97771579128361,0.247891378341341,0.0614501354559697,9.59099047468122,-1.28684117801019,0,0.0614097608597437,-0.0195830827388784,0.03616914744692
compassFilter,1.79082229321109,0,0.977661306431553,0.24796778298277,0.0614880213973899,9.58925475745928,-1.28810826240668,0,0.0614476219089554,-0.0196204961698731,0.0362072062905551
fullSystem,1.79099003757034,0.000469244050587285,0.982357972517643,0.236130351034111,0.0557575426794923,9.64076745920936,-1.07763152635372,0,0.0557209082887699,-0.0141741677712238,0.0299328439642771
gyroFilter,1,-0.000325889535016666,0.00469666608609044,0.0583722038582298,0.00340731418326674,216.73509614044,14.2970228388618,0,0.00340507547486774,0.00284076772369674,0.00251294352260329
gyroSystem,2.00387408140234,1,1.45308197243341,0.291513061969821,0.0849798652990209,1.92117962801084,0.275193094096591,0,0.0849240309591398,0.00681056953139983,0.0138557223705508
input,1,1,1,0,0,NaN,NaN,0,0,0,0
error,0.79099003757034,-0.999530755949413,-0.0176420274823561,0.236130351034111,0.0557575426794923,9.64076745920937,-1.07763152635373,0,0.0557209082887699,-0.0141741677712239,0.0299328439642771
