signalsNamesOrdered,maxSignals,minSignals,meanSignals,standardDeviationSignals,varianceSignals,kurtosisSignals,skewnessSignals,firstMomentSignals,secondMomentSignals,thirdMomentSignals,fourthMomentSignals
compassSystem,1.78989419086856,0,0.975622509025959,0.247607250502562,0.0613093505014386,9.48812152749118,-1.30957026540804,0,0.0612691212688262,-0.0198605505396178,0.0356175089400452
compassFilter,1.78982811915062,0,0.975500413675941,0.247771969189798,0.0613909487161903,9.48381750288571,-1.31315585316133,0,0.0613506659414421,-0.0199546996628511,0.0356961806398146
fullSystem,1.79019580424761,0.0018030723355412,0.981246306040277,0.232971399380917,0.0542756729295028,9.44705442313682,-1.03613204401503,0,0.0542400589708877,-0.0130886644718069,0.0277930829332189
gyroFilter,1,-0.000690921798875976,0.00574589236433561,0.0630833358196783,0.0039795072581383,178.916502049652,12.8958561799237,0,0.0039768960329033,0.00323419750137796,0.00282969008941241
gyroSystem,2.00387408140234,1,1.45178300105534,0.293369730549583,0.0860657988027348,1.90039922379157,0.290208454889757,0,0.0860093251814732,0.00732029143224287,0.0140584009340522
input,1,1,1,0,0,NaN,NaN,0,0,0,0
error,0.79019580424761,-0.998196927664459,-0.0187536939597228,0.232971399380917,0.0542756729295029,9.4470544231368,-1.03613204401504,0,0.0542400589708877,-0.0130886644718069,0.0277930829332189
