signalsNamesOrdered,maxSignals,minSignals,meanSignals,standardDeviationSignals,varianceSignals,kurtosisSignals,skewnessSignals,firstMomentSignals,secondMomentSignals,thirdMomentSignals,fourthMomentSignals
compassSystem,1.80651381719495,0,0.987588514554919,0.220809921734414,0.0487570215363581,10.6677184456362,-1.06368202057397,0,0.0486366338288609,-0.0114092496369868,0.0252347242752782
compassFilter,1.16483624109143,0,0.961866898677572,0.177542728357298,0.0315214203925534,22.4685465977147,-4.35438268523513,0,0.0314435897249174,-0.0242786634987989,0.0222146370748347
fullSystem,1.31668184732293,0.734189150462517,1.02344700226111,0.0702129976509974,0.00492986503913897,8.12826761579149,-0.0419667837443694,0,0.00491769253286949,-1.44726395206974e-05,0.000196571584303222
gyroFilter,1,-0.0354760144345529,0.0615801035835401,0.149666392887426,0.0224000291599334,27.1391443464565,4.83260520273891,0,0.0223447204459582,0.0161414931258125,0.0135502092569796
gyroSystem,2.00387408140234,1,1.48766491326615,0.285499739845961,0.0815101014521113,1.9025065174426,0.171983733522379,0,0.081308841942353,0.0039874388507237,0.0125777136853033
input,1,1,1,0,0,NaN,NaN,0,0,0,0
error,0.316681847322929,-0.265810849537483,0.0234470022611127,0.0702129976509974,0.00492986503913897,8.1282676157915,-0.0419667837443732,0,0.00491769253286949,-1.44726395206987e-05,0.000196571584303223
