signalsNamesOrdered,maxSignals,minSignals,meanSignals,standardDeviationSignals,varianceSignals,kurtosisSignals,skewnessSignals,firstMomentSignals,secondMomentSignals,thirdMomentSignals,fourthMomentSignals
compassSystem,1.78784817012798,0,0.975278070499109,0.245513405328944,0.0602768321962141,9.73444708112525,-1.28978556239401,0,0.0602379689904139,-0.0190687836814782,0.0353225403316907
compassFilter,1.78779511436734,0,0.975209570940886,0.245631219557105,0.0603346960211109,9.73102265744955,-1.29198647777881,0,0.0602957955078801,-0.0191288346137835,0.0353779401171736
fullSystem,1.78804905820942,0.00109752120021559,0.980403225916976,0.232152009960157,0.053894555728541,9.72031332840831,-1.0320676030746,0,0.05385980746566,-0.0129004642780417,0.028197451449269
gyroFilter,1,-0.000482773047385532,0.00519365497608942,0.0601153303779936,0.00361385294645532,199.088716468668,13.6174403338326,0,0.0036115229316607,0.00295550056177815,0.00259673361688123
gyroSystem,2.00387408140234,1,1.44869634776229,0.2889939904791,0.0835175265330339,1.93881410005095,0.286634119539093,0,0.0834636789981963,0.00691152958817676,0.0135061390818323
input,1,1,1,0,0,NaN,NaN,0,0,0,0
error,0.788049058209416,-0.998902478799784,-0.0195967740830239,0.232152009960157,0.0538945557285411,9.7203133284083,-1.03206760307459,0,0.05385980746566,-0.0129004642780417,0.0281974514492689
