signalsNamesOrdered,maxSignals,minSignals,meanSignals,standardDeviationSignals,varianceSignals,kurtosisSignals,skewnessSignals,firstMomentSignals,secondMomentSignals,thirdMomentSignals,fourthMomentSignals
compassSystem,1.80651381719495,0,0.987588514554919,0.220809921734414,0.0487570215363581,10.6677184456362,-1.06368202057397,0,0.0486366338288609,-0.0114092496369868,0.0252347242752782
compassFilter,1.53342998747269,0,0.977181581131136,0.194827146025657,0.0379576168285025,15.4351194435357,-2.6677341495219,0,0.0378638943178148,-0.0196553357666291,0.0221289370412263
fullSystem,1.56689769660113,0.520432658816256,1.0087692152889,0.129538762682924,0.016780291037423,8.72252070350998,0.170771645407899,0,0.0167388582200466,0.000369832019671489,0.00244395762007416
gyroFilter,1,-0.0297789629390319,0.0315876341577675,0.125033412438483,0.0156333542260119,47.5529671736333,6.58503044645715,0,0.0155947533513798,0.0128240603380721,0.0115647071966414
gyroSystem,2.00387408140234,1,1.48766491326615,0.285499739845961,0.0815101014521113,1.9025065174426,0.171983733522379,0,0.081308841942353,0.0039874388507237,0.0125777136853033
input,1,1,1,0,0,NaN,NaN,0,0,0,0
error,0.566897696601129,-0.479567341183744,0.00876921528890298,0.129538762682924,0.016780291037423,8.72252070350997,0.170771645407889,0,0.0167388582200466,0.000369832019671467,0.00244395762007416
