signalsNamesOrdered,maxSignals,minSignals,meanSignals,standardDeviationSignals,varianceSignals,kurtosisSignals,skewnessSignals,firstMomentSignals,secondMomentSignals,thirdMomentSignals,fourthMomentSignals
compassSystem,1.78884883764314,0,0.971726598508883,0.245280026140562,0.0601622912235147,9.67937557155303,-1.38447788763006,0,0.0601223693315283,-0.0204098660502837,0.0349880320452088
compassFilter,1.78873423919541,0,0.971657710047148,0.245416113703565,0.0602290688653613,9.67425355941129,-1.38579921122927,0,0.0601891026617346,-0.0204633679225155,0.03504719001522
fullSystem,1.78897402098935,0.00101487216399943,0.976969534687766,0.231684419587817,0.0536776702797438,9.67210725260626,-1.13957018761538,0,0.05364205138772,-0.0141579099556106,0.0278311953328671
gyroFilter,1,-0.00045976349518817,0.00531182464061792,0.060826986047637,0.00369992223163942,194.433612727308,13.4591151443165,0,0.00369746707421962,0.00302602827380218,0.00265815300993127
gyroSystem,2.00387408140234,1,1.45509094781636,0.292456995182617,0.0855310940312454,1.88865581025482,0.264242947074969,0,0.0854743381626115,0.00660323911892112,0.0137982596299648
input,1,1,1,0,0,NaN,NaN,0,0,0,0
error,0.788974020989351,-0.998985127836001,-0.0230304653122321,0.231684419587817,0.0536776702797438,9.67210725260627,-1.1395701876154,0,0.0536420513877201,-0.0141579099556109,0.0278311953328672
