signalsNamesOrdered,maxSignals,minSignals,meanSignals,standardDeviationSignals,varianceSignals,kurtosisSignals,skewnessSignals,firstMomentSignals,secondMomentSignals,thirdMomentSignals,fourthMomentSignals
compassSystem,1.7894677954979,0,0.980283592719182,0.24785678835146,0.0614329875319005,9.53052393982348,-1.26372944827968,0,0.0613936074116877,-0.0192237820910677,0.0359222128665252
compassFilter,1.78941278461977,0,0.980162388623911,0.2480110511291,0.061509481482161,9.5272188053837,-1.2670098775517,0,0.0614700523273647,-0.019309693256725,0.0359992377535948
fullSystem,1.7897584106596,0.00166059121658727,0.985734095649837,0.233560749483189,0.0545506236991491,9.47623464807697,-0.98561550899592,0,0.054515655350624,-0.0125455407236277,0.0281629588475662
gyroFilter,1,-0.000652758491377359,0.00557170702592434,0.0620659045845482,0.00385217651189824,184.767904243611,13.1032778783549,0,0.00384970716798036,0.00312983537352593,0.00273830566061393
gyroSystem,2.00387408140234,1,1.45334632935289,0.292571725986357,0.0855982148466358,1.89033310604372,0.277238399737106,0,0.0855433441960931,0.00693637748600814,0.0138328220195313
input,1,1,1,0,0,NaN,NaN,0,0,0,0
error,0.789758410659599,-0.998339408783413,-0.0142659043501633,0.233560749483189,0.0545506236991491,9.47623464807697,-0.985615508995921,0,0.054515655350624,-0.0125455407236277,0.0281629588475662
