signalsNamesOrdered,maxSignals,minSignals,meanSignals,standardDeviationSignals,varianceSignals,kurtosisSignals,skewnessSignals,firstMomentSignals,secondMomentSignals,thirdMomentSignals,fourthMomentSignals
compassSystem,1.78655514646381,0,0.974857724097723,0.250986341838841,0.0629941437896434,9.43547352776441,-1.25335514084659,0,0.0629531052594873,-0.0197970227669345,0.0373936634469842
compassFilter,1.78640898646703,0,0.974795501789723,0.251079895482306,0.0630411139154059,9.43377262259656,-1.25538380100878,0,0.0630000447858193,-0.0198512476645033,0.0374426967740084
fullSystem,1.78663169073985,0.000748475841699432,0.980042092515806,0.237674812259564,0.0564893163826191,9.44718920812192,-1.00832731490291,0,0.0564525155250409,-0.0135246638712729,0.0301071198363259
gyroFilter,1,-0.000432304792360005,0.00524659072608649,0.0600949714275271,0.0036114055908753,197.94437307148,13.5552630432592,0,0.00360905288364998,0.00293898803739718,0.00257827746260437
gyroSystem,2.00387408140234,1,1.45160690199587,0.29427568998057,0.0865981817135403,1.89618226200547,0.283829745703898,0,0.086541765959981,0.00722597638223282,0.0142014139235196
input,1,1,1,0,0,NaN,NaN,0,0,0,0
error,0.786631690739847,-0.999251524158301,-0.0199579074841922,0.237674812259564,0.0564893163826192,9.44718920812191,-1.00832731490293,0,0.056452515525041,-0.0135246638712731,0.030107119836326
