signalsNamesOrdered,maxSignals,minSignals,meanSignals,standardDeviationSignals,varianceSignals,kurtosisSignals,skewnessSignals,firstMomentSignals,secondMomentSignals,thirdMomentSignals,fourthMomentSignals
compassSystem,1.80651381719495,0,0.987588514554919,0.220809921734414,0.0487570215363581,10.6677184456362,-1.06368202057397,0,0.0486366338288609,-0.0114092496369868,0.0252347242752782
compassFilter,1.57381369983711,0,0.978359032439496,0.198664282131514,0.0394674969948297,14.4925444153739,-2.42126130838852,0,0.039370046384966,-0.0189143121369569,0.0224634518488498
fullSystem,1.59681879884744,0.486572993175185,1.00760507594645,0.137426052860518,0.0188859200048218,8.73707042996644,0.167385494970419,0,0.0188392881035753,0.000432827207249736,0.00310095034500952
gyroFilter,1,-0.0282889887523856,0.029246043506953,0.12268109818315,0.0150506518514238,50.3475425719603,6.79761241598373,0,0.0150134897480869,0.012504861215994,0.0113485815105824
gyroSystem,2.00387408140234,1,1.48766491326615,0.285499739845961,0.0815101014521113,1.9025065174426,0.171983733522379,0,0.081308841942353,0.0039874388507237,0.0125777136853033
input,1,1,1,0,0,NaN,NaN,0,0,0,0
error,0.596818798847443,-0.513427006824815,0.00760507594644911,0.137426052860518,0.0188859200048218,8.73707042996644,0.167385494970417,0,0.0188392881035753,0.00043282720724973,0.00310095034500952
