signalsNamesOrdered,maxSignals,minSignals,meanSignals,standardDeviationSignals,varianceSignals,kurtosisSignals,skewnessSignals,firstMomentSignals,secondMomentSignals,thirdMomentSignals,fourthMomentSignals
compassSystem,1.78858663053059,0,0.973217832255639,0.24533909790218,0.0601912729594557,9.77645177291156,-1.34735767033763,0,0.0601518032722692,-0.0198772306079641,0.035373543357756
compassFilter,1.78850206090645,0,0.973171238348623,0.245423792476631,0.0602328379136125,9.77491128365872,-1.34849063636077,0,0.0601933409707184,-0.0199145551106946,0.0354168329148524
fullSystem,1.78867820939028,0.000505961532165603,0.977882351732372,0.23351401288783,0.0545287942149775,9.84587828840637,-1.14057395384487,0,0.0544930376286071,-0.0145089163316426,0.0292372484413288
gyroFilter,1,-0.000349885352486368,0.00471111338375019,0.058424916441332,0.00341347086117662,216.574553998604,14.2897009293453,0,0.00341123251962831,0.00284701741889343,0.00252017137924216
gyroSystem,2.00387408140234,1,1.46405513701289,0.294144390690623,0.0865209225747576,1.86525422910878,0.224843788247969,0,0.0864641875435611,0.00571656691325528,0.0139447445628993
input,1,1,1,0,0,NaN,NaN,0,0,0,0
error,0.788678209390278,-0.999494038467834,-0.022117648267627,0.23351401288783,0.0545287942149776,9.84587828840638,-1.14057395384488,0,0.0544930376286071,-0.0145089163316427,0.0292372484413289
