signalsNamesOrdered,maxSignals,minSignals,meanSignals,standardDeviationSignals,varianceSignals,kurtosisSignals,skewnessSignals,firstMomentSignals,secondMomentSignals,thirdMomentSignals,fourthMomentSignals
compassSystem,1.78876387190828,0,0.973149924997656,0.244526565660408,0.0597932413136737,9.89948464079944,-1.35700581453199,0,0.0597539036549147,-0.0198212542495794,0.0353463970148362
compassFilter,1.78864590061972,0,0.973095334693865,0.244643927450527,0.0598506512384188,9.89814448917065,-1.358890069956,0,0.0598112758099725,-0.0198773701215336,0.0354095103852647
fullSystem,1.78889783977019,0.00108457989999199,0.978390302187045,0.230882496305421,0.0533067271002229,9.92428036765079,-1.1026987427675,0,0.0532716568850254,-0.0135581734771326,0.0281638118430703
gyroFilter,1,-0.000478615968368512,0.00529496749317851,0.0607004401434721,0.00368454343361124,195.213336228567,13.4837618233559,0,0.00368211939187861,0.00301271376681327,0.00264670304040246
gyroSystem,2.00387408140234,1,1.45924356188761,0.291545103251834,0.0849985472301223,1.90922468538479,0.2441652661444,0,0.0849426271332604,0.00604466749952751,0.01377553322851
input,1,1,1,0,0,NaN,NaN,0,0,0,0
error,0.78889783977019,-0.998915420100008,-0.021609697812955,0.230882496305421,0.0533067271002228,9.9242803676508,-1.1026987427675,0,0.0532716568850253,-0.0135581734771326,0.0281638118430703
