signalsNamesOrdered,maxSignals,minSignals,meanSignals,standardDeviationSignals,varianceSignals,kurtosisSignals,skewnessSignals,firstMomentSignals,secondMomentSignals,thirdMomentSignals,fourthMomentSignals
compassSystem,1.79389069689556,0,0.977064897933446,0.246016978275064,0.0605243535995933,9.66141888434114,-1.27095458119469,0,0.060484846841369,-0.0189060111114953,0.0353454961672799
compassFilter,1.79377864676735,0,0.976973533237952,0.246177894366212,0.0606035556745816,9.65557042412972,-1.27288579951443,0,0.060563997217875,-0.0189719179487257,0.0354166106776399
fullSystem,1.7940639659762,0.00108710640068904,0.981925350423521,0.233682059135635,0.0546073047618702,9.68816668967896,-1.04100661431834,0,0.0545716603070648,-0.0132710180417866,0.0288520008736754
gyroFilter,1,-0.000539897817908752,0.00495181718556968,0.0599723092578284,0.00359667787771661,207.187258563552,13.9787498119623,0,0.00359433017675205,0.00301227963504584,0.00267669558243678
gyroSystem,2.00387408140234,1,1.45368985973792,0.293022184944669,0.0858620008697479,1.89211863685114,0.27609556117762,0,0.0858059551772742,0.00693961807849754,0.0139310298808583
input,1,1,1,0,0,NaN,NaN,0,0,0,0
error,0.794063965976197,-0.998912893599311,-0.0180746495764789,0.233682059135635,0.0546073047618702,9.68816668967896,-1.04100661431834,0,0.0545716603070648,-0.0132710180417866,0.0288520008736754
