signalsNamesOrdered,maxSignals,minSignals,meanSignals,standardDeviationSignals,varianceSignals,kurtosisSignals,skewnessSignals,firstMomentSignals,secondMomentSignals,thirdMomentSignals,fourthMomentSignals
compassSystem,1.7887379319609,0,0.975225195843521,0.247407541873536,0.0612104917759054,9.58439299940578,-1.32373814729508,0,0.0611699550263849,-0.0200266969625508,0.0358625309165526
compassFilter,1.78861924481759,0,0.975168042185941,0.247535086550683,0.0612736190736543,9.58199564466863,-1.32534269833975,0,0.0612330405179764,-0.0200819983467859,0.0359275513455608
fullSystem,1.78887162763769,0.00108714375672817,0.980499092449308,0.23380216100699,0.0546634504915385,9.57583251991774,-1.07307672433684,0,0.054627249530948,-0.0137007637160519,0.0285755902998381
gyroFilter,1,-0.000480935834956009,0.00533105026336594,0.0609038289375187,0.00370927637925055,193.890160680562,13.4375863164933,0,0.0037068199048272,0.00303265841856667,0.00266415042983841
gyroSystem,2.00387408140235,1,1.4532445915981,0.29258043228152,0.085603309354041,1.88528797036029,0.26513414492262,0,0.085546618420694,0.00663391544503192,0.0137969595268417
input,1,1,1,0,0,NaN,NaN,0,0,0,0
error,0.788871627637689,-0.998912856243272,-0.0195009075506929,0.23380216100699,0.0546634504915385,9.57583251991771,-1.07307672433683,0,0.0546272495309481,-0.0137007637160517,0.0285755902998381
