signalsNamesOrdered,maxSignals,minSignals,meanSignals,standardDeviationSignals,varianceSignals,kurtosisSignals,skewnessSignals,firstMomentSignals,secondMomentSignals,thirdMomentSignals,fourthMomentSignals
compassSystem,1.81054857567384,0,0.995617092748164,0.206433133403947,0.0426146385669716,10.5707172999614,-0.605640683347614,0,0.0425892878004237,-0.00532311204041395,0.0191736684643166
compassFilter,1.81051020648813,0,0.995425438420947,0.206824380575358,0.0427763244003807,10.5836054378196,-0.621529211589945,0,0.0427508774495179,-0.00549387905594409,0.01934299442365
fullSystem,1.81146159748717,0.00826202980263075,0.997816778157965,0.200380504770671,0.040152346692149,10.1566867379764,-0.362165052546434,0,0.0401284607036349,-0.0029112888135682,0.0163552451979512
gyroFilter,1,-0.00199808681097569,0.00239133973701663,0.0420599555977657,0.00176903986488602,469.077541201898,21.2363257878978,0,0.00176798749137925,0.00157869473761371,0.00146623308869708
gyroSystem,2.00387408140234,1,1.4892347132374,0.28357666285524,0.0804157237161145,1.89366537388081,0.178457455623836,0,0.0803678856889187,0.0040659170230543,0.0122311790637861
input,1,1,1,0,0,NaN,NaN,0,0,0,0
error,0.811461597487166,-0.991737970197369,-0.00218322184203545,0.200380504770671,0.040152346692149,10.1566867379764,-0.362165052546434,0,0.0401284607036349,-0.0029112888135682,0.0163552451979512
