signalsNamesOrdered,maxSignals,minSignals,meanSignals,standardDeviationSignals,varianceSignals,kurtosisSignals,skewnessSignals,firstMomentSignals,secondMomentSignals,thirdMomentSignals,fourthMomentSignals
compassSystem,1.7908778935179,0,0.979841048195098,0.243463078641656,0.059274270661673,10.138528259471,-1.32470683184613,0,0.0592356806417109,-0.0190983061388855,0.0355747356913212
compassFilter,1.79089346462001,0,0.979794142661865,0.243536192171986,0.0593098768976307,10.1366376472011,-1.32627008571201,0,0.0592712636965254,-0.0191380750900808,0.0356108463564063
fullSystem,1.79105197119339,0.000427325766563815,0.984422609258041,0.231616270922439,0.0536460969560167,10.2210882505572,-1.10467752220084,0,0.0536111711116443,-0.0137125574021189,0.0293770191702554
gyroFilter,1,-0.000319171249304473,0.00462846659617706,0.0579600541583279,0.0033593678780363,219.568213665384,14.3928420202366,0,0.00335718078957404,0.00279968166082796,0.00247467930965231
gyroSystem,2.00387408140234,1,1.4579525341956,0.29171489820334,0.0850975818337852,1.90320897191612,0.257082979887715,0,0.0850421797622788,0.00637565634680221,0.013764335281495
input,1,1,1,0,0,NaN,NaN,0,0,0,0
error,0.791051971193392,-0.999572674233436,-0.0155773907419592,0.231616270922439,0.0536460969560167,10.2210882505572,-1.10467752220084,0,0.0536111711116443,-0.0137125574021188,0.0293770191702554
