signalsNamesOrdered,maxSignals,minSignals,meanSignals,standardDeviationSignals,varianceSignals,kurtosisSignals,skewnessSignals,firstMomentSignals,secondMomentSignals,thirdMomentSignals,fourthMomentSignals
compassSystem,1.79001727895529,0,0.978502711570091,0.246646713554576,0.0608346013072732,9.69754810775563,-1.28165730979554,0,0.060794814125254,-0.0192119621030674,0.0358422292010415
compassFilter,1.78999160101588,0,0.978457405888128,0.246716143712376,0.0608688555683058,9.69673402805887,-1.28319215869604,0,0.0608290459832383,-0.0192512176870427,0.0358795918410827
fullSystem,1.7901527488636,0.000439010260280308,0.983114366627277,0.234909063891678,0.0551822682984647,9.7464034712236,-1.06826063217248,0,0.0551461778679228,-0.0138340821356003,0.0296397966940266
gyroFilter,1,-0.000309761458266333,0.00465696073915,0.0581354498326694,0.00337973052724682,218.314625635098,14.3508850089131,0,0.00337752010832776,0.00281692704539075,0.00249045511054559
gyroSystem,2.00387408140234,1,1.4493439285144,0.288455417497992,0.0832065278839411,1.91897187422966,0.272098455135619,0,0.0831521089644617,0.0065243308927233,0.0132682958499704
input,1,1,1,0,0,NaN,NaN,0,0,0,0
error,0.790152748863596,-0.99956098973972,-0.0168856333727238,0.234909063891678,0.0551822682984646,9.74640347122359,-1.06826063217247,0,0.0551461778679228,-0.0138340821356002,0.0296397966940266
