signalsNamesOrdered,maxSignals,minSignals,meanSignals,standardDeviationSignals,varianceSignals,kurtosisSignals,skewnessSignals,firstMomentSignals,secondMomentSignals,thirdMomentSignals,fourthMomentSignals
compassSystem,1.7900635607565,0,0.980229420709522,0.24468191394383,0.059869239011216,10.1352489742577,-1.26148046119378,0,0.05983010878964,-0.0184612123159847,0.0362805620753913
compassFilter,1.78993934769124,0,0.980178286774898,0.244758507465828,0.0599067269768996,10.1335318071457,-1.26299900091753,0,0.0598675722533853,-0.0185007986894775,0.0363198569246707
fullSystem,1.79010173776833,0.00044302045780645,0.984835936300201,0.232817788613851,0.0542041226950437,10.2317789101202,-1.03441507292829,0,0.0541686951638704,-0.0130411953848037,0.0300225720534237
gyroFilter,1,-0.000320920598103402,0.00465764952530411,0.0581309664195469,0.00337920925687049,218.377706091637,14.3527724675078,0,0.00337700062336927,0.00281664758003168,0.00249040845041488
gyroSystem,2.00387408140233,1,1.45704783587348,0.291260318552332,0.0848325731632061,1.90177378810428,0.249435305295379,0,0.0847771270369556,0.00615709658480295,0.0136683549115781
input,1,1,1,0,0,NaN,NaN,0,0,0,0
error,0.790101737768335,-0.999556979542194,-0.0151640636997977,0.232817788613851,0.0542041226950436,10.2317789101202,-1.0344150729283,0,0.0541686951638704,-0.0130411953848039,0.0300225720534237
