signalsNamesOrdered,maxSignals,minSignals,meanSignals,standardDeviationSignals,varianceSignals,kurtosisSignals,skewnessSignals,firstMomentSignals,secondMomentSignals,thirdMomentSignals,fourthMomentSignals
compassSystem,1.79318248969946,0,0.981552011995981,0.24870867252826,0.0618560037907693,9.66959867586997,-1.23468721908886,0,0.0618151747453628,-0.0189757785959009,0.0369486565585078
compassFilter,1.79303798238787,0,0.981494787051072,0.248812057261295,0.0619074398385977,9.66756162156539,-1.23617851207384,0,0.0618665768420046,-0.0190224004546622,0.0370023342741006
fullSystem,1.79323940775362,0.000627327740682575,0.986294645220233,0.236668273235058,0.0560118715560639,9.71757733981131,-1.00999615645115,0,0.0559749000236836,-0.0133754903053313,0.0304470106321665
gyroFilter,1,-0.000394803670811017,0.00479985816916093,0.0588765622455028,0.00346644958184857,213.887524680588,14.1930626213418,0,0.00346416149631599,0.00289383199707337,0.0025667390322316
gyroSystem,2.00387408140234,1,1.451069075095,0.288282273651917,0.0831066693019186,1.92164489377393,0.270143669038801,0,0.0830518134145906,0.00646574352348685,0.0132547449513878
input,1,1,1,0,0,NaN,NaN,0,0,0,0
error,0.793239407753617,-0.999372672259317,-0.0137053547797683,0.236668273235058,0.0560118715560639,9.71757733981129,-1.00999615645113,0,0.0559749000236837,-0.0133754903053311,0.0304470106321664
