signalsNamesOrdered,maxSignals,minSignals,meanSignals,standardDeviationSignals,varianceSignals,kurtosisSignals,skewnessSignals,firstMomentSignals,secondMomentSignals,thirdMomentSignals,fourthMomentSignals
compassSystem,1.80651381719495,0,0.987588514554919,0.220809921734414,0.0487570215363581,10.6677184456362,-1.06368202057397,0,0.0486366338288609,-0.0114092496369868,0.0252347242752782
compassFilter,1.64926665107495,0,0.980497997141212,0.206513446116229,0.0426478034268008,12.9207186911092,-1.97912232332559,0,0.042542500208463,-0.0173662941130828,0.0233847477993116
fullSystem,1.6651023957658,0.416901039167291,1.00545921866883,0.152977748855908,0.0234021916450211,8.78857239482393,0.148322696472081,0,0.0233444084557741,0.000529031975691415,0.00478943277033449
gyroFilter,1,-0.0255636242441091,0.0249612215276164,0.11811747866944,0.0139517387672256,56.2894163633897,7.23379128247965,0,0.0139172900295288,0.0118767602744722,0.0109027511926729
gyroSystem,2.00387408140234,1,1.48766491326615,0.285499739845961,0.0815101014521113,1.9025065174426,0.171983733522379,0,0.081308841942353,0.0039874388507237,0.0125777136853033
input,1,1,1,0,0,NaN,NaN,0,0,0,0
error,0.665102395765797,-0.583098960832709,0.00545921866882811,0.152977748855907,0.0234021916450211,8.78857239482395,0.148322696472088,0,0.0233444084557741,0.00052903197569144,0.0047894327703345
