signalsNamesOrdered,maxSignals,minSignals,meanSignals,standardDeviationSignals,varianceSignals,kurtosisSignals,skewnessSignals,firstMomentSignals,secondMomentSignals,thirdMomentSignals,fourthMomentSignals
compassSystem,1.78806485789369,0,0.984703139273582,0.242474455516454,0.0587938615780009,9.92285170254933,-1.18074343950344,0,0.0587554843837594,-0.0168162113744462,0.0342557375634347
compassFilter,1.78799592985878,0,0.984512984775167,0.242727936574693,0.0589168511938083,9.91791988839293,-1.1852907008961,0,0.0588783937191387,-0.0169339708260845,0.0343821081990854
fullSystem,1.788506986781,0.00280713396510959,0.989662578570436,0.229743234014256,0.0527819535753292,9.93173420036394,-0.916251713442496,0,0.0527475006030215,-0.0110998632534844,0.027633052344893
gyroFilter,1,-0.000962342972304464,0.00514959379527035,0.0619565744726708,0.0038386171203876,198.828851903296,13.7541110298012,0,0.00383611149563539,0.00326790451114835,0.00292591595713738
gyroSystem,2.00387408140233,1,1.44926368721809,0.28677982592848,0.0822426685595694,1.93508120873271,0.278168758164674,0,0.0821889853555488,0.00655433719221966,0.0130715302895238
input,1,1,1,0,0,NaN,NaN,0,0,0,0
error,0.788506986781003,-0.99719286603489,-0.0103374214295639,0.229743234014256,0.0527819535753292,9.93173420036392,-0.91625171344249,0,0.0527475006030216,-0.0110998632534843,0.027633052344893
