signalsNamesOrdered,maxSignals,minSignals,meanSignals,standardDeviationSignals,varianceSignals,kurtosisSignals,skewnessSignals,firstMomentSignals,secondMomentSignals,thirdMomentSignals,fourthMomentSignals
compassSystem,1.79039461570238,0,0.980431257622528,0.241097230464799,0.0581278745377962,10.0916052444035,-1.25120060679521,0,0.0580907795317095,-0.0175181303254197,0.0340545121053198
compassFilter,1.79034556166311,0,0.980308724539049,0.241296523615532,0.0582240123089408,10.0899588717073,-1.25515978502043,0,0.0581868559513728,-0.0176171784345374,0.0341616767250734
fullSystem,1.79076694545596,0.00210539605018354,0.985282083650842,0.228622782188788,0.0522683765357419,10.1305953537444,-1.00038235933894,0,0.0522350208391652,-0.0119428694032961,0.0276413031040939
gyroFilter,1,-0.000793521465257241,0.00497335911179377,0.0605432183439973,0.00366548128744893,205.913007230925,13.9667331606304,0,0.00366314211623805,0.00309653139708902,0.00276306637167866
gyroSystem,2.00387408140233,1,1.46023376572695,0.293007905319657,0.085853632579813,1.86904759007517,0.250106977093624,0,0.0857988440459395,0.00628561768754646,0.0137588847560098
input,1,1,1,0,0,NaN,NaN,0,0,0,0
error,0.790766945455956,-0.997894603949816,-0.0147179163491587,0.228622782188788,0.0522683765357419,10.1305953537444,-1.00038235933893,0,0.0522350208391652,-0.0119428694032961,0.0276413031040939
