signalsNamesOrdered,maxSignals,minSignals,meanSignals,standardDeviationSignals,varianceSignals,kurtosisSignals,skewnessSignals,firstMomentSignals,secondMomentSignals,thirdMomentSignals,fourthMomentSignals
compassSystem,1.79313896974899,0,0.98005386591434,0.247300949781485,0.0611577597628247,9.75042733065912,-1.24228993864131,0,0.0611177873708229,-0.0187704378219749,0.0364215895918531
compassFilter,1.79299639342927,0,0.980006596403526,0.247397551048304,0.061205548264698,9.74923382526457,-1.24395029727958,0,0.0611655446383812,-0.018817559547193,0.0364740661151764
fullSystem,1.79319558845114,0.00061619629820575,0.984755589242423,0.235347186716483,0.055388298295363,9.80046437935823,-1.01746276394337,0,0.0553520967932092,-0.0132501147644249,0.0300271980610089
gyroFilter,1,-0.00039551167706886,0.00474899283889654,0.0585709800623593,0.00343055970546529,216.099336118254,14.2673889541556,0,0.00342831750957937,0.00286395411892271,0.00253989349769437
gyroSystem,2.00387408140235,1,1.45429654488195,0.29130537455426,0.0848588212441976,1.88517227137666,0.257194186675246,0,0.0848033579623387,0.0063515646379035,0.0135574228568556
input,1,1,1,0,0,NaN,NaN,0,0,0,0
error,0.793195588451145,-0.999383803701794,-0.0152444107575765,0.235347186716483,0.055388298295363,9.80046437935823,-1.01746276394338,0,0.0553520967932092,-0.013250114764425,0.0300271980610089
