signalsNamesOrdered,maxSignals,minSignals,meanSignals,standardDeviationSignals,varianceSignals,kurtosisSignals,skewnessSignals,firstMomentSignals,secondMomentSignals,thirdMomentSignals,fourthMomentSignals
compassSystem,1.80651396035933,0,0.97970156675958,0.234097498790756,0.0548016389400879,9.83686778647889,-1.2225869675514,0,0.0546676496028261,-0.0156269911131879,0.0293979900421674
compassFilter,1.79797434053173,0,0.977484573410678,0.237238330233372,0.0562820253319186,9.87163836982548,-1.34142326978619,0,0.0561444164680264,-0.0178453756499415,0.0311173340522744
fullSystem,1.80453779325975,0.120593948647606,0.991881775326471,0.20421863921949,0.0417052526046601,9.14992773396768,-0.513500665560478,0,0.0416032837718858,-0.00435745015079961,0.0158369988880777
gyroFilter,1,-0.0141656853707315,0.0143972019157927,0.10236612586313,0.0104788237242263,79.4315590436327,8.69284023727905,0,0.0104532031283235,0.00929042929750331,0.00867944321749251
gyroSystem,2.00387408140234,1,1.48309642297904,0.287801709217264,0.0828298238283787,1.90196855237526,0.171926187527004,0,0.0826273059217079,0.00408345168932116,0.0129852560412609
input,1,1,1,0,0,NaN,NaN,0,0,0,0
error,0.804537793259753,-0.879406051352394,-0.00811822467352899,0.20421863921949,0.0417052526046601,9.14992773396768,-0.513500665560478,0,0.0416032837718858,-0.00435745015079961,0.0158369988880777
