signalsNamesOrdered,maxSignals,minSignals,meanSignals,standardDeviationSignals,varianceSignals,kurtosisSignals,skewnessSignals,firstMomentSignals,secondMomentSignals,thirdMomentSignals,fourthMomentSignals
compassSystem,1.78867710149817,0,0.975202860972728,0.240492058236644,0.0578364300748975,10.4987621014003,-1.4659687391631,0,0.0577976136788741,-0.0203699316200167,0.0350717882635302
compassFilter,1.78859964385431,0,0.975156338205815,0.240581662410899,0.0578795362883919,10.4963908762659,-1.46744226381639,0,0.0578406909620238,-0.0204132066264608,0.0351161535873462
fullSystem,1.78877928618111,0.00052237806740217,0.979985357272938,0.228057793892515,0.0520103573551207,10.635556189226,-1.24878156776306,0,0.0519754510750166,-0.0147973477592917,0.0287313968321933
gyroFilter,1,-0.000347257503709564,0.00482901906712274,0.0591476759568902,0.00349844757110129,211.337521620441,14.1139108050099,0,0.00349609961971129,0.00291758197522886,0.00258311777799586
gyroSystem,2.00387408140235,1,1.4547091997279,0.288234848999721,0.0830793281778922,1.92368622371187,0.260765732944669,0,0.0830235702395178,0.00623810425085796,0.0132598021935452
input,1,1,1,0,0,NaN,NaN,0,0,0,0
error,0.788779286181114,-0.999477621932598,-0.0200146427270616,0.228057793892515,0.0520103573551207,10.635556189226,-1.24878156776306,0,0.0519754510750166,-0.0147973477592918,0.0287313968321933
