signalsNamesOrdered,maxSignals,minSignals,meanSignals,standardDeviationSignals,varianceSignals,kurtosisSignals,skewnessSignals,firstMomentSignals,secondMomentSignals,thirdMomentSignals,fourthMomentSignals
compassSystem,1.78842018869499,0,0.981045504551627,0.244824404479382,0.0599389890286838,9.68121531411098,-1.19892577224781,0,0.0599000423171642,-0.0175765239287261,0.0347363464390537
compassFilter,1.78831989583236,0,0.980900753554168,0.2450353060276,0.0600423012000395,9.67865527926577,-1.20364100133792,0,0.0600032873591038,-0.0176912915617632,0.0348469771758167
fullSystem,1.7887725822801,0.00228401384165072,0.985966254809529,0.232371414178167,0.053996474127161,9.70166448648118,-0.955281106387922,0,0.0539613886988782,-0.0119744579963765,0.0282496119661386
gyroFilter,1,-0.000837362648684614,0.00506550125535867,0.0612822344239624,0.00375551225599348,201.674172650192,13.832650507165,0,0.0037530720271072,0.00318042935412027,0.00284069157010221
gyroSystem,2.00387408140234,1,1.45435150425109,0.289275768268302,0.0836804701072164,1.91173874501629,0.265657571671894,0,0.083626096832293,0.00642443499323357,0.0133694085837582
input,1,1,1,0,0,NaN,NaN,0,0,0,0
error,0.788772582280102,-0.997715986158349,-0.0140337451904712,0.232371414178166,0.053996474127161,9.70166448648119,-0.955281106387924,0,0.0539613886988782,-0.0119744579963765,0.0282496119661386
