signalsNamesOrdered,maxSignals,minSignals,meanSignals,standardDeviationSignals,varianceSignals,kurtosisSignals,skewnessSignals,firstMomentSignals,secondMomentSignals,thirdMomentSignals,fourthMomentSignals
compassSystem,1.7874122401854,0,0.974475427741686,0.246107684802225,0.0605689925187111,9.85634687022911,-1.42466934891787,0,0.0605291706958849,-0.0212158856694199,0.0361114915149599
compassFilter,1.78733254126065,0,0.974412984940086,0.246211361066726,0.0606200343183295,9.8540049841367,-1.42611427973802,0,0.0605801789374496,-0.0212642542421325,0.0361637852128133
fullSystem,1.78754915859738,0.000715439733928258,0.979696841840363,0.232437123391924,0.0540270163307124,9.88598857339057,-1.18476288957312,0,0.0539914956099164,-0.0148634449588834,0.0288184633702631
gyroFilter,1,-0.000419745415180417,0.00528385690027635,0.0603101134233671,0.00363730978113941,196.457160230892,13.5054189147776,0,0.00363491838746345,0.00295971610957111,0.00259571609972102
gyroSystem,2.00387408140235,1,1.45311508947607,0.292037993980584,0.0852861899282035,1.90864314257464,0.277280545233344,0,0.0852301174824913,0.00689936355043465,0.0138647138418376
input,1,1,1,0,0,NaN,NaN,0,0,0,0
error,0.787549158597379,-0.999284560266072,-0.0203031581596364,0.232437123391924,0.0540270163307124,9.88598857339058,-1.18476288957312,0,0.0539914956099164,-0.0148634449588835,0.0288184633702631
