signalsNamesOrdered,maxSignals,minSignals,meanSignals,standardDeviationSignals,varianceSignals,kurtosisSignals,skewnessSignals,firstMomentSignals,secondMomentSignals,thirdMomentSignals,fourthMomentSignals
compassSystem,1.80651381719495,0,0.987588514554919,0.220809921734414,0.0487570215363581,10.6677184456362,-1.06368202057397,0,0.0486366338288609,-0.0114092496369868,0.0252347242752782
compassFilter,1.39163537773457,0,0.972854219894492,0.184484695213586,0.0340346027680496,18.789289956279,-3.47554714892714,0,0.0339505667118322,-0.021741711396229,0.0216573055897349
fullSystem,1.46520053774503,0.603154999584031,1.01298212423475,0.105408953901715,0.0111110475626539,8.67021016464765,0.152761411874449,0,0.011083612877314,0.000178252523353043,0.00106510475115678
gyroFilter,1,-0.032886157720144,0.0401279043402628,0.132969525972727,0.0176808948374117,39.3773198434369,5.93195009219754,0,0.0176372383069489,0.0138945140708254,0.012249188533153
gyroSystem,2.00387408140234,1,1.48766491326615,0.285499739845961,0.0815101014521113,1.9025065174426,0.171983733522379,0,0.081308841942353,0.0039874388507237,0.0125777136853033
input,1,1,1,0,0,NaN,NaN,0,0,0,0
error,0.465200537745028,-0.396845000415969,0.0129821242347544,0.105408953901715,0.0111110475626538,8.67021016464767,0.152761411874435,0,0.011083612877314,0.000178252523353026,0.00106510475115678
