signalsNamesOrdered,maxSignals,minSignals,meanSignals,standardDeviationSignals,varianceSignals,kurtosisSignals,skewnessSignals,firstMomentSignals,secondMomentSignals,thirdMomentSignals,fourthMomentSignals
compassSystem,1.81064863001432,0,0.994801214793309,0.203825204989875,0.0415447141891647,10.6648667456262,-0.606233339502205,0,0.0415239002041,-0.00512964162036111,0.0183887289214666
compassFilter,1.81034122282528,0,0.994625948326188,0.204237728717459,0.0417130498316664,10.6731047523404,-0.620567734549044,0,0.0416921515101074,-0.00528287886286637,0.0185523695494996
fullSystem,1.81120359048113,0.00710674879578259,0.996622269722837,0.198808180880272,0.039524692784923,10.2931942928385,-0.398914607306921,0,0.03950489083463,-0.00313224870592452,0.0160639336841942
gyroFilter,1,-0.00201617412615174,0.00199632139664896,0.0382627903096674,0.00146404112228157,564.2109046478,23.2885205421472,0,0.00146330763474536,0.00130360301911347,0.00120812745155551
gyroSystem,2.00387408140234,1,1.49060008599079,0.282487078628439,0.07979894959203,1.90303474451664,0.177706058542689,0,0.0797589701583667,0.00400287050919328,0.0121061428163469
input,1,1,1,0,0,NaN,NaN,0,0,0,0
error,0.811203590481126,-0.992893251204217,-0.00337773027716368,0.198808180880272,0.039524692784923,10.2931942928386,-0.398914607306912,0,0.0395048908346299,-0.00313224870592445,0.0160639336841942
