signalsNamesOrdered,maxSignals,minSignals,meanSignals,standardDeviationSignals,varianceSignals,kurtosisSignals,skewnessSignals,firstMomentSignals,secondMomentSignals,thirdMomentSignals,fourthMomentSignals
compassSystem,1.79035299549586,0,0.979171734553491,0.235180178693131,0.055309716450133,10.5175642382254,-1.38992351104916,0,0.055275700634358,-0.0180630999627906,0.0321353981740839
compassFilter,1.7900509329903,0,0.978956411611011,0.235528076026372,0.0554734745966846,10.5180755015069,-1.39965361284536,0,0.0554393580686424,-0.0182703917254246,0.0323275409013525
fullSystem,1.79089697306452,0.00577396113824141,0.984857160775758,0.220052769231249,0.0484232212463414,10.5018904478924,-1.07815597310081,0,0.0483934406674691,-0.0114778711260781,0.0245946408335452
gyroFilter,1,-0.00155484371486692,0.00590074916474688,0.0650858715496152,0.00423617067537301,174.404358851838,12.8223955219279,0,0.00423356540435494,0.00353206412340275,0.00312586258417956
gyroSystem,2.00387408140235,1,1.45928193012811,0.287190317377328,0.0824782783952906,1.9458178811416,0.262401868833876,0,0.082427553746831,0.006209770367343,0.0132204735756183
input,1,1,1,0,0,NaN,NaN,0,0,0,0
error,0.790896973064517,-0.994226038861759,-0.0151428392242436,0.220052769231249,0.0484232212463414,10.5018904478923,-1.0781559731008,0,0.0483934406674691,-0.011477871126078,0.0245946408335451
