signalsNamesOrdered,maxSignals,minSignals,meanSignals,standardDeviationSignals,varianceSignals,kurtosisSignals,skewnessSignals,firstMomentSignals,secondMomentSignals,thirdMomentSignals,fourthMomentSignals
compassSystem,1.78898779628028,0,0.981483947408809,0.247848472488496,0.0614288653148808,9.52972524794566,-1.21982395679183,0,0.0613888985840318,-0.0185537594095763,0.0359136927352742
compassFilter,1.78865867751565,0,0.981334087005507,0.24810026434006,0.0615537411656076,9.52706632402694,-1.22434178178027,0,0.0615136931882715,-0.0186792903891507,0.0360497944676888
fullSystem,1.78920629597902,0.00311841913874902,0.987150618039985,0.233226616873499,0.054394654818258,9.49172609680721,-0.929242026200842,0,0.0543592646719872,-0.0117771227898722,0.0280473829270394
gyroFilter,1,-0.00100938657441318,0.00581653103447918,0.0640123890884673,0.00409758595681333,176.353063883295,12.8409357767006,0,0.00409491999327604,0.00336484299950197,0.00295715338197534
gyroSystem,2.00387408140234,1,1.45372952553888,0.288038770816973,0.0829663334937527,1.92991561104554,0.251197624058866,0,0.0829123540965544,0.00599714288747507,0.0132671247029745
input,1,1,1,0,0,NaN,NaN,0,0,0,0
error,0.789206295979019,-0.996881580861251,-0.0128493819600134,0.233226616873499,0.054394654818258,9.49172609680726,-0.92924202620086,0,0.0543592646719872,-0.0117771227898724,0.0280473829270395
