signalsNamesOrdered,maxSignals,minSignals,meanSignals,standardDeviationSignals,varianceSignals,kurtosisSignals,skewnessSignals,firstMomentSignals,secondMomentSignals,thirdMomentSignals,fourthMomentSignals
compassSystem,1.81065937459201,0,0.995685669240051,0.204403565729017,0.0417808176827366,10.6215363091929,-0.595467955558211,0,0.0417586880123538,-0.00508134477739124,0.0185217078179017
compassFilter,1.81041256814586,0,0.995508003088193,0.204790690071482,0.0419392267399537,10.6367393644651,-0.610661221244908,0,0.0419170131664685,-0.00524065819873005,0.0186891339093755
fullSystem,1.81134728507307,0.00771608066214149,0.997643068783822,0.199027242212225,0.0396118431426036,10.2315629644426,-0.374047027522885,0,0.0395908622934814,-0.00294658279776554,0.0160373239854802
gyroFilter,1,-0.00240623080246372,0.00213506569562521,0.039536537563036,0.00156313780247336,529.870550656828,22.5703115079403,0,0.00156230986931527,0.00139376103053555,0.001293314466186
gyroSystem,2.00387408140233,1,1.48945558333243,0.282662410556362,0.0798980383415335,1.90827746755463,0.185729260982158,0,0.0798557194652933,0.00419120951062672,0.0121689631497767
input,1,1,1,0,0,NaN,NaN,0,0,0,0
error,0.811347285073072,-0.992283919337859,-0.0023569312161799,0.199027242212225,0.0396118431426036,10.2315629644426,-0.374047027522861,0,0.0395908622934814,-0.00294658279776535,0.0160373239854801
