signalsNamesOrdered,maxSignals,minSignals,meanSignals,standardDeviationSignals,varianceSignals,kurtosisSignals,skewnessSignals,firstMomentSignals,secondMomentSignals,thirdMomentSignals,fourthMomentSignals
compassSystem,1.78517756077157,0,0.977107324829219,0.23652307362847,0.0559431643586586,10.7880768129544,-1.46377008236895,0,0.0559039610199349,-0.0193480293357909,0.0337154678889713
compassFilter,1.78517832639924,0,0.97710201633338,0.236540009224744,0.0559511759640422,10.7874085548882,-1.46396463575147,0,0.055911967011019,-0.0193547578715682,0.0337230362727994
fullSystem,1.78520769476791,-0.000201048355676435,0.981056517457357,0.225918885628384,0.0510393428835709,10.8974194652811,-1.26853697028421,0,0.0510035759999805,-0.0146118117688557,0.0283481630240731
gyroFilter,1,-0.000212779905824245,0.00395450112397713,0.0530228008689834,0.00281141741199187,249.923776606694,15.3362375584234,0,0.00280944725262817,0.0022837583649089,0.00197264683554924
gyroSystem,2.25540084428403,1,1.59109088993655,0.385460030556756,0.148579435156815,1.60956581589329,0.0912584475647572,0,0.148475315020055,0.00522100921368573,0.0354827483106528
input,1,1,1,0,0,NaN,NaN,0,0,0,0
error,0.785207694767914,-1.00020104835568,-0.0189434825426429,0.225918885628384,0.051039342883571,10.8974194652811,-1.26853697028421,0,0.0510035759999805,-0.0146118117688556,0.0283481630240731
