signalsNamesOrdered,maxSignals,minSignals,meanSignals,standardDeviationSignals,varianceSignals,kurtosisSignals,skewnessSignals,firstMomentSignals,secondMomentSignals,thirdMomentSignals,fourthMomentSignals
compassSystem,1.80990850547671,0,0.992665665029981,0.216023022536449,0.0466659462657833,10.1782008712971,-0.687295694996898,0,0.0466215447945503,-0.00691868587675058,0.0221230161799618
compassFilter,1.80982283394653,0,0.992128474276253,0.21688263899248,0.0470380790963424,10.2017425097782,-0.720304833185316,0,0.0469933235501042,-0.00733787941321134,0.0225292471851072
fullSystem,1.81233560867139,0.0266982743231868,0.996623620527775,0.205578298504138,0.0422624368158567,9.66393276478032,-0.317740031475683,0,0.0422222251728349,-0.00275666257691492,0.0172280504478225
gyroFilter,1,-0.0048074291947624,0.00449514625152282,0.0578574752923029,0.00334748744719944,250.189390966363,15.5204618370812,0,0.00334430239729726,0.00300167004002228,0.00279820784761116
gyroSystem,2.00387408140233,1,1.47629461431977,0.280526985605578,0.0786953896529521,1.95987799804139,0.231356843460365,0,0.0786205129739293,0.00510018770543338,0.0121143686014724
input,1,1,1,0,0,NaN,NaN,0,0,0,0
error,0.812335608671388,-0.973301725676813,-0.0033763794722256,0.205578298504138,0.0422624368158567,9.66393276478032,-0.31774003147568,0,0.0422222251728349,-0.0027566625769149,0.0172280504478225
