signalsNamesOrdered,maxSignals,minSignals,meanSignals,standardDeviationSignals,varianceSignals,kurtosisSignals,skewnessSignals,firstMomentSignals,secondMomentSignals,thirdMomentSignals,fourthMomentSignals
compassSystem,1.78786879704966,0,0.984995170977421,0.24164626538016,0.0583929175721787,9.91577966978941,-1.11364731640967,0,0.0583560998435708,-0.0156991833961499,0.0337675370807799
compassFilter,1.78782553929909,0,0.984814986526367,0.241900009788483,0.0585156147356682,9.91626465118124,-1.12039013630021,0,0.0584787196444099,-0.0158440447328769,0.0339112516614858
fullSystem,1.78843628098447,0.00361521406540606,0.989914479553856,0.229007151499868,0.0524442754380833,9.90016325956574,-0.837970179537313,0,0.0524112084296104,-0.0100546005986591,0.0271951026769929
gyroFilter,1,-0.00113261692534605,0.0050994930274883,0.0615112135293074,0.00378362938984805,201.759334970337,13.849062569555,0,0.00378124374710539,0.00322012246051592,0.00288471548206481
gyroSystem,2.00387408140235,1,1.45476204571524,0.290117559495256,0.0841681983274835,1.90189138979076,0.25882321069884,0,0.084115128845562,0.00631414269026152,0.0134565565653657
input,1,1,1,0,0,NaN,NaN,0,0,0,0
error,0.788436280984466,-0.996384785934594,-0.0100855204461435,0.229007151499868,0.0524442754380833,9.90016325956575,-0.837970179537324,0,0.0524112084296104,-0.0100546005986592,0.0271951026769929
