signalsNamesOrdered,maxSignals,minSignals,meanSignals,standardDeviationSignals,varianceSignals,kurtosisSignals,skewnessSignals,firstMomentSignals,secondMomentSignals,thirdMomentSignals,fourthMomentSignals
compassSystem,1.78756994065413,0,0.981841367655101,0.237286180699869,0.0563047315511308,10.3567110332409,-1.26486728721583,0,0.056268822921315,-0.016882886709188,0.0327912158231678
compassFilter,1.78751589393529,0,0.981695966922173,0.237591759177076,0.0564498440288577,10.3517408518018,-1.27066599703265,0,0.0564138428528189,-0.0170258943835945,0.032944639535699
fullSystem,1.78814877315462,0.00382623096311258,0.986921164334606,0.224178990311135,0.05025621969692,10.3699639729906,-0.98736078845318,0,0.050224168536399,-0.0111133504442587,0.026157893003694
gyroFilter,1,-0.00116391803110405,0.00522519741243312,0.0622123758710175,0.00387037971151676,196.954569965374,13.6827466628199,0,0.0038679113571089,0.00329145600803971,0.00294658577163357
gyroSystem,2.00387408140234,1,1.46184413124849,0.289517351702782,0.0838202969369923,1.90716379652529,0.23876731804968,0,0.0837668401149662,0.00578872716641021,0.013382346181064
input,1,1,1,0,0,NaN,NaN,0,0,0,0
error,0.788148773154622,-0.996173769036887,-0.0130788356653933,0.224178990311135,0.0502562196969201,10.3699639729906,-0.987360788453189,0,0.0502241685363991,-0.0111133504442588,0.026157893003694
