signalsNamesOrdered,maxSignals,minSignals,meanSignals,standardDeviationSignals,varianceSignals,kurtosisSignals,skewnessSignals,firstMomentSignals,secondMomentSignals,thirdMomentSignals,fourthMomentSignals
compassSystem,1.80651381719495,0,0.987588514554919,0.220809921734414,0.0487570215363581,10.6677184456362,-1.06368202057397,0,0.0486366338288609,-0.0114092496369868,0.0252347242752782
compassFilter,1.57943765870794,0,0.978529844121712,0.199254255484744,0.0397022583287797,14.3588293644789,-2.38533440243992,0,0.0396042280613012,-0.0188001624050663,0.0225217503457397
fullSystem,1.60110708687152,0.481384011062279,1.00743532377596,0.138614670035091,0.0192140267489371,8.73970558396251,0.166528941379576,0,0.0191665847075817,0.000441882518466632,0.00321060049606671
gyroFilter,1,-0.0280431930755005,0.028905479654253,0.122331420873618,0.0149649765329582,50.7783940667316,6.82995148069084,0,0.0149280259736176,0.0124572216413365,0.0113157599460958
gyroSystem,2.00387408140234,1,1.48766491326615,0.285499739845961,0.0815101014521113,1.9025065174426,0.171983733522379,0,0.081308841942353,0.0039874388507237,0.0125777136853033
input,1,1,1,0,0,NaN,NaN,0,0,0,0
error,0.601107086871515,-0.518615988937721,0.00743532377596521,0.138614670035091,0.0192140267489371,8.7397055839625,0.166528941379533,0,0.0191665847075817,0.000441882518466518,0.00321060049606671
