signalsNamesOrdered,maxSignals,minSignals,meanSignals,standardDeviationSignals,varianceSignals,kurtosisSignals,skewnessSignals,firstMomentSignals,secondMomentSignals,thirdMomentSignals,fourthMomentSignals
compassSystem,1.80651390291608,0,0.983507990696818,0.227839015416539,0.0519106169459779,10.1724013864683,-1.15133236448042,0,0.0517830724325971,-0.0135669565832517,0.0272771579116046
compassFilter,1.69444011095645,0,0.977217617996166,0.221092751825288,0.0488820049096786,11.5610772055624,-1.82024232832587,0,0.0487619017035123,-0.0195997332783951,0.0274890398440126
fullSystem,1.70462870383858,0.370249753698661,1.00131622307866,0.167477421996769,0.028048686878684,8.58966372137907,-0.0296855081417995,0,0.0279797711861074,-0.000138934699230842,0.00672456938479986
gyroFilter,1,-0.02325954153619,0.0240986050824916,0.117769085940769,0.0138695576033242,55.1135119867225,7.11963623477104,0,0.0138354800662153,0.0115864169805557,0.010549856498683
gyroSystem,2.00387408140234,1,1.48537806358443,0.286653455947158,0.082170203806449,1.90223489959032,0.171935617374271,0,0.0819683114138042,0.00403491913357945,0.0127807435969347
input,1,1,1,0,0,NaN,NaN,0,0,0,0
error,0.704628703838575,-0.629750246301339,0.00131622307865767,0.167477421996769,0.028048686878684,8.58966372137907,-0.0296855081417881,0,0.0279797711861074,-0.000138934699230788,0.00672456938479986
