signalsNamesOrdered,maxSignals,minSignals,meanSignals,standardDeviationSignals,varianceSignals,kurtosisSignals,skewnessSignals,firstMomentSignals,secondMomentSignals,thirdMomentSignals,fourthMomentSignals
compassSystem,1.78951573791237,0,0.9774769950792,0.249063678461825,0.0620327159289353,9.40542373011006,-1.24261575649785,0,0.0619923300461691,-0.0191797877279782,0.0361455041152916
compassFilter,1.78943125872921,0,0.977381908648833,0.249225222193567,0.0621132113774328,9.40489614217589,-1.24562973047458,0,0.0620727730887756,-0.0192637435086421,0.0362373390725179
fullSystem,1.78980237047392,0.00181544963046262,0.983086268330421,0.234582279368884,0.0550288457939009,9.3639910872775,-0.963174497593474,0,0.0549930197224205,-0.0124212792890565,0.0283188835369936
gyroFilter,1,-0.000695122197614806,0.00570435968159063,0.0628624249448434,0.00395168446994607,180.212003602723,12.9430913713248,0,0.00394911175870261,0.00321208591891553,0.00281049336161713
gyroSystem,2.00387408140235,1,1.45251462019821,0.294970254402601,0.087007450982335,1.88499776088239,0.279071178192092,0,0.0869508055064351,0.00715525968781591,0.0142514173312206
input,1,1,1,0,0,NaN,NaN,0,0,0,0
error,0.789802370473919,-0.998184550369537,-0.0169137316695774,0.234582279368884,0.055028845793901,9.36399108727751,-0.963174497593491,0,0.0549930197224205,-0.0124212792890567,0.0283188835369937
