signalsNamesOrdered,maxSignals,minSignals,meanSignals,standardDeviationSignals,varianceSignals,kurtosisSignals,skewnessSignals,firstMomentSignals,secondMomentSignals,thirdMomentSignals,fourthMomentSignals
compassSystem,1.7885878691728,0,0.984623839230056,0.238265882879263,0.0567706309442348,10.1842541739053,-1.21624885067379,0,0.0567358023362936,-0.0164364583732,0.032782617873925
compassFilter,1.78830803872221,0,0.984444213228822,0.238591526898149,0.05692591670759,10.1817233374788,-1.22328776569858,0,0.0568909928323093,-0.0165994577649273,0.0329540136945854
fullSystem,1.78900779358257,0.00440106404948828,0.989840701105364,0.224594348861597,0.0504426215405648,10.1274203235659,-0.913828747168523,0,0.0504116751469816,-0.0103433568777412,0.0257371878929471
gyroFilter,1,-0.00129219828386939,0.00539648787654003,0.0626729366208081,0.00392789698467582,190.934747479855,13.4401017355646,0,0.00392548723192449,0.0033055437517976,0.00294219944608135
gyroSystem,2.00387408140234,1,1.4559323595438,0.289637949350718,0.0838901417040889,1.92336117689705,0.274908209762157,0,0.0838386753594851,0.00667351009097746,0.013519158548416
input,1,1,1,0,0,NaN,NaN,0,0,0,0
error,0.789007793582567,-0.995598935950512,-0.0101592988946371,0.224594348861597,0.0504426215405648,10.1274203235659,-0.91382874716851,0,0.0504116751469816,-0.0103433568777411,0.025737187892947
