signalsNamesOrdered,maxSignals,minSignals,meanSignals,standardDeviationSignals,varianceSignals,kurtosisSignals,skewnessSignals,firstMomentSignals,secondMomentSignals,thirdMomentSignals,fourthMomentSignals
compassSystem,1.79064567950185,0,0.977481556392452,0.246721433096315,0.0608714655490995,9.67140892355121,-1.30596140023676,0,0.0608317322164957,-0.0195941133459003,0.0357890452830231
compassFilter,1.79060104148543,0,0.977449341938873,0.246802028038815,0.0609112410440719,9.66944533447029,-1.3067065453923,0,0.0608714817483512,-0.0196245124917816,0.0358285563737485
fullSystem,1.79074878989994,0.000381922236378331,0.98205385276755,0.235157330789244,0.0552989702239221,9.72601755803329,-1.10023912036868,0,0.0552628742903555,-0.0142934572409592,0.0297031144049877
gyroFilter,1,-0.000301702480101751,0.0046045108286773,0.0578395110086351,0.00334540903371802,220.114539006986,14.4129832021364,0,0.0033432253463592,0.00278613628656792,0.00246025447795519
gyroSystem,2.00387408140233,1,1.45787649244697,0.29471107386506,0.0868546170586968,1.8621557479284,0.245070864517011,0,0.0867979234444287,0.0062669421485006,0.0140292570416884
input,1,1,1,0,0,NaN,NaN,0,0,0,0
error,0.790748789899939,-0.999618077763622,-0.0179461472324503,0.235157330789244,0.0552989702239221,9.72601755803326,-1.10023912036867,0,0.0552628742903556,-0.0142934572409591,0.0297031144049876
