signalsNamesOrdered,maxSignals,minSignals,meanSignals,standardDeviationSignals,varianceSignals,kurtosisSignals,skewnessSignals,firstMomentSignals,secondMomentSignals,thirdMomentSignals,fourthMomentSignals
compassSystem,1.78923381158787,0,0.981524800828738,0.239091011449713,0.0571645117560466,10.0404255978172,-1.24233902031808,0,0.0571282858297119,-0.0169635567315846,0.0327683450585899
compassFilter,1.78909509367763,0,0.981353780981828,0.239380450125164,0.0573029999021263,10.0361663461836,-1.24721157151164,0,0.0572666862139754,-0.0170920128663162,0.0329133400677726
fullSystem,1.78967970937954,0.00335218850704175,0.986429192181604,0.226433798791799,0.0512722652352851,10.0175687071382,-0.977753824006057,0,0.0512397733054782,-0.01134071202867,0.0263012705769934
gyroFilter,1,-0.00107947317786139,0.00507541119977483,0.0612429739345625,0.0037507018563495,203.077160178319,13.8837675167555,0,0.0037483249857181,0.00318612778274108,0.00285322195619848
gyroSystem,2.00387408140234,1,1.45856790131289,0.292716915225424,0.0856831924590881,1.88149904431193,0.266681202769949,0,0.0856288938580367,0.00668225286761956,0.013795729484896
input,1,1,1,0,0,NaN,NaN,0,0,0,0
error,0.789679709379543,-0.996647811492958,-0.0135708078183958,0.226433798791799,0.0512722652352851,10.0175687071382,-0.977753824006054,0,0.0512397733054782,-0.01134071202867,0.0263012705769934
