signalsNamesOrdered,maxSignals,minSignals,meanSignals,standardDeviationSignals,varianceSignals,kurtosisSignals,skewnessSignals,firstMomentSignals,secondMomentSignals,thirdMomentSignals,fourthMomentSignals
compassSystem,1.78814856019642,0,0.97940948474654,0.244637845629503,0.0598476755142445,9.54468132441358,-1.17262225068377,0,0.0598094097370615,-0.017151906685822,0.0341429046762873
compassFilter,1.78808864840374,0,0.979261295835095,0.244849633943105,0.0599513432420726,9.54215483398404,-1.1768145073536,0,0.0599130111811761,-0.0172579709948171,0.034252222314984
fullSystem,1.78855204515258,0.0023777638663854,0.984240472176785,0.23248725071596,0.0540503217454654,9.54582529639753,-0.932367586148704,0,0.0540157627162164,-0.0117049061547532,0.0278518794946832
gyroFilter,1,-0.000862127763730181,0.00497917634169216,0.0608669934676054,0.00370479089378552,204.985687002912,13.9544356033201,0,0.00370242210165394,0.00314370054633126,0.00280992932930335
gyroSystem,2.00387408140234,1,1.45034076790064,0.288361391067695,0.083152291858496,1.91266597710265,0.266181465482684,0,0.0830991254314765,0.00637635504828613,0.013207847287313
input,1,1,1,0,0,NaN,NaN,0,0,0,0
error,0.78855204515258,-0.997622236133615,-0.0157595278232141,0.232487250715959,0.0540503217454654,9.54582529639755,-0.932367586148712,0,0.0540157627162164,-0.0117049061547533,0.0278518794946832
