signalsNamesOrdered,maxSignals,minSignals,meanSignals,standardDeviationSignals,varianceSignals,kurtosisSignals,skewnessSignals,firstMomentSignals,secondMomentSignals,thirdMomentSignals,fourthMomentSignals
compassSystem,1.78872028763343,0,0.974796902910738,0.242977167446591,0.0590379039003686,10.0446569475416,-1.42261704383412,0,0.0589991396824432,-0.0203871503530845,0.0349644311336494
compassFilter,1.78864671185706,0,0.974746739856525,0.243067671399502,0.0590818928795765,10.0422772608784,-1.42394517378836,0,0.0590430997785394,-0.0204289945680504,0.0350082585508258
fullSystem,1.78882838212699,0.000531993036357596,0.979478376121602,0.230949142225246,0.0533375062945768,10.1248357114946,-1.21511652475811,0,0.0533024849509822,-0.0149533710981979,0.0287662266131482
gyroFilter,1,-0.000365411576147334,0.00473163626507797,0.058531360359122,0.0034259201454894,215.932730747007,14.2669037570274,0,0.00342367069037089,0.00285803609228328,0.00253106003719727
gyroSystem,2.00387408140233,1,1.46375005759199,0.29466559626034,0.0868278136194616,1.85937221550438,0.233290300868399,0,0.0867708025796589,0.00596289421616379,0.0139995335578321
input,1,1,1,0,0,NaN,NaN,0,0,0,0
error,0.788828382126995,-0.999468006963642,-0.0205216238783968,0.230949142225246,0.0533375062945768,10.1248357114946,-1.21511652475812,0,0.0533024849509822,-0.014953371098198,0.0287662266131483
