signalsNamesOrdered,maxSignals,minSignals,meanSignals,standardDeviationSignals,varianceSignals,kurtosisSignals,skewnessSignals,firstMomentSignals,secondMomentSignals,thirdMomentSignals,fourthMomentSignals
compassSystem,1.79097688421947,0,0.979086697433656,0.243871616610356,0.0594733653881484,10.1130969682837,-1.33422712124974,0,0.0594342895896017,-0.0193323824639446,0.0357238554543736
compassFilter,1.79104039162131,0,0.979037853434767,0.243952658164577,0.059512899425563,10.1111898114328,-1.3357428077526,0,0.0594737976519588,-0.0193736455919546,0.0357646191790629
fullSystem,1.7912095057021,0.000475514158569436,0.983739620380383,0.231871846029996,0.0537645529813581,10.1994856514908,-1.11373449874728,0,0.0537292280451023,-0.0138706742901582,0.0294441806158112
gyroFilter,1,-0.000340818110280194,0.00470176694561388,0.0583921151756786,0.00340963911468971,216.626601818562,14.2930931870085,0,0.00340739887874051,0.00284289414743201,0.00251511437482072
gyroSystem,2.00387408140234,1,1.45689552547292,0.290853707564178,0.0845958792038284,1.90158110476112,0.252329786709955,0,0.0845402971544172,0.00620246290566443,0.0135907177551265
input,1,1,1,0,0,NaN,NaN,0,0,0,0
error,0.791209505702104,-0.999524485841431,-0.0162603796196183,0.231871846029996,0.0537645529813582,10.1994856514907,-1.11373449874726,0,0.0537292280451023,-0.013870674290158,0.0294441806158112
