signalsNamesOrdered,maxSignals,minSignals,meanSignals,standardDeviationSignals,varianceSignals,kurtosisSignals,skewnessSignals,firstMomentSignals,secondMomentSignals,thirdMomentSignals,fourthMomentSignals
compassSystem,1.80651381719495,0,0.990040844824672,0.197756069152131,0.0391074628865025,13.3449384376316,-1.22384182431161,0,0.0390300223659351,-0.00943677262823836,0.0203289138287595
compassFilter,0.998210639281353,0,0.833757746732432,0.247379445654884,0.0611965901325179,5.61984115011359,-1.85724520061828,0,0.0610754087659188,-0.0280329510193276,0.0209631626815644
fullSystem,1.27183962252674,0.977059676556934,1.1640415111219,0.0580411911759648,0.00336877987312489,3.31023494098482,-0.754918842383881,0,0.00336210902189098,-0.000147169547084661,3.74181578390353e-05
gyroFilter,1.00099467905034,0.132165515299047,0.330283764389472,0.202549518505593,0.0410263074468475,5.50984781848798,1.80677999008589,0,0.0409450672340815,0.014969512423099,0.0092372517726457
gyroSystem,2.25540084428403,1,1.61547752673904,0.363998234723501,0.132494714881825,1.75167390163537,0.110332453709483,0,0.132232349109782,0.0053052987718488,0.0306287085942743
input,1,1,1,0,0,NaN,NaN,0,0,0,0
error,0.271839622526736,-0.0229403234430662,0.164041511121903,0.0580411911759648,0.00336877987312489,3.31023494098487,-0.754918842383934,0,0.00336210902189098,-0.000147169547084671,3.74181578390359e-05
