signalsNamesOrdered,maxSignals,minSignals,meanSignals,standardDeviationSignals,varianceSignals,kurtosisSignals,skewnessSignals,firstMomentSignals,secondMomentSignals,thirdMomentSignals,fourthMomentSignals
compassSystem,1.81063053703445,0,0.995062921712607,0.206541035824053,0.0426591994792727,10.4093430569337,-0.566995297696665,0,0.0426354471410326,-0.00499155303900259,0.0189219097049974
compassFilter,1.81048097045209,0,0.994867260532786,0.206976657026423,0.0428393365538334,10.4161913975861,-0.58062306136245,0,0.042815483916554,-0.00514393612038059,0.0190946044093813
fullSystem,1.81140941370857,0.00794150662243004,0.997121253030235,0.200933702813769,0.0403743529264521,10.0080940857844,-0.337829244051536,0,0.0403518727744886,-0.00273837413959244,0.0162959157505787
gyroFilter,1,-0.00266861812744779,0.00225399249744987,0.0406026702820147,0.00164857683403,502.779170586808,21.9854134001486,0,0.00164765891819813,0.00147040038011753,0.00136493479183645
gyroSystem,2.00387408140234,1,1.48602373497508,0.282126898974662,0.079595587125059,1.91178602994332,0.192706763203093,0,0.0795512688694214,0.00432382017498746,0.0120985550830977
input,1,1,1,0,0,NaN,NaN,0,0,0,0
error,0.811409413708567,-0.99205849337757,-0.00287874696976473,0.200933702813769,0.0403743529264521,10.0080940857844,-0.337829244051534,0,0.0403518727744886,-0.00273837413959242,0.0162959157505787
