signalsNamesOrdered,maxSignals,minSignals,meanSignals,standardDeviationSignals,varianceSignals,kurtosisSignals,skewnessSignals,firstMomentSignals,secondMomentSignals,thirdMomentSignals,fourthMomentSignals
compassSystem,1.80651387585426,0,0.982985089917585,0.229832788671608,0.0528231107485681,10.3153718617174,-1.21345473124968,0,0.0526933242356724,-0.0146776651488379,0.0286415214182381
compassFilter,1.79288371134638,0,0.980960966260009,0.231563651658558,0.053621724769446,10.4179678685091,-1.33767399813139,0,0.0534899760599388,-0.0165485097651829,0.0298076556662853
fullSystem,1.79979484466153,0.140637389641788,0.996098211723045,0.195815642243914,0.0383437657473965,9.28024164857585,-0.295555559836521,0,0.0382495550207444,-0.00221094894576032,0.013577257640908
gyroFilter,1,-0.0156234441831702,0.0151372454630359,0.104105622111,0.0108379805551182,76.2865607187491,8.50570260726238,0,0.0108113516102654,0.00956159142033037,0.00891677933905359
gyroSystem,2.00387408140234,1,1.48534249610783,0.286711605417228,0.0822035446809241,1.90294018139939,0.17121018525355,0,0.0820015703696687,0.00402034063318371,0.0127958598688272
input,1,1,1,0,0,NaN,NaN,0,0,0,0
error,0.799794844661531,-0.859362610358212,-0.00390178827695515,0.195815642243914,0.0383437657473965,9.28024164857585,-0.295555559836518,0,0.0382495550207444,-0.0022109489457603,0.013577257640908
