signalsNamesOrdered,maxSignals,minSignals,meanSignals,standardDeviationSignals,varianceSignals,kurtosisSignals,skewnessSignals,firstMomentSignals,secondMomentSignals,thirdMomentSignals,fourthMomentSignals
compassSystem,1.7922164702704,0,0.982672075873426,0.222730279179699,0.0496087772634669,12.1848321964419,-1.44676752044072,0,0.0495819617081893,-0.0159729197171254,0.0299548372200636
compassFilter,1.79208604246889,0,0.982619724621898,0.222810251729016,0.0496444082755477,12.1824714582585,-1.44914781110393,0,0.0496175734602636,-0.0160164391172882,0.0299920702922853
fullSystem,1.79227779453979,0.000581447375397536,0.986542063948047,0.211736547237188,0.044832365435926,12.2520971559101,-1.18815245046687,0,0.0448081317248796,-0.0112695720013882,0.024599376795188
gyroFilter,1,-0.00036471880202904,0.00392233932615279,0.0532343466144928,0.00283389565947196,262.019544993726,15.7208721668024,0,0.00283236382398035,0.00236973724537202,0.00210199542133156
gyroSystem,2.25540084428403,1,1.58046159429976,0.373493480412992,0.13949737991101,1.7399833514013,0.183380939407006,0,0.139421975921869,0.00954665093420383,0.0338226444001518
input,1,1,1,0,0,NaN,NaN,0,0,0,0
error,0.792277794539788,-0.999418552624602,-0.0134579360519501,0.211736547237188,0.044832365435926,12.2520971559101,-1.18815245046691,0,0.0448081317248795,-0.0112695720013886,0.0245993767951881
