signalsNamesOrdered,maxSignals,minSignals,meanSignals,standardDeviationSignals,varianceSignals,kurtosisSignals,skewnessSignals,firstMomentSignals,secondMomentSignals,thirdMomentSignals,fourthMomentSignals
compassSystem,1.81065859098046,0,0.99049985481702,0.217583349400069,0.0473425139361524,10.5064089005319,-0.833070891516768,0,0.0472776611773358,-0.00856378855566481,0.0234836861158325
compassFilter,1.80807946270673,0,0.989694754292127,0.218815081180018,0.0478800397518178,10.5409217064998,-0.886248629212793,0,0.0478144506562674,-0.00926604344690441,0.0240988838544422
fullSystem,1.8121393955203,0.0516701923914677,0.996687792009607,0.201559317122171,0.0406261583187559,9.82192549245298,-0.290932292993055,0,0.0405705060470863,-0.00237742906102083,0.0161665550312373
gyroFilter,1,-0.00761495699718462,0.00699303771748101,0.0722485844729815,0.00521985795834954,161.988225334813,12.4878402214937,0,0.00521270746799563,0.00469983232052953,0.00440159575683709
gyroSystem,2.00387408140234,1,1.48290282004826,0.282609091898407,0.0798678988236421,1.93237440217293,0.200365100188967,0,0.0797584907430618,0.00451323002654932,0.0122926390740105
input,1,1,1,0,0,NaN,NaN,0,0,0,0
error,0.812139395520298,-0.948329807608532,-0.00331220799039205,0.201559317122171,0.0406261583187559,9.821925492453,-0.290932292993066,0,0.0405705060470863,-0.00237742906102092,0.0161665550312373
