signalsNamesOrdered,maxSignals,minSignals,meanSignals,standardDeviationSignals,varianceSignals,kurtosisSignals,skewnessSignals,firstMomentSignals,secondMomentSignals,thirdMomentSignals,fourthMomentSignals
compassSystem,1.79383470052372,0,0.977032630479886,0.246403111964917,0.0607144935859955,9.58288469143915,-1.23721545206656,0,0.0606751707274553,-0.0184910616250139,0.0352791632873696
compassFilter,1.79371333543208,0,0.976952969599344,0.246539365603996,0.0607816587924207,9.58058369814434,-1.23938409449034,0,0.0607422924330992,-0.0185542193183202,0.0353487715703716
fullSystem,1.79399645242554,0.00107376560048549,0.981865975241077,0.234171065179949,0.054836087767512,9.6006003717573,-1.00589787908739,0,0.0548005721666263,-0.0129042132624768,0.0288315889920315
gyroFilter,1,-0.000537499417369247,0.00491300564173244,0.0597199767652433,0.0035664756248412,208.925418238742,14.0375010640103,0,0.00356416573130179,0.0029869409540447,0.00265403753547961
gyroSystem,2.00387408140234,1,1.45140730576384,0.291463973533803,0.0849512478681134,1.90741735001626,0.279435325269438,0,0.0848962276298568,0.00691216181392604,0.0137474615670071
input,1,1,1,0,0,NaN,NaN,0,0,0,0
error,0.793996452425544,-0.998926234399515,-0.0181340247589236,0.234171065179949,0.054836087767512,9.60060037175729,-1.00589787908738,0,0.0548005721666263,-0.0129042132624767,0.0288315889920315
