signalsNamesOrdered,maxSignals,minSignals,meanSignals,standardDeviationSignals,varianceSignals,kurtosisSignals,skewnessSignals,firstMomentSignals,secondMomentSignals,thirdMomentSignals,fourthMomentSignals
compassSystem,1.79047720256255,0,0.979747100011017,0.237457290913293,0.0563859650078804,10.4438152566443,-1.28765727529158,0,0.056350141650188,-0.017224348504769,0.0331626482952936
compassFilter,1.79038511523234,0,0.979557492595129,0.237808655712948,0.0565529567319996,10.4421290159527,-1.29530105572415,0,0.0565170272804545,-0.0174036237307235,0.0333539808983441
fullSystem,1.79117244566715,0.00523292443683707,0.985463278018117,0.2224398778371,0.0494794992521838,10.4535934342427,-0.964182623141054,0,0.0494480637380464,-0.0106018885814463,0.0255601963733892
gyroFilter,1,-0.00144681205585018,0.00590578542298754,0.0652657024736139,0.00425961191937428,174.129526519333,12.81626605251,0,0.00425690568562627,0.00355961113527573,0.00315544398876168
gyroSystem,2.00387408140234,1,1.45956093081527,0.289150806923881,0.0836081891447317,1.91498117377125,0.263967914508671,0,0.0835550708542967,0.00637544287877156,0.0133693450579962
input,1,1,1,0,0,NaN,NaN,0,0,0,0
error,0.791172445667152,-0.994767075563163,-0.014536721981883,0.222439877837099,0.0494794992521837,10.4535934342427,-0.964182623141059,0,0.0494480637380464,-0.0106018885814463,0.0255601963733892
