signalsNamesOrdered,maxSignals,minSignals,meanSignals,standardDeviationSignals,varianceSignals,kurtosisSignals,skewnessSignals,firstMomentSignals,secondMomentSignals,thirdMomentSignals,fourthMomentSignals
compassSystem,1.79229768734448,0,0.976590288207715,0.246706163395323,0.0608639310572396,9.73186546075128,-1.26416381261784,0,0.0608243318828367,-0.0189635383824442,0.0360040031230874
compassFilter,1.7922793132113,0,0.976521407234858,0.246798614446934,0.0609095560929266,9.72996424825944,-1.26615315385348,0,0.0608699272340503,-0.0190147410317483,0.036050957978095
fullSystem,1.79248558161043,0.000655080778031716,0.981262719659927,0.234802654530031,0.0551322865743491,9.78343336287399,-1.04434763247361,0,0.0550964165115161,-0.01350610482885,0.029698738167601
gyroFilter,1,-0.000402646323666822,0.00474131242507083,0.0584961851954205,0.00342180368241693,216.861244158214,14.2902455212796,0,0.00341957739505036,0.00285757966553096,0.00253586903191793
gyroSystem,2.00387408140233,1,1.452677654342,0.29083909766091,0.0845873807282124,1.92532323811737,0.281263572242842,0,0.0845323466483632,0.00691270265275919,0.0137578162058311
input,1,1,1,0,0,NaN,NaN,0,0,0,0
error,0.792485581610428,-0.999344919221968,-0.0187372803400725,0.234802654530031,0.0551322865743491,9.78343336287401,-1.04434763247362,0,0.0550964165115161,-0.0135061048288502,0.0296987381676011
