signalsNamesOrdered,maxSignals,minSignals,meanSignals,standardDeviationSignals,varianceSignals,kurtosisSignals,skewnessSignals,firstMomentSignals,secondMomentSignals,thirdMomentSignals,fourthMomentSignals
compassSystem,1.80651381719495,0,0.987588514554919,0.220809921734414,0.0487570215363581,10.6677184456362,-1.06368202057397,0,0.0486366338288609,-0.0114092496369868,0.0252347242752782
compassFilter,1.58986881228803,0,0.978853171320267,0.200391983710303,0.0401569471353503,14.1087337284024,-2.31741102620896,0,0.0400577941794605,-0.0185794825803113,0.022639253306098
fullSystem,1.61137179985541,0.471371169801956,1.00711332732024,0.140893339419729,0.019850933092843,8.74520906563255,0.164628735260067,0,0.019801918443231,0.000458739928975335,0.00342913617088725
gyroFilter,1,-0.0276236685230751,0.028260155999975,0.121663180152463,0.0148019294048106,51.6129965704053,6.89227259351882,0,0.0147653814309715,0.0123660059591447,0.0112524842888335
gyroSystem,2.00387408140234,1,1.48766491326615,0.285499739845961,0.0815101014521113,1.9025065174426,0.171983733522379,0,0.081308841942353,0.0039874388507237,0.0125777136853033
input,1,1,1,0,0,NaN,NaN,0,0,0,0
error,0.611371799855414,-0.528628830198044,0.00711332732024245,0.140893339419729,0.019850933092843,8.74520906563255,0.164628735260066,0,0.019801918443231,0.000458739928975333,0.00342913617088725
