signalsNamesOrdered,maxSignals,minSignals,meanSignals,standardDeviationSignals,varianceSignals,kurtosisSignals,skewnessSignals,firstMomentSignals,secondMomentSignals,thirdMomentSignals,fourthMomentSignals
compassSystem,1.80651381719495,0,0.990040844824672,0.197756069152131,0.0391074628865025,13.3449384376316,-1.22384182431161,0,0.0390300223659351,-0.00943677262823836,0.0203289138287595
compassFilter,1.6420513061918,0,0.98419909907682,0.18440322781653,0.0340045504291551,16.4066611387198,-2.30999186216863,0,0.033937214685731,-0.0144419136378133,0.0188961183298
fullSystem,1.65897024330306,0.4235216242683,1.00602195744804,0.135738171631289,0.0184248512378052,10.9262172157198,0.160155503391331,0,0.018388366383869,0.000399352667247697,0.00369450387917937
gyroFilter,1,-0.0258450364547866,0.0218228583712239,0.106458180910116,0.0113333442826909,69.6800662991079,8.05555873068766,0,0.0113109020167846,0.0096903960827749,0.00891462411098857
gyroSystem,2.25540084428403,1,1.61547752673904,0.363998234723501,0.132494714881825,1.75167390163537,0.110332453709483,0,0.132232349109782,0.0053052987718488,0.0306287085942743
input,1,1,1,0,0,NaN,NaN,0,0,0,0
error,0.658970243303065,-0.5764783757317,0.00602195744804423,0.135738171631289,0.0184248512378052,10.9262172157198,0.160155503391306,0,0.018388366383869,0.000399352667247635,0.00369450387917937
