signalsNamesOrdered,maxSignals,minSignals,meanSignals,standardDeviationSignals,varianceSignals,kurtosisSignals,skewnessSignals,firstMomentSignals,secondMomentSignals,thirdMomentSignals,fourthMomentSignals
compassSystem,1.78895553646226,0,0.973737553199411,0.245514096087041,0.0602771713774366,9.72615233976474,-1.3754842179732,0,0.0602372262671799,-0.0203354159647322,0.0352915716326681
compassFilter,1.78886826465099,0,0.973678921913854,0.245649006535423,0.0603434344118403,9.72255813083176,-1.37707026481012,0,0.0603034453896986,-0.0203924445239518,0.0353561363683461
fullSystem,1.78912457321627,0.00111074378151668,0.979018822030285,0.231806819885278,0.0537344017453259,9.72342704287141,-1.12608512664289,0,0.0536987924665019,-0.0140125766738597,0.0280380883209562
gyroFilter,1,-0.000481869008250202,0.00533990011643016,0.0609606371390593,0.00371619928040006,193.516982393006,13.4237794840016,0,0.0037137365903534,0.00303802577570386,0.00266895515443752
gyroSystem,2.00387408140234,1,1.45502603891268,0.294312375637104,0.0866197744531556,1.87884294280356,0.268492789490639,0,0.0865623723494755,0.00683795679553784,0.0140782534158878
input,1,1,1,0,0,NaN,NaN,0,0,0,0
error,0.789124573216266,-0.998889256218483,-0.0209811779697155,0.231806819885278,0.0537344017453259,9.7234270428714,-1.12608512664289,0,0.0536987924665019,-0.0140125766738597,0.0280380883209562
