signalsNamesOrdered,maxSignals,minSignals,meanSignals,standardDeviationSignals,varianceSignals,kurtosisSignals,skewnessSignals,firstMomentSignals,secondMomentSignals,thirdMomentSignals,fourthMomentSignals
compassSystem,1.79080093985497,0,0.979988039630823,0.248285133418998,0.0616455074768896,9.5679707969308,-1.23006682316099,0,0.0616053736829593,-0.0188086055845512,0.0363125739012593
compassFilter,1.79076617229784,0,0.979924721907368,0.248384734198151,0.0616949761826864,9.56537240031799,-1.23216666411271,0,0.0616548101825674,-0.0188633968881402,0.0363609995035173
fullSystem,1.79097819764661,0.00068482033567796,0.984677081983542,0.236366430475322,0.0558690894556451,9.58979015836936,-1.00719486422607,0,0.0558327163505308,-0.0132876028411531,0.0298941782049244
gyroFilter,1,-0.000406284300762172,0.0047523600761725,0.0585509974153772,0.00342821929833551,216.601463531898,14.2797543036479,0,0.00342598738472982,0.00286351441865566,0.00254233575681104
gyroSystem,2.00387408140234,1,1.45210343028015,0.291315452299161,0.0848646927482647,1.92131348255879,0.282522927926795,0,0.0848094422972567,0.00697782397187352,0.0138193190944872
input,1,1,1,0,0,NaN,NaN,0,0,0,0
error,0.790978197646607,-0.999315179664322,-0.0153229180164574,0.236366430475322,0.0558690894556451,9.58979015836938,-1.00719486422608,0,0.0558327163505308,-0.0132876028411532,0.0298941782049244
