signalsNamesOrdered,maxSignals,minSignals,meanSignals,standardDeviationSignals,varianceSignals,kurtosisSignals,skewnessSignals,firstMomentSignals,secondMomentSignals,thirdMomentSignals,fourthMomentSignals
compassSystem,1.78891421820313,0,0.972937520493975,0.24521470263433,0.0601302503880429,9.66895528378004,-1.3183520853689,0,0.0600912301087515,-0.0194199475273583,0.034914171476719
compassFilter,1.78880032710524,0,0.972870053627493,0.24534382621328,0.0601935930609721,9.66568854398922,-1.3198820283506,0,0.0601545316767664,-0.0194732141789023,0.0349759481823183
fullSystem,1.78904963832347,0.00106941742013058,0.978088095636797,0.231836323405356,0.0537480808501126,9.64820916060206,-1.06499551960173,0,0.0537132021474195,-0.01325773538504,0.0278361262543443
gyroFilter,1,-0.000471654299067703,0.00521804200930322,0.060263035495343,0.00363163344711297,198.10718963971,13.5845077392164,0,0.00362927677388317,0.00297012029687251,0.002609398544894
gyroSystem,2.00387408140234,1,1.45045896603281,0.29255963240833,0.0855911385148973,1.90618372542822,0.302904825618107,0,0.085535595920144,0.00757751003757911,0.0139462847482665
input,1,1,1,0,0,NaN,NaN,0,0,0,0
error,0.789049638323466,-0.998930582579869,-0.0219119043632039,0.231836323405356,0.0537480808501126,9.64820916060204,-1.06499551960172,0,0.0537132021474195,-0.0132577353850399,0.0278361262543443
