signalsNamesOrdered,maxSignals,minSignals,meanSignals,standardDeviationSignals,varianceSignals,kurtosisSignals,skewnessSignals,firstMomentSignals,secondMomentSignals,thirdMomentSignals,fourthMomentSignals
compassSystem,1.80651381719495,0,0.990040844824672,0.197756069152131,0.0391074628865025,13.3449384376316,-1.22384182431161,0,0.0390300223659351,-0.00943677262823836,0.0203289138287595
compassFilter,1.00356125571821,0,0.92886797055502,0.192404247272775,0.0370193943686032,15.0275559714568,-3.46944368788761,0,0.0369460886371803,-0.024638402438737,0.0205128162558916
fullSystem,1.1451660880131,0.908571297885163,1.07065948480573,0.0372114459108381,0.00138469170677523,4.73330290225072,-1.01799507356509,0,0.00138194974299943,-5.22978759370458e-05,9.03959131947278e-06
gyroFilter,1,-0.0152588830161415,0.141791514250711,0.177112234678948,0.0313687436729707,13.6326692415086,3.24970080566731,0,0.0313066273488658,0.0180010485701385,0.0133614461412695
gyroSystem,2.25540084428403,1,1.61547752673904,0.363998234723501,0.132494714881825,1.75167390163537,0.110332453709483,0,0.132232349109782,0.0053052987718488,0.0306287085942743
input,1,1,1,0,0,NaN,NaN,0,0,0,0
error,0.1451660880131,-0.0914287021148374,0.0706594848057307,0.0372114459108381,0.00138469170677523,4.73330290225069,-1.01799507356507,0,0.00138194974299944,-5.22978759370446e-05,9.03959131947273e-06
