signalsNamesOrdered,maxSignals,minSignals,meanSignals,standardDeviationSignals,varianceSignals,kurtosisSignals,skewnessSignals,firstMomentSignals,secondMomentSignals,thirdMomentSignals,fourthMomentSignals
compassSystem,1.78856578410367,0,0.97906538316311,0.243945511548779,0.0595094126047954,9.83200783470454,-1.28758989751833,0,0.0594710441891895,-0.0186739377335878,0.0347738954230602
compassFilter,1.78839946716519,0,0.978906561705051,0.244138620908919,0.0596036662193089,9.83225780342711,-1.294302909153,0,0.0595652370341256,-0.0188159105097368,0.0348850223866045
fullSystem,1.78892772717225,0.00299649986916259,0.984637671207804,0.229280079290854,0.0525693547596201,9.8046097692933,-0.998137027904591,0,0.0525354609138692,-0.0120190180441346,0.027060474450048
gyroFilter,1,-0.000976463449427589,0.00573110950275156,0.0634697977592542,0.00402841522760063,179.238552080728,12.9415850946717,0,0.00402581792571308,0.00330573979755857,0.00290495684846908
gyroSystem,2.00387408140234,1,1.45667240832233,0.292274460062243,0.0854243600046759,1.88080826603217,0.257891222264387,0,0.0853692830478709,0.00643263651490449,0.0137071698113682
input,1,1,1,0,0,NaN,NaN,0,0,0,0
error,0.788927727172249,-0.997003500130837,-0.0153623287921962,0.229280079290854,0.0525693547596201,9.8046097692933,-0.998137027904591,0,0.0525354609138692,-0.0120190180441346,0.027060474450048
