signalsNamesOrdered,maxSignals,minSignals,meanSignals,standardDeviationSignals,varianceSignals,kurtosisSignals,skewnessSignals,firstMomentSignals,secondMomentSignals,thirdMomentSignals,fourthMomentSignals
compassSystem,1.80651387376379,0,0.986299486195564,0.206143683560627,0.0424952182719441,12.930260142038,-1.40728069783295,0,0.0424114012733801,-0.0122914937213263,0.0232580074910704
compassFilter,1.77657176906522,0,0.983904486615791,0.206558152232562,0.0426662702537301,13.2850512193682,-1.65370344017437,0,0.0425821158745314,-0.0145310998151788,0.0240889410022292
fullSystem,1.77684518693899,0.213430518155609,0.998965427779692,0.168543030516322,0.0284067531356257,11.0608942805443,-0.151357625152204,0,0.0283507240367389,-0.000722521103980047,0.008890343690793
gyroFilter,1,-0.0192810181586343,0.0150609411639002,0.0984943880267934,0.00970114447277254,82.6733417043523,8.80627569272235,0,0.00968201006552841,0.00838958681056169,0.00774990808997988
gyroSystem,2.25540084428403,1,1.61310743162471,0.365228997254734,0.133392220435699,1.75296495591773,0.110662187401302,0,0.133129119409198,0.00537537589500177,0.0310684332490027
input,1,1,1,0,0,NaN,NaN,0,0,0,0
error,0.776845186938986,-0.786569481844391,-0.0010345722203083,0.168543030516322,0.0284067531356257,11.0608942805443,-0.151357625152207,0,0.0283507240367389,-0.00072252110398006,0.00889034369079301
