signalsNamesOrdered,maxSignals,minSignals,meanSignals,standardDeviationSignals,varianceSignals,kurtosisSignals,skewnessSignals,firstMomentSignals,secondMomentSignals,thirdMomentSignals,fourthMomentSignals
compassSystem,1.80651386867145,0,0.988254506636892,0.201605243317721,0.0406446741331977,13.0850318211913,-1.30481294928701,0,0.0405643486902467,-0.0106601918075307,0.0215309800040281
compassFilter,1.76026782146994,0,0.98525140713026,0.2004762162794,0.0401907132937048,13.7372699540219,-1.67247817649654,0,0.0401112850065631,-0.013435700753487,0.0221021022277905
fullSystem,1.76126926545028,0.251718132940297,1.00089946201994,0.162597925717001,0.0264380854474714,11.1307513202586,-0.0611560945366657,0,0.0263858362667452,-0.000262117512640985,0.00774936659511174
gyroFilter,1,-0.0206490131915698,0.0156480548896786,0.0988652433331123,0.0097743363393155,84.0216922813543,8.90808439622637,0,0.0097550194690797,0.00858275140684497,0.00799553825301404
gyroSystem,2.25540084428403,1,1.61429939279526,0.36460208022179,0.132934676902057,1.75219393842133,0.110607089923785,0,0.132671960149286,0.0053450489226957,0.0308418531400731
input,1,1,1,0,0,NaN,NaN,0,0,0,0
error,0.76126926545028,-0.748281867059703,0.000899462019939124,0.162597925717001,0.0264380854474714,11.1307513202586,-0.0611560945366532,0,0.0263858362667452,-0.000262117512640931,0.00774936659511173
