signalsNamesOrdered,maxSignals,minSignals,meanSignals,standardDeviationSignals,varianceSignals,kurtosisSignals,skewnessSignals,firstMomentSignals,secondMomentSignals,thirdMomentSignals,fourthMomentSignals
compassSystem,1.79199939014419,0,0.97531205214572,0.244184832689177,0.0596262325154415,9.98418623549867,-1.3495500661742,0,0.0595867449442392,-0.0196296923691442,0.0354496536917985
compassFilter,1.79197168213687,0,0.975268843986092,0.24426627986057,0.0596660154769224,9.98134689592083,-1.35066586821941,0,0.059626501559388,-0.0196655871979753,0.0354868791339381
fullSystem,1.79212319249393,0.000397599020259578,0.97995317368511,0.232325738703071,0.0539752488639278,10.0720827741245,-1.13813300874099,0,0.0539395036660047,-0.014257830190883,0.029304423230199
gyroFilter,1,-0.000300138254074156,0.00468432969901706,0.0583306620167661,0.0034024661313142,216.510496983056,14.2930874431804,0,0.00340021284248552,0.00283390446645544,0.00250317471683223
gyroSystem,2.00387408140234,1,1.45530288044847,0.290433394811555,0.0843515568217647,1.91605649635283,0.258089432586699,0,0.0842956948636046,0.00631652639502527,0.0136150456043425
input,1,1,1,0,0,NaN,NaN,0,0,0,0
error,0.792123192493928,-0.99960240097974,-0.0200468263148903,0.232325738703071,0.0539752488639278,10.0720827741245,-1.13813300874099,0,0.0539395036660047,-0.014257830190883,0.029304423230199
