signalsNamesOrdered,maxSignals,minSignals,meanSignals,standardDeviationSignals,varianceSignals,kurtosisSignals,skewnessSignals,firstMomentSignals,secondMomentSignals,thirdMomentSignals,fourthMomentSignals
compassSystem,1.80651381719495,0,0.987588514554919,0.220809921734414,0.0487570215363581,10.6677184456362,-1.06368202057397,0,0.0486366338288609,-0.0114092496369868,0.0252347242752782
compassFilter,1.56789922987406,0,0.978181653187055,0.198060121831078,0.0392278118597414,14.6324228085591,-2.45856927106486,0,0.039130953065026,-0.0190310647826015,0.022405626546936
fullSystem,1.59234175183447,0.491887185844236,1.00778110577903,0.136203225865377,0.018551318736135,8.73450810508196,0.168171592608807,0,0.0185055130108606,0.000423354646528312,0.0029911673416424
gyroFilter,1,-0.0285358952010228,0.0295994525919727,0.123041852459245,0.0151392974566027,49.9072600198164,6.76444707996023,0,0.0151019164752283,0.0125539501409935,0.0113822430504534
gyroSystem,2.00387408140234,1,1.48766491326615,0.285499739845961,0.0815101014521113,1.9025065174426,0.171983733522379,0,0.081308841942353,0.0039874388507237,0.0125777136853033
input,1,1,1,0,0,NaN,NaN,0,0,0,0
error,0.592341751834467,-0.508112814155764,0.00778110577902758,0.136203225865377,0.018551318736135,8.73450810508197,0.168171592608822,0,0.0185055130108606,0.000423354646528349,0.0029911673416424
