signalsNamesOrdered,maxSignals,minSignals,meanSignals,standardDeviationSignals,varianceSignals,kurtosisSignals,skewnessSignals,firstMomentSignals,secondMomentSignals,thirdMomentSignals,fourthMomentSignals
compassSystem,1.78764737966153,0,0.981457376378581,0.235759857709854,0.0555827105073707,10.5514685368618,-1.26680516807843,0,0.0555475315766698,-0.0165846753015276,0.0325568543999493
compassFilter,1.78759324914976,0,0.981278818526585,0.236075425245066,0.0557316064046386,10.5456900698064,-1.27294757723135,0,0.0556963332360281,-0.0167320989938993,0.0327135904492784
fullSystem,1.78824609496073,0.00387880200334605,0.986563147725184,0.222400086166778,0.0494617983269901,10.5775103084136,-0.976976040449719,0,0.0494304933913401,-0.0107368362894138,0.025844810254836
gyroFilter,1,-0.00120186780890119,0.0052843291985986,0.0624827146666748,0.0039040896321171,194.286669158735,13.5823743724305,0,0.00390161868931196,0.00331011384825048,0.00295755376705319
gyroSystem,2.00387408140234,1,1.46577833566223,0.291045830273235,0.0847076753194365,1.90428598723522,0.245419280616683,0,0.0846540628667026,0.00604477845484427,0.0136467043984212
input,1,1,1,0,0,NaN,NaN,0,0,0,0
error,0.788246094960733,-0.996121197996654,-0.0134368522748166,0.222400086166778,0.0494617983269901,10.5775103084136,-0.976976040449713,0,0.0494304933913401,-0.0107368362894138,0.025844810254836
