signalsNamesOrdered,maxSignals,minSignals,meanSignals,standardDeviationSignals,varianceSignals,kurtosisSignals,skewnessSignals,firstMomentSignals,secondMomentSignals,thirdMomentSignals,fourthMomentSignals
compassSystem,1.7882028584668,0,0.981807142157302,0.245660363715625,0.0603490143008931,9.53800160889186,-1.17631443544653,0,0.0603098011661946,-0.0174222913300172,0.0346923073011187
compassFilter,1.78814413021095,0,0.981660930189558,0.245864851588068,0.0604495252464228,9.53590537851378,-1.18042142128572,0,0.060410246802468,-0.0175268147794876,0.034800313241603
fullSystem,1.78860019393489,0.00232337872237923,0.986727081178205,0.233248698697958,0.0544049554442907,9.53821932781843,-0.931885996664481,0,0.0543696045960488,-0.0118140022053057,0.0281954904805449
gyroFilter,1,-0.000847480124388511,0.00506615098864965,0.0613152276057316,0.00375955713634267,201.619087319672,13.833163259875,0,0.00375711427920404,0.00318568705061844,0.00284603642857385
gyroSystem,2.00387408140235,1,1.4514966140268,0.291649826402656,0.0850596212406995,1.89362700999797,0.27676443158608,0,0.0850043518311864,0.00685917709948391,0.0136828561097608
input,1,1,1,0,0,NaN,NaN,0,0,0,0
error,0.78860019393489,-0.997676621277621,-0.0132729188217944,0.233248698697958,0.0544049554442908,9.53821932781842,-0.931885996664485,0,0.0543696045960489,-0.0118140022053057,0.0281954904805449
