signalsNamesOrdered,maxSignals,minSignals,meanSignals,standardDeviationSignals,varianceSignals,kurtosisSignals,skewnessSignals,firstMomentSignals,secondMomentSignals,thirdMomentSignals,fourthMomentSignals
compassSystem,1.78531183583302,0,0.978195558833215,0.240503679366554,0.0578420197888504,10.0505264241953,-1.3251816823611,0,0.0578048939738383,-0.0184171462790629,0.0335828869584754
compassFilter,1.78513294793262,0,0.978066589880765,0.240740517624611,0.0579559968261658,10.043499071774,-1.32716432510125,0,0.0579187978551605,-0.0184992451605414,0.0336917928768616
fullSystem,1.7855435104364,0.00200221599808572,0.983066673335464,0.227992816313458,0.051980724290542,10.07589263879,-1.08236162175876,0,0.0519473605393927,-0.012814970578553,0.0271900811011293
gyroFilter,1,-0.000763856593053891,0.00500008345469875,0.0606154405002688,0.00367423162704163,205.091136989389,13.9339286798413,0,0.0036718733268959,0.00310030998413043,0.00276517278286757
gyroSystem,2.00387408140234,1,1.45637516521366,0.291770859701224,0.0851302345707911,1.88790102251801,0.257279810038603,0,0.0850755938554055,0.00638429858749929,0.0136643570078484
input,1,1,1,0,0,NaN,NaN,0,0,0,0
error,0.785543510436397,-0.997997784001914,-0.016933326664536,0.227992816313458,0.051980724290542,10.07589263879,-1.08236162175876,0,0.0519473605393927,-0.012814970578553,0.0271900811011293
