signalsNamesOrdered,maxSignals,minSignals,meanSignals,standardDeviationSignals,varianceSignals,kurtosisSignals,skewnessSignals,firstMomentSignals,secondMomentSignals,thirdMomentSignals,fourthMomentSignals
compassSystem,1.7936639438413,0,0.975680990481735,0.245591543461363,0.0603152062197344,9.69939729388092,-1.32098533774724,0,0.0602761166499225,-0.0195486105316296,0.0352399495543896
compassFilter,1.79357036460425,0,0.975617513915277,0.245687395870847,0.0603622964897984,9.69989159409796,-1.32371014595878,0,0.0603231764013409,-0.019611878788522,0.0352967959514517
fullSystem,1.79383615470404,0.00116670589963613,0.980856008679972,0.232076962188156,0.0538597163784827,9.68125781989421,-1.06642257094133,0,0.0538248105350748,-0.0133168986052374,0.0280476710609251
gyroFilter,1,-0.000504071461679079,0.00523849476469481,0.0603625081865488,0.00364363239457117,197.416382197408,13.5572799141148,0,0.00364127099962977,0.00297887353668351,0.00261751508603953
gyroSystem,2.00387408140234,1,1.46086342680509,0.296529180113248,0.087929554658635,1.84550014628503,0.242116704738292,0,0.0878725685571064,0.00630673722658453,0.0142501923461043
input,1,1,1,0,0,NaN,NaN,0,0,0,0
error,0.793836154704037,-0.998833294100364,-0.0191439913200271,0.232076962188156,0.0538597163784827,9.68125781989423,-1.06642257094134,0,0.0538248105350747,-0.0133168986052375,0.0280476710609252
