signalsNamesOrdered,maxSignals,minSignals,meanSignals,standardDeviationSignals,varianceSignals,kurtosisSignals,skewnessSignals,firstMomentSignals,secondMomentSignals,thirdMomentSignals,fourthMomentSignals
compassSystem,1.79061148103692,0,0.980322633907183,0.248735235783976,0.0618692175205101,9.60426199852388,-1.20563696684083,0,0.0618288592572873,-0.0185354616195441,0.0367152480371101
compassFilter,1.79058501458938,0,0.98022946742327,0.248917002132189,0.0619596739504761,9.60140071411246,-1.20787669228085,0,0.061919256681102,-0.0186106354546719,0.0368117160702161
fullSystem,1.7909480001892,0.00177281071068378,0.985933477343993,0.234182587560274,0.0548414843164255,9.58288627467104,-0.912075865845946,0,0.0548057103540534,-0.0117022583257804,0.0287837886061818
gyroFilter,1,-0.000677432791753585,0.0057040099207245,0.0628393118262003,0.00394877911079044,180.298981997515,12.9452824331993,0,0.00394620326009847,0.00320908120258265,0.0028077095337889
gyroSystem,2.00387408140234,1,1.45095312481115,0.293072589603984,0.0858915427771851,1.90811236288757,0.28203513287793,0,0.0858355143735471,0.00709257166023484,0.0140584672470266
input,1,1,1,0,0,NaN,NaN,0,0,0,0
error,0.790948000189199,-0.998227189289316,-0.0140665226560056,0.234182587560274,0.0548414843164255,9.58288627467106,-0.912075865845965,0,0.0548057103540534,-0.0117022583257806,0.0287837886061819
