signalsNamesOrdered,maxSignals,minSignals,meanSignals,standardDeviationSignals,varianceSignals,kurtosisSignals,skewnessSignals,firstMomentSignals,secondMomentSignals,thirdMomentSignals,fourthMomentSignals
compassSystem,1.79339639535714,0,0.977396378200845,0.245640588004817,0.0603392984753521,9.8311684840583,-1.32248127131408,0,0.060299835232399,-0.0195823008512964,0.035746818058586
compassFilter,1.79335666764692,0,0.97732790164046,0.245734771918469,0.0603855781298221,9.83032160975477,-1.32479914793402,0,0.0603460846189458,-0.0196391951767357,0.0357985899906079
fullSystem,1.79359347529744,0.000999350083548765,0.982556879081854,0.232119859376245,0.0538796291168476,9.83705744479272,-1.06678106931933,0,0.053844390641297,-0.013328644966545,0.0285197779805503
gyroFilter,1,-0.000454232511128749,0.00522897744139433,0.0603545949634909,0.00364267713320704,197.5629625338,13.5685304189215,0,0.0036402947413606,0.0029801466451181,0.00261805415977868
gyroSystem,2.00387408140233,1,1.45468986082379,0.292461772449663,0.0855338883443987,1.90420966303499,0.271795038681988,0,0.0854779472794253,0.00679239058303683,0.0139130688116434
input,1,1,1,0,0,NaN,NaN,0,0,0,0
error,0.79359347529744,-0.999000649916451,-0.0174431209181446,0.232119859376245,0.0538796291168476,9.83705744479271,-1.06678106931934,0,0.053844390641297,-0.0133286449665451,0.0285197779805504
