signalsNamesOrdered,maxSignals,minSignals,meanSignals,standardDeviationSignals,varianceSignals,kurtosisSignals,skewnessSignals,firstMomentSignals,secondMomentSignals,thirdMomentSignals,fourthMomentSignals
compassSystem,1.78966041416915,0,0.975613530532796,0.246704551442528,0.0608631357024588,9.65988808870758,-1.31990301175522,0,0.0608232516030469,-0.0197991465608704,0.0357364462453446
compassFilter,1.78950613496493,0,0.975555402679793,0.246821925444865,0.0609210628803104,9.65772307342241,-1.32172231650869,0,0.0608811408207558,-0.0198547487484076,0.0357964790931102
fullSystem,1.78974851374816,0.00103380573125971,0.980811276555231,0.233235422935966,0.0543987625121188,9.65464984629138,-1.06908065015129,0,0.0543631145681397,-0.0135508633136416,0.0285328522915311
gyroFilter,1,-0.00046936735510994,0.00525587387543845,0.0604916186775714,0.0036592359302327,196.599873656983,13.5334525524951,0,0.00365683800367292,0.00299272758868266,0.00262902476927446
gyroSystem,2.00387408140233,1,1.45473589287179,0.29119974686466,0.0847972925740423,1.91151497397018,0.257866121620918,0,0.0847417242302847,0.00636121732132776,0.0137268945369577
input,1,1,1,0,0,NaN,NaN,0,0,0,0
error,0.78974851374816,-0.99896619426874,-0.0191887234447695,0.233235422935966,0.0543987625121189,9.65464984629136,-1.06908065015128,0,0.0543631145681398,-0.0135508633136415,0.0285328522915311
