signalsNamesOrdered,maxSignals,minSignals,meanSignals,standardDeviationSignals,varianceSignals,kurtosisSignals,skewnessSignals,firstMomentSignals,secondMomentSignals,thirdMomentSignals,fourthMomentSignals
compassSystem,1.80651381719495,0,0.987588514554919,0.220809921734414,0.0487570215363581,10.6677184456362,-1.06368202057397,0,0.0486366338288609,-0.0114092496369868,0.0252347242752782
compassFilter,1.48914186763462,0,0.975943518454936,0.191261150957879,0.0365808278657325,16.4395740393861,-2.91938268634938,0,0.0364905048339653,-0.0203498323488828,0.021890228952726
fullSystem,1.53574147914106,0.546932709749662,1.00998362832293,0.121855422516987,0.0148487439967934,8.71039637965227,0.170124416792319,0,0.0148120804313692,0.000306683733683024,0.00191104116439822
gyroFilter,1,-0.031005379501635,0.0340401098679913,0.127408614565187,0.0162329550654205,44.9101109203429,6.37927927328622,0,0.0161928736948885,0.0131449066951642,0.0117758423925025
gyroSystem,2.00387408140234,1,1.48766491326615,0.285499739845961,0.0815101014521113,1.9025065174426,0.171983733522379,0,0.081308841942353,0.0039874388507237,0.0125777136853033
input,1,1,1,0,0,NaN,NaN,0,0,0,0
error,0.535741479141064,-0.453067290250338,0.00998362832292707,0.121855422516987,0.0148487439967934,8.71039637965227,0.170124416792314,0,0.0148120804313692,0.000306683733683014,0.00191104116439822
