signalsNamesOrdered,maxSignals,minSignals,meanSignals,standardDeviationSignals,varianceSignals,kurtosisSignals,skewnessSignals,firstMomentSignals,secondMomentSignals,thirdMomentSignals,fourthMomentSignals
compassSystem,1.81065975715752,0,0.995250571131332,0.204766398361554,0.0419292778979628,10.6219011044182,-0.613963964426451,0,0.041907830696992,-0.00526727087300108,0.0186548866725611
compassFilter,1.81041738156176,0,0.995051818668651,0.205192461864335,0.0421039464059464,10.6315797185249,-0.628429372364404,0,0.0420824098604702,-0.00542509538266812,0.0188277751747292
fullSystem,1.81131800912196,0.00750238655410607,0.997096798538956,0.199653145156593,0.0398613783709195,10.2519744581567,-0.404115251796322,0,0.0398409889190673,-0.00321366354467081,0.0162730041461206
gyroFilter,1,-0.00234075037203185,0.00204497987030623,0.0387896773628028,0.00150463906991034,550.036965996766,22.9958611544745,0,0.00150386943355744,0.00134111146799948,0.00124397640341221
gyroSystem,2.00387408140234,1,1.489329101578,0.282647214787159,0.0798894480269382,1.90859272345261,0.187714712762648,0,0.0798485838591495,0.00423544591661138,0.0121687985089689
input,1,1,1,0,0,NaN,NaN,0,0,0,0
error,0.81131800912196,-0.992497613445894,-0.0029032014610445,0.199653145156593,0.0398613783709195,10.2519744581567,-0.404115251796321,0,0.0398409889190674,-0.0032136635446708,0.0162730041461206
