signalsNamesOrdered,maxSignals,minSignals,meanSignals,standardDeviationSignals,varianceSignals,kurtosisSignals,skewnessSignals,firstMomentSignals,secondMomentSignals,thirdMomentSignals,fourthMomentSignals
compassSystem,1.78516690735854,0,0.966578975391431,0.283944486354681,0.0806244713312235,7.31930434395457,-1.12859551898538,0,0.0805427020905225,-0.0257974996240047,0.0474812558064946
compassFilter,1.78516745210017,0,0.966573011135317,0.283956132471323,0.0806310851680715,7.31903174513225,-1.12868419490752,0,0.0805493092196251,-0.0258027012525573,0.0474872774766267
fullSystem,1.78518578429239,-0.000364958580256572,0.97183340857333,0.272304861568736,0.0741499376339687,7.40824091268522,-0.991421416912151,0,0.0740747348574636,-0.0199877291085471,0.0406495093817467
gyroFilter,1,-0.000376050360228808,0.00526039743801042,0.0607665134228304,0.00369256915356703,186.956894765977,13.2414837418155,0,0.00368882415442548,0.00296666549975967,0.00254400166992448
gyroSystem,2.00387408140234,1,1.41726917930483,0.299798520343173,0.0898791527999556,1.92121587928861,0.410963509167169,0,0.0897879974725723,0.0110568314588857,0.0154886204994373
input,1,1,1,0,0,NaN,NaN,0,0,0,0
error,0.785185784292393,-1.00036495858026,-0.0281665914266698,0.272304861568736,0.0741499376339686,7.40824091268522,-0.991421416912159,0,0.0740747348574636,-0.0199877291085472,0.0406495093817468
