signalsNamesOrdered,maxSignals,minSignals,meanSignals,standardDeviationSignals,varianceSignals,kurtosisSignals,skewnessSignals,firstMomentSignals,secondMomentSignals,thirdMomentSignals,fourthMomentSignals
compassSystem,1.80651390233907,0,0.983474186791149,0.227952718919986,0.0519624420630141,10.1737066394976,-1.15417354406992,0,0.0518347702151934,-0.0136208083303531,0.0273351565710559
compassFilter,1.68629574821462,0,0.976933279130712,0.220223830106324,0.0484985353466992,11.7006858237214,-1.86754098240473,0,0.0483793743261914,-0.0198728663689079,0.0273862023784837
fullSystem,1.69735947960195,0.379479329224024,1.00167611703198,0.165230705785619,0.0273011861344139,8.55976800509407,-0.0138283949666418,0,0.0272341070530026,-6.21500504876438e-05,0.00634875071467098
gyroFilter,1,-0.0237688058617556,0.0247428379012723,0.118706582328306,0.014091252688067,53.8185806422486,7.02809111771761,0,0.0140566304455902,0.0117127594533469,0.0106339519681438
gyroSystem,2.00387408140234,1,1.4853777648286,0.286653934035288,0.0821704778979074,1.90223996198634,0.171929891673527,0,0.0819685848318192,0.00403480495302244,0.0127808628748556
input,1,1,1,0,0,NaN,NaN,0,0,0,0
error,0.697359479601947,-0.620520670775976,0.00167611703198496,0.165230705785619,0.0273011861344139,8.55976800509408,-0.0138283949666493,0,0.0272341070530026,-6.21500504876776e-05,0.00634875071467098
