signalsNamesOrdered,maxSignals,minSignals,meanSignals,standardDeviationSignals,varianceSignals,kurtosisSignals,skewnessSignals,firstMomentSignals,secondMomentSignals,thirdMomentSignals,fourthMomentSignals
compassSystem,1.81005505517698,0,0.994959182822127,0.208016490630681,0.0432708603743041,10.6386853779497,-0.651923192443392,0,0.0432424114194229,-0.00586220886932327,0.0198933431668502
compassFilter,1.81021503156803,0,0.994709024405629,0.208559938003513,0.0434972477400292,10.649548523092,-0.670797207118058,0,0.0434686499440134,-0.00607932657378379,0.0201225724964827
fullSystem,1.8115125351797,0.0114225731888178,0.997441914101608,0.201275436926083,0.0405118015097856,10.2169787198352,-0.388137216249692,0,0.0404851665318041,-0.00316176204567384,0.0167461257817289
gyroFilter,1,-0.00255444066895527,0.00273288969598079,0.0450781201652087,0.00203203691762899,411.337086109663,19.8883626951014,0,0.00203070093017493,0.00181998573087191,0.00169624977365794
gyroSystem,2.00387408140234,1,1.48812587088212,0.282382100837447,0.0797396508733699,1.90798883419622,0.18273046755152,0,0.0796872250674045,0.00411049402313114,0.0121158318212484
input,1,1,1,0,0,NaN,NaN,0,0,0,0
error,0.811512535179702,-0.988577426811182,-0.00255808589839237,0.201275436926083,0.0405118015097856,10.2169787198352,-0.38813721624968,0,0.0404851665318041,-0.00316176204567375,0.0167461257817289
