signalsNamesOrdered,maxSignals,minSignals,meanSignals,standardDeviationSignals,varianceSignals,kurtosisSignals,skewnessSignals,firstMomentSignals,secondMomentSignals,thirdMomentSignals,fourthMomentSignals
compassSystem,1.81065861724449,0,0.99474366355557,0.206444438251904,0.0426193060851444,10.4219421542003,-0.596564247270863,0,0.0425949661045132,-0.00524438585742613,0.0189088541630124
compassFilter,1.81040519693108,0,0.99455700098109,0.206876789930569,0.0427980062119768,10.4281455379716,-0.610912707885632,0,0.0427735641753052,-0.00540433571355095,0.0190791034907171
fullSystem,1.81137925288048,0.00801942172872745,0.996850675774629,0.200725534434055,0.040290740173837,10.0074817237056,-0.363458437439533,0,0.0402677300423842,-0.00293690891640681,0.0162270323684539
gyroFilter,1,-0.00287455319540908,0.00229367479354044,0.0411443045602631,0.00169285379774769,489.738523949401,21.6979761891197,0,0.0016918870051733,0.00150999761181211,0.00140186753236071
gyroSystem,2.00387408140234,1,1.48645181902689,0.282463119414475,0.0797854138293558,1.90561988515887,0.193560865810693,0,0.0797398482018119,0.00435843589778897,0.0121167761650192
input,1,1,1,0,0,NaN,NaN,0,0,0,0
error,0.811379252880479,-0.991980578271273,-0.00314932422536955,0.200725534434055,0.040290740173837,10.0074817237056,-0.363458437439548,0,0.0402677300423842,-0.00293690891640693,0.016227032368454
