signalsNamesOrdered,maxSignals,minSignals,meanSignals,standardDeviationSignals,varianceSignals,kurtosisSignals,skewnessSignals,firstMomentSignals,secondMomentSignals,thirdMomentSignals,fourthMomentSignals
compassSystem,1.79079518787678,0,0.977066117346983,0.245577015653122,0.0603080706170939,9.77553068542375,-1.30559468677525,0,0.0602690615157892,-0.0193174598080326,0.0355082444507281
compassFilter,1.79085651474661,0,0.977010436792353,0.24564967271749,0.06034376170621,9.77417484899352,-1.30690521210505,0,0.0603047295188192,-0.0193540184543346,0.0355453546388622
fullSystem,1.79102445341021,0.000470133519960495,0.981636145282162,0.233898204102731,0.0547083698824826,9.82906881416531,-1.09421447607729,0,0.0546729828385741,-0.01398819278413,0.029380414125532
gyroFilter,1,-0.000320394487230313,0.00462570848981084,0.0579227187712678,0.00335504134985538,220.165245058374,14.410336387334,0,0.00335287120667954,0.00279768893870453,0.0024750416151508
gyroSystem,2.00387408140234,1,1.46045419263514,0.294885702613736,0.0869575776059967,1.86434962687254,0.245786014209412,0,0.0869013307899515,0.00629646520436814,0.0140792724969255
input,1,1,1,0,0,NaN,NaN,0,0,0,0
error,0.791024453410213,-0.999529866480039,-0.0183638547178369,0.233898204102731,0.0547083698824826,9.82906881416532,-1.0942144760773,0,0.0546729828385741,-0.0139881927841302,0.029380414125532
