signalsNamesOrdered,maxSignals,minSignals,meanSignals,standardDeviationSignals,varianceSignals,kurtosisSignals,skewnessSignals,firstMomentSignals,secondMomentSignals,thirdMomentSignals,fourthMomentSignals
compassSystem,1.8065139276326,0,0.982019099303691,0.234403198121169,0.0549448592894322,9.72851810180037,-1.19039924635129,0,0.0548127803007557,-0.0152762019352665,0.0292287575286911
compassFilter,1.803379540964,0,0.980375646274891,0.236308727376872,0.0558418146344767,9.81122596184258,-1.28663386092879,0,0.0557075795031439,-0.0169171192180519,0.0304475151718886
fullSystem,1.80909141537187,0.09733091770353,0.993456222260774,0.205872274710814,0.0423833934946048,9.10714053630527,-0.514658952818943,0,0.0422815103371658,-0.00447450781060763,0.0162810729824039
gyroFilter,1,-0.0116797047639456,0.0130805759858834,0.0992061799169988,0.00984186613372394,85.4027756552115,9.03437075302011,0,0.00981820780167172,0.00878913709401012,0.00823258882430623
gyroSystem,2.00387408140234,1,1.47874373376624,0.287486786157281,0.0826486522150424,1.904551665761,0.199682087607205,0,0.0824499775702947,0.0047274279785734,0.0129471399409374
input,1,1,1,0,0,NaN,NaN,0,0,0,0
error,0.809091415371865,-0.90266908229647,-0.00654377773922642,0.205872274710814,0.0423833934946047,9.10714053630528,-0.514658952818939,0,0.0422815103371658,-0.00447450781060759,0.0162810729824039
