signalsNamesOrdered,maxSignals,minSignals,meanSignals,standardDeviationSignals,varianceSignals,kurtosisSignals,skewnessSignals,firstMomentSignals,secondMomentSignals,thirdMomentSignals,fourthMomentSignals
compassSystem,1.78895927407269,0,0.981991690395287,0.239087181417083,0.0571626803179651,10.2087339382931,-1.22055369128137,0,0.0571272195981649,-0.0166656217028345,0.0333163994094502
compassFilter,1.78875169131779,0,0.981780458501475,0.239339277274941,0.057283289646491,10.2075164313757,-1.22998149700284,0,0.0572477541070081,-0.0168475307803122,0.0334531482137867
fullSystem,1.78942802108063,0.00426286844335996,0.987129833707556,0.225619566729679,0.0509041888912881,10.2087355152766,-0.935894166412452,0,0.0508726106103381,-0.0107387263932862,0.0264204373153482
gyroFilter,1,-0.00125093530646891,0.00534937520607949,0.062529800036355,0.00390997589258655,192.638214843448,13.5087044331633,0,0.00390755034922886,0.00329967049592758,0.00294138321886033
gyroSystem,2.00387408140234,1,1.45909443050629,0.291023655601462,0.0846947681196382,1.90309133191528,0.262854584911381,0,0.0846422279409039,0.00647285958677017,0.0136343300766295
input,1,1,1,0,0,NaN,NaN,0,0,0,0
error,0.789428021080632,-0.99573713155664,-0.0128701662924443,0.225619566729679,0.0509041888912881,10.2087355152766,-0.93589416641244,0,0.0508726106103382,-0.0107387263932861,0.0264204373153481
