signalsNamesOrdered,maxSignals,minSignals,meanSignals,standardDeviationSignals,varianceSignals,kurtosisSignals,skewnessSignals,firstMomentSignals,secondMomentSignals,thirdMomentSignals,fourthMomentSignals
compassSystem,1.78804545625613,0,0.972623143054482,0.243883123347443,0.0594789778537042,9.85431752222411,-1.41226328573921,0,0.0594397178023156,-0.0204658966819623,0.0348160926679722
compassFilter,1.78780457811095,0,0.972516827027976,0.24403966473391,0.0595553579634393,9.84922119621636,-1.41440162160685,0,0.0595160474961367,-0.0205363788792671,0.0348875164616498
fullSystem,1.78811908791825,0.00145045029734436,0.978168429125143,0.229268574443181,0.0525640792272084,9.84597355841087,-1.1443807112081,0,0.0525293834653422,-0.0137776130858587,0.0271683505476612
gyroFilter,1,-0.000594684129601175,0.00565160209716808,0.0624890658726011,0.00390488335363027,182.227928674259,13.0098165471479,0,0.0039023058728688,0.00317141542272907,0.00277496528065644
gyroSystem,2.00387408140235,1,1.45729030255055,0.292755163972799,0.0857055860327406,1.89433217040175,0.258293561160191,0,0.0856490146888246,0.00647436436195301,0.0138963542605727
input,1,1,1,0,0,NaN,NaN,0,0,0,0
error,0.788119087918249,-0.998549549702656,-0.0218315708748555,0.229268574443181,0.0525640792272084,9.84597355841089,-1.14438071120812,0,0.0525293834653423,-0.0137776130858589,0.0271683505476613
