signalsNamesOrdered,maxSignals,minSignals,meanSignals,standardDeviationSignals,varianceSignals,kurtosisSignals,skewnessSignals,firstMomentSignals,secondMomentSignals,thirdMomentSignals,fourthMomentSignals
compassSystem,1.79134993810633,0,0.979209195672668,0.244136318491731,0.0596025420066958,10.0901234478456,-1.31748796261772,0,0.0595633555885454,-0.0191520554517219,0.0357976726567251
compassFilter,1.79139832941669,0,0.979158923023141,0.244213120950198,0.0596400484442359,10.0887427023623,-1.31910535612458,0,0.0596008373670208,-0.0191936701011397,0.0358378352839634
fullSystem,1.79157045746401,0.000489407873146749,0.983872421854213,0.232113098082235,0.0538764903013331,10.1738894226542,-1.09464986811154,0,0.0538410685457109,-0.0136755793800354,0.0294926878283345
gyroFilter,1,-0.000330331298374231,0.0047134988310714,0.0584536958691083,0.00341683456075821,216.254342156263,14.2799842023887,0,0.00341458812120479,0.00284928055816196,0.0025213984800925
gyroSystem,2.00387408140234,1,1.45346096059048,0.290760459774088,0.0845416449680389,1.91849791984253,0.273651230028231,0,0.0844860620324913,0.00672008871172716,0.0136940360913337
input,1,1,1,0,0,NaN,NaN,0,0,0,0
error,0.791570457464009,-0.999510592126853,-0.0161275781457871,0.232113098082235,0.0538764903013331,10.1738894226542,-1.09464986811153,0,0.0538410685457109,-0.0136755793800353,0.0294926878283345
