signalsNamesOrdered,maxSignals,minSignals,meanSignals,standardDeviationSignals,varianceSignals,kurtosisSignals,skewnessSignals,firstMomentSignals,secondMomentSignals,thirdMomentSignals,fourthMomentSignals
compassSystem,1.78864529660963,0,0.975562527021008,0.243841835342394,0.0594588406631472,9.9718449266559,-1.39506070966041,0,0.0594198512594337,-0.0202064698866166,0.0352077795923093
compassFilter,1.78856520292969,0,0.975514550215391,0.24393052524642,0.0595021011469943,9.96987319828894,-1.39634073618612,0,0.0594630833757504,-0.0202470868555958,0.0352520587440973
fullSystem,1.7887435186674,0.000516122323229261,0.980230962712619,0.231880734340711,0.0537686749583873,10.0475692882832,-1.18685831064228,0,0.0537334168108737,-0.0147831015878225,0.0290101466802938
gyroFilter,1,-0.000354539431178802,0.00471641249722902,0.058452498296973,0.00341669455715763,216.429654418775,14.2843174597556,0,0.00341445410171032,0.00284997737479871,0.0025232444362121
gyroSystem,2.00387408140234,1,1.45967611286496,0.2912211475285,0.0848097567678163,1.90581874441707,0.24927850248665,0,0.0847541438125587,0.00615072398636296,0.0136900008799546
input,1,1,1,0,0,NaN,NaN,0,0,0,0
error,0.788743518667398,-0.999483877676771,-0.019769037287381,0.231880734340711,0.0537686749583873,10.0475692882832,-1.18685831064228,0,0.0537334168108737,-0.0147831015878225,0.0290101466802938
