signalsNamesOrdered,maxSignals,minSignals,meanSignals,standardDeviationSignals,varianceSignals,kurtosisSignals,skewnessSignals,firstMomentSignals,secondMomentSignals,thirdMomentSignals,fourthMomentSignals
compassSystem,1.79367002242729,0,0.978319384918794,0.245883983398776,0.0604589332920494,9.692843163244,-1.31889705339809,0,0.0604199275286352,-0.0195875987072429,0.0353843796162011
compassFilter,1.79363542190747,0,0.978263254167632,0.245970040435073,0.0605012607916316,9.69122372481745,-1.32061320997433,0,0.0604622277201531,-0.019633686590023,0.0354280222523036
fullSystem,1.79382514779891,0.000571015352425916,0.982932109707793,0.23409615826766,0.0548010113156773,9.7226808746645,-1.10697429488429,0,0.0547656558245059,-0.0141873072872967,0.02916101368855
gyroFilter,1,-0.00036530789364031,0.00466885554016225,0.058110417983249,0.0033768206781879,219.341442435621,14.3774249818918,0,0.00337464208420198,0.00281853016707806,0.00249790623191169
gyroSystem,2.00387408140234,1,1.45538061129674,0.291034900037587,0.0847013130398885,1.90621021533404,0.2661480131476,0,0.0846466670314757,0.00655447667078469,0.0136581072096697
input,1,1,1,0,0,NaN,NaN,0,0,0,0
error,0.793825147798907,-0.999428984647574,-0.0170678902922063,0.23409615826766,0.0548010113156773,9.72268087466451,-1.1069742948843,0,0.0547656558245059,-0.0141873072872968,0.02916101368855
