signalsNamesOrdered,maxSignals,minSignals,meanSignals,standardDeviationSignals,varianceSignals,kurtosisSignals,skewnessSignals,firstMomentSignals,secondMomentSignals,thirdMomentSignals,fourthMomentSignals
compassSystem,1.78757473912206,0,0.974436919203213,0.242522944735955,0.0588173787233991,9.87842868034737,-1.35135012349503,0,0.0587793092226073,-0.0192577082314761,0.0341300421430445
compassFilter,1.78742873677274,0,0.974368224546093,0.242662989130437,0.0588853262937184,9.87613407793884,-1.353172778791,0,0.0588472128139167,-0.0193171076429623,0.034200997558283
fullSystem,1.78771935508256,0.00111811705581269,0.979286792643513,0.230130952217405,0.0529602551684896,9.91071328873588,-1.12364389950877,0,0.0529259766861799,-0.0136814466094627,0.0277614838062917
gyroFilter,1,-0.000546206657215942,0.0049185680974167,0.0597654722345554,0.00357191167141941,208.738241976936,14.0315356168417,0,0.00356959975447998,0.00299250226362736,0.00265975153127105
gyroSystem,2.00387408140234,1,1.45742271757,0.293675817464641,0.0862454857635253,1.88053233159068,0.252568639558593,0,0.0861896634426428,0.00639090265111094,0.013969831707964
input,1,1,1,0,0,NaN,NaN,0,0,0,0
error,0.787719355082561,-0.998881882944187,-0.0207132073564893,0.230130952217405,0.0529602551684896,9.91071328873584,-1.12364389950874,0,0.0529259766861799,-0.0136814466094624,0.0277614838062916
