signalsNamesOrdered,maxSignals,minSignals,meanSignals,standardDeviationSignals,varianceSignals,kurtosisSignals,skewnessSignals,firstMomentSignals,secondMomentSignals,thirdMomentSignals,fourthMomentSignals
compassSystem,1.78681025590567,0,0.982658091778115,0.242058079515672,0.0585921138588155,9.91636399305226,-1.17607037789692,0,0.0585544824433634,-0.016663780309122,0.0339995174358655
compassFilter,1.78663740064616,0,0.982481981447312,0.242319356267453,0.0587186704218728,9.91694781892813,-1.18296549016351,0,0.0586809577241066,-0.0168158128540644,0.0341485615626698
fullSystem,1.78725442832391,0.00365796327006371,0.987621643302565,0.229446372665226,0.0526456379292299,9.93779300742325,-0.917082894778514,0,0.0526118257019151,-0.0110670953621831,0.0275078528199356
gyroFilter,1,-0.00113996548999373,0.00513966185525366,0.061940204719872,0.00383658896073966,199.89434196025,13.7969710133296,0,0.00383412487020611,0.00327554168919361,0.00293854947662473
gyroSystem,2.00387408140234,1,1.4599543485222,0.291641494303998,0.0850547611998686,1.90736060315323,0.261710983920913,0,0.0850001338644802,0.00648561799081909,0.0137807237635483
input,1,1,1,0,0,NaN,NaN,0,0,0,0
error,0.787254428323908,-0.996342036729936,-0.0123783566974354,0.229446372665226,0.0526456379292299,9.93779300742325,-0.917082894778514,0,0.0526118257019151,-0.0110670953621831,0.0275078528199356
