signalsNamesOrdered,maxSignals,minSignals,meanSignals,standardDeviationSignals,varianceSignals,kurtosisSignals,skewnessSignals,firstMomentSignals,secondMomentSignals,thirdMomentSignals,fourthMomentSignals
compassSystem,1.78882868634499,0,0.978253376516186,0.240770568640762,0.0579704667235957,9.68466774835017,-1.20288982697336,0,0.0579343255348653,-0.0167737352879458,0.0325054839733048
compassFilter,1.78865358794535,0,0.978063760861172,0.241015019404718,0.0580882395786566,9.68356546721333,-1.21014428622823,0,0.0580520249654529,-0.0169263460144637,0.0326339797516467
fullSystem,1.7892577852709,0.0035644817157988,0.983050323210891,0.228528387653803,0.0522252239636466,9.64685925847799,-0.955659969151417,0,0.0521926645970858,-0.0113950857806085,0.026278760781161
gyroFilter,1,-0.00111023249302789,0.00498656234972038,0.0609102273009178,0.00371005578984948,206.312602519934,14.0100181839859,0,0.00370774278748673,0.00316302844194884,0.00283625291340969
gyroSystem,2.00387408140234,1,1.45086799345721,0.286970942794836,0.0823523220085571,1.93460991232658,0.279454606715966,0,0.0823009801619184,0.00659809834451707,0.0131039860945376
input,1,1,1,0,0,NaN,NaN,0,0,0,0
error,0.789257785270899,-0.996435518284201,-0.0169496767891092,0.228528387653803,0.0522252239636466,9.64685925847799,-0.955659969151416,0,0.0521926645970858,-0.0113950857806084,0.026278760781161
