signalsNamesOrdered,maxSignals,minSignals,meanSignals,standardDeviationSignals,varianceSignals,kurtosisSignals,skewnessSignals,firstMomentSignals,secondMomentSignals,thirdMomentSignals,fourthMomentSignals
compassSystem,1.79412308056087,0,0.98289089567024,0.245886966342454,0.0604604002170949,9.93749471574775,-1.24460359481668,0,0.0604212165487754,-0.0184848209835696,0.0362790445879195
compassFilter,1.79415639870777,0,0.982843844249208,0.245960139452351,0.06049639019942,9.93612510149518,-1.24564199596725,0,0.0604571832064197,-0.0185167645802848,0.0363172427233129
fullSystem,1.79430635144759,0.000391816458941707,0.987423182103662,0.234231878145317,0.0548645727394825,10.0022580775861,-1.02167750450269,0,0.0548290156605846,-0.0131168485698703,0.030068997863251
gyroFilter,1,-0.000290658933107535,0.00457933785445668,0.0576808655086189,0.00332708224582338,221.43452839592,14.4559321024606,0,0.0033249260032791,0.00277152676139956,0.00244798814610679
gyroSystem,2.00387408140234,1,1.45488371858349,0.294101966158713,0.0864959664984205,1.8672081528237,0.266257431315941,0,0.0864399094883761,0.00676664189143546,0.0139515140853847
input,1,1,1,0,0,NaN,NaN,0,0,0,0
error,0.794306351447592,-0.999608183541058,-0.0125768178963368,0.234231878145317,0.0548645727394825,10.0022580775861,-1.02167750450271,0,0.0548290156605846,-0.0131168485698705,0.0300689978632511
