signalsNamesOrdered,maxSignals,minSignals,meanSignals,standardDeviationSignals,varianceSignals,kurtosisSignals,skewnessSignals,firstMomentSignals,secondMomentSignals,thirdMomentSignals,fourthMomentSignals
compassSystem,1.80651381719495,0,0.987588514554919,0.220809921734414,0.0487570215363581,10.6677184456362,-1.06368202057397,0,0.0486366338288609,-0.0114092496369868,0.0252347242752782
compassFilter,1.49890858664712,0,0.976214152234848,0.191998263028556,0.0368633330059827,16.2206523962901,-2.86538004750661,0,0.0367723124306593,-0.0202052228375866,0.0219336142076934
fullSystem,1.54247026180988,0.541525318273095,1.00971890536915,0.123480404205436,0.0152474102227379,8.71299473064089,0.170603964499229,0,0.015209762296262,0.000320016786074927,0.00201563692154788
gyroFilter,1,-0.0307641202062259,0.0335047531343024,0.126897323900479,0.0161029308131031,45.4642096638589,6.42281271607963,0,0.0160631704901078,0.0130759171992545,0.011730922984387
gyroSystem,2.00387408140234,1,1.48766491326615,0.285499739845961,0.0815101014521113,1.9025065174426,0.171983733522379,0,0.081308841942353,0.0039874388507237,0.0125777136853033
input,1,1,1,0,0,NaN,NaN,0,0,0,0
error,0.542470261809875,-0.458474681726905,0.0097189053691499,0.123480404205436,0.0152474102227379,8.71299473064089,0.170603964499243,0,0.015209762296262,0.000320016786074953,0.00201563692154789
