signalsNamesOrdered,maxSignals,minSignals,meanSignals,standardDeviationSignals,varianceSignals,kurtosisSignals,skewnessSignals,firstMomentSignals,secondMomentSignals,thirdMomentSignals,fourthMomentSignals
compassSystem,1.79409655733936,0,0.974871149245312,0.245321861332226,0.0601828156475079,9.78312831648681,-1.30579925666198,0,0.0601438118784558,-0.0192602908878552,0.0353882958798515
compassFilter,1.79405647941616,0,0.974796260105208,0.24543197205173,0.0602368529052013,9.78145433356219,-1.3082221407414,0,0.0601978141152433,-0.0193220222264207,0.0354458075214555
fullSystem,1.79431967593367,0.00115223484451685,0.980032187583681,0.231835047648119,0.0537474893180054,9.78148419475148,-1.04804315971524,0,0.0537126562076243,-0.0130465028167708,0.0282200654679032
gyroFilter,1,-0.000487390203401938,0.00523592747847324,0.060345383377292,0.00364156529495235,197.533986721249,13.5618872367582,0,0.0036392052396737,0.00297735042437452,0.00261610353219362
gyroSystem,2.00387408140234,1,1.45190417909683,0.292536373281051,0.0855775296924306,1.90254084618222,0.284813824290349,0,0.0855220679103876,0.00712325276782662,0.0139152295995813
input,1,1,1,0,0,NaN,NaN,0,0,0,0
error,0.794319675933671,-0.998847765155483,-0.0199678124163197,0.231835047648119,0.0537474893180055,9.78148419475145,-1.04804315971523,0,0.0537126562076244,-0.0130465028167707,0.0282200654679031
