signalsNamesOrdered,maxSignals,minSignals,meanSignals,standardDeviationSignals,varianceSignals,kurtosisSignals,skewnessSignals,firstMomentSignals,secondMomentSignals,thirdMomentSignals,fourthMomentSignals
compassSystem,1.78905698896532,0,0.980887583933906,0.236438604693306,0.0559032137893176,10.3084814567715,-1.41445847577682,0,0.0558684264751985,-0.0186784081858282,0.0321756681017158
compassFilter,1.78882302141392,0,0.980625974304758,0.236819335739982,0.0560833977803263,10.3044425972416,-1.42208427725635,0,0.0560484983417573,-0.0188699742253191,0.0323707280403317
fullSystem,1.78964589700296,0.00557509553296846,0.986524976097127,0.221385975833137,0.0490117502955901,10.2508587588739,-1.11154081590022,0,0.0489812513843919,-0.0120495333836535,0.0245934809211103
gyroFilter,1,-0.00151202958829666,0.00589900179237007,0.0651307026026042,0.00424200842150888,174.410502884101,12.8238843634923,0,0.00423936871496158,0.00353974012646501,0.00313454865491163
gyroSystem,2.00387408140235,1,1.45834948489389,0.291387190866501,0.0849064950010704,1.89614949704689,0.281249768981372,0,0.0848536595965893,0.00695181234783689,0.013652548565184
input,1,1,1,0,0,NaN,NaN,0,0,0,0
error,0.789645897002956,-0.994424904467032,-0.0134750239028731,0.221385975833137,0.0490117502955901,10.2508587588739,-1.11154081590022,0,0.0489812513843919,-0.0120495333836535,0.0245934809211104
