signalsNamesOrdered,maxSignals,minSignals,meanSignals,standardDeviationSignals,varianceSignals,kurtosisSignals,skewnessSignals,firstMomentSignals,secondMomentSignals,thirdMomentSignals,fourthMomentSignals
compassSystem,1.80651391842193,0,0.98112044584492,0.232635068287584,0.0541190749971691,10.0554791881403,-1.230661102188,0,0.0539864302055093,-0.0154370883847576,0.0293070424793287
compassFilter,1.79977057311847,0,0.97928302328421,0.235068001628682,0.055256965389702,10.1181113066738,-1.33471369774191,0,0.0551215316510017,-0.017273089869374,0.0307426999315406
fullSystem,1.80614227072797,0.113540015113367,0.993386972475882,0.202214548771544,0.0408907237348793,9.3805475411873,-0.476362844081528,0,0.040790501372784,-0.00392442871403796,0.015607964755659
gyroFilter,1,-0.0134950153098854,0.0141039491916732,0.101839738941399,0.0103713324276523,80.4696449499008,8.75502074950328,0,0.0103459124952316,0.00921319749842844,0.00861330224041901
gyroSystem,2.00387408140234,1,1.48420847865171,0.287273972987382,0.0825263355559553,1.90263657226485,0.171362870088991,0,0.0823240651256711,0.00404768715607676,0.0128946469416109
input,1,1,1,0,0,NaN,NaN,0,0,0,0
error,0.806142270727969,-0.886459984886633,-0.00661302752411786,0.202214548771544,0.0408907237348793,9.3805475411873,-0.476362844081528,0,0.040790501372784,-0.00392442871403796,0.015607964755659
