signalsNamesOrdered,maxSignals,minSignals,meanSignals,standardDeviationSignals,varianceSignals,kurtosisSignals,skewnessSignals,firstMomentSignals,secondMomentSignals,thirdMomentSignals,fourthMomentSignals
compassSystem,1.79311177507623,0,0.978032149247524,0.250270460580917,0.0626353034393844,9.30399172520884,-1.1931098707654,0,0.0625947627899091,-0.0186847562053242,0.0364540102529622
compassFilter,1.79297045931798,0,0.977971466192036,0.250367283615046,0.0626837767047769,9.30218867959143,-1.1945718583611,0,0.0626432046810198,-0.018729372625264,0.0365033799153696
fullSystem,1.79316828473151,0.000609401073539666,0.982671903404175,0.238632193162732,0.0569453236136554,9.31751774525804,-0.977978262062001,0,0.0569084657990187,-0.0132768337768378,0.0301754658654772
gyroFilter,1,-0.000390235337564437,0.00470043721213982,0.0582762398921804,0.00339612013597096,218.285809206153,14.3402379678706,0,0.00339392199996062,0.0028353661079242,0.00251437017848867
gyroSystem,2.00387408140234,1,1.45145286609254,0.293271512161752,0.0860081798456404,1.89688280419327,0.279833874500481,0,0.0859525111208212,0.00705160763714865,0.0140138555934631
input,1,1,1,0,0,NaN,NaN,0,0,0,0
error,0.793168284731512,-0.99939059892646,-0.0173280965958246,0.238632193162732,0.0569453236136554,9.31751774525803,-0.977978262062001,0,0.0569084657990187,-0.0132768337768378,0.0301754658654772
