signalsNamesOrdered,maxSignals,minSignals,meanSignals,standardDeviationSignals,varianceSignals,kurtosisSignals,skewnessSignals,firstMomentSignals,secondMomentSignals,thirdMomentSignals,fourthMomentSignals
compassSystem,1.7832210680909,0,0.977715929331828,0.232437431121371,0.0540271593863022,10.8596897071258,-1.42929155267008,0,0.0539936645571724,-0.0179322602492469,0.0316594251199908
compassFilter,1.78285335162964,0,0.977458064626322,0.232843385611923,0.0542160422232227,10.8525743060736,-1.43752381062089,0,0.05418243029376,-0.0181302072372622,0.0318602903974173
fullSystem,1.78371443192689,0.00594953044001508,0.983452935243536,0.216945192802325,0.047065216680038,10.8664180750874,-1.1010895967381,0,0.0470360379964174,-0.0112323016497468,0.0240407424104414
gyroFilter,1,-0.00159296918870067,0.00599487061721153,0.0656155704504386,0.00430540308553648,171.373271231638,12.7089003546382,0,0.00430273389577483,0.00358694490722986,0.0031727223092431
gyroSystem,2.00387408140234,1,1.45930660994161,0.287875726308491,0.0828724337976413,1.92212054626738,0.263032308652506,0,0.0828210559713563,0.00626931717432175,0.0131844539603729
input,1,1,1,0,0,NaN,NaN,0,0,0,0
error,0.783714431926886,-0.994050469559985,-0.0165470647564639,0.216945192802325,0.047065216680038,10.8664180750874,-1.10108959673809,0,0.0470360379964174,-0.0112323016497467,0.0240407424104414
