signalsNamesOrdered,maxSignals,minSignals,meanSignals,standardDeviationSignals,varianceSignals,kurtosisSignals,skewnessSignals,firstMomentSignals,secondMomentSignals,thirdMomentSignals,fourthMomentSignals
compassSystem,1.81022944346886,0,0.993561188304989,0.210160679694312,0.0441675112895751,10.3175574533637,-0.640636434563384,0,0.044135366084852,-0.00594007234395052,0.0200978852558742
compassFilter,1.8099484014898,0,0.993268202235948,0.21074200617143,0.0444121931651592,10.3303474160484,-0.658600385408881,0,0.0443798698804684,-0.00615745174995479,0.0203463718079902
fullSystem,1.81138529908733,0.0129397505458349,0.99633243486703,0.202625676513413,0.0410571647825184,9.8442120980486,-0.348361217687665,0,0.0410272832943215,-0.00289493582203802,0.0165701516325909
gyroFilter,1,-0.0028159248659605,0.00306423263107975,0.0479180146746454,0.00229613613035953,363.588772963365,18.6962095290103,0,0.00229446499780468,0.00205482916829108,0.00191413841055238
gyroSystem,2.00387408140234,1,1.48159201526591,0.28221637786291,0.0796460839340606,1.92193351981566,0.209631799135589,0,0.079588117351867,0.00470684079685394,0.0121740428068547
input,1,1,1,0,0,NaN,NaN,0,0,0,0
error,0.811385299087331,-0.987060249454165,-0.00366756513297005,0.202625676513413,0.0410571647825184,9.84421209804861,-0.348361217687668,0,0.0410272832943215,-0.00289493582203805,0.0165701516325909
