signalsNamesOrdered,maxSignals,minSignals,meanSignals,standardDeviationSignals,varianceSignals,kurtosisSignals,skewnessSignals,firstMomentSignals,secondMomentSignals,thirdMomentSignals,fourthMomentSignals
compassSystem,1.78742924373055,0,0.976932280414301,0.24846942505867,0.061737055188986,9.74878299461968,-1.31219042240502,0,0.0616967568500898,-0.0201089950324101,0.0371086430881624
compassFilter,1.7873560356475,0,0.976863753926167,0.248586339280244,0.0617951680767525,9.74579067902937,-1.31286820211761,0,0.061754831805162,-0.0201477959857896,0.0371671247841562
fullSystem,1.78757166347118,0.000710235736433136,0.982104495108348,0.235005219975431,0.0552274534157008,9.77795819164824,-1.06175751757279,0,0.055191404164124,-0.0137667843583465,0.0297845513612479
gyroFilter,1,-0.000417257745213506,0.00524074118218015,0.0600844743839598,0.00361014406199672,197.956820994119,13.5575482927022,0,0.00360778757109464,0.00293793780162184,0.00257663194570887
gyroSystem,2.00387408140234,1,1.45668190582026,0.292913144140047,0.0857981100100081,1.88986023668529,0.248199594003163,0,0.0857421060217509,0.00623149551255146,0.0138937020289524
input,1,1,1,0,0,NaN,NaN,0,0,0,0
error,0.787571663471181,-0.999289764263567,-0.017895504891653,0.235005219975431,0.0552274534157007,9.77795819164824,-1.06175751757278,0,0.0551914041641239,-0.0137667843583464,0.0297845513612479
