signalsNamesOrdered,maxSignals,minSignals,meanSignals,standardDeviationSignals,varianceSignals,kurtosisSignals,skewnessSignals,firstMomentSignals,secondMomentSignals,thirdMomentSignals,fourthMomentSignals
compassSystem,1.79300313204165,0,0.980845715143803,0.248328578008096,0.0616670826555231,9.54720080812569,-1.2412713871652,0,0.0616272460388206,-0.0189900402611644,0.0362594805891676
compassFilter,1.79299052702082,0,0.98080879585197,0.248398556903879,0.0617018430719295,9.54588595689741,-1.24240832644067,0,0.0616619840001776,-0.0190235075298527,0.0362953701707055
fullSystem,1.79313712114087,0.000377744623337887,0.985361590736654,0.236900633185446,0.0561219100036651,9.58388910016854,-1.03198703377699,0,0.0560856555398384,-0.0137073007363165,0.0301470888116896
gyroFilter,1,-0.000288475827711299,0.004552794884684,0.0575211995771973,0.00330868840079976,222.552121960223,14.4932197315348,0,0.00330655100519201,0.00275567322205458,0.00243322456382263
gyroSystem,2.00387408140234,1,1.45389093827293,0.292992325643632,0.0858445028860639,1.89503231030978,0.273784108434749,0,0.0857890477808404,0.00687948625606932,0.0139469843589253
input,1,1,1,0,0,NaN,NaN,0,0,0,0
error,0.793137121140869,-0.999622255376662,-0.014638409263347,0.236900633185446,0.0561219100036651,9.5838891001685,-1.03198703377698,0,0.0560856555398385,-0.0137073007363163,0.0301470888116895
