signalsNamesOrdered,maxSignals,minSignals,meanSignals,standardDeviationSignals,varianceSignals,kurtosisSignals,skewnessSignals,firstMomentSignals,secondMomentSignals,thirdMomentSignals,fourthMomentSignals
compassSystem,1.79068872649388,0,0.976424379583165,0.246229563196378,0.0606289977918789,9.83181218595778,-1.29504856353994,0,0.0605887928861813,-0.0193141012899698,0.0360926004620223
compassFilter,1.79059516671188,0,0.976375840756195,0.246311629974065,0.0606694190604807,9.82955526896523,-1.29620579344406,0,0.0606291873502284,-0.0193506954988161,0.0361324460804228
fullSystem,1.79075459799933,0.000430391357229976,0.981091641017147,0.234370479912306,0.0549295218543247,9.91224477559713,-1.08066065699082,0,0.0548930964419545,-0.0138984361020818,0.0298680917611691
gyroFilter,1,-0.000313784611741141,0.00471580026095291,0.0585043218746418,0.0034227556780117,215.468321870035,14.2568915886597,0,0.00342048594612972,0.00285204624201935,0.00252091991982225
gyroSystem,2.00387408140234,1,1.4571964368064,0.293013883274624,0.0858571357916753,1.89553290971048,0.251300582223109,0,0.0858002013514951,0.00631576490007309,0.0139542963838128
input,1,1,1,0,0,NaN,NaN,0,0,0,0
error,0.790754597999329,-0.99956960864277,-0.0189083589828539,0.234370479912306,0.0549295218543248,9.91224477559709,-1.0806606569908,0,0.0548930964419545,-0.0138984361020816,0.029868091761169
