signalsNamesOrdered,maxSignals,minSignals,meanSignals,standardDeviationSignals,varianceSignals,kurtosisSignals,skewnessSignals,firstMomentSignals,secondMomentSignals,thirdMomentSignals,fourthMomentSignals
compassSystem,1.79050180571252,0,0.975001276949481,0.242481926391896,0.0587974846267248,10.0546462445127,-1.41993396715944,0,0.0587591800764794,-0.0202246837290498,0.0347150863101951
compassFilter,1.7904436690928,0,0.974958580862314,0.242558900469452,0.0588348201969494,10.0521758743253,-1.42084105094487,0,0.0587964913238569,-0.0202568826311987,0.0347506473467079
fullSystem,1.79059219732667,0.000384962736053588,0.979557187807671,0.230766368356998,0.0532531167646779,10.1354867265267,-1.21744236921276,0,0.0532184241804664,-0.0149465661333401,0.0287057323204707
gyroFilter,1,-0.00029617559590922,0.00459860694535609,0.0577978663060262,0.00334059334952928,220.464100925298,14.4243532670714,0,0.00333841706721688,0.00278232102860334,0.00245707869127683
gyroSystem,2.00387408140234,1,1.4565823757534,0.290983335579688,0.0846713015850816,1.9000315532291,0.250759235827163,0,0.0846161411280229,0.00617215410956206,0.013604019462547
input,1,1,1,0,0,NaN,NaN,0,0,0,0
error,0.790592197326674,-0.999615037263946,-0.0204428121923288,0.230766368356999,0.0532531167646779,10.1354867265267,-1.21744236921277,0,0.0532184241804664,-0.0149465661333402,0.0287057323204707
