signalsNamesOrdered,maxSignals,minSignals,meanSignals,standardDeviationSignals,varianceSignals,kurtosisSignals,skewnessSignals,firstMomentSignals,secondMomentSignals,thirdMomentSignals,fourthMomentSignals
compassSystem,1.79290069258077,0,0.976455690628991,0.249708525717874,0.0623543478161941,9.30591660606884,-1.21233986594324,0,0.0623141192046998,-0.0188583667571726,0.0361353343799499
compassFilter,1.79290219179773,0,0.976411694384005,0.249784544440709,0.0623923186414528,9.30589546355582,-1.2141425926933,0,0.0623520655326518,-0.0189036628064689,0.0361792749743016
fullSystem,1.79309731227552,0.000598769307163444,0.981092113736632,0.238103584345908,0.056693316878369,9.32186407335766,-1.00089788128272,0,0.0566567405448991,-0.013497929296204,0.0299230554921287
gyroFilter,1,-0.000386952683188779,0.00468041935262411,0.0581640725124847,0.00338305933123758,219.083671451018,14.3672316392785,0,0.0033808767123142,0.00282434076747657,0.00250419808038167
gyroSystem,2.00387408140234,1,1.45147751644396,0.294142475150149,0.0865197956874562,1.8872758764369,0.281000473849726,0,0.086463976464432,0.00714430290336465,0.0141093107370872
input,1,1,1,0,0,NaN,NaN,0,0,0,0
error,0.793097312275518,-0.999401230692837,-0.0189078862633691,0.238103584345908,0.056693316878369,9.32186407335763,-1.0008978812827,0,0.0566567405448991,-0.0134979292962038,0.0299230554921286
