signalsNamesOrdered,maxSignals,minSignals,meanSignals,standardDeviationSignals,varianceSignals,kurtosisSignals,skewnessSignals,firstMomentSignals,secondMomentSignals,thirdMomentSignals,fourthMomentSignals
compassSystem,1.7922164702704,0,0.978686377433771,0.246868452664159,0.0609440329207961,9.8506957685242,-1.2588321934526,0,0.0609035116223116,-0.0189204448186468,0.0365385723909609
compassFilter,1.79208604246889,0,0.978621983277638,0.246956174267788,0.060987352008982,9.84856176631315,-1.26086894423175,0,0.0609468019079122,-0.018971266741608,0.0365826073913607
fullSystem,1.79227779453979,0.000581447375397536,0.983438243547889,0.23473710488555,0.0551015084100497,9.92355453210407,-1.03316209930689,0,0.0550648717688196,-0.0133499738305746,0.030089607660272
gyroFilter,1,-0.00036471880202904,0.00481626027025299,0.0590084454712028,0.00348199663692792,212.679305182732,14.1554669317634,0,0.00347968147958954,0.00290558401132495,0.00257515998987329
gyroSystem,2.00387408140234,1,1.45412215719926,0.291856356909065,0.0851801330682316,1.8786813585018,0.251664206784841,0,0.0851234973414575,0.0062502248281246,0.0136129435341072
input,1,1,1,0,0,NaN,NaN,0,0,0,0
error,0.792277794539788,-0.999418552624602,-0.0165617564521096,0.23473710488555,0.0551015084100498,9.92355453210408,-1.03316209930691,0,0.0550648717688197,-0.0133499738305749,0.0300896076602721
