signalsNamesOrdered,maxSignals,minSignals,meanSignals,standardDeviationSignals,varianceSignals,kurtosisSignals,skewnessSignals,firstMomentSignals,secondMomentSignals,thirdMomentSignals,fourthMomentSignals
compassSystem,1.80651390290652,0,0.983508187805466,0.227838360308042,0.0519103184278571,10.1723972261961,-1.15131637315297,0,0.0517827746479361,-0.0135666511204464,0.027276833035898
compassFilter,1.69448570591774,0,0.977219264507049,0.221097710322687,0.0488841975099349,11.5602872604129,-1.81997174873741,0,0.0487640889165444,-0.0195981383085097,0.027489627499452
fullSystem,1.70466956963936,0.370196785734722,1.00131414722923,0.167490360835492,0.0280530209728033,8.58984355893232,-0.0297778437879685,0,0.0279840946313468,-0.000139399154117175,0.00672678854407323
gyroFilter,1,-0.02325652277076,0.0240948827221824,0.117763689987609,0.0138682866794977,55.1210895934848,7.12017128733456,0,0.0138342122650518,0.011585695070377,0.0105493733784939
gyroSystem,2.00387408140234,1,1.48537806529053,0.286653453220072,0.0821702022429918,1.90223487093832,0.171935649960919,0,0.0819683098541884,0.00403491978315143,0.0127807429180676
input,1,1,1,0,0,NaN,NaN,0,0,0,0
error,0.704669569639359,-0.629803214265278,0.00131414722923017,0.167490360835492,0.0280530209728033,8.5898435589323,-0.0297778437879844,0,0.0279840946313468,-0.00013939915411725,0.00672678854407323
