signalsNamesOrdered,maxSignals,minSignals,meanSignals,standardDeviationSignals,varianceSignals,kurtosisSignals,skewnessSignals,firstMomentSignals,secondMomentSignals,thirdMomentSignals,fourthMomentSignals
compassSystem,1.78741869186928,0,0.971952069858689,0.247198297037019,0.0611069980580024,9.59432947325752,-1.37448445083385,0,0.0610674977360515,-0.0207422096060965,0.0357795503344646
compassFilter,1.78734120012817,0,0.971899113965533,0.247306162742508,0.061160338130424,9.59230549446118,-1.37566039638568,0,0.0611208033287883,-0.0207871435483156,0.0358344801866727
fullSystem,1.78755748635377,0.00071370090602799,0.977091955519782,0.233892420275458,0.0547056642623115,9.59527233949277,-1.13851596997275,0,0.0546703018419739,-0.0145534626077503,0.0286787520436988
gyroFilter,1,-0.000426375326189055,0.00519284155424709,0.0598013740983228,0.00357620434404756,199.866620528724,13.6230271490036,0,0.00357389264117487,0.00291062245489474,0.00255283810500753
gyroSystem,2.00387408140234,1,1.45514223241588,0.292307132000449,0.085443459418328,1.89289117413293,0.254179536075002,0,0.0853882277057111,0.00634216566344709,0.0138013524066987
input,1,1,1,0,0,NaN,NaN,0,0,0,0
error,0.787557486353771,-0.999286299093972,-0.0229080444802184,0.233892420275458,0.0547056642623115,9.59527233949276,-1.13851596997274,0,0.0546703018419739,-0.0145534626077502,0.0286787520436988
