signalsNamesOrdered,maxSignals,minSignals,meanSignals,standardDeviationSignals,varianceSignals,kurtosisSignals,skewnessSignals,firstMomentSignals,secondMomentSignals,thirdMomentSignals,fourthMomentSignals
compassSystem,1.80651381719495,0,0.990040844824672,0.197756069152131,0.0391074628865025,13.3449384376316,-1.22384182431161,0,0.0390300223659351,-0.00943677262823836,0.0203289138287595
compassFilter,1.13009306403172,0,0.966136655460169,0.16078512235056,0.0258518555692846,28.0696866548739,-4.94936932348305,0,0.0258006637760781,-0.0205114414220324,0.0186852676478223
fullSystem,1.2820100099281,0.765120626522753,1.02794792135372,0.0566468936554458,0.00320887056081138,9.39840486154819,-0.193805674697235,0,0.00320251636168106,-3.51239641369055e-05,9.63910839231513e-05
gyroFilter,1,-0.0355318722895104,0.0618112658935508,0.139757440092403,0.0195321420611817,30.4996055752576,5.12122637515331,0,0.0194934645521497,0.01393822665592,0.0115897025080072
gyroSystem,2.25540084428403,1,1.61547752673904,0.363998234723501,0.132494714881825,1.75167390163537,0.110332453709483,0,0.132232349109782,0.0053052987718488,0.0306287085942743
input,1,1,1,0,0,NaN,NaN,0,0,0,0
error,0.282010009928105,-0.234879373477247,0.0279479213537201,0.0566468936554458,0.00320887056081138,9.39840486154819,-0.193805674697235,0,0.00320251636168106,-3.51239641369055e-05,9.63910839231513e-05
