signalsNamesOrdered,maxSignals,minSignals,meanSignals,standardDeviationSignals,varianceSignals,kurtosisSignals,skewnessSignals,firstMomentSignals,secondMomentSignals,thirdMomentSignals,fourthMomentSignals
compassSystem,1.78985978583307,0,0.977181432124157,0.243887285272174,0.0594810079174308,9.71922325085226,-1.23917800544825,0,0.0594427564653939,-0.0179589981917744,0.0343423048015887
compassFilter,1.78978918848446,0,0.977023199610229,0.244105675207822,0.0595875806686667,9.71387961823032,-1.2429104163429,0,0.0595492606810984,-0.0180615238384045,0.0344465288570892
fullSystem,1.79021186064877,0.00211245375995721,0.98203539165247,0.231557404284731,0.0536188314790822,9.74188336809365,-1.00158475326614,0,0.05358434991543,-0.0124235197336156,0.0279716997760226
gyroFilter,1,-0.000783657567266616,0.00501219204224074,0.0607840009137481,0.00369469476708253,204.291541686264,13.9117516668923,0,0.00369231875758601,0.00312126466972525,0.00278515108406363
gyroSystem,2.00387408140235,1,1.44766954650365,0.286499107788804,0.082081738763781,1.93662374181243,0.282383795075363,0,0.0820289530796885,0.00663422999826131,0.0130310553437112
input,1,1,1,0,0,NaN,NaN,0,0,0,0
error,0.790211860648767,-0.997887546240043,-0.0179646083475289,0.23155740428473,0.0536188314790821,9.74188336809369,-1.00158475326616,0,0.05358434991543,-0.0124235197336158,0.0279716997760227
