signalsNamesOrdered,maxSignals,minSignals,meanSignals,standardDeviationSignals,varianceSignals,kurtosisSignals,skewnessSignals,firstMomentSignals,secondMomentSignals,thirdMomentSignals,fourthMomentSignals
compassSystem,1.78502132856853,0,0.980828777367294,0.216212066610231,0.0467476577478671,13.0151576153666,-1.68132496097044,0,0.0467213950187952,-0.0169795182038295,0.0284106411706284
compassFilter,1.78502257466987,0,0.980818263586397,0.21624043187084,0.0467599243756875,13.0140638016835,-1.68178865448274,0,0.0467336547552518,-0.0169908864374091,0.0284231641560719
fullSystem,1.78508221101684,8.59915713609e-05,0.984354253262406,0.205897068470225,0.0423936028046327,13.1503262816329,-1.45416689926554,0,0.0423697861738435,-0.0126823187156359,0.0236074497028759
gyroFilter,1,-0.000129103319002954,0.00353598967601085,0.0505438932090313,0.00255468514072596,281.485333547881,16.3016142291237,0,0.00255324992435477,0.00210315171785419,0.00183502686525467
gyroSystem,2.25540084428403,1,1.5991628770021,0.372446766630559,0.138716593973558,1.72383867937052,0.121478420880096,0,0.138638663302787,0.00627083944465557,0.0331333498391199
input,1,1,1,0,0,NaN,NaN,0,0,0,0
error,0.785082211016845,-0.999914008428639,-0.015645746737592,0.205897068470225,0.0423936028046326,13.1503262816329,-1.45416689926557,0,0.0423697861738435,-0.0126823187156362,0.023607449702876
