signalsNamesOrdered,maxSignals,minSignals,meanSignals,standardDeviationSignals,varianceSignals,kurtosisSignals,skewnessSignals,firstMomentSignals,secondMomentSignals,thirdMomentSignals,fourthMomentSignals
compassSystem,1.79149147502824,0,0.979969305565391,0.24064978652727,0.0579123197556208,9.82202554332929,-1.17756617330882,0,0.0578769210271638,-0.0163962091841193,0.0329012120775159
compassFilter,1.79141988595274,0,0.979714177154781,0.240991442248996,0.0580768752372514,9.81770029086904,-1.183940882363,0,0.0580413759247591,-0.0165552813650102,0.0330738816917748
fullSystem,1.79219397667786,0.00513763448521713,0.985374053000903,0.226506247353088,0.0513050800899783,9.73620020378476,-0.867275577665221,0,0.0512737200165737,-0.0100693018092492,0.0255964154658165
gyroFilter,1,-0.00143136114844955,0.00565987584612091,0.0638939026011772,0.00408243078960872,181.950044301709,13.1038507631932,0,0.00407993541626544,0.00341490692306302,0.00302871732995384
gyroSystem,2.00387408140234,1,1.44696611505812,0.284640469266204,0.081020196744085,1.96908129615347,0.30361542405595,0,0.0809706733964419,0.00699544678445404,0.0129097891499902
input,1,1,1,0,0,NaN,NaN,0,0,0,0
error,0.792193976677859,-0.994862365514783,-0.0146259469990953,0.226506247353088,0.0513050800899783,9.7362002037848,-0.867275577665243,0,0.0512737200165737,-0.0100693018092495,0.0255964154658166
