signalsNamesOrdered,maxSignals,minSignals,meanSignals,standardDeviationSignals,varianceSignals,kurtosisSignals,skewnessSignals,firstMomentSignals,secondMomentSignals,thirdMomentSignals,fourthMomentSignals
compassSystem,1.79123936260127,0,0.974713553452738,0.246440351607839,0.0607328469005951,9.5643948843849,-1.33690251356016,0,0.0606930742438167,-0.0199897997669459,0.035231876149359
compassFilter,1.79129239500119,0,0.974670835020233,0.246514406467007,0.0607693525957808,9.56330850511204,-1.33849022121824,0,0.0607295560321948,-0.0200315872010707,0.0352702370374384
fullSystem,1.79146350619348,0.00048470372614077,0.979362434880894,0.234677577704108,0.0550735654770679,9.60134544432941,-1.13322623580642,0,0.0550374989639853,-0.0146320324608122,0.0290836879260155
gyroFilter,1,-0.000327715339505152,0.0046915998606628,0.0583253520175443,0.00340184668797046,217.190486148695,14.3112977011533,0,0.00339961889053236,0.00283677157547324,0.00251015919264087
gyroSystem,2.00387408140234,1,1.45082844253623,0.291341837644796,0.0848800663622465,1.92118403598515,0.280655225689949,0,0.0848244802022189,0.00693353869343573,0.013823288854598
input,1,1,1,0,0,NaN,NaN,0,0,0,0
error,0.791463506193477,-0.999515296273859,-0.0206375651191066,0.234677577704108,0.0550735654770679,9.60134544432941,-1.13322623580641,0,0.0550374989639853,-0.0146320324608122,0.0290836879260155
