signalsNamesOrdered,maxSignals,minSignals,meanSignals,standardDeviationSignals,varianceSignals,kurtosisSignals,skewnessSignals,firstMomentSignals,secondMomentSignals,thirdMomentSignals,fourthMomentSignals
compassSystem,1.8106538412085,0,0.994408067777162,0.187955426135056,0.0353272422136106,13.2198076267163,-0.816687602699572,0,0.0353027604102747,-0.00541712629645266,0.01647564652806
compassFilter,1.80956171211648,0,0.994115322247532,0.188624100357567,0.0355790512357015,13.2346688364296,-0.846311087571194,0,0.0355543949285389,-0.00567374703543051,0.0167301433794149
fullSystem,1.81148868499298,0.0186251055003894,0.997307131114812,0.179531337945331,0.0322315013044405,12.5044238637478,-0.407193043743837,0,0.0322091648517001,-0.00235379993450988,0.0129724682058469
gyroFilter,1,-0.00360720957686289,0.00319180886728095,0.0481399379263878,0.00231745362355647,360.728696014114,18.6330809353791,0,0.00231584762658935,0.0020765846631051,0.00193464218884401
gyroSystem,2.25540084428404,1,1.60969349326861,0.359698338750191,0.129382894899647,1.76712974325641,0.141346772193542,0,0.12929323246382,0.00657127414022351,0.0295406483952659
input,1,1,1,0,0,NaN,NaN,0,0,0,0
error,0.811488684992975,-0.981374894499611,-0.00269286888518755,0.179531337945331,0.0322315013044406,12.5044238637477,-0.407193043743846,0,0.0322091648517001,-0.00235379993450993,0.0129724682058469
