signalsNamesOrdered,maxSignals,minSignals,meanSignals,standardDeviationSignals,varianceSignals,kurtosisSignals,skewnessSignals,firstMomentSignals,secondMomentSignals,thirdMomentSignals,fourthMomentSignals
compassSystem,1.78882058298533,0,0.979418669242172,0.241637498507102,0.0583886806847696,10.0105809877962,-1.32765778663933,0,0.0583509862492081,-0.0187136476571076,0.0340844025076069
compassFilter,1.78867890236247,0,0.979285120977915,0.241816504794822,0.0584752219911839,10.0077977023175,-1.33259104384274,0,0.0584374716864769,-0.0188249580380159,0.034176009641792
fullSystem,1.78909643011874,0.00207135267747234,0.98431770383384,0.229032159863985,0.0524557302519619,10.0505259723447,-1.09144716713762,0,0.0524218659974416,-0.0131000041095095,0.0276193683476418
gyroFilter,1,-0.000776260478778434,0.00503258285592446,0.0608456684292166,0.00370219536659817,203.688512478223,13.8884153790881,0,0.00369980531148739,0.00312551080306482,0.00278820229052728
gyroSystem,2.00387408140234,1,1.45504172688598,0.289383297500424,0.0837426928722191,1.92217343878077,0.269255860888305,0,0.0836886304494481,0.00651875796614702,0.0134624930856762
input,1,1,1,0,0,NaN,NaN,0,0,0,0
error,0.789096430118739,-0.997928647322528,-0.0156822961661602,0.229032159863985,0.0524557302519619,10.0505259723447,-1.09144716713762,0,0.0524218659974416,-0.0131000041095095,0.0276193683476418
