signalsNamesOrdered,maxSignals,minSignals,meanSignals,standardDeviationSignals,varianceSignals,kurtosisSignals,skewnessSignals,firstMomentSignals,secondMomentSignals,thirdMomentSignals,fourthMomentSignals
compassSystem,1.80651381719495,0,0.987588514554919,0.220809921734414,0.0487570215363581,10.6677184456362,-1.06368202057397,0,0.0486366338288609,-0.0114092496369868,0.0252347242752782
compassFilter,1.41491742742867,0,0.973616379776325,0.185887508254316,0.0345541657249984,18.2459832501953,-3.35021839063898,0,0.0344688467972823,-0.0214394306966975,0.0216780782354404
fullSystem,1.48095677255509,0.590242500006181,1.01224584486774,0.109119689301014,0.0119071065931497,8.68292756273074,0.158955608728436,0,0.0118777063299568,0.000205766528960883,0.00122498661877456
gyroFilter,1,-0.0325544792604973,0.0386294650914195,0.13164147103827,0.0173294768971198,40.6197754667248,6.03453044253363,0,0.0172866880652751,0.0137154851889812,0.0121383906157047
gyroSystem,2.00387408140234,1,1.48766491326615,0.285499739845961,0.0815101014521113,1.9025065174426,0.171983733522379,0,0.081308841942353,0.0039874388507237,0.0125777136853033
input,1,1,1,0,0,NaN,NaN,0,0,0,0
error,0.480956772555087,-0.409757499993819,0.0122458448677442,0.109119689301014,0.0119071065931497,8.68292756273074,0.15895560872844,0,0.0118777063299568,0.000205766528960888,0.00122498661877456
