signalsNamesOrdered,maxSignals,minSignals,meanSignals,standardDeviationSignals,varianceSignals,kurtosisSignals,skewnessSignals,firstMomentSignals,secondMomentSignals,thirdMomentSignals,fourthMomentSignals
compassSystem,1.80651381719495,0,0.990040844824672,0.197756069152131,0.0391074628865025,13.3449384376316,-1.22384182431161,0,0.0390300223659351,-0.00943677262823836,0.0203289138287595
compassFilter,1.07111722842588,0,0.959807313225762,0.16491749132073,0.0271977789435229,25.9521048343428,-4.76110654265749,0,0.027143921955516,-0.0212920166457512,0.019121316178505
fullSystem,1.23417798892035,0.809719373635311,1.0354220348146,0.0481217185877825,0.00231569979984173,8.22128003433752,-0.441865439305661,0,0.00231111425568363,-4.90932924397594e-05,4.3911904607471e-05
gyroFilter,1,-0.0347072257901528,0.0756147215888369,0.148206166166392,0.0219650676897403,25.3261003468719,4.62360000819305,0,0.0219215725061962,0.0150067902440829,0.0121705927920488
gyroSystem,2.25540084428403,1,1.61547752673904,0.363998234723501,0.132494714881825,1.75167390163537,0.110332453709483,0,0.132232349109782,0.0053052987718488,0.0306287085942743
input,1,1,1,0,0,NaN,NaN,0,0,0,0
error,0.234177988920354,-0.190280626364689,0.0354220348145995,0.0481217185877825,0.00231569979984173,8.22128003433756,-0.441865439305731,0,0.00231111425568363,-4.90932924397672e-05,4.39119046074712e-05
