signalsNamesOrdered,maxSignals,minSignals,meanSignals,standardDeviationSignals,varianceSignals,kurtosisSignals,skewnessSignals,firstMomentSignals,secondMomentSignals,thirdMomentSignals,fourthMomentSignals
compassSystem,1.79077277376536,0,0.980947561946026,0.244450233342388,0.0597559165811477,10.0478161335329,-1.30767499319444,0,0.0597168859367447,-0.0190829515393135,0.0358315820827917
compassFilter,1.79071628834831,0,0.980898109034639,0.244530315742916,0.0597950753173304,10.0462681754329,-1.30894201226713,0,0.0597560190956992,-0.0191202203627662,0.0358730317412514
fullSystem,1.7908834526933,0.000466598396275917,0.985568770152205,0.232530490193015,0.0540704288694041,10.1199174589704,-1.08511788098858,0,0.0540351118028662,-0.0136298476544818,0.0295480672696425
gyroFilter,1,-0.000324684326473701,0.00467066111756737,0.0581925509903154,0.00338637299076046,218.07508482633,14.3415552209451,0,0.0033841611207469,0.00282340251384876,0.00249751504754045
gyroSystem,2.00387408140233,1,1.45552460503362,0.291079793269515,0.0847274460498234,1.89919824829901,0.258403022849172,0,0.0846721048048529,0.00636660818728469,0.0136160460801096
input,1,1,1,0,0,NaN,NaN,0,0,0,0
error,0.7908834526933,-0.999533401603724,-0.0144312298477932,0.232530490193016,0.0540704288694041,10.1199174589704,-1.0851178809886,0,0.0540351118028663,-0.013629847654482,0.0295480672696426
