signalsNamesOrdered,maxSignals,minSignals,meanSignals,standardDeviationSignals,varianceSignals,kurtosisSignals,skewnessSignals,firstMomentSignals,secondMomentSignals,thirdMomentSignals,fourthMomentSignals
compassSystem,1.79184704938732,0,0.97852902223803,0.242421033948646,0.0587679577007308,10.1848900518803,-1.39753669130095,0,0.0587292691176493,-0.0198904730953666,0.0351289797903511
compassFilter,1.79175380783139,0,0.97845890794837,0.242524827162077,0.0588182917899953,10.183837610518,-1.39995451808505,0,0.0587795700705812,-0.0199504885078958,0.0351855444808294
fullSystem,1.79200007302423,0.00105220948575065,0.983745754561217,0.228533919862586,0.0522277525277587,10.2033125711814,-1.13373999565181,0,0.0521933695438695,-0.0135187479445928,0.0277953317418747
gyroFilter,1,-0.0004674715153552,0.00528684661284784,0.060664386592556,0.00368016780065108,195.458769272602,13.4932998912023,0,0.0036777450437053,0.00300947403760274,0.00264373790364304
gyroSystem,2.00387408140235,1,1.45681785759202,0.291698033093645,0.0850877425107014,1.89819442016004,0.259681710956918,0,0.0850317268803454,0.00643891752867275,0.0137246946402001
input,1,1,1,0,0,NaN,NaN,0,0,0,0
error,0.792000073024232,-0.998947790514249,-0.0162542454387825,0.228533919862586,0.0522277525277587,10.2033125711814,-1.13373999565182,0,0.0521933695438694,-0.0135187479445928,0.0277953317418747
