signalsNamesOrdered,maxSignals,minSignals,meanSignals,standardDeviationSignals,varianceSignals,kurtosisSignals,skewnessSignals,firstMomentSignals,secondMomentSignals,thirdMomentSignals,fourthMomentSignals
compassSystem,1.79487383504797,0,0.980863520747811,0.24595986617582,0.0604962557692272,9.93312852686975,-1.28336351141205,0,0.0604564031633186,-0.019077134663123,0.0363053531593785
compassFilter,1.79482366601749,0,0.980820371874339,0.24604165610805,0.0605364965403917,9.93118661791611,-1.28452982494853,0,0.0604966174254112,-0.0191135268540677,0.0363465611813399
fullSystem,1.794980587532,0.000419811554553211,0.985496786790735,0.234099856833496,0.0548027429694635,10.0087206176256,-1.06337365521598,0,0.0547666410307484,-0.0136288764558743,0.0300200061873421
gyroFilter,1,-0.000301778601687452,0.00467641491639675,0.0582715992540832,0.00339557927962847,217.13690915342,14.3128193925912,0,0.00339334240263266,0.00282921998478286,0.00250028214532345
gyroSystem,2.00387408140234,1,1.45914341032999,0.293279203189205,0.0860126910232952,1.89043190585342,0.24892887526228,0,0.0859560291715012,0.00627320953269425,0.013967340727292
input,1,1,1,0,0,NaN,NaN,0,0,0,0
error,0.794980587531998,-0.999580188445447,-0.014503213209265,0.234099856833496,0.0548027429694635,10.0087206176256,-1.06337365521597,0,0.0547666410307484,-0.0136288764558743,0.0300200061873421
