signalsNamesOrdered,maxSignals,minSignals,meanSignals,standardDeviationSignals,varianceSignals,kurtosisSignals,skewnessSignals,firstMomentSignals,secondMomentSignals,thirdMomentSignals,fourthMomentSignals
compassSystem,1.81064052192801,0,0.992298561867059,0.21084836526468,0.0444570331347879,10.6759756253296,-0.770788203531275,0,0.0444190356705701,-0.00721587079375723,0.0210642414999872
compassFilter,1.8095260151515,0,0.991926304265433,0.21155814293419,0.044756847841763,10.6920303826522,-0.796078262907489,0,0.0447185941256589,-0.00752814504432984,0.0213814162046618
fullSystem,1.81139528702186,0.0178840641798088,0.995736332315947,0.201626423234548,0.040653214546357,10.190037885478,-0.434647341994186,0,0.0406184682091379,-0.00355813433226066,0.0168121354946354
gyroFilter,1,-0.00346682823108724,0.00381002805051288,0.0532760391814213,0.00283833635086034,293.932457445059,16.8129647148986,0,0.00283591042235533,0.00253911905444657,0.00236391884611715
gyroSystem,2.00387408140234,1,1.48630560563852,0.282398162785463,0.079748722344605,1.92102724605854,0.192406530281718,0,0.0796805610434558,0.00432761266350082,0.0121965862485545
input,1,1,1,0,0,NaN,NaN,0,0,0,0
error,0.811395287021857,-0.982115935820191,-0.00426366768405381,0.201626423234548,0.040653214546357,10.190037885478,-0.434647341994167,0,0.0406184682091379,-0.0035581343322605,0.0168121354946354
