signalsNamesOrdered,maxSignals,minSignals,meanSignals,standardDeviationSignals,varianceSignals,kurtosisSignals,skewnessSignals,firstMomentSignals,secondMomentSignals,thirdMomentSignals,fourthMomentSignals
compassSystem,1.79057332756944,0,0.976249953638244,0.246291984474044,0.0606597416161626,9.70635129806454,-1.27249261542992,0,0.0606207572063836,-0.0189927261301718,0.0356696394155941
compassFilter,1.79053681028799,0,0.976154193775876,0.246460455644296,0.0607427561963941,9.70267272249312,-1.27540840845417,0,0.0607037184353424,-0.0190753369465263,0.0357537807150609
fullSystem,1.7908840738221,0.00167121986715176,0.981739518405677,0.231963091510768,0.0538068758232327,9.68808778677382,-0.99135058286274,0,0.0537722955688476,-0.0123613280477105,0.028012716090888
gyroFilter,1,-0.000643138275747912,0.00558532462980025,0.0621681117913383,0.00386487412370034,184.164368103337,13.0819561719438,0,0.00386239027143575,0.00314019719681486,0.00274737483703322
gyroSystem,2.00387408140233,1,1.46418095705629,0.294307658971693,0.0866169981293984,1.86864046863181,0.227663720104842,0,0.0865613316781584,0.0057980201686994,0.0140014691615073
input,1,1,1,0,0,NaN,NaN,0,0,0,0
error,0.790884073822097,-0.998328780132848,-0.0182604815943238,0.231963091510768,0.0538068758232328,9.68808778677377,-0.991350582862726,0,0.0537722955688477,-0.0123613280477103,0.028012716090888
