signalsNamesOrdered,maxSignals,minSignals,meanSignals,standardDeviationSignals,varianceSignals,kurtosisSignals,skewnessSignals,firstMomentSignals,secondMomentSignals,thirdMomentSignals,fourthMomentSignals
compassSystem,1.79007183084413,0,0.976956578490294,0.247294551889308,0.0611545953941334,9.70552444814911,-1.26211975617415,0,0.0611141224653484,-0.0190683421080341,0.0362495123177605
compassFilter,1.79003476111703,0,0.97688045978253,0.247456410409657,0.0612346750528328,9.70368731797766,-1.26422426096377,0,0.0611941491262591,-0.0191376660149909,0.0363376296943933
fullSystem,1.79037465729333,0.00162436452893062,0.982616805569581,0.232593513740676,0.0540997426342338,9.70072991049304,-0.972698628842382,0,0.0540639387013191,-0.0122275606798589,0.0283543553009207
gyroFilter,1,-0.000642892255824146,0.00573634578705124,0.0629770391166451,0.00396610745589944,179.330221034971,12.906693903076,0,0.0039634826329637,0.00322055299316981,0.00281713333663643
gyroSystem,2.00387408140234,1,1.4552500059759,0.292791062872096,0.0857266064977719,1.89436682325305,0.272014461379289,0,0.0856698714835444,0.00682078195885756,0.0139033773464946
input,1,1,1,0,0,NaN,NaN,0,0,0,0
error,0.790374657293327,-0.998375635471069,-0.0173831944304191,0.232593513740676,0.0540997426342339,9.70072991049304,-0.972698628842383,0,0.0540639387013191,-0.0122275606798589,0.0283543553009207
