signalsNamesOrdered,maxSignals,minSignals,meanSignals,standardDeviationSignals,varianceSignals,kurtosisSignals,skewnessSignals,firstMomentSignals,secondMomentSignals,thirdMomentSignals,fourthMomentSignals
compassSystem,39.9470621054359,0,18.8986197430045,11.794655174575,139.113890687128,1.79055523174551,0.0906253136247847,0,138.892371752913,148.343019115472,34541.7637928479
compassFilter,39.9221670717553,0,18.8739899021108,11.7942187522563,139.103595976073,1.7904303252385,0.0907389955723488,0,138.88209343471,148.512616263732,34534.2424341893
fullSystem,39.9652173519495,0,18.8985113871908,11.7927057401557,139.067908673901,1.79054320786906,0.0903971145394351,0,138.846462959452,147.89612636986,34518.7012408079
gyroFilter,0.0749782235269478,-0.0179046731713726,0.0245214850800367,0.0107563740630082,0.000115699582983355,5.67942525066844,-0.274116087712886,0,0.000115515347978605,-3.40325162731053e-07,7.57850897761385e-08
gyroSystem,40.9766705317887,0,19.4246628034863,12.069781195923,145.679618117456,1.7907986144269,0.0966093319521582,0,145.447644203256,169.464648887345,37884.3754975963
input,40,0,18.9570192294348,11.7859808359718,138.909344265894,1.78766634732078,0.0931901583438924,0,138.68815104254,152.20505876,34384.6953822281
error,0.238610901671823,-0.410031494480459,-0.0585078422439755,0.0847888594429449,0.00718915068563546,8.19595715126361,-0.740957177855542,0,0.00717770299346088,-0.000450579402762495,0.000422250960928058
