signalsNamesOrdered,maxSignals,minSignals,meanSignals,standardDeviationSignals,varianceSignals,kurtosisSignals,skewnessSignals,firstMomentSignals,secondMomentSignals,thirdMomentSignals,fourthMomentSignals
compassSystem,39.946682875848,0,16.270082293269,11.9007934178224,141.628883973685,1.91137310683208,0.388116901232484,0,141.499424299121,653.272782800531,38269.6787815946
compassFilter,39.9452029480643,0,16.2686247835795,11.9007611241894,141.628115335018,1.91136799966692,0.388126268101813,0,141.498656363048,653.283230762488,38269.1611385193
fullSystem,39.946406257225,0,16.2701415801011,11.900759619962,141.628079532118,1.91136656478968,0.388126611687515,0,141.498620592875,653.283561355844,38269.1130610948
gyroFilter,0.00203753529476813,0,0.00151679652168643,0.000168683162913289,2.84540094504311e-08,8.7960266554898,-0.867156710798418,0,2.84280003010248e-08,-4.15639732303242e-12,7.10851950667423e-15
gyroSystem,40.9766705317887,0,16.7402688408896,12.1709169731552,148.131219967437,1.91471217277209,0.39495061091133,0,147.995816658508,711.07752025147,41937.4845370245
input,40,0,16.3338763607227,11.8861738454703,141.281128684743,1.90993829752807,0.39204174561702,0,141.151986885214,657.450118368179,38053.3879442831
error,0.223599732523248,-0.410625074960279,-0.0637347806215253,0.0909611305486169,0.00827392727068253,8.03148556924018,-1.13896245764372,0,0.00826636426586472,-0.000856014690031105,0.000548813721826355
