signalsNamesOrdered,maxSignals,minSignals,meanSignals,standardDeviationSignals,varianceSignals,kurtosisSignals,skewnessSignals,firstMomentSignals,secondMomentSignals,thirdMomentSignals,fourthMomentSignals
compassSystem,39.9470621002886,0,19.7947481617238,11.6803816239203,136.431314880416,1.80147894018405,-0.00107423646137474,0,136.093613605959,-1.7055187866839,33366.0411445027
compassFilter,39.5742917708137,0,19.4291457764961,11.668136802291,136.145416436978,1.79688446409485,0.00243789408467196,0,135.808422831936,3.85837906179516,33141.6071627572
fullSystem,39.9363481387295,0,19.804462938675,11.6795205766973,136.411200901497,1.80034799880501,-0.000537450809708855,0,136.073549414117,-0.853098722228383,33335.2630799303
gyroFilter,0.419131236990808,0,0.375317162178881,0.0435672447409594,0.00189810481431865,53.089642344124,-6.70219607098749,0,0.00189340653507529,-0.000552182878636181,0.000190325747029991
gyroSystem,40.9766705317887,0,20.3405013591389,11.956388947408,142.9552366617,1.80129966249518,0.00444288149869146,0,142.601387066003,7.56572157100921,36629.7089067245
input,40,0,19.8516236244666,11.6741182747893,136.28503749377,1.79890867461384,0.000805913206323561,0,135.947698292053,1.27745632527954,33247.0283755703
error,0.15069540124513,-0.294830950240947,-0.0471606857915822,0.0567012410823617,0.0032150307402801,8.65875852886216,-0.877091381928655,0,0.00320707274339822,-0.000159297169834454,8.90580640128998e-05
