signalsNamesOrdered,maxSignals,minSignals,meanSignals,standardDeviationSignals,varianceSignals,kurtosisSignals,skewnessSignals,firstMomentSignals,secondMomentSignals,thirdMomentSignals,fourthMomentSignals
compassSystem,39.9466786247054,0,17.4672207421668,12.440775310417,154.772890324281,1.71027506730999,0.170047593484813,0,154.606109192466,326.896647354751,40880.7887367608
compassFilter,39.9456292585948,0,17.4661917136051,12.4407459535481,154.772159880725,1.71027019879102,0.170054157626506,0,154.605379536025,326.906951903668,40880.2864963078
fullSystem,39.9464827976049,0,17.4672661693384,12.4407459431353,154.772159621638,1.71026899015796,0.170054293837787,0,154.605379277218,326.907212931244,40880.2574696993
gyroFilter,0.00144730722720965,0,0.00107445573327023,0.000120497814232942,1.45197232349167e-08,9.41223316784563,-0.862046872678166,0,1.45040769814308e-08,-1.50579560381245e-12,1.98003501148316e-15
gyroSystem,40.9766705317887,0,17.9653721624792,12.7236104742117,161.890263499469,1.71124485543207,0.176598462589044,0,161.715812784491,363.174753329763,44752.482483147
input,40,0,17.5307468841988,12.4255643020935,154.394648225461,1.70775353812353,0.173583725680157,0,154.228274682114,332.471946395558,40621.2416640128
error,0.223661991994775,-0.41046523328713,-0.0634807148604114,0.0924944707948985,0.00855522712762832,7.77897249653729,-1.09525216598912,0,0.00854600813287873,-0.000865284797270957,0.000568131461006328
