signalsNamesOrdered,maxSignals,minSignals,meanSignals,standardDeviationSignals,varianceSignals,kurtosisSignals,skewnessSignals,firstMomentSignals,secondMomentSignals,thirdMomentSignals,fourthMomentSignals
compassSystem,39.9466795107387,0,16.9766344172375,12.4559163677285,155.149852559848,1.71960343603568,0.233794089751543,0,154.989075510563,451.112810082753,41307.6491612147
compassFilter,39.9434986718756,0,16.9735136502946,12.4558277235554,155.147644278891,1.71958838783156,0.233815628501161,0,154.986869517981,451.144737725184,41306.1118165604
fullSystem,39.9460821697784,0,16.9767674584277,12.4558318964004,155.147748231385,1.71958522530129,0.233815214293523,0,154.986973362751,451.14439193132,41306.0912016515
gyroFilter,0.00434395888676775,0,0.00325380813311934,0.000365043889858458,1.33257041522994e-07,10.8124485034634,-1.13929634215483,0,1.33118951324525e-07,-5.53345693824211e-11,1.91603671816457e-13
gyroSystem,40.9766705317887,0,17.4654619539987,12.7366192044312,162.221468758686,1.72142505223799,0.240533733482397,0,162.053363609714,496.207206073672,45206.8470842958
input,40,0,17.0427476413396,12.4381257989301,154.706973390011,1.71767129807914,0.23763156004458,0,154.546655282872,456.555453583169,41026.0098199055
error,0.225424661213814,-0.410513849215385,-0.0659801829119502,0.094515162610233,0.00893311596323879,7.45073271421067,-1.09115926187357,0,0.00892385884825098,-0.000919850358124216,0.000593341012623416
