signalsNamesOrdered,maxSignals,minSignals,meanSignals,standardDeviationSignals,varianceSignals,kurtosisSignals,skewnessSignals,firstMomentSignals,secondMomentSignals,thirdMomentSignals,fourthMomentSignals
compassSystem,39.9466827554337,0,16.2243195509142,11.8223913118375,139.768936330211,1.93840270360456,0.403832548784397,0,139.642904827659,666.39178028593,37799.1257805708
compassFilter,39.9447543645143,0,16.2224313257059,11.8223349717226,139.767604183614,1.93839649315852,0.403848226275702,0,139.641573882276,666.408123308722,37798.2841500099
fullSystem,39.9463217794913,0,16.2244045243946,11.8223371037107,139.767654593775,1.93839394156442,0.403848000241259,0,139.641624246982,666.408110850361,37798.2616599943
gyroFilter,0.00264882485326723,0,0.00197319868873087,0.000218479111633066,4.77331222199736e-08,9.12533876924955,-0.884411891058419,0,4.76900806309565e-08,-9.21078527855094e-12,2.07541575668467e-14
gyroSystem,40.9766705317887,0,16.6955460663984,12.0884777199466,146.131293585645,1.94214377019237,0.41104980812064,0,145.999525061222,725.139586089206,41398.467265237
input,40,0,16.2899989524529,11.8056072389558,139.372362280486,1.93724303888953,0.408214741599885,0,139.246688374011,670.758210084447,37562.4455488289
error,0.222118633985362,-0.410623441900062,-0.0655944280582454,0.0918059881593278,0.00842833946191063,7.67769394566113,-1.0621509236696,0,0.00842073951649862,-0.000820751303315733,0.000544416479085819
