signalsNamesOrdered,maxSignals,minSignals,meanSignals,standardDeviationSignals,varianceSignals,kurtosisSignals,skewnessSignals,firstMomentSignals,secondMomentSignals,thirdMomentSignals,fourthMomentSignals
compassSystem,39.9466784139697,0,17.5952519431591,12.4505699393155,155.016691813786,1.71217087567586,0.148055472350668,0,154.847828315079,285.28710539768,41054.1763181433
compassFilter,39.9450801070684,0,17.5936898765916,12.4505166936167,155.015365938029,1.71216180995604,0.148067432363225,0,154.846503883631,285.306490637938,41053.2566661256
fullSystem,39.946379544667,0,17.5953281791742,12.4505145114063,155.015311598738,1.71215999774743,0.148067925664177,0,154.846449603533,285.30729114601,41053.1844323128
gyroFilter,0.00219881249508802,0,0.00163830258263247,0.000184417362829552,3.40097637130065e-08,9.66588633837144,-0.942309010931728,0,3.39727160401166e-08,-5.9004990907032e-12,1.11558385940366e-14
gyroSystem,40.9766705317887,0,18.0998604910916,12.7293660086398,162.036758981914,1.71296620746689,0.155203351761559,0,161.860248351215,319.603406532379,44877.5562919023
input,40,0,17.662260732202,12.4309826289661,154.529329121657,1.70957262032542,0.15218933703962,0,154.360996519128,291.870757740483,40734.5291802158
error,0.22310257198541,-0.410700723191279,-0.0669325530278433,0.0938004423300841,0.00879852298131943,7.83029641786798,-1.21387795186879,0,0.00878893853362736,-0.00100018345003809,0.000604854696418697
