signalsNamesOrdered,maxSignals,minSignals,meanSignals,standardDeviationSignals,varianceSignals,kurtosisSignals,skewnessSignals,firstMomentSignals,secondMomentSignals,thirdMomentSignals,fourthMomentSignals
compassSystem,39.9466796726894,0,16.8374364527087,12.4419446163537,154.801985836413,1.72492788737692,0.256066074417226,0,154.643539586836,492.435910486845,41251.0024332148
compassFilter,39.9429669212336,0,16.8338285966261,12.4418015515017,154.798425846949,1.72491171857439,0.256096930194731,0,154.639983241169,492.478259848037,41248.7184990033
fullSystem,39.9459817460809,0,16.8376318634806,12.4418012842952,154.798419197889,1.72490905051988,0.256096587383401,0,154.639976598915,492.47756888658,41248.6511529081
gyroFilter,0.0050604906009184,0,0.00380326685449004,0.000424194719994715,1.79941160471394e-07,11.4813589167106,-1.24720834253161,0,1.79756983234474e-07,-9.50534016769547e-11,3.70992248382939e-13
gyroSystem,40.9766705317887,0,17.3204718123215,12.7253136952901,161.933608643539,1.726912637387,0.262372056034526,0,161.767862882389,539.828675846372,45191.3030257023
input,40,0,16.9012678940389,12.4269572688872,154.429266962748,1.7230546599534,0.259520562087537,0,154.271202206389,497.277797241203,41008.0182846789
error,0.223839267852131,-0.410521115941446,-0.063636030558302,0.0961021539491455,0.00923562399366525,7.12268909951746,-0.933183194073462,0,0.00922617094965946,-0.000826987899154489,0.000606299182542134
