signalsNamesOrdered,maxSignals,minSignals,meanSignals,standardDeviationSignals,varianceSignals,kurtosisSignals,skewnessSignals,firstMomentSignals,secondMomentSignals,thirdMomentSignals,fourthMomentSignals
compassSystem,39.9470621117141,0,19.8168683946846,11.5703083917308,133.872036279757,1.80487091030821,0.00512722962804937,0,133.803873328495,7.93571014056505,32313.4639601969
compassFilter,39.9440948333496,0,19.8105746289072,11.5705500737043,133.877629008099,1.80495938332621,0.00522299322080813,0,133.809463209215,8.0844355821743,32317.7480216057
fullSystem,39.949273579033,0,19.8168228762566,11.5699304216514,133.863289961854,1.80486296523701,0.00509877806678818,0,133.79513146391,7.89090063953343,32309.0995741244
gyroFilter,0.0535495146723974,-0.0408701097424071,0.00624824734946817,0.00938856689860035,8.81451884094942e-05,7.10207417408495,0.0313492713891771,0,8.81003079673305e-05,2.59234973119504e-08,5.51239153168355e-08
gyroSystem,40.9766705317887,0,20.3636548747467,11.8429504378617,140.255475073648,1.80418957488673,0.0110377886517905,0,140.184061898967,18.3201925390702,35455.1599081162
input,40,0,19.8740184301738,11.5634423120258,133.713198103548,1.80183446621062,0.00728482926649431,0,133.64511602712,11.2550911443588,32182.5961004678
error,0.237618359915446,-0.41153407224421,-0.0571955539171486,0.0779371616178407,0.00607420116104541,9.27864218510294,-0.696727973419132,0,0.00607110839059682,-0.000329583322577188,0.000341995506972342
