signalsNamesOrdered,maxSignals,minSignals,meanSignals,standardDeviationSignals,varianceSignals,kurtosisSignals,skewnessSignals,firstMomentSignals,secondMomentSignals,thirdMomentSignals,fourthMomentSignals
compassSystem,39.9466818534295,0,16.2638337238085,11.8282010128122,139.906339199491,1.93208491828812,0.401378721082286,0,139.779497550172,663.314601310715,37749.6700908136
compassFilter,39.9430632356204,0,16.2602947911824,11.8280864393926,139.903628817743,1.93206916204646,0.401411989901713,0,139.776789625705,663.350304114686,37747.8996307128
fullSystem,39.9460017364024,0,16.2639991088537,11.8280889154402,139.90368739156,1.93206543128022,0.401411485230951,0,139.776848146418,663.349886714317,37747.8583486464
gyroFilter,0.00493370558039175,0,0.00370431767122635,0.000410699134712794,1.68673779253838e-07,10.5619676783281,-1.1391045017664,0,1.68520856516527e-07,-7.88032365492921e-11,2.99952267742017e-13
gyroSystem,40.9766705317887,0,16.7368232396725,12.0937053364808,146.257708765625,1.93596252880782,0.408611838443949,0,146.12510884834,721.76898563889,41337.7317305696
input,40,0,16.3305900796479,11.810447295575,139.486665321555,1.93106338611909,0.405812164002829,0,139.360204156259,667.625969227479,37503.6966549893
error,0.220174569641007,-0.410532074813135,-0.0665909707942218,0.0858859070042081,0.00737638902193549,8.48494391096908,-1.30618846783359,0,0.0073697014525593,-0.000826381692719878,0.000460838511920803
