signalsNamesOrdered,maxSignals,minSignals,meanSignals,standardDeviationSignals,varianceSignals,kurtosisSignals,skewnessSignals,firstMomentSignals,secondMomentSignals,thirdMomentSignals,fourthMomentSignals
compassSystem,39.9466791029895,0,17.0881863412409,12.5118668453748,156.546811956388,1.70808668220235,0.207424369538436,0,156.382372027863,405.640652984211,41772.022099995
compassFilter,39.9427471795881,0,17.0843785194549,12.5116960056055,156.542536936684,1.70806785396858,0.207459555889851,0,156.378101498725,405.69284496636,41769.2802616686
fullSystem,39.945939722283,0,17.0884021246749,12.511700255453,156.542643282304,1.70806464914868,0.207458847855556,0,156.378207732637,405.691873789674,41769.2586416536
gyroFilter,0.00535106196426938,0,0.00402360521998165,0.000451988060010088,2.04293206391683e-07,11.654583993055,-1.27401694131503,0,2.0407861268749e-07,-1.17454982110127e-10,4.85391048332842e-13
gyroSystem,40.9766705317887,0,17.5813806987443,12.792433021116,163.64634259974,1.71012552578485,0.214025403517278,0,163.474445181043,447.342471309273,45701.213666394
input,40,0,17.1558546332554,12.4926716245722,156.066844319392,1.70645227009405,0.211144685105333,0,155.902908558552,411.018604371999,41476.5457751765
error,0.224398271298576,-0.410566794905429,-0.0674525085805625,0.095867139215984,0.00919050838145686,7.14306240023507,-0.965916609196033,0,0.00918085448609819,-0.000849697401165947,0.000602075080001509
