signalsNamesOrdered,maxSignals,minSignals,meanSignals,standardDeviationSignals,varianceSignals,kurtosisSignals,skewnessSignals,firstMomentSignals,secondMomentSignals,thirdMomentSignals,fourthMomentSignals
compassSystem,39.946679458825,0,17.0745962264547,12.4330910831473,154.581753881837,1.72006757935321,0.225325573711705,0,154.420563314703,432.382575523227,41016.2333217037
compassFilter,39.9436250367527,0,17.0716062159619,12.4329957858203,154.579384210225,1.72005127228835,0.225348697503885,0,154.418196114072,432.417004975449,41014.5869673874
fullSystem,39.9461060087135,0,17.0747328604284,12.4329975216046,154.579427372225,1.72004846410605,0.225348523220714,0,154.418239231065,432.41685165757,41014.5429106732
gyroFilter,0.00417225067689486,0,0.00312664446651383,0.000349405382421482,1.22084121265102e-07,10.8902511788904,-1.14026245688474,0,1.21956817697568e-07,-4.85639441145665e-11,1.61975773920507e-13
gyroSystem,40.9766705317887,0,17.565536119777,12.7134158453191,161.630942456012,1.72172260256241,0.232116195069376,0,161.462401327278,476.225398198529,44885.4925460714
input,40,0,17.1407678710757,12.4151347513011,154.135570892964,1.71803344832919,0.229215536524405,0,153.974845584421,437.944137597592,40731.5717804314
error,0.223270501930166,-0.410522588937403,-0.0660350106472181,0.0938231591436443,0.00880278519169361,7.62210392933007,-1.13593803355581,0,0.00879360606219236,-0.000936709985733784,0.000589398299348152
