signalsNamesOrdered,maxSignals,minSignals,meanSignals,standardDeviationSignals,varianceSignals,kurtosisSignals,skewnessSignals,firstMomentSignals,secondMomentSignals,thirdMomentSignals,fourthMomentSignals
compassSystem,39.9466801589592,0,16.5503193378739,12.3709233763517,153.039745183564,1.7533131779583,0.305456702251269,0,152.887769269777,577.442539736372,40983.116927906
compassFilter,39.9451891861173,0,16.5488544708435,12.3708862761461,153.038827257339,1.75330789449823,0.305465802209855,0,152.886852255097,577.454547149667,40982.5018015583
fullSystem,39.9464014631458,0,16.5503803459229,12.3708865762051,153.038834681331,1.75330610701572,0.305466158581591,0,152.886859671717,577.455262856095,40982.4639964058
gyroFilter,0.00205175579273131,0,0.00152587507936411,0.000169180650541101,2.862209251751e-08,9.41965300020221,-0.895134010014438,0,2.85936693869067e-08,-4.32805623724018e-12,7.70148878493672e-15
gyroSystem,40.9766705317887,0,17.0288187901006,12.6505898398035,160.037423294939,1.75598435161972,0.311913105418368,0,159.878498346284,630.548814244826,44884.9517236119
input,40,0,16.615623749946,12.3547167841031,152.639026815399,1.75180707776149,0.309062893877399,0,152.487448834451,581.966538541525,40733.7575258595
error,0.221385295586764,-0.410314507654801,-0.0652434040231448,0.095990110808326,0.0092141013729947,6.9961327094835,-1.00255830739257,0,0.00920495132197882,-0.000885404824886777,0.000592790221988982
