signalsNamesOrdered,maxSignals,minSignals,meanSignals,standardDeviationSignals,varianceSignals,kurtosisSignals,skewnessSignals,firstMomentSignals,secondMomentSignals,thirdMomentSignals,fourthMomentSignals
compassSystem,39.9466805819649,0,16.5861789424186,12.2920310736166,151.094027914757,1.76767401543232,0.315866872118309,0,150.94457783769,585.774356322318,40275.1542239975
compassFilter,39.9445231630538,0,16.5840661413267,12.2919672128073,151.09245796073,1.76766491835879,0.315882934121881,0,150.943009436535,585.795013029135,40274.109998387
fullSystem,39.9462764490361,0,16.5862770941025,12.2919652644226,151.092410061773,1.76766294460245,0.315883364905308,0,150.942961584956,585.79553334223,40274.0394935682
gyroFilter,0.00295865104112991,0,0.00221095277575172,0.000245322455798554,6.01831073190336e-08,9.86817990659841,-0.991995598973237,0,6.01235790229712e-08,-1.46243638382498e-11,3.56719383721401e-14
gyroSystem,40.9766705317887,0,17.0679048419233,12.5668612235888,157.926001012941,1.77038923254437,0.32296756509687,0,157.769793296806,640.02169275658,44067.3030951625
input,40,0,16.6542574899099,12.2723991551912,150.611781024338,1.76617735383492,0.320155559052282,0,150.462807947162,590.887483653755,39984.5890355613
error,0.221251882861312,-0.410602320930137,-0.0679803958074155,0.0926996106795725,0.00859321782014431,7.33461563083919,-1.21830579214668,0,0.00858471809925396,-0.000969048172440003,0.000540541990826268
