signalsNamesOrdered,maxSignals,minSignals,meanSignals,standardDeviationSignals,varianceSignals,kurtosisSignals,skewnessSignals,firstMomentSignals,secondMomentSignals,thirdMomentSignals,fourthMomentSignals
compassSystem,39.9466787049317,0,17.3355266847964,12.484105100191,155.852880152614,1.70705923187765,0.179127469902947,0,155.686192580258,347.96642272124,41376.0269596919
compassFilter,39.9446888591182,0,17.3335911672749,12.484029540754,155.850993574418,1.70705001936385,0.179143028800573,0,155.684308019793,347.990328202538,41374.8019739898
fullSystem,39.94630615113,0,17.3356299057098,12.4840283158316,155.850962990485,1.7070481210007,0.179143277213714,0,155.68427746857,347.990708318311,41374.7397235946
gyroFilter,0.00273194678020516,0,0.00203873843488499,0.000229777107980483,5.27975193518746e-08,9.79198011213781,-0.989599542983513,0,5.27410514167389e-08,-1.19862314952187e-11,2.72375530760405e-14
gyroSystem,40.9766705317887,0,17.8346065781373,12.7631982493909,162.899229553255,1.70836944896861,0.186194027223899,0,162.725005778332,386.497944816217,45236.6449766747
input,40,0,17.4029755783387,12.464294161365,155.358628941038,1.70480430537585,0.183231535553878,0,155.192469979604,354.247006520489,41059.7049220711
error,0.222945277337385,-0.410610811597533,-0.0673456726289371,0.0960068210065989,0.00921730967979313,7.23986254466687,-1.12051658410049,0,0.0092074515945741,-0.000989982357724997,0.000613775020559479
