signalsNamesOrdered,maxSignals,minSignals,meanSignals,standardDeviationSignals,varianceSignals,kurtosisSignals,skewnessSignals,firstMomentSignals,secondMomentSignals,thirdMomentSignals,fourthMomentSignals
compassSystem,39.9466792035843,0,17.185526783679,12.4495140636996,154.990400422255,1.71436427445766,0.207188397240548,0,154.827080716857,399.149710496535,41095.7544963567
compassFilter,39.9441440564641,0,17.1830540984554,12.4494248110687,154.988178126452,1.71435133184053,0.207208404522642,0,154.824860762778,399.179669168626,41094.2657758344
fullSystem,39.9462038242376,0,17.1856494283304,12.4494254284858,154.988193499428,1.71434872746389,0.207208529308992,0,154.824876119555,399.179968955939,41094.2114991145
gyroFilter,0.00347339328156693,0,0.00259532987497689,0.000290206696262855,8.42199265558011e-08,10.4405725242139,-1.06148867941425,0,8.41311805847202e-08,-2.59030462960459e-11,7.38989522644706e-14
gyroSystem,40.9766705317887,0,17.6797527002321,12.7296074227465,162.042905137243,1.71593490529404,0.213972252697157,0,161.872153920027,440.672223994404,44961.946022275
input,40,0,17.2520591683301,12.4311804041058,154.534246239424,1.71227794138421,0.211055025008877,0,154.371407202291,404.805114861406,40804.4931819591
error,0.224230643139734,-0.41056181272672,-0.0664097399996873,0.0942458706128262,0.00888228412756958,7.52966035279672,-1.12999089342929,0,0.00887292450256687,-0.000944441631749813,0.000592801042875655
