signalsNamesOrdered,maxSignals,minSignals,meanSignals,standardDeviationSignals,varianceSignals,kurtosisSignals,skewnessSignals,firstMomentSignals,secondMomentSignals,thirdMomentSignals,fourthMomentSignals
compassSystem,39.9466815008244,0,16.5311578313488,12.2832631707319,150.878554121458,1.77341763051852,0.323082651037064,0,150.73019762773,597.880020382808,40291.3258567204
compassFilter,39.9453891711602,0,16.529890343587,12.2832289866909,150.877714339482,1.77341350122739,0.323090805910065,0,150.729358671499,597.890119596968,40290.7835244652
fullSystem,39.946440109769,0,16.53121373652,12.2832289290417,150.877712923247,1.77341215991696,0.323090923228577,0,150.729357256655,597.890328280438,40290.7522943879
gyroFilter,0.00178016984993334,0,0.00132339293301974,0.000146480336128598,2.1456488872347e-08,9.27130103402394,-0.873852357203556,0,2.14353910465138e-08,-2.74242764539111e-12,4.25994021486356e-15
gyroSystem,40.9766705317887,0,17.0081774893954,12.5620782820366,157.805810764016,1.77625917642774,0.32943374538104,0,157.650642808496,652.096249942839,44146.657415715
input,40,0,16.5955828248122,12.2680681221634,150.505495450041,1.77198724225277,0.326605353919298,0,150.357505778998,602.158704715188,40059.9881328787
error,0.22393122402739,-0.410305709853695,-0.0643690882921581,0.09353074283263,0.00874799985482357,7.10614177783328,-0.963049800873961,0,0.00873939808505482,-0.000786812098104244,0.000542746351162416
