signalsNamesOrdered,maxSignals,minSignals,meanSignals,standardDeviationSignals,varianceSignals,kurtosisSignals,skewnessSignals,firstMomentSignals,secondMomentSignals,thirdMomentSignals,fourthMomentSignals
compassSystem,39.9466784608793,0,17.2756088222891,12.5081790276911,156.454542588771,1.70659695202955,0.181653257595609,0,156.28774670115,354.920091716285,41685.0978323448
compassFilter,39.9452327921351,0,17.2741911255338,12.5081382854634,156.453523368276,1.70659018563753,0.181662508599049,0,156.286728567244,354.934698277721,41684.3894475828
fullSystem,39.9464082743613,0,17.2756741869639,12.5081349406146,156.453439692625,1.70658867865708,0.181663127173556,0,156.286644980799,354.935622112865,41684.3080509022
gyroFilter,0.0019896819138232,0,0.00148306143016131,0.000165702761086188,2.74574050315863e-08,9.65409664395092,-0.939060377507788,0,2.74281327447723e-08,-4.26567614679058e-12,7.26280071094185e-15
gyroSystem,40.9766705317887,0,17.7752424495972,12.7854020100186,163.466504557788,1.70795508582831,0.189047615132056,0,163.292233230967,394.475010090515,45541.5180571666
input,40,0,17.3449094211266,12.4861035550101,155.902781986436,1.70439179131353,0.186079214146167,0,155.736574329734,361.64610288524,41338.1149748013
error,0.220379971193266,-0.410502462814588,-0.069235234162686,0.0955905855579489,0.00913756004731155,7.20437246904639,-1.26819583588199,0,0.00912781851207987,-0.00110595337303809,0.000600247210997233
