signalsNamesOrdered,maxSignals,minSignals,meanSignals,standardDeviationSignals,varianceSignals,kurtosisSignals,skewnessSignals,firstMomentSignals,secondMomentSignals,thirdMomentSignals,fourthMomentSignals
compassSystem,39.9470621117143,0,19.9229238547665,11.5885336633841,134.294112467386,1.80268811347489,-0.00334526309049261,0,134.22679712279,-5.20222485609516,32478.7308102561
compassFilter,39.9606410201446,0,19.9188455957178,11.5912778453107,134.357722087191,1.80277523240572,-0.0029216272993772,0,134.290374858075,-4.54665648497235,32511.0768800859
fullSystem,39.9852853418448,0,19.9254580650461,11.5922100912049,134.379334798632,1.80249236620123,-0.0027428553559854,0,134.311976736076,-4.2694803302705,32516.4343267972
gyroFilter,0.0504469019133325,-0.0270407424413648,0.00661246932823335,0.00778774778783153,6.06490156068749e-05,7.28493326877941,0.698674927430782,0,6.06186150977987e-05,3.29749521315932e-07,2.67693359644484e-08
gyroSystem,40.9766705317886,0,20.4723024383437,11.8615174532531,140.695596293829,1.80196403588456,0.00253643603703683,0,140.625072185411,4.22978265999887,35634.5792855663
input,40,0,19.9802082741804,11.5815741943542,134.132860819331,1.79968733513248,-0.00122133432239365,0,134.065626302629,-1.89587947138381,32346.846169839
error,0.237629315333644,-0.411523491348375,-0.0547502091342921,0.0773967411970444,0.00599025554792226,9.48115072638977,-0.801497093394562,0,0.0059872529135624,-0.00037131573869019,0.000339872682151221
