signalsNamesOrdered,maxSignals,minSignals,meanSignals,standardDeviationSignals,varianceSignals,kurtosisSignals,skewnessSignals,firstMomentSignals,secondMomentSignals,thirdMomentSignals,fourthMomentSignals
compassSystem,39.9466837412541,0,16.3923743720454,11.6729031516772,136.256667988435,1.97392578523963,0.392154196603462,0,136.134901529106,622.889613575264,36582.1969311694
compassFilter,39.9452747737112,0,16.3909894457236,11.6728668148003,136.255819676067,1.97392020854351,0.392165459636637,0,136.134053974837,622.901686368488,36581.638072682
fullSystem,39.9464204544057,0,16.3924352382587,11.6728646963929,136.255770220297,1.97391883299755,0.392165558217864,0,136.134004563263,622.901503816305,36581.5860248915
gyroFilter,0.00194018021242925,0,0.00144579253508988,0.000157691661846399,2.48666602158791e-08,9.130175119568,-0.883519843366073,0,2.48444379994216e-08,-3.4598723308101e-12,5.63556498037016e-15
gyroSystem,40.9766705317887,0,16.8666364633265,11.9360125799806,142.468396309454,1.97728928341818,0.39967069227934,0,142.341078707748,678.730994485106,40061.8239398812
input,40,0,16.4574578586861,11.6563373639794,135.870200742903,1.97242512831423,0.396781488184842,0,135.74877965198,627.560070454609,36347.3200313377
error,0.222346866345775,-0.410353046368813,-0.0650226204274107,0.0872582286597866,0.0076139984688436,8.53568796528898,-1.29959884992451,0,0.00760719418066769,-0.000862275549656233,0.000493955169326617
