signalsNamesOrdered,maxSignals,minSignals,meanSignals,standardDeviationSignals,varianceSignals,kurtosisSignals,skewnessSignals,firstMomentSignals,secondMomentSignals,thirdMomentSignals,fourthMomentSignals
compassSystem,39.9466817930447,0,16.5771227940906,12.0502518200325,145.208568926196,1.83962468363009,0.345909631784532,0,145.068945302229,604.39983266268,38714.8994270374
compassFilter,39.945360407022,0,16.5758271470019,12.0502159551967,145.207704566877,1.83961982413307,0.345918913319334,0,145.068081774024,604.41065336704,38714.3362578067
fullSystem,39.946434948899,0,16.5771817078394,12.0502138332388,145.207653426779,1.83961859854636,0.345919432345288,0,145.068030683099,604.41124094312,38714.2831963832
gyroFilter,0.00182056665240893,0,0.00135456083743987,0.000149049844053139,2.22158560122651e-08,9.32302989980655,-0.884052726864479,0,2.21944946122533e-08,-2.92311605580278e-12,4.59248342427608e-15
gyroSystem,40.9766705317887,0,17.0562769329831,12.322234257182,151.837457088869,1.84242710387936,0.352852700181458,0,151.691459533976,659.227233365763,42394.7983535228
input,40,0,16.6423804888027,12.0337799402687,144.811859650813,1.83793239197891,0.35002136612186,0,144.672617478071,609.079614189978,38468.2305166227
error,0.222843277102062,-0.410410496990091,-0.0651987809633185,0.0900001918438621,0.00810003453193198,8.23385643537617,-1.16851673651963,0,0.00809224603718974,-0.000850625807934201,0.000539189526508239
