signalsNamesOrdered,maxSignals,minSignals,meanSignals,standardDeviationSignals,varianceSignals,kurtosisSignals,skewnessSignals,firstMomentSignals,secondMomentSignals,thirdMomentSignals,fourthMomentSignals
compassSystem,39.9466785258775,0,17.3226610029691,12.4983676046302,156.209192780471,1.70567181873653,0.177799297386887,0,156.04212412509,346.571479794395,41531.6495865011
compassFilter,39.9446926350097,0,17.3207252605079,12.4982965098468,156.207415648049,1.7056621788862,0.177814454006421,0,156.040348893345,346.595108806335,41530.4698956269
fullSystem,39.9463067138377,0,17.3227586739264,12.4982966003491,156.207417910297,1.70566007586191,0.177814645623691,0,156.040351153174,346.595489835098,41530.4198928647
gyroFilter,0.00272594268767179,0,0.00203341341848822,0.000227998220995508,5.19831887771163e-08,9.96374592827378,-0.984703169629033,0,5.19275917837718e-08,-1.16520572267389e-11,2.68669896942316e-14
gyroSystem,40.9766705317887,0,17.8192450039776,12.7805309138092,163.341970438833,1.70697279910236,0.184445666520762,0,163.167273144246,384.43067978603,45445.6910715324
input,40,0,17.3880463070704,12.481131360153,155.778640029395,1.70342204210033,0.181503113108651,0,155.61203185824,352.329362900874,41248.5426873077
error,0.223268080091511,-0.410610977278855,-0.0652876331440414,0.0981616469642201,0.00963570893472817,7.08852679242819,-0.940562203914575,0,0.00962540336367499,-0.000888210555624021,0.000656740594176794
