signalsNamesOrdered,maxSignals,minSignals,meanSignals,standardDeviationSignals,varianceSignals,kurtosisSignals,skewnessSignals,firstMomentSignals,secondMomentSignals,thirdMomentSignals,fourthMomentSignals
compassSystem,39.9466797707411,0,16.9658294582118,12.4427661912594,154.822430490349,1.72315256366711,0.237316714603243,0,154.662324564299,456.462523972723,41218.5582733144
compassFilter,39.9419913544914,0,16.9612399640449,12.4426222773333,154.818849136392,1.72313023435523,0.237350891904873,0,154.658746913914,456.512421150103,41216.1172570592
fullSystem,39.9457972854121,0,16.9660323264336,12.4426325251412,154.819104155701,1.72312575284276,0.237349689805569,0,154.659001669501,456.511237027423,41216.1458453336
gyroFilter,0.00636371478059417,0,0.00479236238865899,0.000535596432809502,2.86863538838264e-07,12.5002206918006,-1.36935275090198,0,2.86566885747428e-07,-2.10065312577209e-10,1.02652537342591e-12
gyroSystem,40.9766705317887,0,17.4536153276811,12.7236245067206,161.89062058802,1.72468322824832,0.244211118454383,0,161.723205261663,502.25462307024,45108.0466086262
input,40,0,17.0313117781012,12.4253296765627,154.388817571269,1.72093926779424,0.241302114046991,0,154.229160055684,462.179700552129,40935.352174821
error,0.222920794378539,-0.41016865381649,-0.0652794516676422,0.0968993968148224,0.00938949310307642,7.19837406907817,-1.07077431662483,0,0.00937978318259754,-0.00097271843148228,0.000633315344435076
