signalsNamesOrdered,maxSignals,minSignals,meanSignals,standardDeviationSignals,varianceSignals,kurtosisSignals,skewnessSignals,firstMomentSignals,secondMomentSignals,thirdMomentSignals,fourthMomentSignals
compassSystem,39.9466791085503,0,17.2583067037634,12.4815302535812,155.788597471064,1.70772120710344,0.190824740598361,0,155.623041044421,370.463586754662,41358.4988295032
compassFilter,39.9449686115037,0,17.2566427746946,12.4814664047761,155.787003613554,1.70771390294588,0.190837698088065,0,155.621448880702,370.483056547945,41357.4756721825
fullSystem,39.9463591400176,0,17.2583937776722,12.4814668206422,155.787013994793,1.70771195820853,0.190837881991739,0,155.621459250909,370.483450601693,41357.4340863667
gyroFilter,0.00235146890129201,0,0.00175100297766733,0.000197140772119261,3.88644840317783e-08,9.56171760651256,-0.934795084527432,0,3.88231827735086e-08,-7.15077519283858e-12,1.44117986619766e-14
gyroSystem,40.9766705317887,0,17.7561868967982,12.7600317655622,162.818410658157,1.70927580848378,0.197880576663192,0,162.645383654269,410.455216210869,45216.3631937611
input,40,0,17.3264416336633,12.4611560218226,155.280409400206,1.70566916175228,0.194933829476215,0,155.115393024648,376.590674124473,41039.7392433452
error,0.223606586116573,-0.410608785469364,-0.0680478559910882,0.0964442314625816,0.00930148978240801,7.0965137637181,-1.08700722003165,0,0.00929160509613553,-0.000973573051218637,0.000612669888901366
