signalsNamesOrdered,maxSignals,minSignals,meanSignals,standardDeviationSignals,varianceSignals,kurtosisSignals,skewnessSignals,firstMomentSignals,secondMomentSignals,thirdMomentSignals,fourthMomentSignals
compassSystem,39.946678710991,0,17.3301546556219,12.4903220812786,156.008145694075,1.70661109254537,0.178427938286075,0,155.841292062317,347.125619354639,41447.624483861
compassFilter,39.9453027276402,0,17.3288046283498,12.4902845764359,156.007208800354,1.70660504210251,0.178436326255274,0,155.840356170621,347.138810777111,41446.9797225849
fullSystem,39.9464216152576,0,17.3302148982388,12.4902828547413,156.007165791444,1.70660351695927,0.178436746923665,0,155.84031320771,347.139485614123,41446.9198299954
gyroFilter,0.0018948591827801,0,0.00141026988902243,0.00015818802844893,2.50234523445595e-08,9.51638958308953,-0.919105159359046,0,2.49966892939236e-08,-3.63236048084941e-12,5.94616829529704e-15
gyroSystem,40.9766705317887,0,17.8276936759771,12.7712389868126,163.104545258282,1.7078654367561,0.185272883267265,0,162.930101894369,385.31317035522,45337.3683752314
input,40,0,17.3960321347907,12.4724000058026,155.560761904745,1.70431643524839,0.182270921474692,0,155.394386758323,353.07777372814,41154.8369963375
error,0.223814789203233,-0.410468225025747,-0.065817236551925,0.0963274912795075,0.00927898557620359,7.22175849142704,-1.07362262810262,0,0.00926906152745899,-0.000958087786195312,0.000620461003223716
