signalsNamesOrdered,maxSignals,minSignals,meanSignals,standardDeviationSignals,varianceSignals,kurtosisSignals,skewnessSignals,firstMomentSignals,secondMomentSignals,thirdMomentSignals,fourthMomentSignals
compassSystem,39.9470621116893,0,19.9280036104886,11.6212703352115,135.053924204068,1.80125594687604,-0.00541812854572902,0,134.965883836268,-8.49542889126947,32811.2997037627
compassFilter,39.9418576435249,0,19.9226687145527,11.625142390531,135.14393560012,1.80121912301584,-0.00491050440456174,0,135.055836554748,-7.70719133913919,32854.3790776095
fullSystem,39.9592311076994,0,19.9327041053588,11.6264286502278,135.173843158837,1.80169404954579,-0.00462576381875039,0,135.085724617013,-7.26269222118432,32877.5886668394
gyroFilter,0.0496312863804675,-0.0271933365365911,0.0100353908060913,0.00870616588701546,7.57973244522318e-05,6.32198551371662,0.0724085204035238,0,7.57479128978301e-05,4.77359620812078e-08,3.6273949042942e-08
gyroSystem,40.9766705317887,0,20.4773470379087,11.8948957629745,141.488545212028,1.80030188249778,0.000507592923213809,0,141.396310176036,0.853439369638302,35993.2852680962
input,40,0,19.985184343494,11.6142665029389,134.891186401289,1.79808655164095,-0.00321761982258362,0,134.803252120714,-5.03599491915385,32674.6791838296
error,0.237690189861429,-0.411470529503414,-0.0524802381352223,0.0780689001928945,0.00609475317732812,9.39655279681593,-0.901663330520015,0,0.00609078006573925,-0.000428601596449837,0.000348589574035464
