signalsNamesOrdered,maxSignals,minSignals,meanSignals,standardDeviationSignals,varianceSignals,kurtosisSignals,skewnessSignals,firstMomentSignals,secondMomentSignals,thirdMomentSignals,fourthMomentSignals
compassSystem,39.9466785953956,0,17.420625386559,12.4470787177175,154.929768605056,1.70886006423526,0.175784550725807,0,154.76335639388,338.440955931509,40930.0975892852
compassFilter,39.9456715381747,0,17.4196422392682,12.4470447334088,154.928922595481,1.70885512750046,0.175791904306203,0,154.762511293015,338.452341655215,40929.5323427988
fullSystem,39.9464906960925,0,17.4206740085145,12.4470440115246,154.928904624831,1.70885404471863,0.175792093652975,0,154.762493341668,338.452647317611,40929.4969135595
gyroFilter,0.00138961285069428,0,0.00103176924622638,0.000115413626126624,1.33203050956961e-08,9.44181756689766,-0.86132888652905,0,1.33059975714257e-08,-1.32202653521704e-12,1.6716697531804e-15
gyroSystem,40.9766705317887,0,17.9185819165099,12.7292079476429,162.032734974334,1.71010646513826,0.182318806006633,0,161.858693368561,375.435653446588,44801.7738173363
input,40,0,17.4851988586289,12.4308614209329,154.526315666438,1.70657725335806,0.179349026584655,0,154.360336809654,343.955770673039,40662.8100487894
error,0.223150634231871,-0.41043606817354,-0.0645248501144071,0.0945145053715842,0.00893299172563522,7.45207499419367,-1.01372067384888,0,0.00892339667544657,-0.00085450302114032,0.000593386436873644
