signalsNamesOrdered,maxSignals,minSignals,meanSignals,standardDeviationSignals,varianceSignals,kurtosisSignals,skewnessSignals,firstMomentSignals,secondMomentSignals,thirdMomentSignals,fourthMomentSignals
compassSystem,39.946684746163,0,16.5075065238175,11.5014865709233,132.284193341129,2.01891347614377,0.363456107214857,0,132.169760647928,552.268313300401,35268.087854538
compassFilter,39.945036341318,0,16.5058908625717,11.501438849197,132.283095601817,2.0189073478166,0.363470258649361,0,132.168663858217,552.282941659546,35267.3954707209
fullSystem,39.9463764571316,0,16.5075809826201,11.5014377570222,132.283070478656,2.01890540970852,0.363470330747638,0,132.168638756789,552.282893876761,35267.3482188422
gyroFilter,0.00226629245692322,0,0.00169012004840875,0.000183768828925032,3.37709824844777e-08,9.17554808064751,-0.869125921219922,0,3.37417688318094e-08,-5.38684489891683e-12,1.04464253874097e-14
gyroSystem,40.9766705317887,0,16.9853418447964,11.7599016108877,138.29528589776,2.02222003454617,0.371103672337883,0,138.175653297503,602.757387602529,38609.2585860248
input,40,0,16.572690571628,11.4845469453935,131.894818540948,2.01738376813329,0.368267562003366,0,131.780722677158,557.11043613496,35034.207017778
error,0.225713156425371,-0.410660648646073,-0.065109589007951,0.0881666816319163,0.00777336374998368,8.43060089416142,-1.21560537931697,0,0.00776663938687816,-0.000832036396780877,0.000508539640842605
