signalsNamesOrdered,maxSignals,minSignals,meanSignals,standardDeviationSignals,varianceSignals,kurtosisSignals,skewnessSignals,firstMomentSignals,secondMomentSignals,thirdMomentSignals,fourthMomentSignals
compassSystem,39.9466812275879,0,16.3417133838458,12.2088809280648,149.056773515665,1.80798901642901,0.355569312790533,0,148.913724788683,646.13960607792,40092.6941902811
compassFilter,39.9435502323492,0,16.3386578769569,12.2087771658375,149.054239885074,1.80797810414236,0.355594718538997,0,148.911193589599,646.169297844558,40091.0892552631
fullSystem,39.9460933096196,0,16.3418635528097,12.2087776919626,149.054252731763,1.80797533136226,0.355594783360454,0,148.911206423959,646.169499173025,40091.0346808625
gyroFilter,0.00427717924097593,0,0.00320567585279857,0.000353895000290842,1.25241671230855e-07,10.7011906031685,-1.12423398745778,0,1.25121477688407e-07,-4.97570366873834e-11,1.67531250064565e-13
gyroSystem,40.9766705317887,0,16.8153734047755,12.484791747442,155.870024976997,1.81112384610093,0.362145814584158,0,155.720437620973,703.723240114391,43917.6789748882
input,40,0,16.4072611159906,12.1926119651191,148.659786531965,1.80665423446291,0.35934572257835,0,148.517118790571,650.395088122135,39849.9769088161
error,0.224161732350304,-0.410517308597871,-0.0653975631809732,0.0947646124778799,0.00898033177808274,7.20260037453444,-0.98275695716838,0,0.00897171341745119,-0.000835139866382633,0.000579749128258259
