signalsNamesOrdered,maxSignals,minSignals,meanSignals,standardDeviationSignals,varianceSignals,kurtosisSignals,skewnessSignals,firstMomentSignals,secondMomentSignals,thirdMomentSignals,fourthMomentSignals
compassSystem,39.9466790153219,0,17.1532708846036,12.4430976607453,154.830679394846,1.71609707701814,0.21288278360836,0,154.668042126574,409.488229143596,41052.8230821986
compassFilter,39.9445849019722,0,17.1512242781772,12.4430280244102,154.828946416257,1.71608584050913,0.212899171926397,0,154.666310968341,409.512877255038,41051.6353046602
fullSystem,39.9462868131956,0,17.1533679955373,12.4430284454578,154.828956894471,1.71608344978924,0.212899455623208,0,154.666321435548,409.513464518997,41051.583671072
gyroFilter,0.0028728407800287,0,0.0021437173600898,0.000239705963443908,5.74589489105723e-08,9.99557070977507,-0.979970536612629,0,5.73985928718007e-08,-1.34761205488693e-11,3.29313919038572e-14
gyroSystem,40.9766705317887,0,17.6467429613045,12.7230264233306,161.875401368769,1.71769548841279,0.219693118602718,0,161.705364182457,451.755131100451,44915.3748564017
input,40,0,17.2198278382208,12.4247328864634,154.373987299965,1.71402024785741,0.216776367306334,0,154.21182975028,415.134158060286,40761.6098976061
error,0.224040782688836,-0.410640991900108,-0.0664598426835421,0.0938212863124971,0.00880243376533156,7.62547011039443,-1.15268492086491,0,0.00879318751137637,-0.00095045183500271,0.00058960246690759
