signalsNamesOrdered,maxSignals,minSignals,meanSignals,standardDeviationSignals,varianceSignals,kurtosisSignals,skewnessSignals,firstMomentSignals,secondMomentSignals,thirdMomentSignals,fourthMomentSignals
compassSystem,39.9466809000906,0,16.3953438626274,12.1518333385954,147.667053488999,1.82493022702097,0.352855479985637,0,147.525745303842,632.264201066335,39717.4995592658
compassFilter,39.9452331381456,0,16.393923166761,12.1517942148299,147.666102639572,1.82492459693858,0.352865979416054,0,147.524795364319,632.276907441711,39716.8655368467
fullSystem,39.9464103245164,0,16.3954089703228,12.1517908238564,147.66602022676,1.82492332493664,0.35286649820203,0,147.524713030371,632.277307705912,39716.7935214337
gyroFilter,0.00199310452619983,0,0.00148580356174013,0.000162585838429209,2.64341548577288e-08,9.51672352426307,-0.920792207113632,0,2.64088590157597e-08,-3.95171933815306e-12,6.63722787919783e-15
gyroSystem,40.9766705317887,0,16.8733552867578,12.4223874285137,154.315709424096,1.82801978847824,0.360323824910014,0,154.168038888762,689.738551905132,43447.9798729475
input,40,0,16.4638411396912,12.1316156273263,147.176097729188,1.82353951400953,0.357522299174478,0,147.035259358156,637.434217143899,39423.7708941508
error,0.220037640897222,-0.410550711424958,-0.0684321693684251,0.0923920513024782,0.00853629114387977,7.5678461463635,-1.26071078437111,0,0.00852812244422055,-0.000992877361921269,0.000550400916900443
