signalsNamesOrdered,maxSignals,minSignals,meanSignals,standardDeviationSignals,varianceSignals,kurtosisSignals,skewnessSignals,firstMomentSignals,secondMomentSignals,thirdMomentSignals,fourthMomentSignals
compassSystem,39.9466805102742,0,16.4757342848946,12.2870160503507,150.970763421577,1.77958266026768,0.32698949779325,0,150.823042518033,605.669006632816,40481.2170016398
compassFilter,39.9451939745186,0,16.4742702636609,12.2869836619322,150.969967508588,1.77957718394913,0.326997994900188,0,150.822247383824,605.679955750236,40480.6655996913
fullSystem,39.9464026497354,0,16.4757936516649,12.2869821607129,150.969930617676,1.77957574716332,0.326998375546254,0,150.822210529009,605.680438793973,40480.6131329872
gyroFilter,0.00204598830402958,0,0.00152338800399167,0.000168332446799862,2.83358126456284e-08,9.40542182522299,-0.905192924551558,0,2.83080868015525e-08,-4.31128694041874e-12,7.53701388422088e-15
gyroSystem,40.9766705317887,0,16.9525086346471,12.5645311224255,157.867442326398,1.7824453134286,0.33360485329797,0,157.712973204748,660.744396653091,44335.4430272217
input,40,0,16.5409371279907,12.2707299406391,150.570813276097,1.77811693392958,0.330775670539588,0,150.423483713205,610.248923766557,40233.8509666679
error,0.222321013231988,-0.410333967554274,-0.0651434763258188,0.0945370670964379,0.0089372570551964,7.22616388514977,-1.05981197774858,0,0.00892851218527938,-0.00089412341256733,0.000576057716093649
