signalsNamesOrdered,maxSignals,minSignals,meanSignals,standardDeviationSignals,varianceSignals,kurtosisSignals,skewnessSignals,firstMomentSignals,secondMomentSignals,thirdMomentSignals,fourthMomentSignals
compassSystem,39.9466808165685,0,16.5738568043905,12.2850485079208,150.922416841966,1.77021695206653,0.317894239467755,0,150.773431237976,588.531734794625,40241.6826846012
compassFilter,39.9453766781586,0,16.5725738474553,12.2850176739736,150.921659249845,1.77021218969271,0.317902227852654,0,150.772674393725,588.542092521565,40241.1704194212
fullSystem,39.9464372086262,0,16.573909446293,12.2850173022694,150.921650117058,1.77021076717728,0.317902469379272,0,150.772665269953,588.542486245071,40241.1332119743
gyroFilter,0.00179631227848276,0,0.00133559883766672,0.00014731102836657,2.17005390784162e-08,9.39875868381915,-0.86674272364262,0,2.1679117026019e-08,-2.76663960097586e-12,4.41726728237484e-15
gyroSystem,40.9766705317887,0,17.0520400135389,12.5635810962807,157.843569962823,1.77296089049311,0.324353102290063,0,157.687752026038,642.26609901515,44085.4298428977
input,40,0,16.6384490554197,12.2695230361635,150.541195534946,1.76871709708366,0.321509302256933,0,150.392586259986,592.970632063832,40004.7194951209
error,0.223612097160691,-0.410310169982494,-0.0645396091266929,0.092746330547102,0.0086018818299523,7.35122832360444,-0.98591493890001,0,0.00859339033752392,-0.000785391607196345,0.000542861434797924
