signalsNamesOrdered,maxSignals,minSignals,meanSignals,standardDeviationSignals,varianceSignals,kurtosisSignals,skewnessSignals,firstMomentSignals,secondMomentSignals,thirdMomentSignals,fourthMomentSignals
compassSystem,39.9466803045248,0,16.624208778666,12.2372503697385,149.750296611665,1.78758594212514,0.313448801724815,0,149.602759373624,573.556254433874,40007.9352512781
compassFilter,39.9424306180243,0,16.6200451520407,12.2371280848605,149.747303765281,1.78756766905745,0.313479791302784,0,149.599769475857,573.595764023914,40005.9271508385
fullSystem,39.9458808098256,0,16.6243920955855,12.2371317801821,149.747394205542,1.78756331002113,0.31348016702565,0,149.599859827014,573.596971147767,40005.8779184663
gyroFilter,0.00577447189689906,0,0.00434694354483492,0.000483029528432804,2.33317525338017e-07,11.8287062308845,-1.29516411864713,0,2.33087655854925e-07,-1.45748373038588e-10,6.42651898051446e-13
gyroSystem,40.9766705317887,0,17.1071286787457,12.5104855252672,156.512248077921,1.79037969216455,0.320631210620766,0,156.358048818731,626.882517219144,43770.9152334892
input,40,0,16.6922863178115,12.2176135697642,149.270081340086,1.78612611753965,0.317770289664152,0,149.123017220539,578.669127759127,39719.2907979793
error,0.222161834904327,-0.410211710346582,-0.06789422222593,0.0904218054508659,0.00817610290099425,7.85913936235922,-1.29655107159682,0,0.00816804762720017,-0.000957121386735991,0.000524338216872817
