signalsNamesOrdered,maxSignals,minSignals,meanSignals,standardDeviationSignals,varianceSignals,kurtosisSignals,skewnessSignals,firstMomentSignals,secondMomentSignals,thirdMomentSignals,fourthMomentSignals
compassSystem,39.9466836385096,0,16.3126973033945,11.7561256646852,138.206490643869,1.95473862395361,0.389583386039096,0,138.082649702432,632.133921870966,37270.6458714463
compassFilter,39.9439091341022,0,16.309981689998,11.7560413955309,138.204509293437,1.95472828976927,0.389607484923851,0,138.080670127403,632.159430116774,37269.3802088198
fullSystem,39.9461630774506,0,16.3128228579653,11.7560419333185,138.204521937943,1.95472567043485,0.389607329824003,0,138.08068276058,632.15926521437,37269.3370875159
gyroFilter,0.00379495730723178,0,0.0028411679673072,0.000312189520011697,9.7462296405134e-08,10.0045983730761,-1.01535623458926,0,9.73749645983193e-08,-3.08524323734446e-11,9.48624385440964e-14
gyroSystem,40.9766705317887,0,16.7840465451791,12.0229949400147,144.552407327619,1.95815768351405,0.39643820388327,0,144.42288008091,688.065055422292,40843.1908712496
input,40,0,16.3765661343701,11.741370648309,137.859784700973,1.95334899565929,0.39363262842261,0,137.736254427944,636.302300207728,37057.5224987377
error,0.224563826801249,-0.410541095232964,-0.0637432764047564,0.0901938349448157,0.00813492786205265,8.10295017240141,-1.0731018791785,0,0.00812763850016909,-0.000786298638588896,0.000535268795460359
