signalsNamesOrdered,maxSignals,minSignals,meanSignals,standardDeviationSignals,varianceSignals,kurtosisSignals,skewnessSignals,firstMomentSignals,secondMomentSignals,thirdMomentSignals,fourthMomentSignals
compassSystem,39.9466790869889,0,17.1228209422224,12.4334912423186,154.591704472813,1.71692547735497,0.219582223885448,0,154.429828342475,421.399447893243,40946.2206625422
compassFilter,39.9453471294575,0,17.1215093861079,12.4334601827752,154.590932116655,1.71691939486495,0.219590091611357,0,154.429056795067,421.41138867534,40945.6664631991
fullSystem,39.9464302545302,0,17.1228732481632,12.4334598586091,154.590924055644,1.71691780852334,0.219590381696855,0,154.429048742497,421.411912411947,40945.6243614462
gyroFilter,0.00183529607384614,0,0.00136386205525833,0.00015266691487387,2.33071868971056e-08,9.37732747840432,-0.872791966800488,0,2.32827814657997e-08,-3.10072344558757e-12,5.08333588026199e-15
gyroSystem,40.9766705317887,0,17.6147973005623,12.7140456540757,161.646956893922,1.71855620767424,0.226297331155062,0,161.477693064714,464.352979510902,44811.4310645223
input,40,0,17.1886089722206,12.4160753223263,154.158926409681,1.7148822345329,0.223346737190503,0,153.99750345009,426.825278898716,40668.8284478315
error,0.22391046181198,-0.410423041874277,-0.0657357240574051,0.0935855861848903,0.00875826194156954,7.65057640937057,-1.10140549951863,0,0.0087490909866569,-0.000901346216757781,0.000585625559333471
