signalsNamesOrdered,maxSignals,minSignals,meanSignals,standardDeviationSignals,varianceSignals,kurtosisSignals,skewnessSignals,firstMomentSignals,secondMomentSignals,thirdMomentSignals,fourthMomentSignals
compassSystem,39.9466789161415,0,17.1335526872749,12.4752731763263,155.632440823965,1.71029727080581,0.209698006519578,0,155.468789466632,406.498668520077,41338.8162891961
compassFilter,39.9450000361165,0,17.1319129244312,12.4752179597848,155.631063144138,1.71028971618172,0.209710108950882,0,155.467413235469,406.516731157256,41337.9018224856
fullSystem,39.9463648938258,0,17.1336308030772,12.4752192436101,155.63109517614,1.71028777430895,0.209710185511704,0,155.467445233788,406.517005072133,41337.8719035196
gyroFilter,0.00230819982012065,0,0.00171787864599652,0.00019315334430936,3.73082144178902e-08,9.5019360969367,-0.91541024888618,0,3.72689839085128e-08,-6.58623312879342e-12,1.3197972229371e-14
gyroSystem,40.9766705317887,0,17.6262908622164,12.7564766499814,162.727696521522,1.7120256265112,0.216301319897226,0,162.556584327493,448.297190765365,45239.6661726873
input,40,0,17.1996503305342,12.4576212162074,155.1923263665,1.70834596336717,0.213385076732046,0,155.029137800394,411.892648731744,41058.4442278436
error,0.223573860475146,-0.41063547703571,-0.0660195274569953,0.0976143212601977,0.00952855571508908,7.03288059546383,-0.948847814373832,0,0.00951853620329614,-0.000881153987021456,0.000637196785358935
