signalsNamesOrdered,maxSignals,minSignals,meanSignals,standardDeviationSignals,varianceSignals,kurtosisSignals,skewnessSignals,firstMomentSignals,secondMomentSignals,thirdMomentSignals,fourthMomentSignals
compassSystem,39.9466792959365,0,16.8397833686141,12.4610947825386,155.278883179411,1.71916075310226,0.253249579001988,0,155.119622786407,489.270286807343,41366.6134416694
compassFilter,39.944589563012,0,16.8377403682847,12.4610293489021,155.277252434199,1.71915230081192,0.253264283246826,0,155.117993713753,489.290987017421,41365.5412029215
fullSystem,39.9462879241445,0,16.839879058847,12.4610306687266,155.277285326945,1.71915019244125,0.253264275807249,0,155.118026572764,489.291128116117,41365.5079972674
gyroFilter,0.00286796629097807,0,0.00213869056230018,0.000238690883494866,5.69733378635595e-08,9.88384840274145,-0.975127334326845,0,5.6914903670879e-08,-1.32403766065495e-11,3.20168120025613e-14
gyroSystem,40.9766705317887,0,17.3244423826462,12.7432622521571,162.390732827253,1.72123816194385,0.259698220608254,0,162.224178229481,536.5897200552,45297.2808004562
input,40,0,16.9051155107235,12.4445142463618,154.865934827902,1.71740659365098,0.256844065378499,0,154.707097971668,494.236590319312,41104.9008703483
error,0.222460820491341,-0.410606592120401,-0.0652364518764232,0.0972000171463354,0.0094478433332479,7.03235883067247,-0.945897859502785,0,0.00943815323752149,-0.000867310849309744,0.000626433639496613
