signalsNamesOrdered,maxSignals,minSignals,meanSignals,standardDeviationSignals,varianceSignals,kurtosisSignals,skewnessSignals,firstMomentSignals,secondMomentSignals,thirdMomentSignals,fourthMomentSignals
compassSystem,39.9466793723301,0,17.0047695726319,12.4749365008734,155.624040700823,1.712801412375,0.227691094368668,0,155.462101012268,441.34970799762,41395.7807319831
compassFilter,39.9447981800833,0,17.0029230268254,12.474884144056,155.622734407621,1.71279197731136,0.22770413268409,0,155.460796078373,441.369423807106,41394.8577633347
fullSystem,39.9463272805411,0,17.0048489413845,12.4748845094952,155.622743525242,1.71279004283364,0.22770426123042,0,155.460805186506,441.369711762822,41394.8158612393
gyroFilter,0.00258456250888983,0,0.00192591455912274,0.000214745076117094,4.61154477165366e-08,9.85109901158105,-0.956730788239841,0,4.6067460778226e-08,-9.45978274016147e-12,2.09061101185542e-14
gyroSystem,40.9766705317887,0,17.4961623357799,12.7544353807243,162.675621881072,1.71495810869069,0.234380692582325,0,162.506344438948,485.542572269149,45289.1487719251
input,40,0,17.0726390948214,12.4555872473026,155.141653675166,1.71121254870218,0.231488360172309,0,154.980215950218,446.625536627422,41101.3871909355
error,0.223034091687897,-0.410634750344006,-0.0677901534368288,0.0965169037954033,0.00931551271825113,7.09601168857216,-0.975655227927049,0,0.00930581915662964,-0.000875847084662052,0.000614502337378282
