signalsNamesOrdered,maxSignals,minSignals,meanSignals,standardDeviationSignals,varianceSignals,kurtosisSignals,skewnessSignals,firstMomentSignals,secondMomentSignals,thirdMomentSignals,fourthMomentSignals
compassSystem,39.9466792346507,0,16.9297642583451,12.4482967260377,154.960091379481,1.71946730472061,0.243087402446123,0,154.800173844518,468.187289363098,41203.7563473851
compassFilter,39.9447837663145,0,16.927913568678,12.4482337654961,154.958523880437,1.71945926855388,0.243101483730716,0,154.79860796312,468.207305654968,41202.7301907577
fullSystem,39.9463244506088,0,16.9298547885414,12.4482334544332,154.958516136069,1.71945738355243,0.243101687489324,0,154.798600226744,468.207662989442,41202.6809028287
gyroFilter,0.00260283171314413,0,0.00194121986341586,0.000216206270642454,4.6745151465118e-08,9.84046671356832,-0.965414497298072,0,4.66969108547309e-08,-9.74195330463303e-12,2.14581363127062e-14
gyroSystem,40.9766705317887,0,17.4177842741086,12.7286030228943,162.017334914435,1.72143231726294,0.249820153961517,0,161.850134362408,514.395390342885,45093.7217263354
input,40,0,16.9961748702245,12.4302860516701,154.512011326343,1.71763421241756,0.246929408085598,0,154.352556206296,473.525699824269,40922.1397578823
error,0.221936519019477,-0.410631289924445,-0.0663200816830159,0.0962938272637452,0.00927250116910001,7.05191071954442,-1.05327891669967,0,0.00926293202444665,-0.00093900111205162,0.000605067406696904
