signalsNamesOrdered,maxSignals,minSignals,meanSignals,standardDeviationSignals,varianceSignals,kurtosisSignals,skewnessSignals,firstMomentSignals,secondMomentSignals,thirdMomentSignals,fourthMomentSignals
compassSystem,39.946679399825,0,17.1008074173043,12.3867724380621,153.432131432335,1.73008478601834,0.22905627972202,0,153.272472606703,434.648763070629,40643.9318173917
compassFilter,39.9452441157239,0,17.0993989569898,12.3867340806398,153.431181184482,1.73007849986251,0.229065290593926,0,153.271523347662,434.661823765837,40643.2807052311
fullSystem,39.9464111667675,0,17.1008688852938,12.3867334427737,153.431165382329,1.73007678845646,0.229065661832937,0,153.271507561952,434.662461058758,40643.2321287661
gyroFilter,0.00197582949959596,0,0.00146992830398402,0.000163853185016204,2.68478662399545e-08,9.52492799344577,-0.9051555517121,0,2.68199288141065e-08,-3.97566379359052e-12,6.85136244474799e-15
gyroSystem,40.9766705317887,0,17.5950380749161,12.6629169048693,160.349464539625,1.73179235020476,0.236326728381436,0,160.182607656649,479.110713009393,44435.1382465406
input,40,0,17.1693652264935,12.3660392703873,152.918927236761,1.72806328669255,0.233378459978704,0,152.75980244255,440.630344236452,40325.3197449084
error,0.222878260992024,-0.410322928511103,-0.0684963411997141,0.0934038736637954,0.00872428361540225,7.75138521490517,-1.2159053482012,0,0.00871520527657249,-0.000989273099976804,0.000588754937074429
