signalsNamesOrdered,maxSignals,minSignals,meanSignals,standardDeviationSignals,varianceSignals,kurtosisSignals,skewnessSignals,firstMomentSignals,secondMomentSignals,thirdMomentSignals,fourthMomentSignals
compassSystem,39.9466787645617,0,17.3989796579264,12.4750164557432,155.626035571064,1.70964545618939,0.171162173183024,0,155.458875489892,331.765387444224,41317.7915422156
compassFilter,39.9438730872211,0,17.3962441205196,12.4749164204672,155.623539697642,1.70963074503427,0.171183821294092,0,155.456382297323,331.799366123602,41316.1107537158
fullSystem,39.9461523094599,0,17.399115298117,12.4749187726772,155.623598384893,1.70962789242454,0.171183688565075,0,155.456440921536,331.799296547127,41316.0729770116
gyroFilter,0.00383690322663455,0,0.00287117759730623,0.000323611452916826,1.04724372458939e-07,10.5784669703871,-1.09731543380003,0,1.04611886559413e-07,-3.71281268239529e-11,1.15767006310084e-13
gyroSystem,40.9766705317887,0,17.8976189731558,12.7562655332595,162.722310355024,1.71081840312026,0.177917440244598,0,162.54752806678,368.71353107633,45202.7286866675
input,40,0,17.4646582962126,12.4573675268863,155.186005699921,1.70731139921088,0.174947384972076,0,155.019318260931,337.665110531316,41028.3815122029
error,0.224673975063915,-0.410539123783792,-0.0655429980956305,0.0951824138957833,0.00905969191502821,7.53797187250426,-1.09438644201946,0,0.00904996077441056,-0.000942194900453982,0.000617373389466222
