signalsNamesOrdered,maxSignals,minSignals,meanSignals,standardDeviationSignals,varianceSignals,kurtosisSignals,skewnessSignals,firstMomentSignals,secondMomentSignals,thirdMomentSignals,fourthMomentSignals
compassSystem,39.9470621099634,0,19.1508730770619,11.8472748296475,140.3579208892,1.78147772389515,0.0415110039919475,0,140.185278920087,68.8996241030159,35009.4442186836
compassFilter,39.928609714039,0,19.1325101516267,11.847092887551,140.353609886263,1.78140241081329,0.0415660697565671,0,140.180973219736,68.9878433100378,35005.8137115768
fullSystem,39.9471383019126,0,19.151840673984,11.8481857689906,140.379506016512,1.78151698631347,0.0417603235195131,0,140.206837497426,69.3294324138554,35020.9848123789
gyroFilter,0.0571859877861272,-0.0274044678413148,0.0193305223572708,0.00630273521049838,3.97244711336561e-05,17.9038239103559,0.0891698561368325,0,3.96756095455458e-05,2.22845299262453e-08,2.81833758950648e-08
gyroSystem,40.9766705317887,0,19.6841550568297,12.1226216795259,146.95795638491,1.7811177529758,0.0477818787497093,0,146.777196290956,84.9671601980847,38371.5910867656
input,40,0,19.2101275260478,11.8374450021365,140.125104178607,1.77836339077912,0.0442084139421541,0,139.952748576911,73.1942697559082,34832.3979735422
error,0.238443695274164,-0.410917682853932,-0.0582868520638581,0.085101456910817,0.00724225796834363,8.4189021375902,-0.815262249317697,0,0.00723334990196191,-0.000501541117963648,0.00044048833212719
