signalsNamesOrdered,maxSignals,minSignals,meanSignals,standardDeviationSignals,varianceSignals,kurtosisSignals,skewnessSignals,firstMomentSignals,secondMomentSignals,thirdMomentSignals,fourthMomentSignals
compassSystem,39.9470621002886,0,19.7947481617238,11.6803816239203,136.431314880416,1.80147894018405,-0.00107423646137474,0,136.093613605959,-1.7055187866839,33366.0411445027
compassFilter,38.7400066314312,0,18.6360472344954,11.6027980615077,134.624922856126,1.77938797253388,0.018974527353616,0,134.291692849056,29.5287245968484,32089.943145815
fullSystem,39.9624794336112,0,19.8251960030568,11.6791236311518,136.401928791729,1.79883430010376,1.92128044861316e-05,0,136.064300255116,0.030493484355002,33302.7076692394
gyroFilter,1.29011610325236,0,1.18914876856137,0.181822861411706,0.0330595529319405,27.4087984700227,-4.81141590897861,0,0.0329777223553763,-0.0288140221572945,0.029807895307518
gyroSystem,40.9766705317887,0,20.3405013591389,11.956388947408,142.9552366617,1.80129966249518,0.00444288149869146,0,142.601387066003,7.56572157100921,36629.7089067245
input,40,0,19.8516236244666,11.6741182747893,136.28503749377,1.79890867461384,0.000805913206323561,0,135.947698292053,1.27745632527954,33247.0283755703
error,0.0403724365156659,-0.153324244046154,-0.026427621409804,0.030753870791012,0.000945800568630258,4.62879297712134,-0.879001875693083,0,0.000943459478113847,-2.54726823293323e-05,4.12016170296303e-06
