signalsNamesOrdered,maxSignals,minSignals,meanSignals,standardDeviationSignals,varianceSignals,kurtosisSignals,skewnessSignals,firstMomentSignals,secondMomentSignals,thirdMomentSignals,fourthMomentSignals
compassSystem,39.9466806424763,0,16.5292979284744,12.3088147317173,151.50692009974,1.77119090632216,0.31729360608831,0,151.357652198164,590.837285654632,40576.4584540507
compassFilter,39.9415857867021,0,16.5243159990145,12.3086543457202,151.502971802416,1.77116976768853,0.317333289841018,0,151.353707790788,590.888082653138,40573.8593794843
fullSystem,39.9457213049387,0,16.5295300723015,12.3086592506338,151.503092548214,1.77116554578221,0.317332422647952,0,151.353828417625,590.887174295565,40573.8273377815
gyroFilter,0.00690047804796379,0,0.00521407328699433,0.000580748986310783,3.37269385101002e-07,12.5579205056771,-1.41898053233533,0,3.36937099992528e-07,-2.77523451172644e-10,1.42565813551362e-12
gyroSystem,40.9766705317887,0,17.0104343415709,12.5830097397861,158.332134111551,1.77394096947012,0.324573318784842,0,158.176141861195,645.690331907027,44383.4564234931
input,40,0,16.5979106857798,12.2884143459429,151.005127137575,1.76968998718639,0.321758926226176,0,150.856353613302,596.178092320938,40273.9666233083
error,0.221054835856084,-0.410135304960385,-0.0683806134782983,0.094232437401108,0.00887975225855374,7.29636337986747,-1.2299540940506,0,0.00887100373416107,-0.00102765667036395,0.000574185180179234
