signalsNamesOrdered,maxSignals,minSignals,meanSignals,standardDeviationSignals,varianceSignals,kurtosisSignals,skewnessSignals,firstMomentSignals,secondMomentSignals,thirdMomentSignals,fourthMomentSignals
compassSystem,39.9470621115914,0,19.8302079195915,11.7634749269545,138.379342357086,1.78645835385994,-0.0175142322209718,0,138.262861429176,-28.4740612321988,34151.0434431815
compassFilter,39.9326713715626,0,19.8155253599058,11.7595835899211,138.287806208341,1.78660709556481,-0.0177792848890986,0,138.171402331061,-28.8762994617718,34108.717115596
fullSystem,39.9472355857976,0,19.8264856093868,11.7605004317232,138.309370404561,1.78704296418378,-0.0172509927986281,0,138.192948375601,-28.0248255534462,34127.6794821048
gyroFilter,0.0360251759038022,-0.0133090936004301,0.0109602494809421,0.00631998710827693,3.99422370487865e-05,6.40267711081043,0.0259653249481786,0,3.99086156371293e-05,6.54626763228224e-09,1.01975284812298e-08
gyroSystem,40.9766705317887,0,20.3794009882191,12.0379054014031,144.911166453131,1.78494792916072,-0.0111527068321099,0,144.78918735679,-19.4305226274598,37419.4855558353
input,40,0,19.8891585474279,11.7538466232988,138.152910444032,1.78283730758127,-0.0148003571414833,0,138.036620115375,-24.0028975027587,33970.3754838011
error,0.237948854900871,-0.411100351986757,-0.0626729380411241,0.0802929512256258,0.00644695801652073,9.19055723203482,-0.753572163710913,0,0.00644153128418359,-0.000389590652407377,0.000381346780780295
