signalsNamesOrdered,maxSignals,minSignals,meanSignals,standardDeviationSignals,varianceSignals,kurtosisSignals,skewnessSignals,firstMomentSignals,secondMomentSignals,thirdMomentSignals,fourthMomentSignals
compassSystem,39.9470621003154,0,19.697245146131,11.7338272939498,137.682702964241,1.79979592876461,0.000173683787533062,0,137.343583006201,0.279557945921871,33950.0181786366
compassFilter,39.857109475592,0,19.608765471646,11.731213661943,137.621373982158,1.79881801434296,0.000918694403263221,0,137.282405080724,1.477724212342,33901.3494966241
fullSystem,39.9345085340691,0,19.6999982537097,11.7328779267067,137.660424443001,1.79927625830381,0.000480958949034288,0,137.321359358166,0.77395400290263,33929.2326148763
gyroFilter,0.110599175399365,0,0.0912327820637295,0.0103763955312916,0.000107669584221808,40.0089942679099,-4.74744395269631,0,0.000107404388201557,-5.2843659399108e-06,4.61531859397789e-07
gyroSystem,40.9766705317887,0,20.2409321623881,12.0106979421211,144.256865056872,1.79966523398022,0.0056974387974956,0,143.901552581362,9.83507980129775,37266.8500837302
input,40,0,19.7543908906744,11.7271689548366,137.526491695284,1.79721852484368,0.00212073060784771,0,137.187756494064,3.40767788118245,33824.5162583448
error,0.234343062517838,-0.395464668558865,-0.054392636964702,0.0743322641819844,0.00552528549842033,9.47358967803984,-0.746427335030419,0,0.00551167642083801,-0.000305430993664112,0.000287794173197789
