signalsNamesOrdered,maxSignals,minSignals,meanSignals,standardDeviationSignals,varianceSignals,kurtosisSignals,skewnessSignals,firstMomentSignals,secondMomentSignals,thirdMomentSignals,fourthMomentSignals
compassSystem,39.9466792177184,0,17.0629793098675,12.4340390211411,154.605326379259,1.72115890193709,0.226080687872295,0,154.44427916428,433.931527318656,41054.8641593993
compassFilter,39.9452642605227,0,17.0615847123456,12.4340074528938,154.604541338618,1.7211522124633,0.226088985444421,0,154.44349494139,433.944148211111,41054.2876686316
fullSystem,39.9464148025004,0,17.0630353291079,12.4340051868358,154.604484986258,1.7211506661284,0.226089517933799,0,154.443438647731,433.944932989891,41054.2208562109
gyroFilter,0.00194800931238248,0,0.00145061676221119,0.000161507046997992,2.60845262300116e-08,9.57220030122383,-0.918429979590287,0,2.6057354848522e-08,-3.86314974219288e-12,6.49938752124457e-15
gyroSystem,40.9766705317887,0,17.5573758278762,12.7101554656317,161.548051960527,1.72307298097843,0.233366412972546,0,161.379772739735,478.422945032218,44874.7323734171
input,40,0,17.1323466558053,12.412443476081,154.068753046905,1.7193441504076,0.230414284961047,0,153.908264762481,439.948977940144,40727.4012111997
error,0.219829674229876,-0.410386768508331,-0.0693113266974315,0.0941358411916719,0.00886155659686368,7.3567716118815,-1.23596615664344,0,0.00885232580874194,-0.00102942014677785,0.000576503639221184
