signalsNamesOrdered,maxSignals,minSignals,meanSignals,standardDeviationSignals,varianceSignals,kurtosisSignals,skewnessSignals,firstMomentSignals,secondMomentSignals,thirdMomentSignals,fourthMomentSignals
compassSystem,39.9470621003164,0,19.6972491047489,11.7338206336089,137.682546661706,1.79979360353674,0.000175532243612574,0,137.343427088648,0.282532702693919,33949.8972347512
compassFilter,39.888677212842,0,19.6397664300681,11.7322069994328,137.64468107754,1.79918758336992,0.000635891701096992,0,137.305654769468,1.02309459991009,33919.8007339692
fullSystem,39.9376802649384,0,19.6990970964126,11.7330862806738,137.665313669736,1.79941643102867,0.000401604178725462,0,137.32623654247,0.646291583801848,33934.2862045835
gyroFilter,0.0748074948538502,0,0.0593306663444813,0.0069356494966669,4.81032339406158e-05,32.8173655319971,-3.92169177988543,0,4.79847530688409e-05,-1.30355198188101e-06,7.55631828598819e-08
gyroSystem,40.9766705317887,0,20.2409761751827,12.010624363524,144.255097601676,1.79964093687316,0.00571722249051767,0,143.899789479505,9.86904959283697,37265.4337682265
input,40,0,19.7544329073041,11.7270986732651,137.524843292496,1.79719467125906,0.00214004371887582,0,137.186112151382,3.43864916405628,33823.2564916916
error,0.238041340010139,-0.404924513886954,-0.055335810891547,0.0754506974407106,0.00569280774428966,9.5898620716626,-0.74451632451817,0,0.0056787860503382,-0.000318608593164404,0.000309259731545597
