signalsNamesOrdered,maxSignals,minSignals,meanSignals,standardDeviationSignals,varianceSignals,kurtosisSignals,skewnessSignals,firstMomentSignals,secondMomentSignals,thirdMomentSignals,fourthMomentSignals
compassSystem,39.9466796539713,0,16.8086330653078,12.4103260496626,154.016192658933,1.73243342871532,0.265618224756298,0,153.859353358873,506.925016610017,41011.3778951467
compassFilter,39.9420563240847,0,16.8041235925872,12.4101693309005,154.012302821624,1.73241392791559,0.265653250881298,0,153.855467482702,506.972656218406,41008.8447389948
fullSystem,39.9458094666572,0,16.8088523128331,12.4101748885512,154.012440764428,1.73240937399459,0.26565300032924,0,153.855605285034,506.972859177784,41008.8104007123
gyroFilter,0.00627946637427712,0,0.0047287202458813,0.000528949310502189,2.79787373080742e-07,12.2463242435714,-1.35942205531175,0,2.79502457222207e-07,-2.00878176385681e-10,9.56702732957197e-13
gyroSystem,40.9766705317887,0,17.2961560911183,12.6868164730176,160.95531222003,1.73460715000622,0.27286572292434,0,160.791406606772,556.343777762171,44846.3189257454
input,40,0,16.877466193522,12.3894246245431,153.497842527234,1.73069858067423,0.269996604915627,0,153.341531078632,512.681912865091,40694.997679736
error,0.220997693560807,-0.410173789426116,-0.0686138806889343,0.0948085957924444,0.0089886698361351,7.16138848125327,-1.24713321103797,0,0.00897951640453007,-0.00106118784505674,0.00057743503401655
