signalsNamesOrdered,maxSignals,minSignals,meanSignals,standardDeviationSignals,varianceSignals,kurtosisSignals,skewnessSignals,firstMomentSignals,secondMomentSignals,thirdMomentSignals,fourthMomentSignals
compassSystem,39.9466793475282,0,17.0877628457685,12.4199067539818,154.254083777604,1.72206918521536,0.226072872018559,0,154.09323488941,432.437960324548,40890.0593005276
compassFilter,39.9441759614509,0,17.0853139163208,12.4198259382167,154.2520763356,1.7220555385472,0.226092539289162,0,154.091229540672,432.467138140258,40888.671003984
fullSystem,39.946209964837,0,17.0878764608834,12.4198270668564,154.252104370619,1.72205291580569,0.226092598214778,0,154.091257546458,432.467368752625,40888.6235921829
gyroFilter,0.00342811716901181,0,0.00256254456268519,0.000284911347540472,8.11744759573278e-08,10.5372776635104,-1.06402063322204,0,8.10898310397497e-08,-2.45696880819934e-11,6.92885088686733e-14
gyroSystem,40.9766705317887,0,17.5782192800552,12.7006195889801,161.305737943984,1.72353124116345,0.232895672647601,0,161.137535923188,476.383264842356,44752.0151869867
input,40,0,17.1531488210955,12.4026531259553,153.825804562768,1.71983933425334,0.229980877338314,0,153.665402263954,438.082467051555,40610.6622578119
error,0.224221711749516,-0.410566790727319,-0.0652723602120292,0.0941520761802302,0.00886461344904787,7.5381904040667,-1.15069433458247,0,0.00885536984795397,-0.00095889274207053,0.000591126612461074
