signalsNamesOrdered,maxSignals,minSignals,meanSignals,standardDeviationSignals,varianceSignals,kurtosisSignals,skewnessSignals,firstMomentSignals,secondMomentSignals,thirdMomentSignals,fourthMomentSignals
compassSystem,39.946679454517,0,16.8410821492104,12.4258495700619,154.401737537807,1.72712962929879,0.258881816242744,0,154.24386255055,495.922011836621,41090.4331278761
compassFilter,39.9449920686087,0,16.8394335576252,12.4257955291331,154.400394531824,1.72712275230334,0.258893988423071,0,154.242520917784,495.938858562208,41089.5547024251
fullSystem,39.9463638342433,0,16.841161173283,12.4257957889608,154.400400988957,1.72712102887715,0.258894091309085,0,154.242527368314,495.939086762044,41089.5171375989
gyroFilter,0.00232032774244573,0,0.00172761565777521,0.000192749108454722,3.71522188100903e-08,9.54717213581014,-0.914540042650885,0,3.71142308562968e-08,-6.53903139939103e-12,1.31509062739728e-14
gyroSystem,40.9766705317887,0,17.3248983347816,12.7078794304224,161.490199618154,1.72902931271826,0.265418074969495,0,161.325076714659,543.85523768977,44999.3371581843
input,40,0,16.9054335974848,12.4100993548461,154.01056599715,1.72515350751553,0.262534900298084,0,153.853090980793,501.009987686019,40835.7181091407
error,0.223432882702032,-0.410628350447287,-0.0642724242017396,0.0976167377091623,0.00952902748097939,6.989878399573,-0.951343774826716,0,0.009519284099097,-0.00088357600472233,0.000633400201579758
