signalsNamesOrdered,maxSignals,minSignals,meanSignals,standardDeviationSignals,varianceSignals,kurtosisSignals,skewnessSignals,firstMomentSignals,secondMomentSignals,thirdMomentSignals,fourthMomentSignals
compassSystem,39.9466794842059,0,16.9418208422552,12.3872494633398,153.443949267012,1.72947063409291,0.253319799915369,0,153.28624736643,480.755127342269,40636.8070448597
compassFilter,39.9455924413518,0,16.9407534352803,12.3872217604624,153.443262942874,1.7294662721923,0.253326305363073,0,153.28556174766,480.764247942751,40636.3410357912
fullSystem,39.9464765962507,0,16.9418664441726,12.3872216003921,153.44325897722,1.72946500815107,0.253326520231441,0,153.285557786082,480.764637083648,40636.3092348477
gyroFilter,0.00149950135907062,0,0.00111300889233896,0.000124085806542078,1.53972873851981e-08,9.25784031240324,-0.844564970405329,0,1.53814628349564e-08,-1.61112607009336e-12,2.19030687502309e-15
gyroSystem,40.9766705317887,0,17.4279957822761,12.6689600435825,160.502548585891,1.73163011487364,0.259574841571625,0,160.337592215299,527.006090029079,44516.9954429572
input,40,0,17.0060666954938,12.3721526060254,153.070160106782,1.72777901627927,0.256644796101031,0,152.912842367721,485.286717124058,40399.5118438562
error,0.221758923068001,-0.410437533060528,-0.064200251321253,0.0938976779841032,0.00881677393080634,7.36496858642665,-0.919408908315323,0,0.00880771249819503,-0.000759982168083488,0.000571343326022525
