signalsNamesOrdered,maxSignals,minSignals,meanSignals,standardDeviationSignals,varianceSignals,kurtosisSignals,skewnessSignals,firstMomentSignals,secondMomentSignals,thirdMomentSignals,fourthMomentSignals
compassSystem,39.9470621117061,0,19.9325311390971,11.6629854467105,136.025229530181,1.79210426970252,-0.0093545720227615,0,135.948379118017,-14.8280818280694,33121.6026270479
compassFilter,39.9341259954263,0,19.9213797280001,11.6586013449722,135.922985320988,1.79219201004784,-0.00975737489073795,0,135.846192673914,-15.4491360616107,33073.4484002178
fullSystem,39.9409568903481,0,19.9259181567415,11.6561795450772,135.866521587076,1.79272749699138,-0.00954115866469208,0,135.789760840417,-15.0973823217894,33055.8498097384
gyroFilter,0.0329720738927826,-0.0257252974446907,0.00453842874136909,0.00703692732155293,4.95183461288181e-05,5.63196528869594,-0.742739809860424,0,4.94903696620786e-05,-2.58593586024477e-07,1.37943539357946e-08
gyroSystem,40.9766705317887,0,20.4829362373567,11.9366903311852,142.484576062611,1.79098509570934,-0.00329485005949034,0,142.404076302124,-5.59911370862759,36319.2451739708
input,40,0,19.9904606513563,11.6549983525163,135.838986597157,1.78882105778413,-0.00699823274631061,0,135.762241406989,-11.070236047612,32970.4517441321
error,0.237660203910339,-0.411546714948417,-0.0645424946148135,0.0784348608010844,0.00615202738888549,9.19858358026511,-0.520887087871336,0,0.00614855166719685,-0.000251132449212738,0.000347749578652947
