signalsNamesOrdered,maxSignals,minSignals,meanSignals,standardDeviationSignals,varianceSignals,kurtosisSignals,skewnessSignals,firstMomentSignals,secondMomentSignals,thirdMomentSignals,fourthMomentSignals
compassSystem,39.9466794746074,0,16.8404402144134,12.4272804812056,154.437300158553,1.72709209905472,0.258474629660994,0,154.279388808697,495.313068044407,41108.4703375728
compassFilter,39.9455403785252,0,16.839321898728,12.4272517837987,154.436586897928,1.72708808040503,0.258481108633657,0,154.278676277378,495.32205220453,41107.9949722544
fullSystem,39.9464668287217,0,16.8404892906132,12.4272506453568,154.436558602521,1.72708694832398,0.258481350496537,0,154.278648010903,495.322379554166,41107.9529632083
gyroFilter,0.00157082050882096,0,0.0011673918852495,0.000129346442518213,1.67305021921175e-08,9.43499254735823,-0.859557756004427,0,1.67133953391603e-08,-1.85725737938976e-12,2.63554802100158e-15
gyroSystem,40.9766705317887,0,17.3249887673527,12.7089306663041,161.516918680924,1.72930232658563,0.264858342292888,0,161.351768457324,542.843011524976,45021.3367048652
input,40,0,16.9052756447506,12.4113938256862,154.042696696282,1.72541484978196,0.261947892277534,0,153.88518882645,500.046211157052,40858.9474748075
error,0.222943196323274,-0.410758846498493,-0.0647863541373862,0.0956387642582888,0.00914677322885253,7.18899395782538,-1.00494821997408,0,0.00913742069998868,-0.000877766731815957,0.000600226769246248
