signalsNamesOrdered,maxSignals,minSignals,meanSignals,standardDeviationSignals,varianceSignals,kurtosisSignals,skewnessSignals,firstMomentSignals,secondMomentSignals,thirdMomentSignals,fourthMomentSignals
compassSystem,39.9466798132346,0,16.7785224909657,12.3906918834604,153.52924535085,1.73625939608926,0.273822687957736,0,153.373536177067,520.109846247449,40842.796505416
compassFilter,39.9451358462168,0,16.7770044005318,12.3906545287791,153.528319651554,1.73625304622952,0.273831948560359,0,153.372611416613,520.122732080593,40842.1546176775
fullSystem,39.9463911596301,0,16.7785871038396,12.390652661892,153.528273387651,1.73625162241217,0.273832280424592,0,153.372565199631,520.123127331875,40842.096510442
gyroFilter,0.00212459098980489,0,0.00158270330780354,0.000175055491788731,3.06444252053944e-08,9.66400971116673,-0.921567966898016,0,3.06133456666466e-08,-4.93620927250653e-12,9.05688698068105e-15
gyroSystem,40.9766705317887,0,17.2631176380644,12.6698253370314,160.524474070884,1.73867830552232,0.2804483944071,0,160.361670344646,569.51322674304,44711.6171321846
input,40,0,16.8451343602315,12.3729000182324,153.088654861175,1.73474184589442,0.277565005736039,0,152.933392533729,524.950308273954,40573.2222585688
error,0.224267095810242,-0.410319594984464,-0.0665472563918944,0.0929537398753673,0.00864039775681746,7.36584577239986,-1.08156718457064,0,0.00863163467592819,-0.000867347395275994,0.00054879320239278
