signalsNamesOrdered,maxSignals,minSignals,meanSignals,standardDeviationSignals,varianceSignals,kurtosisSignals,skewnessSignals,firstMomentSignals,secondMomentSignals,thirdMomentSignals,fourthMomentSignals
compassSystem,39.9466791616074,0,17.0443488347195,12.489518082758,155.98806193954,1.71194416085931,0.218271363030221,0,155.825065009613,424.573354984442,41568.4880601961
compassFilter,39.9426028589673,0,17.040375733026,12.4893696915333,155.984355291792,1.7119222256235,0.218305170789777,0,155.821362235061,424.623981018923,41565.9799571335
fullSystem,39.9459124573359,0,17.0445499817852,12.4893701994733,155.984367979492,1.71191860432314,0.218305263790688,0,155.821374909503,424.624213722515,41565.8987927893
gyroFilter,0.0055412369104566,0,0.0041742487592106,0.000467766824527656,2.18805802128687e-07,11.8709477940875,-1.30948172903477,0,2.18577164926881e-07,-1.33815563140424e-10,5.67146129104653e-13
gyroSystem,40.9766705317887,0,17.5382627494396,12.7672972521313,163.00387912428,1.71397624491653,0.225301772723789,0,162.833551141914,468.145065709702,45445.6779965468
input,40,0,17.1137179738434,12.4681468392046,155.454685603968,1.71025491686712,0.222415638943779,0,155.292246016085,430.417556731227,41243.9631543719
error,0.220662121406837,-0.410386778209829,-0.0691679920582448,0.0943212218574547,0.00889649289268319,7.11235465231908,-1.18650954337096,0,0.00888719666186534,-0.000994073328596354,0.000561749876414714
