signalsNamesOrdered,maxSignals,minSignals,meanSignals,standardDeviationSignals,varianceSignals,kurtosisSignals,skewnessSignals,firstMomentSignals,secondMomentSignals,thirdMomentSignals,fourthMomentSignals
compassSystem,39.9466847957336,0,16.236809245725,11.5373150915174,133.109639520954,2.02827195012775,0.409856356697877,0,132.99557813319,628.618962805804,35875.7168783891
compassFilter,39.9445685108579,0,16.2347328697783,11.5372557801791,133.108270937276,2.02826401337913,0.409874906316188,0,132.994210722248,628.637718110744,35874.8387797708
fullSystem,39.9462884249544,0,16.2368995696083,11.5372541075646,133.108232342516,2.02826264801102,0.409875593647256,0,132.99417216056,628.63849888067,35874.7938260657
gyroFilter,0.00290457296389235,0,0.00216669983007395,0.000236535294842025,5.59489457060036e-08,9.32132130743991,-0.912742327322929,0,5.5901003164696e-08,-1.20636184603574e-11,2.91284034658087e-14
gyroSystem,40.9766705317887,0,16.7068961203206,11.7982790082608,139.199387556768,2.0319855769216,0.4171057824286,0,139.080107875914,684.138039710455,39305.2586689762
input,40,0,16.3010062421476,11.5220006330925,132.756498588983,2.02697211687838,0.414283993302281,0,132.642739806987,632.88292633187,35662.7428721125
error,0.222165032693905,-0.410617644668757,-0.0641066725392519,0.0888325107609796,0.00789121496809955,8.2724629408953,-1.12259692387585,0,0.00788445300154591,-0.000785925175869848,0.000514254342568204
