signalsNamesOrdered,maxSignals,minSignals,meanSignals,standardDeviationSignals,varianceSignals,kurtosisSignals,skewnessSignals,firstMomentSignals,secondMomentSignals,thirdMomentSignals,fourthMomentSignals
compassSystem,39.9466798292759,0,16.8350657354821,12.4310661692254,154.531406103661,1.7260890216109,0.258889894088644,0,154.373398530958,496.562359179115,41134.6797833424
compassFilter,39.9455328874761,0,16.8339371013768,12.4310392573205,154.530737017044,1.7260844999748,0.258896552363768,0,154.372730128479,496.571904961354,41134.2158212478
fullSystem,39.9464657129141,0,16.8351128885843,12.4310377609547,154.530699814282,1.7260833839287,0.258896830998445,0,154.372692963756,496.572260069376,41134.1694189835
gyroFilter,0.00158130258597211,0,0.00117578720750459,0.000130167049851651,1.69434608670821e-08,9.46894736329991,-0.86676359075552,0,1.69261362649685e-08,-1.90869883916199e-12,2.71279744731457e-15
gyroSystem,40.9766705317887,0,17.3202860696172,12.7114954513469,161.582116609612,1.72812423588694,0.265617037833236,0,161.416899721464,544.727664262456,45026.9950287668
input,40,0,16.9008757001988,12.4137353663798,154.100825746509,1.72427408708864,0.262700950285802,0,153.94325844002,501.767647686903,40862.7556964025
error,0.226526804916003,-0.410770617090443,-0.0657628116144798,0.0963877927427473,0.00929060658981882,7.09289592620473,-1.04414822166958,0,0.00928110699207872,-0.00093360210444514,0.000610974586252605
