signalsNamesOrdered,maxSignals,minSignals,meanSignals,standardDeviationSignals,varianceSignals,kurtosisSignals,skewnessSignals,firstMomentSignals,secondMomentSignals,thirdMomentSignals,fourthMomentSignals
compassSystem,39.9466808682284,0,16.5717510660596,12.1721189356725,148.160479384157,1.80054677183296,0.334861971250203,0,148.015932575001,603.015573186563,39447.6684018522
compassFilter,39.9455138311906,0,16.5706029757338,12.1720912906547,148.159806388031,1.8005421495906,0.334869445255288,0,148.015260235458,603.024923543776,39447.208766291
fullSystem,39.9464629841968,0,16.5717989449391,12.1720898556854,148.159771454879,1.80054095251849,0.334869868655312,0,148.015225336386,603.025472720173,39447.1639384872
gyroFilter,0.0016089268380135,0,0.00119596920527936,0.000131239673510126,1.72238519030445e-08,9.42476272323248,-0.855479320638568,0,1.72070481450903e-08,-1.9309413226503e-12,2.79050736430087e-15
gyroSystem,40.9766705317887,0,17.0505630396033,12.4470791139702,154.929778469433,1.80321622033282,0.34169217054406,0,154.778627466048,657.963063906858,43198.6114729202
input,40,0,16.6372623887264,12.155476746056,147.755614923907,1.79888131723601,0.338840191933885,0,147.611463104469,607.680144683371,39196.0841318364
error,0.222995978655194,-0.410694909006324,-0.0654634437873497,0.0903812614119918,0.0081687724144228,8.01772213621419,-1.17914707429429,0,0.00816080288035995,-0.000869295255925531,0.000533969900514541
