signalsNamesOrdered,maxSignals,minSignals,meanSignals,standardDeviationSignals,varianceSignals,kurtosisSignals,skewnessSignals,firstMomentSignals,secondMomentSignals,thirdMomentSignals,fourthMomentSignals
compassSystem,39.9466785961865,0,17.3923417805924,12.4649443013322,155.374836435313,1.70831481474553,0.175387613188353,0,155.208125237421,339.133426238155,41152.5558840082
compassFilter,39.9454452897512,0,17.3911303198343,12.4649122290931,155.374036878994,1.70830909928735,0.175395022585539,0,155.207326538995,339.14513534523,41151.9946628964
fullSystem,39.9464482805184,0,17.3923950526641,12.4649099468397,155.373979982824,1.70830781048954,0.175395451228612,0,155.207269703872,339.14577788574,41151.9334779031
gyroFilter,0.00169964181677074,0,0.00126473282977024,0.000141650519975032,2.00648698091971e-08,9.50887390483109,-0.91059619457812,0,2.00433409789297e-08,-2.58393154099602e-12,3.82005237992803e-15
gyroSystem,40.9766705317887,0,17.8927750083002,12.743587651827,162.399026239798,1.70959302715659,0.18247096041998,0,162.224778357566,377.024473487684,44991.1523445465
input,40,0,17.4596917571584,12.4452659282232,154.884644024192,1.70605803298019,0.179462018399406,0,154.718458783823,345.370901164941,40839.2785212409
error,0.22080963261001,-0.410521816268606,-0.0672967044942824,0.0932921287692281,0.00870342129029423,7.47489029441661,-1.22951966128909,0,0.0086940828554334,-0.000996715334758561,0.000565005105986783
