signalsNamesOrdered,maxSignals,minSignals,meanSignals,standardDeviationSignals,varianceSignals,kurtosisSignals,skewnessSignals,firstMomentSignals,secondMomentSignals,thirdMomentSignals,fourthMomentSignals
compassSystem,39.9466790548805,0,17.0861368574479,12.4968949571574,156.172383570227,1.70750362899921,0.212120416763529,0,156.008509085893,413.337588573974,41558.341579009
compassFilter,39.9450113843752,0,17.0845148731338,12.4968334849955,156.170847151705,1.70749738072885,0.212132657560126,0,156.006974279563,413.355341037084,41557.3718124657
fullSystem,39.9463671394647,0,17.0862219277349,12.4968340682742,156.170861729979,1.70749559819826,0.212132748144182,0,156.00698884254,413.35557542548,41557.33618753
gyroFilter,0.00229408934444919,0,0.00170705460111145,0.000191764911398007,3.67737812434855e-08,9.50935665437863,-0.922413800406538,0,3.67351938549824e-08,-6.49455345763972e-12,1.28326340080355e-14
gyroSystem,40.9766705317887,0,17.577418555661,12.7788529812351,163.299083516022,1.70922359763128,0.218705988481315,0,163.127730857558,455.672025649099,45483.5621660005
input,40,0,17.151836918104,12.4795847458565,155.740035429014,1.70551729421097,0.215805022714119,0,155.576614615343,418.772373761109,41280.4821728918
error,0.225859486482935,-0.410644803359671,-0.0656149903690901,0.0985518707771124,0.00971247123366867,6.87534496511507,-0.936168521020099,0,0.00970227976332904,-0.000894673808591184,0.000647205322191974
