signalsNamesOrdered,maxSignals,minSignals,meanSignals,standardDeviationSignals,varianceSignals,kurtosisSignals,skewnessSignals,firstMomentSignals,secondMomentSignals,thirdMomentSignals,fourthMomentSignals
compassSystem,39.9470621117158,0,19.9281841039312,11.5933476016076,134.405708611701,1.80376441436266,-0.00710032186604562,0,134.338505757396,-11.0555106242917,32552.2371940299
compassFilter,39.9391943849481,0,19.9178272946206,11.5898890675393,134.325528597866,1.80392151509894,-0.00708680011575367,0,134.258365833567,-11.0245841992464,32516.2423539477
fullSystem,39.9433930124989,0,19.9233815459069,11.5884827493915,134.292932432945,1.80395777165013,-0.00732511536232087,0,134.225785966728,-11.3911718097613,32501.1163499009
gyroFilter,0.0274581586081801,-0.0335015872961719,0.00555425128637086,0.00462937251817431,2.14310899120276e-05,13.951024072401,-1.38489252134613,0,2.14203743670715e-05,-1.37295611333285e-07,6.40118238809211e-09
gyroSystem,40.9766705317887,0,20.4777430559373,11.8661646230718,140.805862861842,1.80288343318071,-0.00110152118149108,0,140.735459930411,-1.83906956763016,35708.7560591571
input,40,0,19.9855810586194,11.5861033065726,134.237789830572,1.80062430035742,-0.00487677277428273,0,134.170670935657,-7.57912217737328,32414.4226015669
error,0.236876688130347,-0.411469685200981,-0.0621995127124285,0.0772895999172647,0.00597368225537085,9.42560683053934,-0.567735298733481,0,0.00597069541424316,-0.000261928811596917,0.000336015378177613
