signalsNamesOrdered,maxSignals,minSignals,meanSignals,standardDeviationSignals,varianceSignals,kurtosisSignals,skewnessSignals,firstMomentSignals,secondMomentSignals,thirdMomentSignals,fourthMomentSignals
compassSystem,39.9470621116924,0,20.0352677026152,11.6455214843097,135.618170641519,1.79409589477919,-0.0202719865257393,0,135.530900261441,-31.9855478379327,32955.0745718951
compassFilter,39.9482653889671,0,20.0314322579278,11.6502491086061,135.728304292576,1.79394560324331,-0.019869752432014,0,135.640963041423,-31.3890919972601,33005.8558963768
fullSystem,39.9603512416829,0,20.0417808255341,11.6526541220637,135.784348088448,1.79346447434064,-0.0196789428470916,0,135.696970773076,-31.1069186636763,33024.2591796873
gyroFilter,0.0479175607482603,-0.0184072598171525,0.0103485676063564,0.00865454505355745,7.49011500840557e-05,6.37539611365811,0.852715729245778,0,7.48529511457777e-05,5.52227036280412e-07,3.57211167927884e-08
gyroSystem,40.9766705317887,0,20.587026209709,11.9202734897331,142.092920070033,1.79298677312561,-0.0143763891934444,0,142.001483184531,-24.3270328830156,36154.540547039
input,40,0,20.0922920494375,11.6387884814729,135.461397316467,1.79091408339893,-0.0181485529294722,0,135.374227820125,-28.5855130304097,32820.6166469598
error,0.237656031800235,-0.411474610153133,-0.0505112239033465,0.0779314727020342,0.00607331443750789,9.43531803350843,-0.962496419130234,0,0.00606940625575918,-0.000455112154704985,0.000347575342446951
