signalsNamesOrdered,maxSignals,minSignals,meanSignals,standardDeviationSignals,varianceSignals,kurtosisSignals,skewnessSignals,firstMomentSignals,secondMomentSignals,thirdMomentSignals,fourthMomentSignals
compassSystem,39.9466805648892,0,16.6494886469871,12.2895304662773,151.032559081558,1.77090122611049,0.304031648284042,0,150.882576401239,563.47860519992,40315.5437045692
compassFilter,39.9424127257286,0,16.6453192884211,12.2893906756895,151.029123179724,1.77088215562019,0.304066054594304,0,150.879143911423,563.523142033834,40313.2752851653
fullSystem,39.9458776299923,0,16.6496905127676,12.2893903611324,151.029115448293,1.77087853772336,0.304066010020337,0,150.879136187669,563.523016153745,40313.1887980965
gyroFilter,0.0058043277646469,0,0.00437122434651509,0.0004866039230068,2.36783377885608e-07,11.8545569904271,-1.32567825060579,0,2.36548240469634e-07,-1.5251681036107e-10,6.6332256703962e-13
gyroSystem,40.9766705317887,0,17.1328268779618,12.5640131392551,157.854426163374,1.77347107306982,0.311219570811258,0,157.697669037095,616.31794129938,44103.6626018477
input,40,0,16.7174351344778,12.2698109169807,150.548259938458,1.76925999978754,0.308402372844283,0,150.398758190753,568.832087136482,40020.2833968276
error,0.221428689214393,-0.410209468972311,-0.0677446217101684,0.0928635913769386,0.00862364660342302,7.57422798816023,-1.293130216895,0,0.00861508290272449,-0.00103402598243552,0.000562156576211495
