signalsNamesOrdered,maxSignals,minSignals,meanSignals,standardDeviationSignals,varianceSignals,kurtosisSignals,skewnessSignals,firstMomentSignals,secondMomentSignals,thirdMomentSignals,fourthMomentSignals
compassSystem,39.9466789702282,0,17.3061581702012,12.4271293880637,154.433544827676,1.71114093501178,0.196922377045045,0,154.269428414469,377.324386955992,40723.5398659468
compassFilter,39.9461610221055,0,17.3056514658633,12.4271131177212,154.433140440639,1.71113829781125,0.196926103840564,0,154.269024457174,377.330045822567,40723.2638330154
fullSystem,39.9465825315879,0,17.3061823930559,12.4271124115693,154.433122889781,1.71113771962868,0.19692626130565,0,154.269006924967,377.330283217695,40723.2408167405
gyroFilter,0.000716384325965436,0,0.000530927192584545,5.92421897528195e-05,3.50963704670908e-09,9.37599219591406,-0.842677669912331,0,3.50590735803032e-09,-1.74929131341739e-13,1.15243942992347e-16
gyroSystem,40.9766705317887,0,17.8015833112148,12.7092492961457,161.525017671579,1.7129808825135,0.203133404672653,0,161.353365155456,416.3402405395,44597.3004476831
input,40,0,17.3710934810925,12.4111819893852,154.037438373638,1.7093718026193,0.20019996777076,0,153.873742902466,382.129688322818,40473.0162604657
error,0.222382855363968,-0.410802715368563,-0.0649110880365713,0.0924256432047022,0.00854249952180291,7.65188316037636,-0.959087768482762,0,0.00853342141391576,-0.000756037160523227,0.000557204630244858
