signalsNamesOrdered,maxSignals,minSignals,meanSignals,standardDeviationSignals,varianceSignals,kurtosisSignals,skewnessSignals,firstMomentSignals,secondMomentSignals,thirdMomentSignals,fourthMomentSignals
compassSystem,39.9466795005356,0,17.0437667982277,12.460400175354,155.261572529961,1.71375220693634,0.22552952023483,0,155.099673079982,435.631945476625,41225.8664351441
compassFilter,39.9448731342756,0,17.0420034416728,12.4603401302708,155.260076162036,1.71374446686194,0.225542619308596,0,155.098178272399,435.650949496442,41224.8856011328
fullSystem,39.9463414939358,0,17.0438527607,12.4603403897027,155.260082627257,1.71374251634565,0.225542805710707,0,155.098184730878,435.65133675642,41224.842113902
gyroFilter,0.00248235478507652,0,0.00184931902726404,0.000206949128651695,4.28279418496956e-08,9.68757697357562,-0.94065565295399,0,4.27832828905197e-08,-8.32418702313549e-12,1.77322309373975e-14
gyroSystem,40.9766705317887,0,17.5338515201426,12.7418610728298,162.355023599296,1.71554944350945,0.232084267285619,0,162.185727432873,479.363155719524,45126.1731412817
input,40,0,17.1094355327465,12.4432898165825,154.835461459465,1.71180379729419,0.229189339872062,0,154.674006338026,440.880018010356,40953.2766181568
error,0.224216727818374,-0.410647009195278,-0.0655827720464001,0.0968729063733744,0.00938435998922456,7.11087076110959,-0.966963678754302,0,0.00937457442093548,-0.000877682629169779,0.00062492213481868
