signalsNamesOrdered,maxSignals,minSignals,meanSignals,standardDeviationSignals,varianceSignals,kurtosisSignals,skewnessSignals,firstMomentSignals,secondMomentSignals,thirdMomentSignals,fourthMomentSignals
compassSystem,39.9466802193719,0,16.9319865374512,12.2773972419836,150.734483037467,1.75657313353332,0.271760591271578,0,150.581297587226,502.161059076781,39829.8165799478
compassFilter,39.9456428393049,0,16.9309690648507,12.2773680699288,150.733766724506,1.75656832006239,0.271767973510934,0,150.580582002225,502.171120418171,39829.3288831727
fullSystem,39.946486638319,0,16.932032675683,12.2773666623433,150.733732161619,1.75656730325742,0.271768207485192,0,150.580547474463,502.171380034239,39829.2875620925
gyroFilter,0.00143080120749772,0,0.00106361083229663,0.000117880079639474,1.38957131758087e-08,9.33746418177737,-0.853042437652166,0,1.38815915160772e-08,-1.39517770660726e-12,1.79931611682128e-15
gyroSystem,40.9766705317887,0,17.4180312372117,12.55632154563,157.661210757251,1.75870278885771,0.278242299566832,0,157.500985949571,549.981484790664,43627.3672653734
input,40,0,16.9961745402945,12.2620808734999,150.358627348252,1.75466931454911,0.275362955225941,0,150.205823865174,506.915617395165,39588.4797573513
error,0.222679877771747,-0.410464113502948,-0.0641418646115221,0.0920792751434591,0.00847859291094485,8.08375920228894,-1.02587592081013,0,0.00846997645473454,-0.000799683510301765,0.000579932936297669
