signalsNamesOrdered,maxSignals,minSignals,meanSignals,standardDeviationSignals,varianceSignals,kurtosisSignals,skewnessSignals,firstMomentSignals,secondMomentSignals,thirdMomentSignals,fourthMomentSignals
compassSystem,39.9466807197593,0,16.6152025624365,12.3058698473608,151.434432700184,1.76590329365329,0.307219344572085,0,151.284200128061,571.66146557471,40416.0683526348
compassFilter,39.9449731474992,0,16.6135381077481,12.3058109881836,151.4329840769,1.76589708499224,0.307232824205522,0,151.282752941903,571.678344818175,40415.1530209689
fullSystem,39.9463613032211,0,16.6152878627672,12.3058098688253,151.432956527677,1.76589551043888,0.307233005087505,0,151.282725420011,571.678525388607,40415.1022800788
gyroFilter,0.00234791274808899,0,0.00174975501904965,0.000193995613157447,3.76342979243338e-08,9.55103845294622,-0.935870615025616,0,3.75969623113136e-08,-6.82252203226299e-12,1.35006944276448e-14
gyroSystem,40.9766705317887,0,17.0956475922755,12.583003241379,158.331970572554,1.76843450911363,0.314093163985947,0,158.174895204923,624.834236070296,44244.9890451887
input,40,0,16.6812430091367,12.288310416174,151.00257288425,1.76424916512559,0.311261131819695,0,150.852768744484,576.706466000541,40148.2381666062
error,0.22362506782665,-0.410611276084944,-0.0659551463695178,0.094708838492299,0.00896976408856038,7.23273985456136,-1.09802540747118,0,0.00896086551307569,-0.000931402348230413,0.000580768113080128
