signalsNamesOrdered,maxSignals,minSignals,meanSignals,standardDeviationSignals,varianceSignals,kurtosisSignals,skewnessSignals,firstMomentSignals,secondMomentSignals,thirdMomentSignals,fourthMomentSignals
compassSystem,39.9466793791862,0,17.0241243355166,12.4695906076027,155.490689921212,1.71434332530515,0.225570027441463,0,155.328720452545,436.675714380808,41361.9809487364
compassFilter,39.9445720151217,0,17.0220683438928,12.4695172182908,155.488859657252,1.71433313265607,0.225586619914558,0,155.326892095109,436.700124721693,41360.7613073583
fullSystem,39.9462846846444,0,17.0242272205155,12.4695160176894,155.488829715413,1.71433104771306,0.225586960584854,0,155.326862184459,436.700658065211,41360.6950757824
gyroFilter,0.00289223956514562,0,0.00215887662270424,0.000240274377878322,5.77317766648145e-08,10.1104493643488,-1.00242574211202,0,5.76716393974553e-08,-1.3883394239228e-11,3.36275364807967e-14
gyroSystem,40.9766705317887,0,17.5150613901404,12.7497578336943,162.556324817849,1.71627089256251,0.232283695205831,0,162.38699531283,480.668426019095,45257.2675106332
input,40,0,17.0911136162093,12.4509921508945,155.027205541636,1.71252852774301,0.229392012209006,0,154.865718869197,442.090548558595,41072.241075507
error,0.223591973482613,-0.410605359814233,-0.066886395693822,0.0969425317339511,0.00939785445898813,7.01872646849532,-0.986747180638403,0,0.00938806502726001,-0.000897573512179821,0.000618600826318199
