signalsNamesOrdered,maxSignals,minSignals,meanSignals,standardDeviationSignals,varianceSignals,kurtosisSignals,skewnessSignals,firstMomentSignals,secondMomentSignals,thirdMomentSignals,fourthMomentSignals
compassSystem,39.9466810887457,0,16.4458146927542,12.1480663904336,147.575517026383,1.82188600440187,0.347236711119559,0,147.433753801574,621.614331860178,39601.8109373038
compassFilter,39.9438191566043,0,16.4430050470231,12.147987252262,147.573594281121,1.82187277743361,0.347259170900036,0,147.431832903329,621.642389624286,39600.4915053992
fullSystem,39.9461440046327,0,16.4459294936771,12.1479930996298,147.573736348652,1.82186923392089,0.347258986721084,0,147.431974834389,621.642957590783,39600.4907289252
gyroFilter,0.00391175006518196,0,0.00292444665397515,0.000324128846472052,1.05059509115303e-07,10.3008529359688,-1.04270270430036,0,1.04958587396653e-07,-3.54558144120505e-11,1.13477338406334e-13
gyroSystem,40.9766705317887,0,16.9248351895871,12.4194099692262,154.241743983715,1.82527729231965,0.354273194977166,0,154.093577082674,677.665067835808,43340.8999182231
input,40,0,16.5140572039928,12.1286721438472,147.104687972935,1.82079961509929,0.351496290556829,0,146.963377033479,626.230809803127,39326.0564983096
error,0.224093221407799,-0.410535542251576,-0.0681277103157509,0.0917046603172015,0.00840974472389331,7.75831711615794,-1.10786793534362,0,0.00840166619870225,-0.000853171082929659,0.000547644049139783
