signalsNamesOrdered,maxSignals,minSignals,meanSignals,standardDeviationSignals,varianceSignals,kurtosisSignals,skewnessSignals,firstMomentSignals,secondMomentSignals,thirdMomentSignals,fourthMomentSignals
compassSystem,39.9466784959419,0,17.3647257572734,12.4996722936561,156.241807448794,1.70854022777043,0.170072881404027,0,156.074166024493,331.613043190446,41618.5796595664
compassFilter,39.9431863536369,0,17.3613142097222,12.4995554220187,156.238885748117,1.7085214887943,0.170098913856924,0,156.071247458688,331.654498964207,41616.5667021229
fullSystem,39.946022292798,0,17.3648888759679,12.4995574563946,156.238936605709,1.70851823197719,0.170098761305206,0,156.071298261711,331.654363458799,41616.5144651237
gyroFilter,0.0047604945576083,0,0.00357466624569855,0.000403079040662445,1.62472713021357e-07,11.2554374281977,-1.21538837530614,0,1.62298386076055e-07,-7.94669198278146e-11,2.96476844907004e-13
gyroSystem,40.9766705317887,0,17.8643048757896,12.779482117895,163.315163201598,1.70986504434874,0.177015861521594,0,163.139932339794,368.85238833569,45507.4383700137
input,40,0,17.4320752699218,12.48010946755,155.753132322031,1.70636497618624,0.174050047100297,0,155.586015227265,337.776928516131,41305.990858623
error,0.223357552135884,-0.410546677549579,-0.067186393953835,0.0937605728323972,0.00879104501785925,7.69413142599761,-1.17213687196099,0,0.00878161256612335,-0.000964583295845819,0.000593346173139708
