signalsNamesOrdered,maxSignals,minSignals,meanSignals,standardDeviationSignals,varianceSignals,kurtosisSignals,skewnessSignals,firstMomentSignals,secondMomentSignals,thirdMomentSignals,fourthMomentSignals
compassSystem,39.9466794311479,0,16.9328207036147,12.4559263548546,155.150101357562,1.716701426903,0.241893807586249,0,154.989822327234,466.744835606594,41238.3356313077
compassFilter,39.9455041562912,0,16.9316652485986,12.4558968274848,155.149365776946,1.71669636586638,0.241901100373812,0,154.989087506515,466.755587948661,41237.8230286169
fullSystem,39.9464600006418,0,16.9328685275389,12.4558969046452,155.149367699151,1.71669506189033,0.24190124966894,0,154.989089426734,466.755884692412,41237.7927268249
gyroFilter,0.00161995155747974,0,0.00120327894026297,0.000134087924959814,1.79795716200287e-08,9.34210786397486,-0.858903293778289,0,1.79609976824047e-08,-2.06747350850744e-12,3.01374006007764e-15
gyroSystem,40.9766705317887,0,17.4232061224381,12.7343267111027,162.163076785105,1.7190731466422,0.248641620812775,0,161.995552945451,512.658859501653,45112.8787753683
input,40,0,17.0013852247164,12.4359800139388,154.653598907085,1.71528472370667,0.245736263662886,0,154.493832792512,471.884782267016,40941.0064796101
error,0.22291749582959,-0.410623729609332,-0.0685166971775505,0.0962538715445536,0.00926480778731543,6.88023509613684,-0.951782432062554,0,0.00925523670489052,-0.000847459553658817,0.000589356854664787
