signalsNamesOrdered,maxSignals,minSignals,meanSignals,standardDeviationSignals,varianceSignals,kurtosisSignals,skewnessSignals,firstMomentSignals,secondMomentSignals,thirdMomentSignals,fourthMomentSignals
compassSystem,39.9466791311685,0,17.1537081285412,12.4799716530196,155.749692460173,1.70802252752354,0.206473209786703,0,155.585572657791,400.698478455737,41345.8799969271
compassFilter,39.945433524337,0,17.1524982398231,12.4799237195355,155.748496045425,1.70801795419347,0.206482616635765,0,155.584377503755,400.712116901679,41345.1340858359
fullSystem,39.946446507624,0,17.1537754523467,12.4799215778575,155.748442589473,1.70801665205965,0.206483047457359,0,155.584324104131,400.712746680148,41345.0741848328
gyroFilter,0.00171636815142406,0,0.00127721252363185,0.000143254265230971,2.05217845068653e-08,9.32050259991487,-0.8928493914105,0,2.05001598656568e-08,-2.62068050872507e-12,3.91700230901149e-15
gyroSystem,40.9766705317887,0,17.6469986551265,12.761252904896,162.849575702716,1.70980013840406,0.213039786163817,0,162.67797446383,442.032144107703,45248.3618104362
input,40,0,17.2198629472725,12.4623066632838,155.309087369728,1.70613958421419,0.210115558945138,0,155.145431850898,406.03802043747,41066.9589779834
error,0.222939696695003,-0.410443155737774,-0.0660874949257933,0.0969799592822343,0.00940511250238382,6.99478066117818,-1.00032048636274,0,0.00939520195180175,-0.000910957976268547,0.000617428027909141
