signalsNamesOrdered,maxSignals,minSignals,meanSignals,standardDeviationSignals,varianceSignals,kurtosisSignals,skewnessSignals,firstMomentSignals,secondMomentSignals,thirdMomentSignals,fourthMomentSignals
compassSystem,39.946683326915,0,16.3748978890532,11.6972435059606,136.825505637737,1.96743844910278,0.391698516766809,0,136.703011899476,626.064461618179,36766.9259917184
compassFilter,39.9455429331879,0,16.3737789985271,11.6972126103985,136.824782852867,1.96743452938434,0.3917074822715,0,136.702289761682,626.073830561856,36766.4642981467
fullSystem,39.9464704393981,0,16.3749476107662,11.6972114716137,136.824756211652,1.96743328587117,0.391707824253439,0,136.702263144318,626.07419430354,36766.4267423554
gyroFilter,0.00157266022306146,0,0.00116861223908072,0.000129188828158288,1.66897533209117e-08,8.66919360721247,-0.805925167954529,0,1.66748117333371e-08,-1.73534619248743e-12,2.41046361579971e-15
gyroSystem,40.9766705317887,0,16.8479549146397,11.9622107834745,143.094486828273,1.97078739249195,0.398825790941515,0,142.96638075233,681.764085874326,40281.6842891742
input,40,0,16.4388275667118,11.6821877779343,136.473511278918,1.96592264001955,0.395955221541567,0,136.351332665418,630.427508149036,36549.8162655443
error,0.223756946081138,-0.410762511039504,-0.0638799559456219,0.0898238602262988,0.00806832586595366,8.21752087646733,-1.08067924827809,0,0.00806110265568871,-0.000782147190625221,0.000533985814071543
