signalsNamesOrdered,maxSignals,minSignals,meanSignals,standardDeviationSignals,varianceSignals,kurtosisSignals,skewnessSignals,firstMomentSignals,secondMomentSignals,thirdMomentSignals,fourthMomentSignals
compassSystem,39.9466806781994,0,16.5824559411253,12.2775615101896,150.73851663649,1.77181799092485,0.317968937921671,0,150.589712572683,587.594406291527,40179.979968587
compassFilter,39.9455122763096,0,16.5813098198814,12.2775304598314,150.737754192087,1.77181388065529,0.317976497469681,0,150.58895088094,587.603917814765,40179.4802954327
fullSystem,39.9464625373256,0,16.5825068271695,12.2775298557346,150.737739358454,1.77181269637918,0.3179766654132,0,150.58893606195,587.604141429143,40179.4455316958
gyroFilter,0.00161053589274829,0,0.0011970072881233,0.000132806803264409,1.76376469933116e-08,9.17289371574563,-0.856007407996356,0,1.76202356932194e-08,-2.002143000473e-12,2.84793313271943e-15
gyroSystem,40.9766705317887,0,17.0614014446083,12.5549512786493,157.626801609257,1.77437895356843,0.324729575819421,0,157.471197659001,641.687443419149,43999.5909146169
input,40,0,16.6476205128499,12.2610541497159,150.333448862265,1.77013028558028,0.32188977689029,0,150.185044667929,592.443877820346,39926.2579887897
error,0.221144990634907,-0.410684641381685,-0.0651136856804057,0.0945183773636483,0.00893372365945702,7.21473073374449,-1.01407511157744,0,0.00892490458378135,-0.000855018470411772,0.000574681597887306
