signalsNamesOrdered,maxSignals,minSignals,meanSignals,standardDeviationSignals,varianceSignals,kurtosisSignals,skewnessSignals,firstMomentSignals,secondMomentSignals,thirdMomentSignals,fourthMomentSignals
compassSystem,39.9466780831398,0,17.9936706672713,12.3498510240371,152.518820315909,1.72096576483357,0.113116491399273,0,152.348408226171,212.707501999956,39943.6799191552
compassFilter,39.9465180969918,0,17.9935140198533,12.349845856073,152.518692668763,1.72096462918933,0.113117744063026,0,152.348280721647,212.709590510949,39943.5867009791
fullSystem,39.9466483453929,0,17.9936781577041,12.3498454452768,152.518682522223,1.72096443130067,0.113117821078029,0,152.348270586444,212.709714105733,39943.5767933678
gyroFilter,0.000221730107927698,0,0.000164137850838304,1.85193891503259e-05,3.42967774501209e-10,9.42226765473314,-0.856155971068521,0,3.42584570283889e-10,-5.42880932322687e-15,1.1058367904999e-18
gyroSystem,40.9766705317887,0,18.5078152577419,12.6264388652534,159.42695841798,1.72171975707913,0.120205229905178,0,159.248827738184,241.567068797467,43663.1386786902
input,40,0,18.0608248023392,12.3302131360914,152.034155981441,1.71848978306612,0.117096254239665,0,151.864285416098,219.142433077882,39633.119465617
error,0.219109850449947,-0.41025492686152,-0.0671466446350813,0.0857176535164019,0.00734751612435792,8.35460965728644,-1.29573105355874,0,0.00733930660913518,-0.000814699433199345,0.000450024570681894
