signalsNamesOrdered,maxSignals,minSignals,meanSignals,standardDeviationSignals,varianceSignals,kurtosisSignals,skewnessSignals,firstMomentSignals,secondMomentSignals,thirdMomentSignals,fourthMomentSignals
compassSystem,39.9466787618673,0,17.1779772991866,12.5119469750798,156.548817107208,1.70547124197664,0.195436914650321,0,156.383156983285,382.200773931206,41708.4790471787
compassFilter,39.9440222831592,0,17.1753844970215,12.5118561602061,156.546544573687,1.70545821964363,0.195456858701092,0,156.380886854562,382.231453841815,41706.9496767129
fullSystem,39.9461804822988,0,17.1781025015107,12.5118587339058,156.546608977216,1.70545549297054,0.195456724258766,0,156.380951189938,382.231426805059,41706.9173125519
gyroFilter,0.00363685221877219,0,0.00271800448924527,0.000306861176934084,9.41637819093709e-08,10.247114942401,-1.05855081758327,0,9.40641376957102e-08,-3.05385090271045e-11,9.06671083359739e-14
gyroSystem,40.9766705317887,0,17.6719145660346,12.7935705489733,163.675447391557,1.70704517517022,0.202135348824638,0,163.502245859925,422.598403474452,45634.4120400365
input,40,0,17.24402078207,12.4940529189075,156.10135834046,1.70339990350485,0.199212344755726,0,155.936171717877,387.914978376381,41420.024763472
error,0.223758358801842,-0.41054847686426,-0.0659182805592999,0.0976552934644988,0.00953655634163737,6.98849123817321,-1.00636924132458,0,0.00952646474762506,-0.000935739584069385,0.000634230253345727
