signalsNamesOrdered,maxSignals,minSignals,meanSignals,standardDeviationSignals,varianceSignals,kurtosisSignals,skewnessSignals,firstMomentSignals,secondMomentSignals,thirdMomentSignals,fourthMomentSignals
compassSystem,39.9470621005344,0,19.2466799957448,11.943374578056,142.644196311754,1.77895665691664,0.0197153991261998,0,142.301301609081,33.4671617205488,36023.2682393967
compassFilter,39.903843948683,0,19.2040399090892,11.9423573992177,142.619900250651,1.77862272131829,0.0199899053622039,0,142.277063951971,33.9244706481132,36004.2380838542
fullSystem,39.9401247214182,0,19.2479976456354,11.9429193878667,142.633323505083,1.7787256962726,0.0198545327634045,0,142.290454938965,33.699489592208,36013.1006646299
gyroFilter,0.0553621647291962,0,0.0439577365461925,0.00501647935903261,2.51650651596002e-05,33.0369904544094,-3.87141237241275,0,2.5104572214505e-05,-4.86966035722483e-07,2.08212178676148e-08
gyroSystem,40.9766705317887,0,19.7825973062541,12.2204628085979,149.339711256324,1.77819377118515,0.0260567644126326,0,148.980721565804,47.3822409040082,39467.4648990631
input,40,0,19.3063603899202,11.9327676311448,142.390943338896,1.77561634927919,0.0225672846202382,0,142.048657417409,38.2063021794553,35828.0689919814
error,0.237378185015829,-0.407974582820377,-0.0583627442848155,0.0851129488191412,0.00724421405668975,8.63289353983698,-0.9013397882045,0,0.00722680008059193,-0.000553742177058649,0.00045086701792547
