signalsNamesOrdered,maxSignals,minSignals,meanSignals,standardDeviationSignals,varianceSignals,kurtosisSignals,skewnessSignals,firstMomentSignals,secondMomentSignals,thirdMomentSignals,fourthMomentSignals
compassSystem,39.9466804413247,0,16.5273185014065,12.3488015535313,152.492899808496,1.76064019105052,0.311927795421019,0,152.342066079705,586.521366429763,40861.1225926651
compassFilter,39.9412517612884,0,16.5220346991803,12.3486001942659,152.487926757823,1.76061753005853,0.311975127835941,0,152.337097947974,586.581670809335,40857.931651483
fullSystem,39.9456580060679,0,16.5275918066409,12.3486037204568,152.48801384488,1.76061326186503,0.311974522964436,0,152.337184948891,586.581036019449,40857.879269734
gyroFilter,0.00734066848258053,0,0.00555710746053938,0.00062060925979537,3.85155853343757e-07,12.8041105337934,-1.45229275530237,0,3.84774888108007e-07,-3.46628487190821e-10,1.89567051741287e-12
gyroSystem,40.9766705317887,0,17.0058382223058,12.6271813311619,159.445708370044,1.76332640510891,0.318572231551181,0,159.287997481448,640.44596886109,44740.2921755838
input,40,0,16.5935812377477,12.3313951228206,152.063305675124,1.759132173683,0.315786721538998,0,151.912896866345,591.269984340159,40596.4224060787
error,0.221363884642361,-0.410205845926792,-0.0659894311068384,0.0950005036784428,0.00902509569915783,7.27219543658392,-1.04672454439857,0,0.00901616879935649,-0.000896118532134408,0.000591166219573994
