signalsNamesOrdered,maxSignals,minSignals,meanSignals,standardDeviationSignals,varianceSignals,kurtosisSignals,skewnessSignals,firstMomentSignals,secondMomentSignals,thirdMomentSignals,fourthMomentSignals
compassSystem,39.9466790958327,0,17.1494983127087,12.473205376758,155.580852370786,1.71126810483307,0.207479050658411,0,155.417083052501,401.996602494122,41334.7735945495
compassFilter,39.9436886691792,0,17.1465877444601,12.4730935438912,155.57806255466,1.71125371009462,0.207503104770933,0,155.414296173024,402.032394147755,41332.9435244483
fullSystem,39.9461177388136,0,17.1496486800695,12.4730954504725,155.578110116597,1.71125090505334,0.207502931428036,0,155.414343684895,402.032242658453,41332.9010444329
gyroFilter,0.00408608906920094,0,0.00306093560938498,0.000343457571943251,1.17963103725153e-07,10.7605396044611,-1.12861027266219,0,1.17838932037021e-07,-4.5653827732396e-11,1.49421002558062e-13
gyroSystem,40.9766705317887,0,17.6421923784147,12.7547853987779,162.684550568877,1.71291130604119,0.214060910922059,0,162.513303673541,443.476639268688,45238.9705824812
input,40,0,17.2153093649567,12.4558169015341,155.147374684542,1.70924459577059,0.211161780733341,0,154.984061658558,407.423310334447,41056.1566651569
error,0.223994715305684,-0.410526968227699,-0.0656606848871298,0.0951378408924859,0.00905120876968397,7.4442445605911,-1.05684462212492,0,0.00904168118150536,-0.000908625510294608,0.000608581870806082
