signalsNamesOrdered,maxSignals,minSignals,meanSignals,standardDeviationSignals,varianceSignals,kurtosisSignals,skewnessSignals,firstMomentSignals,secondMomentSignals,thirdMomentSignals,fourthMomentSignals
compassSystem,39.9470621007616,0,18.8601446025728,12.0650218310451,145.564751783594,1.75412412849718,0.0537350350057265,0,145.223050488327,94.0396207051267,36994.0119625955
compassFilter,39.9072879984613,0,18.8209524041988,12.0640676882026,145.541729185535,1.75388614087931,0.0539665882729752,0,145.200081933926,94.4224478979048,36977.2933949024
fullSystem,39.9409716451401,0,18.8614352462108,12.0645278290633,145.552831738242,1.7539498167829,0.0538631525973508,0,145.211158424303,94.2522559648989,36984.2778738537
gyroFilter,0.0502151743703223,0,0.0404828420119904,0.00446017642301183,1.98931737243906e-05,36.2769238736971,-4.12900982621627,0,1.98464761334883e-05,-3.65065696072188e-07,1.42888496365211e-08
gyroSystem,40.9766705317887,0,19.3864996040209,12.3457207204996,152.416820108573,1.75417246033106,0.0596243187432079,0,152.059034145877,111.799991696123,40559.8876829998
input,40,0,18.9194373642924,12.0553160388019,145.330644795394,1.75138473604376,0.0562611570855752,0,144.989493047048,98.2230593145088,36817.5277707294
error,0.23669384944846,-0.408523264046968,-0.0580021180816752,0.0880582291479131,0.00775425172066638,8.05196665303111,-0.854637172236853,0,0.00773604925183852,-0.000581514592649544,0.000481881684334394
