signalsNamesOrdered,maxSignals,minSignals,meanSignals,standardDeviationSignals,varianceSignals,kurtosisSignals,skewnessSignals,firstMomentSignals,secondMomentSignals,thirdMomentSignals,fourthMomentSignals
compassSystem,39.9466790555162,0,17.2225679320339,12.4614860576003,155.288634763768,1.70884481834318,0.200990768587012,0,155.124308166134,388.325488599071,41120.8744099826
compassFilter,39.9456554910145,0,17.2215694507961,12.4614515733,155.2877753137,1.70884065300203,0.200997917266598,0,155.123449625537,388.336076340258,41120.3190097826
fullSystem,39.9464880630274,0,17.2226181809009,12.4614507198557,155.287754043392,1.70883952396234,0.200998169192939,0,155.123428377738,388.336483284385,41120.2805766006
gyroFilter,0.00141190197490459,0,0.00104873010478557,0.000117417103895787,1.3786776287274e-08,9.30970558847778,-0.856218139664332,0,1.37721871060177e-08,-1.38384929212787e-12,1.76580106987302e-15
gyroSystem,40.9766705317887,0,17.7158804862751,12.7440891920157,162.411809334051,1.71040761574004,0.207418066417567,0,162.239944985549,428.630693572529,45021.0067505265
input,40,0,17.2871511589037,12.4454997617647,154.890464320085,1.70676659604111,0.204482184628918,0,154.726559066836,393.552592444424,40860.5181310087
error,0.223442387444116,-0.41045605543778,-0.0645329780028365,0.0952333790408253,0.0090693964835335,7.34031098498532,-1.00439602668666,0,0.00905979923857738,-0.000866129532441879,0.000602492448501875
