signalsNamesOrdered,maxSignals,minSignals,meanSignals,standardDeviationSignals,varianceSignals,kurtosisSignals,skewnessSignals,firstMomentSignals,secondMomentSignals,thirdMomentSignals,fourthMomentSignals
compassSystem,39.9466798712306,0,17.1908778219824,12.321199288717,151.81195191228,1.72916447718993,0.23469884748389,0,151.653484321557,438.318242759459,39768.6721961684
compassFilter,39.9463561251836,0,17.1905616685186,12.3211884353677,151.811684459838,1.72916278468639,0.234701398458228,0,151.653217148294,438.321848588239,39768.4931471836
fullSystem,39.9466196463838,0,17.1908935877918,12.3211879268522,151.811671928808,1.72916242269784,0.234701508222386,0,151.653204630344,438.321999309958,39768.4782566784
gyroFilter,0.000448257370674554,0,0.000331919273193016,3.68912308605738e-05,1.36096291440816e-09,9.38893401072645,-0.845942378167026,0,1.35954228506117e-09,-4.24062492300905e-14,1.73540852346799e-17
gyroSystem,40.9766705317887,0,17.6843096964566,12.5999961080374,158.759901922557,1.73134095649443,0.241130044067029,0,158.594181774412,481.59525739826,43546.8859636406
input,40,0,17.2568542232916,12.3041886696332,151.393058817931,1.72758322026629,0.238202842848944,0,151.235028485136,443.022240363671,39513.3418769013
error,0.220331327141544,-0.41024646124977,-0.065960635499789,0.0878605071809998,0.00771946872210252,7.73197087326968,-1.00764754587211,0,0.00771141082155753,-0.000682353482446436,0.000459788273186533
