signalsNamesOrdered,maxSignals,minSignals,meanSignals,standardDeviationSignals,varianceSignals,kurtosisSignals,skewnessSignals,firstMomentSignals,secondMomentSignals,thirdMomentSignals,fourthMomentSignals
compassSystem,39.9466791289055,0,17.0499522295901,12.4676093358406,155.441282551141,1.71245311697385,0.223147304884604,0,155.279026515075,431.778333152773,41289.9436055895
compassFilter,39.9455175183076,0,17.0488124416407,12.4675772414382,155.440482271227,1.71244786969634,0.223154943206316,0,155.278227070527,431.789778318471,41289.3919303694
fullSystem,39.9464622604723,0,17.0500031138334,12.4675758247616,155.44044694618,1.71244671767913,0.223155230993606,0,155.278191782353,431.790187975972,41289.3453870548
gyroFilter,0.00160117473338417,0,0.00119067219265782,0.000132725845948751,1.76161501828115e-08,9.41343498699242,-0.879698894846069,0,1.75977617170674e-08,-2.05362052195297e-12,2.91516400716466e-15
gyroSystem,40.9766705317887,0,17.5406292877298,12.7488443629248,162.53303259008,1.71436345007074,0.229684505462485,0,162.363373892178,475.186178037808,45193.8181431152
input,40,0,17.1158893380011,12.450286820313,155.009641908059,1.71061731969773,0.226769822701349,0,154.847836436339,436.961298170097,41016.9296884419
error,0.22344186932579,-0.410729528898368,-0.065886224167736,0.0960335506438604,0.0092224428492669,7.30667832723566,-1.03952934847652,0,0.00921281608220086,-0.000919232471077039,0.000620161484770534
