signalsNamesOrdered,maxSignals,minSignals,meanSignals,standardDeviationSignals,varianceSignals,kurtosisSignals,skewnessSignals,firstMomentSignals,secondMomentSignals,thirdMomentSignals,fourthMomentSignals
compassSystem,39.9466784786245,0,17.3463945151997,12.4916040427714,156.040171561383,1.71026782771597,0.174102228980456,0,155.873104996542,338.813815833198,41553.3937687364
compassFilter,39.9416094669151,0,17.3414506024672,12.4914248187595,156.03569400272,1.7102415059357,0.174141283328043,0,155.868632231839,338.875231519244,41550.3695727165
fullSystem,39.9457240048081,0,17.3466375515248,12.4914311463221,156.035852083307,1.71023739578693,0.174140275797007,0,155.868790143175,338.873785856873,41550.3539061655
gyroFilter,0.00686095296743972,0,0.00518694905759939,0.00058808376753786,3.45842517641524e-07,12.6003600325847,-1.42964657160134,0,3.45472236573385e-07,-2.90300921583221e-10,1.50386640493488e-12
gyroSystem,40.9766705317887,0,17.8480104263746,12.7682832820033,163.029057969486,1.7116516037527,0.181449561837414,0,162.854508656885,377.099193594525,45395.7237518933
input,40,0,17.4162268673966,12.469112174673,155.478758424579,1.70815130918221,0.178479147082706,0,155.312292944467,345.458775272397,41203.869310377
error,0.222668732768598,-0.410137405666786,-0.0695893158717439,0.0958566773484305,0.0091885025922811,7.44278031039317,-1.19508653446863,0,0.00917866479507309,-0.00105091748449812,0.000627038517684135
