signalsNamesOrdered,maxSignals,minSignals,meanSignals,standardDeviationSignals,varianceSignals,kurtosisSignals,skewnessSignals,firstMomentSignals,secondMomentSignals,thirdMomentSignals,fourthMomentSignals
compassSystem,39.9466801173656,0,16.8844446578425,12.4090204726523,153.983789090704,1.72949917395069,0.255869844910436,0,153.826018814997,488.161816271599,40924.1774631582
compassFilter,39.9451044971274,0,16.882894711947,12.4089829896042,153.982858836285,1.72949255044072,0.255879131007238,0,153.825089513707,488.175108956192,40923.5262718151
fullSystem,39.9463855142208,0,16.8845093945589,12.4089817268286,153.982827496765,1.72949108691876,0.255879340349364,0,153.825058206297,488.175359311753,40923.4749837369
gyroFilter,0.00216781431034363,0,0.00161468261195748,0.000178767650348557,3.19578728111438e-08,9.73607774119955,-0.92186097749149,0,3.19251290890013e-08,-5.25853083189951e-12,9.92314544742237e-15
gyroSystem,40.9766705317887,0,17.367953235322,12.6923607165691,161.096020559506,1.731404584103,0.262125968981686,0,160.930963161392,535.142526477886,44841.2575915298
input,40,0,16.9473723289021,12.3950700969639,153.63776270865,1.72754422755977,0.259206578632798,0,153.480346968169,492.861821969518,40694.40653819
error,0.221432811700988,-0.410304188464592,-0.0628629343431021,0.0939696921524433,0.00883030304322496,7.42218021552788,-1.01921559296272,0,0.00882125560158231,-0.000844426139623528,0.000577553616373331
