signalsNamesOrdered,maxSignals,minSignals,meanSignals,standardDeviationSignals,varianceSignals,kurtosisSignals,skewnessSignals,firstMomentSignals,secondMomentSignals,thirdMomentSignals,fourthMomentSignals
compassSystem,39.9470621002886,0,19.7947481617238,11.6803816239203,136.431314880416,1.80147894018405,-0.00107423646137474,0,136.093613605959,-1.7055187866839,33366.0411445027
compassFilter,38.0160459093256,0,17.9755884048392,11.5085982506719,132.447833695369,1.76271055961165,0.0398487382384012,0,132.119992522855,60.5156057993548,30769.3333615399
fullSystem,39.9770955323304,0,19.8426891876428,11.6803220965005,136.429924277998,1.79836094158468,0.000293598244648515,0,136.092226445627,0.466126113027267,33307.6122229263
gyroFilter,2.04278407343385,0,1.86710078280355,0.336329364602043,0.113117441493614,18.0744922302552,-3.83178716572308,0,0.11283744782655,-0.145238334629015,0.230129670027114
gyroSystem,40.9766705317887,0,20.3405013591389,11.956388947408,142.9552366617,1.80129966249518,0.00444288149869146,0,142.601387066003,7.56572157100921,36629.7089067245
input,40,0,19.8516236244666,11.6741182747893,136.28503749377,1.79890867461384,0.000805913206323561,0,135.947698292053,1.27745632527954,33247.0283755703
error,0.0581000414092756,-0.093393010710892,-0.00893443682380094,0.0281871015349454,0.000794512692941323,2.94883265456327,-0.467398379092565,0,0.000792546077364736,-1.04285513315609e-05,1.85224814614715e-06
