signalsNamesOrdered,maxSignals,minSignals,meanSignals,standardDeviationSignals,varianceSignals,kurtosisSignals,skewnessSignals,firstMomentSignals,secondMomentSignals,thirdMomentSignals,fourthMomentSignals
compassSystem,39.9466785945335,0,17.4601605582111,12.4642049419046,155.3564048338,1.708452949031,0.165597290039987,0,155.188814321574,320.14288029524,41145.6429274649
compassFilter,39.9456135679031,0,17.4591119093533,12.464180249418,155.355789289982,1.70844790307745,0.165603241230215,0,155.188199441773,320.152482759887,41145.1953549168
fullSystem,39.9464798333231,0,17.4602036415333,12.4641787376868,155.355751605003,1.70844672640027,0.165603575928457,0,155.188161797446,320.15301332498,41145.14705522
gyroFilter,0.00146890218818641,0,0.00109173218004489,0.000121955441305621,1.48731296640487e-08,9.54096979035653,-0.88742375300734,0,1.48570852954791e-08,-1.60705771472129e-12,2.10600672709068e-15
gyroSystem,40.9766705317887,0,17.9609756130128,12.7447030600576,162.42745608904,1.70991960042407,0.172246911981984,0,162.252237689807,355.989744863515,45014.9819842056
input,40,0,17.5263340934284,12.4463315363302,154.911168712247,1.70645242194179,0.16921304774319,0,154.744058497886,325.727797140918,40862.2381013047
error,0.223100008234527,-0.410459147304701,-0.0661304518950628,0.0926846598603593,0.0085904461734305,7.63851999357025,-1.09738910118028,0,0.00858117924120457,-0.00087233059147489,0.000562474925279881
