signalsNamesOrdered,maxSignals,minSignals,meanSignals,standardDeviationSignals,varianceSignals,kurtosisSignals,skewnessSignals,firstMomentSignals,secondMomentSignals,thirdMomentSignals,fourthMomentSignals
compassSystem,39.9470621108432,0,19.1637721561679,11.9174528902082,142.025683390332,1.76829215218943,0.0395917754135934,0,141.855388805931,66.8919312760927,35583.2569215322
compassFilter,39.9309869298672,0,19.1478176274343,11.9172347961955,142.020485187653,1.7682210048707,0.0396500767791642,0,141.850196836109,66.9867560431613,35579.2206541583
fullSystem,39.9465374331351,0,19.1644913905789,11.9176239334245,142.029760218534,1.76814567704756,0.0396302734031364,0,141.85946074585,66.9598582183843,35582.3520947212
gyroFilter,0.0617524002106222,-0.0220968221127436,0.0166737631445231,0.00577625346552751,3.33651040980186e-05,19.724586459713,0.829177293661499,0,3.3325097977997e-05,1.59516111072011e-07,2.19053792499777e-08
gyroSystem,40.9766705317887,0,19.6977883598959,12.1941372465032,148.696983186558,1.76797718142805,0.0457861689909098,0,148.51868944173,82.871646833613,38997.6890411267
input,40,0,19.2233698923889,11.9072081863008,141.78160679191,1.76530424448736,0.0422879460256312,0,141.611604865301,71.2631242563003,35401.1405786968
error,0.23822957118461,-0.411023865696475,-0.0588785018100897,0.0854842932201604,0.00730756438735037,8.30191147173424,-0.790657370355102,0,0.00729880231973963,-0.000493021349158299,0.000442263705919097
