signalsNamesOrdered,maxSignals,minSignals,meanSignals,standardDeviationSignals,varianceSignals,kurtosisSignals,skewnessSignals,firstMomentSignals,secondMomentSignals,thirdMomentSignals,fourthMomentSignals
compassSystem,39.9466842729678,0,16.586305746407,11.4460651985663,131.012408529832,2.02845060632756,0.344479774631215,0,130.900336324075,515.911099967914,34757.2943383882
compassFilter,39.9429296736558,0,16.5826190348208,11.445957328042,131.009939155358,2.02842951155289,0.344515578348217,0,130.897869061983,515.950133908447,34755.6226686729
fullSystem,39.9459784301806,0,16.586465318726,11.445956361606,131.00991703179,2.02842678514896,0.344515142758177,0,130.89784695734,515.949350872143,34755.564215476
gyroFilter,0.00511787697478283,0,0.00384628390521451,0.000420025118568006,1.76421100228067e-07,10.7906916282889,-1.15349026037352,0,1.76270183974664e-07,-8.53654666106531e-11,3.35279497719312e-13
gyroSystem,40.9766705317887,0,17.0661294710563,11.7031759997708,136.964328481612,2.03173569801147,0.352057755392262,0,136.847164813108,563.595636423856,38048.6121012642
input,40,0,16.6517209936329,11.4289658948992,130.621261426769,2.02699351878404,0.349247870162538,0,130.509523820758,520.711385752605,34525.2450898167
error,0.222238798699948,-0.410516242653773,-0.0652556749068856,0.0847389987155931,0.00718069790332128,8.9869316750032,-1.33988425121981,0,0.00717455530460159,-0.000814253743757644,0.000462595512221893
