signalsNamesOrdered,maxSignals,minSignals,meanSignals,standardDeviationSignals,varianceSignals,kurtosisSignals,skewnessSignals,firstMomentSignals,secondMomentSignals,thirdMomentSignals,fourthMomentSignals
compassSystem,39.9466839056826,0,16.12574766841,11.6705340338493,136.201364635235,2.00367117541126,0.4088999585619,0,136.083339189277,649.119270981303,37105.3357148693
compassFilter,39.9411364356155,0,16.1202846125836,11.6704058289866,136.198372213243,2.00365112114707,0.408940820979464,0,136.080349360372,649.162744824964,37103.3339197376
fullSystem,39.9456390207189,0,16.125962643985,11.6704150443592,136.198587307605,2.00364588549131,0.408937356387992,0,136.080564268343,649.158782842025,37103.3541589351
gyroFilter,0.00750765017068034,0,0.00567803140146665,0.000617878210551433,3.81773483074241e-07,12.7085146246634,-1.39250590689754,0,3.81442656832409e-07,-3.28050673811733e-10,1.8490698208528e-12
gyroSystem,40.9766705317887,0,16.59428214654,11.9333830196186,142.405630292922,2.00763139854508,0.416187245680643,0,142.28222853357,706.341551693702,40642.9569198358
input,40,0,16.1908841909662,11.6542737828665,135.82209740601,2.00266924483923,0.413324798561681,0,135.704400614497,653.404858629398,36880.5246626819
error,0.224098157973995,-0.410214646820953,-0.0649215469811237,0.0899369379961558,0.00808865281612437,8.19775800657666,-1.10295885193764,0,0.00808164358491456,-0.000801325292174226,0.000535419865641864
