signalsNamesOrdered,maxSignals,minSignals,meanSignals,standardDeviationSignals,varianceSignals,kurtosisSignals,skewnessSignals,firstMomentSignals,secondMomentSignals,thirdMomentSignals,fourthMomentSignals
compassSystem,39.9466788555768,0,17.1946511063989,12.4356921294504,154.646438738475,1.71271815087526,0.210417603678389,0,154.483481479531,404.022119622064,40874.2688131865
compassFilter,39.9456457655402,0,17.1936392827459,12.4356622928079,154.645696660764,1.71271380948049,0.210424176515833,0,154.482740183777,404.0318319406,40873.7729331627
fullSystem,39.9464860792197,0,17.1946984645693,12.4356607671651,154.64565871601,1.71271278764604,0.21042444932438,0,154.482702279006,404.032207052053,40873.7284891363
gyroFilter,0.00142514499732727,0,0.00105918182336002,0.000118465180806434,1.4033999063501e-08,9.31386902262263,-0.86264232739724,0,1.40192108663846e-08,-1.43191129918108e-12,1.83053173559909e-15
gyroSystem,40.9766705317887,0,17.687655800806,12.717384092482,161.731858155713,1.71438501656034,0.216874080028308,0,161.561434701387,445.363069576492,44749.0443109437
input,40,0,17.2598678530694,12.4191469960578,154.235212109692,1.71074452835818,0.213947494021266,0,154.072688177016,409.162377886889,40610.3263509235
error,0.223124903864648,-0.410462412846658,-0.0651693885000827,0.0924548067546976,0.00854789129204848,7.82125166489096,-1.12743471502898,0,0.00853888403041302,-0.000889596521491759,0.000570267328658504
