signalsNamesOrdered,maxSignals,minSignals,meanSignals,standardDeviationSignals,varianceSignals,kurtosisSignals,skewnessSignals,firstMomentSignals,secondMomentSignals,thirdMomentSignals,fourthMomentSignals
compassSystem,39.9466798066098,0,16.6313403073346,12.3542272604809,152.626931203609,1.75482131227294,0.296938025073223,0,152.474608916978,559.064747142658,40796.9744467369
compassFilter,39.9432865811771,0,16.6280144926936,12.3541304896601,152.624540155549,1.75480735458309,0.296961925017963,0,152.472220255194,559.096606701807,40795.371723582
fullSystem,39.9460423067939,0,16.6314886942979,12.354132095411,152.624579830865,1.7548047310819,0.296961398560497,0,152.472259890914,559.095833537493,40795.3319427968
gyroFilter,0.0046315910379171,0,0.00347420160430477,0.000387382769622293,1.50065410200239e-07,10.9358272437576,-1.16440025045755,0,1.49915644321795e-07,-6.7588486843051e-11,2.45779441065421e-13
gyroSystem,40.9766705317887,0,17.1098567910656,12.6353700146044,159.652575405963,1.75717282889984,0.303274789723555,0,159.493241498372,610.871322021989,44699.1277428019
input,40,0,16.6951262603797,12.3395006054308,152.263275191428,1.75305899830007,0.300436734452693,0,152.11131583495,563.631578991483,40562.020359994
error,0.222227178544647,-0.410498920877616,-0.063637566081783,0.0946713319122299,0.0089626610860356,7.4706119448049,-1.00158595717536,0,0.00895371631449265,-0.000848580841165446,0.000598911756752873
