signalsNamesOrdered,maxSignals,minSignals,meanSignals,standardDeviationSignals,varianceSignals,kurtosisSignals,skewnessSignals,firstMomentSignals,secondMomentSignals,thirdMomentSignals,fourthMomentSignals
compassSystem,39.9466796228315,0,16.9205912351685,12.4213689755897,154.290407227743,1.72516548771584,0.249116575488341,0,154.131672240884,476.694850636403,40984.018789806
compassFilter,39.9449362951606,0,16.9188929563317,12.4213078132025,154.288887790325,1.72515865429133,0.249129614006004,0,154.130154366672,476.712758357879,40983.0492447094
fullSystem,39.9463534787598,0,16.9206777429304,12.421307920305,154.288890451031,1.72515673815037,0.249129856016204,0,154.130157024641,476.713233778898,40983.0051381653
gyroFilter,0.00239669998638092,0,0.00178478659868053,0.000198921486799368,3.9569757910471e-08,9.66838025850922,-0.929127705928011,0,3.95290482829911e-08,-7.30213651566188e-12,1.51072855943642e-14
gyroSystem,40.9766705317887,0,17.4086807742236,12.7006373364386,161.306188751739,1.72712553481188,0.255968339899344,0,161.140235882652,523.591086216551,44846.844955259
input,40,0,16.9873157665208,12.4029149449724,153.83229913222,1.72328329885662,0.253093327024976,0,153.674035449986,482.149186909671,40696.5572058725
error,0.22367252317752,-0.410657543627891,-0.0666380235904118,0.095543953997424,0.00912864714546187,7.14802096311541,-1.07939371573368,0,0.0091192555331723,-0.000939980757778878,0.000594435295243889
