signalsNamesOrdered,maxSignals,minSignals,meanSignals,standardDeviationSignals,varianceSignals,kurtosisSignals,skewnessSignals,firstMomentSignals,secondMomentSignals,thirdMomentSignals,fourthMomentSignals
compassSystem,39.9466802503706,0,16.6131539358001,12.3261606132369,151.934235463311,1.76017199906417,0.304922009947419,0,151.783207396251,570.196257676775,40551.0925424605
compassFilter,39.9453023703812,0,16.611797533867,12.3261289720796,151.933455436339,1.76016689552065,0.304930216680161,0,151.782428144653,570.207212879525,40550.5585917685
fullSystem,39.9464227991571,0,16.6132084557819,12.326128675941,151.933448135854,1.76016538853579,0.304930487729528,0,151.782420851425,570.207678632731,40550.5199770444
gyroFilter,0.00189740432599095,0,0.00141092191497373,0.000156950447035209,2.46334428245519e-08,9.24552071720542,-0.873680163852063,0,2.46089563008694e-08,-3.372813039128e-12,5.59909409758618e-15
gyroSystem,40.9766705317887,0,17.0934146574262,12.6042747992364,158.867743214666,1.76276626792255,0.311574811676062,0,158.709822992783,622.971318278872,44401.9809206856
input,40,0,16.6788383547784,12.3093414755494,151.51988756168,1.75859768174927,0.308708965984467,0,151.369271371261,574.917890940453,40294.1442790969
error,0.223886880771531,-0.410473719641764,-0.0656298989964508,0.0950568807480133,0.00903581057754203,7.15879178988503,-1.02752521699591,0,0.00902682865847887,-0.000881242202944505,0.000583324381754701
