signalsNamesOrdered,maxSignals,minSignals,meanSignals,standardDeviationSignals,varianceSignals,kurtosisSignals,skewnessSignals,firstMomentSignals,secondMomentSignals,thirdMomentSignals,fourthMomentSignals
compassSystem,39.9466804769922,0,16.5675717738958,12.3148610701481,151.655803177049,1.76595997309923,0.312271109825271,0,151.505797437012,582.338742355851,40535.8569785593
compassFilter,39.9445819667297,0,16.5655239122661,12.3147908428897,151.654073504121,1.76595167857315,0.312287740573224,0,151.504069474938,582.359793120296,40534.7419520936
fullSystem,39.9462874514035,0,16.5676739144092,12.3147895721829,151.654042207145,1.76594971334324,0.31228804410477,0,151.504038208919,582.360178878109,40534.6801128663
gyroFilter,0.00288039055119782,0,0.00215000214310462,0.000237479245996158,5.63963922789037e-08,9.9613970074543,-0.992651609926098,0,5.63406094972233e-08,-1.32748359454762e-11,3.16201066849044e-14
gyroSystem,40.9766705317887,0,17.0462554310256,12.5930833479234,158.585748207745,1.76851533389383,0.318960195600353,0,158.428887922673,636.045302619556,44389.226482829
input,40,0,16.6329699389912,12.2981735567196,151.245072831198,1.76430152119096,0.316151669071166,0,151.095473352631,587.181899182355,40278.7250885141
error,0.223608518287291,-0.410627182374832,-0.0652960245820874,0.0954702003950104,0.00911455916346345,7.1657169303557,-1.01312704990868,0,0.0091055437735886,-0.00088028386316066,0.000594116236272951
