signalsNamesOrdered,maxSignals,minSignals,meanSignals,standardDeviationSignals,varianceSignals,kurtosisSignals,skewnessSignals,firstMomentSignals,secondMomentSignals,thirdMomentSignals,fourthMomentSignals
compassSystem,39.9470621116873,0,19.8101086322607,11.5637186327971,133.719588618499,1.80432842370619,-0.00155113488691149,0,133.632247280407,-2.39616363954002,32220.9346856246
compassFilter,39.9606586638324,0,19.8037955994802,11.5667456470323,133.78960486314,1.80444971296824,-0.0010358495204531,0,133.702217792687,-1.60141755915804,32256.8538053085
fullSystem,39.9950712975266,0,19.8134994269439,11.5683789067126,133.827390529273,1.80502249461836,-0.000554123217054249,0,133.739978778438,-0.857034336233936,32285.3217195361
gyroFilter,0.0497836986665021,-0.0270344073422848,0.00970382746377134,0.00887825017445184,7.88233261601541e-05,5.38963292262543,0.225002294412045,0,7.87718412965616e-05,1.57305331627004e-07,3.34426883527376e-08
gyroSystem,40.9766705317887,0,20.3571648503393,11.8357610759212,140.08524024629,1.80360692056732,0.00442627846401187,0,139.993741069121,7.33164894222443,35347.5348914807
input,40,0,19.8675896853958,11.5564547659524,133.551646757504,1.80120840663397,0.000667486741436555,0,133.464415113639,1.02917890259408,32084.4752283183
error,0.237892109735955,-0.411467005153826,-0.0540902584518949,0.0780693163399124,0.00609481815378131,9.3707943370493,-0.844657887417695,0,0.00609083721442548,-0.000401509967118951,0.000347640520556092
