signalsNamesOrdered,maxSignals,minSignals,meanSignals,standardDeviationSignals,varianceSignals,kurtosisSignals,skewnessSignals,firstMomentSignals,secondMomentSignals,thirdMomentSignals,fourthMomentSignals
compassSystem,39.9466792857121,0,16.9502875611413,12.4636418541756,155.342368269157,1.71504180510126,0.23800815332816,0,155.181558364116,460.099750715849,41300.4637584374
compassFilter,39.9450470340022,0,16.9486890532289,12.4635934282145,155.341161143831,1.71503458580045,0.23801938930244,0,155.180352488403,460.116108053105,41299.6480429467
fullSystem,39.9463740331997,0,16.9503611554541,12.4635924748891,155.341137380112,1.71503289760007,0.238019688645494,0,155.180328749284,460.116581132882,41299.5947536622
gyroFilter,0.00224551292787467,0,0.00167210222520697,0.000185199549839157,3.42988732606264e-08,9.8497875554167,-0.94423946724347,0,3.42633671806465e-08,-5.98862624996745e-12,1.15634371506374e-14
gyroSystem,40.9766705317887,0,17.4413503198029,12.741711362867,162.351208454613,1.71725266248926,0.244899081628412,0,162.18314302143,505.819683332282,45169.5353939069
input,40,0,17.0190590333989,12.4432143726273,154.833583923158,1.713451818195,0.242012567000227,0,154.673300709987,465.544230001766,40992.3299303368
error,0.225213937142399,-0.410673758550149,-0.0686978779448289,0.0965674364497872,0.00932526978248369,6.88600390058232,-1.03259295907197,0,0.00931561629409603,-0.000928424403215883,0.000597572286476057
