signalsNamesOrdered,maxSignals,minSignals,meanSignals,standardDeviationSignals,varianceSignals,kurtosisSignals,skewnessSignals,firstMomentSignals,secondMomentSignals,thirdMomentSignals,fourthMomentSignals
compassSystem,39.9470621116147,0,19.564799707067,11.7618584741137,138.341314765081,1.78712945720731,0.0104842008824963,0,138.228383079559,17.0384928171614,34146.8360332454
compassFilter,39.9332796457117,0,19.5508282450841,11.7585755264519,138.264098411274,1.7872451697716,0.0104517132799324,0,138.151229759509,16.971476223571,34110.9364536037
fullSystem,39.9441551804293,0,19.5612364172955,11.7589453020085,138.272794615629,1.78722838270788,0.0105545963979739,0,138.159918864922,17.1401546086246,34114.9070104171
gyroFilter,0.0244551811480811,-0.00864750403328074,0.0104081722114355,0.00313472713258237,9.8265141957481e-06,8.58600816183012,-0.578072645552528,0,9.81849255150667e-06,-1.77848268571726e-08,8.27715193141798e-10
gyroSystem,40.9766705317887,0,20.107024916812,12.0364263261401,144.875558704598,1.78619147678226,0.0167668286595121,0,144.75729294239,29.2019333680896,37429.0598474999
input,40,0,19.6233752416749,11.7528048790162,138.128422524228,1.78378245282863,0.0130931815532642,0,138.01566462829,21.2294020370478,33978.0655411582
error,0.237866093409601,-0.411281742473985,-0.0621388243793206,0.081560528944178,0.0066521198816541,8.92150572013968,-0.685581872438811,0,0.00664668957970989,-0.000371507358592076,0.000394138583162338
