signalsNamesOrdered,maxSignals,minSignals,meanSignals,standardDeviationSignals,varianceSignals,kurtosisSignals,skewnessSignals,firstMomentSignals,secondMomentSignals,thirdMomentSignals,fourthMomentSignals
compassSystem,39.947062100316,0,19.6972498871924,11.7338193171053,137.682515766473,1.79979314382979,0.000175897644181621,0,137.343396269511,0.283120747833976,33949.8733268512
compassFilter,39.8751429299512,0,19.6264693223061,11.7317897433204,137.634890581478,1.79903201996383,0.000754747257210714,0,137.295888387927,1.21419332442728,33912.0431633186
fullSystem,39.9361239885519,0,19.6994945776391,11.7329759642442,137.662724977532,1.79934920192398,0.000440550758798808,0,137.323654226356,0.708947346001264,33931.7422072903
gyroFilter,0.0905930636394991,0,0.0730252553329543,0.00842180718325816,7.09268362319786e-05,36.1182896017833,-4.29478677731726,0,7.07521395910132e-05,-2.55594187917048e-06,1.8080329104922e-07
gyroSystem,40.9766705317887,0,20.2409970290581,12.0105893491503,144.254256513924,1.79962908886939,0.00572672381024813,0,143.898950463397,9.88536428151485,37264.7538774038
input,40,0,19.7544515573284,11.7270673569291,137.524108793951,1.79718381066814,0.00214871968230701,0,137.185379461946,3.4525621516488,33822.6908088194
error,0.237053807779368,-0.401366565560528,-0.0549569796892845,0.0750247991910658,0.00562872049365975,9.53594195383021,-0.743950036626479,0,0.0056148566500793,-0.000313005363159056,0.000300635972556903
