signalsNamesOrdered,maxSignals,minSignals,meanSignals,standardDeviationSignals,varianceSignals,kurtosisSignals,skewnessSignals,firstMomentSignals,secondMomentSignals,thirdMomentSignals,fourthMomentSignals
compassSystem,39.9466807978373,0,16.6927383835425,12.2678104237531,150.499172593146,1.76972726981434,0.304187704619797,0,150.349422172655,560.782304171275,40004.5942314743
compassFilter,39.9454114541414,0,16.6914898391705,12.2677806569759,150.498442247673,1.76972249895241,0.304195263687798,0,150.348692553894,560.792157457762,40004.0981181418
fullSystem,39.9464437210882,0,16.6927920543648,12.2677783383192,150.498385358135,1.76972146246164,0.304195510403564,0,150.348635720963,560.79229430924,40004.0444448747
gyroFilter,0.00174926268536169,0,0.00130221519436965,0.000144010667792715,2.07390724381037e-08,9.36441925748241,-0.895732956101259,0,2.07184365451304e-08,-2.6712468471375e-12,4.01971079874676e-15
gyroSystem,40.9766705317887,0,17.1748526548997,12.544657429585,157.368430025643,1.77235182315707,0.310859477167798,0,157.211844523129,612.762256818222,43804.675019198
input,40,0,16.7584145086774,12.2510141398876,150.087347455726,1.7681653373954,0.307988984784411,0,149.938006811492,565.461165749669,39750.8426246083
error,0.224663904831393,-0.410273164307949,-0.0656224543125337,0.0916138635077679,0.00839309998681993,7.52096486311564,-1.07457932873658,0,0.00838474864354946,-0.00082503724373895,0.000528753987558547
