signalsNamesOrdered,maxSignals,minSignals,meanSignals,standardDeviationSignals,varianceSignals,kurtosisSignals,skewnessSignals,firstMomentSignals,secondMomentSignals,thirdMomentSignals,fourthMomentSignals
compassSystem,39.9466822570023,0,16.1919249754194,11.9858227794083,143.659947699383,1.89651336445605,0.387118757557987,0,143.52802855549,665.655147343149,39068.7347432518
compassFilter,39.9410087741089,0,16.1863325746709,11.985694294876,143.656867730223,1.89649098969974,0.387158923631786,0,143.524951414584,665.702804488086,39066.5986415024
fullSystem,39.9456135791711,0,16.1921365918063,11.9857009610504,143.657027527725,1.89648596766168,0.387157907940926,0,143.525111065349,665.702168796785,39066.5821021803
gyroFilter,0.00767155744061299,0,0.00580401713540492,0.000641681578447637,4.11755248119051e-07,12.7450574991066,-1.43457361787592,0,4.11377144126288e-07,-3.78514985607838e-10,2.15686079741279e-12
gyroSystem,40.9766705317887,0,16.6636546308724,12.2539441397093,150.159146979117,1.90020749750292,0.394533926658791,0,150.021259791808,724.959202414139,42766.7889574059
input,40,0,16.2588636639227,11.9675237442373,143.221624568883,1.89542439884696,0.391623346279001,0,143.090107925569,670.321255518938,38808.3956513495
error,0.22355944593902,-0.410251347145537,-0.0667270721164063,0.0912591949596334,0.00832824066468037,7.78749815807843,-1.22141798508806,0,0.00832059306076423,-0.000927034152285705,0.00053914616640469
