signalsNamesOrdered,maxSignals,minSignals,meanSignals,standardDeviationSignals,varianceSignals,kurtosisSignals,skewnessSignals,firstMomentSignals,secondMomentSignals,thirdMomentSignals,fourthMomentSignals
compassSystem,39.9466788205575,0,17.0096312355751,12.526096866203,156.9031027015,1.70746011304986,0.215424545926187,0,156.739149616128,422.728389914465,41947.4475365989
compassFilter,39.9434360367314,0,17.0064606112816,12.525997841911,156.900621935559,1.70744808444537,0.215445223473343,0,156.736671442418,422.758939099098,41945.8256010941
fullSystem,39.9460697653828,0,17.009778026968,12.5260018638199,156.900722692419,1.70744493776547,0.215444878861004,0,156.736772093994,422.758670105084,41945.8021711599
gyroFilter,0.00442536056454301,0,0.0033174156863993,0.000372195098424107,1.3852919129093e-07,10.9408647318986,-1.15548730537961,0,1.38384437695015e-07,-5.94834375688662e-11,2.09520323236336e-13
gyroSystem,40.9766705317887,0,17.5003924682254,12.8076186649103,164.035095865759,1.70953423528941,0.221953028716543,0,163.863690331939,465.570198034057,45903.2320135651
input,40,0,17.0765307505076,12.5078037214861,156.445153935222,1.70583972875022,0.219041150425258,0,156.281679375206,427.944861396199,41663.3669448952
error,0.224249178685218,-0.410509525856881,-0.0667527235395739,0.096810156392167,0.00937220638067583,7.08000772282152,-0.969659905836256,0,0.00936241306157377,-0.000878417815637116,0.000620596507557739
