signalsNamesOrdered,maxSignals,minSignals,meanSignals,standardDeviationSignals,varianceSignals,kurtosisSignals,skewnessSignals,firstMomentSignals,secondMomentSignals,thirdMomentSignals,fourthMomentSignals
compassSystem,39.9466818113956,0,16.2505048856102,12.1177963885677,146.840989314785,1.84609105315903,0.372826962672529,0,146.702851036973,662.468364569336,39731.0667445723
compassFilter,39.9434805928996,0,16.247359794405,12.1177169711592,146.83906459312,1.84608004126665,0.372848274341892,0,146.700928125958,662.49320714404,39729.7882109216
fullSystem,39.9460806168332,0,16.2506379110848,12.1177178333587,146.839085488898,1.84607742934873,0.372847976777145,0,146.700949002079,662.492819830903,39729.7433068081
gyroFilter,0.00436937533331871,0,0.0032781166798522,0.000362838337992417,1.316516595171e-07,10.5464594751052,-1.12051715292042,0,1.31527810354807e-07,-5.34496535233472e-11,1.82449160120316e-13
gyroSystem,40.9766705317887,0,16.7218050960156,12.391695565548,153.554118989223,1.84946309172721,0.379498659121034,0,153.409665443608,721.089762781436,43526.2362039001
input,40,0,16.3154743120689,12.10189027289,146.45574817707,1.84485618347062,0.376730883628293,0,146.317972308607,666.772585249117,39496.4319820806
error,0.223979313929558,-0.410512429448213,-0.0648364009840901,0.0940061729871805,0.00883716055969571,7.38317303378846,-0.995975959342754,0,0.00882884714430559,-0.000826237405333891,0.000575507572560847
