signalsNamesOrdered,maxSignals,minSignals,meanSignals,standardDeviationSignals,varianceSignals,kurtosisSignals,skewnessSignals,firstMomentSignals,secondMomentSignals,thirdMomentSignals,fourthMomentSignals
compassSystem,39.946679778897,0,16.6503447186855,12.4679633844067,155.450110954907,1.72774877153557,0.27555083076809,0,155.293090640811,533.248846625648,41666.29262176
compassFilter,39.9432476205671,0,16.6469836145341,12.4678640567125,155.447634136664,1.72773573886187,0.275573645696361,0,155.290616324405,533.280252765218,41664.6505920896
fullSystem,39.9460349193276,0,16.6504990118931,12.467864200989,155.447637734303,1.7277331998816,0.275573332248405,0,155.290619918409,533.27966470508,41664.5912926833
gyroFilter,0.0046836035477682,0,0.00351539735900407,0.000390089127228009,1.5216952718151e-07,11.2687381696814,-1.19903691461966,0,1.52015820588397e-07,-7.10666323890206e-11,2.60407126025557e-13
gyroSystem,40.9766705317887,0,17.1314307881799,12.7494774089311,162.549174200844,1.73029023948641,0.281970752139715,0,162.384983115793,583.47581528036,45625.8204338075
input,40,0,16.7164363170652,12.4508461644195,155.02357021004,1.72635631799277,0.279116583571391,0,154.866980745182,537.927674660231,41404.553110535
error,0.221268045340686,-0.410496153282614,-0.0659373051720913,0.0962372935227281,0.00926161666457972,6.98616132360915,-1.00416641477567,0,0.00925226149623166,-0.00089367074251842,0.000598045748764969
