signalsNamesOrdered,maxSignals,minSignals,meanSignals,standardDeviationSignals,varianceSignals,kurtosisSignals,skewnessSignals,firstMomentSignals,secondMomentSignals,thirdMomentSignals,fourthMomentSignals
compassSystem,39.9466789629051,0,17.3421542598764,12.4319688444602,154.55384934963,1.71126225200632,0.190271640512714,0,154.389079787424,365.005098341607,40789.626431131
compassFilter,39.9456306979952,0,17.341125245878,12.4319400112557,154.553132443459,1.71125683670335,0.190278606593777,0,154.388363645545,365.015921898473,40789.1189444482
fullSystem,39.9464833430775,0,17.3421992718384,12.4319392986464,154.553114725229,1.71125575572425,0.190278773232604,0,154.388345946204,365.016178796539,40789.0838262227
gyroFilter,0.00144593178466579,0,0.00107402596037734,0.000119718116195515,1.43324273454028e-08,9.517165758623,-0.870554743961379,0,1.43171475721135e-08,-1.49135432699288e-12,1.95083543818513e-15
gyroSystem,40.9766705317887,0,17.8393306653363,12.7126599770509,161.611723692111,1.71274004725475,0.196893931934814,0,161.439429743612,403.87479825219,44638.6120046122
input,40,0,17.4078402024741,12.4146743165777,154.124138386693,1.70916662416178,0.193924858854953,0,153.95982693852,370.462800461258,40513.4503805932
error,0.225221792860199,-0.410465346610194,-0.0656409306357462,0.0931937695891986,0.00868507869024464,7.4982877568885,-1.017474069136,0,0.00867581954451943,-0.000822222041998063,0.000564394955494781
