signalsNamesOrdered,maxSignals,minSignals,meanSignals,standardDeviationSignals,varianceSignals,kurtosisSignals,skewnessSignals,firstMomentSignals,secondMomentSignals,thirdMomentSignals,fourthMomentSignals
compassSystem,39.9470621116611,0,19.6237516317226,11.6771880107742,136.35671983897,1.79086686825655,0.00831638079816448,0,136.257406860209,13.2274018087693,33249.3792006423
compassFilter,39.9367887861316,0,19.6142704708533,11.6770589467584,136.35370564607,1.79081824184341,0.00833007438799113,0,136.254394862643,13.2487424783161,33247.0064863624
fullSystem,39.9705120976588,0,19.6247564401807,11.6787640078765,136.393528751671,1.79100967639549,0.00865081841687957,0,136.294188963796,13.7649045952235,33269.9854977784
gyroFilter,0.054046524062052,-0.029087541041342,0.0104859693273629,0.00903928780867944,8.17087240881407e-05,6.28338914238603,0.531975505830203,0,8.16492129999483e-05,3.9248190671888e-07,4.18888042526886e-08
gyroSystem,40.9766705317887,0,20.1668655231897,11.9503596223733,142.81109510405,1.79013829490374,0.0144985240837268,0,142.707081196473,24.716790678823,36456.7231510015
input,40,0,19.6819690571807,11.6686808980141,136.158113899679,1.78766796987845,0.010795936218692,0,136.058945572003,17.1336922330804,33093.3750124696
error,0.237774408843463,-0.411395667057612,-0.0572126170000351,0.0803491815316056,0.00645599097279891,8.99645502154052,-0.801868905157583,0,0.00645128886721057,-0.000415501987609013,0.000374424613521322
