signalsNamesOrdered,maxSignals,minSignals,meanSignals,standardDeviationSignals,varianceSignals,kurtosisSignals,skewnessSignals,firstMomentSignals,secondMomentSignals,thirdMomentSignals,fourthMomentSignals
compassSystem,39.9466808562454,0,16.5239723961083,12.0739343123272,145.779889778391,1.83703090526976,0.349133955128936,0,145.63998585346,613.639108655582,38965.2725974965
compassFilter,39.941687847388,0,16.5191186492246,12.0737421627362,145.775249812234,1.83701018647054,0.349181922971507,0,145.635350340245,613.694116430473,38962.3527801779
fullSystem,39.9457407745793,0,16.5242404578678,12.0737396810069,145.77518988472,1.83700787597962,0.349179776518619,0,145.635290470243,613.689965569446,38962.2717410322
gyroFilter,0.00676746072281276,0,0.00512180864321209,0.000567580550161618,3.22147680921765e-07,12.4297803049688,-1.3926943487777,0,3.21838518080189e-07,-2.54280374917091e-10,1.28747703826195e-12
gyroSystem,40.9766705317887,0,17.0021185537831,12.3459374957117,152.42217264802,1.83980646669648,0.356229569299966,0,152.275894171391,669.386120822707,42661.3365799139
input,40,0,16.5897274113723,12.0566874205563,145.363711557001,1.83530574224678,0.353450998900273,0,145.224207035353,618.568405777903,38706.7271425826
error,0.22051323948279,-0.410143566637665,-0.0654869535045115,0.0896980142949347,0.00804573376845431,8.38168230334942,-1.32964279788332,0,0.00803801233489533,-0.000958204018777082,0.000541537495457528
