signalsNamesOrdered,maxSignals,minSignals,meanSignals,standardDeviationSignals,varianceSignals,kurtosisSignals,skewnessSignals,firstMomentSignals,secondMomentSignals,thirdMomentSignals,fourthMomentSignals
compassSystem,39.9466799918495,0,16.780142732887,12.3704467213861,153.027952086652,1.74280624421734,0.275779491943555,0,152.873065495472,521.264835880984,40729.6854440079
compassFilter,39.9442730993212,0,16.7777972589491,12.3703613464749,153.02583984236,1.74279572246112,0.27579903391327,0,152.870955389078,521.290979898675,40728.3151798665
fullSystem,39.9462288177165,0,16.7802638895564,12.3703592956405,153.02578910324,1.74279350618997,0.275799390749927,0,152.870904701314,521.291395091075,40728.2363779354
gyroFilter,0.00329911640173108,0,0.00246663060725675,0.000273076714787963,7.45708921593864e-08,10.3502762822255,-1.06138979758338,0,7.4495415547889e-08,-2.15808839489662e-11,5.74395510514093e-14
gyroSystem,40.9766705317887,0,17.2670917663185,12.6464081919479,159.931640157367,1.74523396883915,0.282835474566026,0,159.769766027653,571.183664788097,44549.5022253071
input,40,0,16.8488302413403,12.3500894403624,152.524709184951,1.74121462099161,0.279997936585546,0,152.370331948933,526.629825275787,40425.2889344268
error,0.221238364367143,-0.410587697064223,-0.0685663517839346,0.0932914923935021,0.00870330255300686,7.28174882739558,-1.20680282103956,0,0.00869449354232568,-0.000978369151241849,0.000550458107970224
