signalsNamesOrdered,maxSignals,minSignals,meanSignals,standardDeviationSignals,varianceSignals,kurtosisSignals,skewnessSignals,firstMomentSignals,secondMomentSignals,thirdMomentSignals,fourthMomentSignals
compassSystem,39.9470621002886,0,19.7947481617238,11.6803816239203,136.431314880416,1.80147894018405,-0.00107423646137474,0,136.093613605959,-1.7055187866839,33366.0411445027
compassFilter,38.9927437956086,0,18.8727054358688,11.6277907373414,135.205517431404,1.78521694705279,0.0129333549222676,0,134.870850309049,20.2576162200564,32473.3573782297
fullSystem,39.9565532534964,0,19.8189843896317,11.6790347824093,136.399853448726,1.79916673191915,-0.000104661815586832,0,136.062230049101,-0.16610956516473,33307.8485686584
gyroFilter,1.02852286729681,0,0.946278953762906,0.134635430862919,0.0181266992436437,32.929446719962,-5.30842858648471,0,0.018081831176209,-0.0129071273271731,0.0107663688369372
gyroSystem,40.9766705317887,0,20.3405013591389,11.956388947408,142.9552366617,1.80129966249518,0.00444288149869146,0,142.601387066003,7.56572157100921,36629.7089067245
input,40,0,19.8516236244666,11.6741182747893,136.28503749377,1.79890867461384,0.000805913206323561,0,135.947698292053,1.27745632527954,33247.0283755703
error,0.0548961389853759,-0.184742894170421,-0.0326392348348751,0.034259249887507,0.00117369620285465,6.04278859624504,-1.0278486840707,0,0.00117079101423372,-4.11763887124727e-05,8.28316213078486e-06
