signalsNamesOrdered,maxSignals,minSignals,meanSignals,standardDeviationSignals,varianceSignals,kurtosisSignals,skewnessSignals,firstMomentSignals,secondMomentSignals,thirdMomentSignals,fourthMomentSignals
compassSystem,39.9466791073542,0,17.2778126835975,12.4592191085086,155.232140793825,1.70888735624837,0.193406517761529,0,155.067175713279,373.465871850568,41091.6131207436
compassFilter,39.945422534281,0,17.2765855853773,12.4591774132687,155.231101815305,1.70888146980511,0.193415591161985,0,155.06613783888,373.479642872054,41090.9215225484
fullSystem,39.9464444265416,0,17.2778730607274,12.4591764964613,155.231078969974,1.70888017236164,0.193415813823086,0,155.066115017828,373.479990376412,41090.8782301869
gyroFilter,0.00173152658431519,0,0.00128747535015881,0.000143973540145241,2.07283802619534e-08,9.47711774063768,-0.883379386574208,0,2.07063522276686e-08,-2.63210164692902e-12,4.06334287660966e-15
gyroSystem,40.9766705317887,0,17.7748149778861,12.7393969903383,162.292235677442,1.71079529379961,0.199934221170117,0,162.119767839315,412.706296675572,44964.523265593
input,40,0,17.3448587667887,12.4407688042174,154.772728439989,1.70720547375497,0.196993308895447,0,154.60825157661,378.704511079367,40808.5470400192
error,0.221767631138592,-0.410356895628537,-0.0669857060612029,0.0959838879821244,0.009212906752165,7.18878083971712,-0.914785642791132,0,0.00920311620301286,-0.000807647212351042,0.000608870671371315
