signalsNamesOrdered,maxSignals,minSignals,meanSignals,standardDeviationSignals,varianceSignals,kurtosisSignals,skewnessSignals,firstMomentSignals,secondMomentSignals,thirdMomentSignals,fourthMomentSignals
compassSystem,39.9466794751029,0,16.9805073452274,12.4615323908611,155.28978952848,1.71612829176772,0.233388261821111,0,155.128700535193,450.93842269115,41298.4792905521
compassFilter,39.945541676319,0,16.9793876350655,12.4615051183712,155.289109815191,1.71612341288501,0.2333950693916,0,155.128021527001,450.948615097133,41298.0003503371
fullSystem,39.9464670719619,0,16.9805538023285,12.4615036929638,155.289074289751,1.7161222185543,0.233395405971463,0,155.127986038413,450.94911066647,41297.9527136776
gyroFilter,0.00156911951509642,0,0.00116616726295855,0.000128975128584008,1.66345837932615e-08,9.60113170340636,-0.884253650395599,0,1.66173280009448e-08,-1.89416867329283e-12,2.65121416654115e-15
gyroSystem,40.9766705317887,0,17.4711889576186,12.7407610106968,162.326991131693,1.71825854166164,0.240138168367396,0,162.158602136743,495.873821879743,45182.3166998229
input,40,0,17.0482521525819,12.4422871988924,154.810510739723,1.71451340495389,0.237218332333242,0,154.649918923603,456.218396184983,41005.3268827508
error,0.222776353655998,-0.410754496098961,-0.0676983502534053,0.0961671779424699,0.00924812611341866,7.12867538889944,-0.989251271034862,0,0.00923853262159976,-0.000878437994827576,0.000608435901852718
