signalsNamesOrdered,maxSignals,minSignals,meanSignals,standardDeviationSignals,varianceSignals,kurtosisSignals,skewnessSignals,firstMomentSignals,secondMomentSignals,thirdMomentSignals,fourthMomentSignals
compassSystem,39.9466789421384,0,17.138726502064,12.4840964008824,155.852662946524,1.70966432322949,0.206858912760286,0,155.688607511844,401.84585148184,41440.4552404084
compassFilter,39.9438087852782,0,17.1359423334147,12.4839804663136,155.849768283299,1.70965245269926,0.206881999886877,0,155.685715895632,401.879504259457,41438.6281829107
fullSystem,39.9461403085928,0,17.1388801101449,12.4839819028963,155.849804151843,1.70964960112782,0.206882016055325,0,155.68575172642,401.879674405333,41438.5781404241
gyroFilter,0.00392556286609036,0,0.00293777673028708,0.000330106892474929,1.08970560459454e-07,10.5837762997298,-1.10560429972657,0,1.08855854606339e-07,-3.97079445360329e-11,1.25413484758627e-13
gyroSystem,40.9766705317887,0,17.631465739832,12.7655039020438,162.958089873096,1.71131687943579,0.213501263881791,0,162.786555041651,443.43324424604,45348.9774762105
input,40,0,17.2048286702756,12.4663171744965,155.409063895145,1.70765871713496,0.210599995668546,0,155.245475406835,407.367882284033,41156.551927246
error,0.223541202793464,-0.410535016433611,-0.0659485601306845,0.0965776873774241,0.00932724969917147,7.17001202307174,-1.01643348496587,0,0.00931743154159339,-0.000914162242275714,0.000622461227693773
