signalsNamesOrdered,maxSignals,minSignals,meanSignals,standardDeviationSignals,varianceSignals,kurtosisSignals,skewnessSignals,firstMomentSignals,secondMomentSignals,thirdMomentSignals,fourthMomentSignals
compassSystem,39.9466822000401,0,16.6500408033124,11.9236267162611,142.172874068734,1.87566066378552,0.345633426639051,0,142.037728751178,585.0881680446,37840.9219334887
compassFilter,39.9455124309502,0,16.6488934309822,11.9235936410044,142.1720853158,1.87565547605051,0.345642785046092,0,142.036940748009,585.099140861472,37840.3974036644
fullSystem,39.946463804189,0,16.6500930376418,11.9235924930793,142.172057941017,1.87565415641144,0.345642842060462,0,142.036913399248,585.099068386092,37840.3562085313
gyroFilter,0.00161273633468539,0,0.00119960665960463,0.000132133685656621,1.74593108852028e-08,9.19107985724921,-0.862661388351114,0,1.744271458208e-08,-1.98729102700399e-12,2.79637034812929e-15
gyroSystem,40.9766705317887,0,17.1287329599245,12.1946366457593,148.709162922095,1.87845767468478,0.352504326903242,0,148.567804402207,638.339192720751,41462.0550994699
input,40,0,16.7137445623354,11.908901158791,141.821926809854,1.87392004997354,0.34953717099012,0,141.687115092354,589.506914478192,37619.3920890494
error,0.222741981632778,-0.410673732786154,-0.0636515246935954,0.0893739153267003,0.00798769674082419,8.40100977250605,-1.10980794494307,0,0.00798010387319984,-0.000791153304014998,0.000534993590138418
