signalsNamesOrdered,maxSignals,minSignals,meanSignals,standardDeviationSignals,varianceSignals,kurtosisSignals,skewnessSignals,firstMomentSignals,secondMomentSignals,thirdMomentSignals,fourthMomentSignals
compassSystem,39.9466835062171,0,16.4290960414625,11.6153622566303,134.916640352751,1.98701163998971,0.384164578609387,0,134.7973506619,601.228215398472,36104.648758648
compassFilter,39.9455759803687,0,16.4280055706094,11.6153366335167,134.916045109915,1.98700757751057,0.384172534459624,0,134.796755945362,601.236687581016,36104.2563610333
fullSystem,39.9464767802606,0,16.4291410607901,11.6153353368848,134.916014988284,1.98700640207301,0.384172757691717,0,134.796725850363,601.236835593017,36104.2188817299
gyroFilter,0.00152763402268619,0,0.00113549018073141,0.000123481206376914,1.52476083282979e-08,9.02303759090199,-0.813026466825583,0,1.52341268001562e-08,-1.5287308604239e-12,2.09405410655912e-15
gyroSystem,40.9766705317887,0,16.9014402445352,11.8809315518892,141.156534540677,1.99023696561841,0.390808929263235,0,141.031727702003,654.545312993342,39585.7101889175
input,40,0,16.4909094994818,11.6028763321696,134.626739179621,1.98535683295541,0.387926021343019,0,134.507705811646,605.159228097479,35919.7169386428
error,0.224187639857106,-0.410405281995924,-0.0617684386916983,0.0861110422421319,0.00741511159602622,8.71459950099508,-1.1376253917245,0,0.00740855535235157,-0.000725436782012475,0.000478315542277497
