signalsNamesOrdered,maxSignals,minSignals,meanSignals,standardDeviationSignals,varianceSignals,kurtosisSignals,skewnessSignals,firstMomentSignals,secondMomentSignals,thirdMomentSignals,fourthMomentSignals
compassSystem,39.9470621077735,0,18.9766147702341,11.844294949088,140.287322840992,1.78207997980074,0.0709240706317626,0,140.096973691954,117.607978337717,34977.1725275908
compassFilter,39.9249272108377,0,18.9546444452875,11.8439943715475,140.280202673249,1.78197719539948,0.0710088217157788,0,140.089863185226,117.73955036819,34971.6049810921
fullSystem,39.9436972871939,0,18.9768666691984,11.8437453099912,140.27430296794,1.7821653797604,0.0709901860887711,0,140.083971484944,117.701225124951,34972.3563102658
gyroFilter,0.0699530668189254,-0.00899903426250148,0.0222222239109382,0.00688136919195223,4.73532419559493e-05,10.9628709469073,0.0168596248558163,0,4.72889906100118e-05,5.48261781530672e-09,2.45157051678318e-08
gyroSystem,40.9766705317887,0,19.5066572722146,12.1182845020356,146.852819272277,1.78170708491938,0.0774543208275745,0,146.653561715598,137.557594486824,38319.6502831222
input,40,0,19.0366839890417,11.8332007762284,140.024640610532,1.77880818692955,0.0739772413682516,0,139.834647882431,122.326435822641,34782.3327826598
error,0.238542779373311,-0.410613802694452,-0.0598173198432088,0.0853441927972159,0.00728363124420836,8.45618763332262,-0.851170386170246,0,0.0072737484338363,-0.000528024313169118,0.0004473950392473
