signalsNamesOrdered,maxSignals,minSignals,meanSignals,standardDeviationSignals,varianceSignals,kurtosisSignals,skewnessSignals,firstMomentSignals,secondMomentSignals,thirdMomentSignals,fourthMomentSignals
compassSystem,39.9470621010936,0,18.3607392447212,12.163119706745,147.941481000608,1.73460035314891,0.108157065014824,0,147.606012789722,193.959460347969,37792.6659255038
compassFilter,39.9138955779802,0,18.328237736156,12.1621229488513,147.917234622975,1.73442428770298,0.108374207072165,0,147.581821392537,194.301087716776,37776.4443589468
fullSystem,39.9442122954637,0,18.3619661045687,12.1625373984813,147.927315969456,1.73445506139734,0.108300002772542,0,147.591879878822,194.18789961789,37782.2642202977
gyroFilter,0.0395080007374757,0,0.0337283684127834,0.00322177879888427,1.03798586289402e-05,58.5345977303887,-5.97537083462977,0,1.03563215345435e-05,-1.99146717031138e-07,6.27803437408928e-09
gyroSystem,40.9766705317887,0,18.8777151991636,12.4433686444208,154.837423220955,1.73555502071916,0.11407592995335,0,154.48631795288,219.042834745515,41420.7950610329
input,40,0,18.422283406766,12.1510819901155,147.64879353051,1.73241479806999,0.110848308424828,0,147.313989010032,198.196077214165,37595.8461756863
error,0.238570106808712,-0.409372921244128,-0.0603173021972273,0.0909149510981061,0.00826552833317102,7.45590844765129,-0.768707303541039,0,0.00824678563853798,-0.00057568917900114,0.000507072407004758
