signalsNamesOrdered,maxSignals,minSignals,meanSignals,standardDeviationSignals,varianceSignals,kurtosisSignals,skewnessSignals,firstMomentSignals,secondMomentSignals,thirdMomentSignals,fourthMomentSignals
compassSystem,39.9466810417329,0,16.5986070979784,12.0129923973966,144.31198633991,1.85452006381492,0.341416694839615,0,144.173888745326,591.037004600462,38548.2584070564
compassFilter,39.9443634805104,0,16.5963326734928,12.0129271792305,144.310419413495,1.85450898978505,0.341435461172212,0,144.172323318362,591.059864937496,38547.191123631
fullSystem,39.9462467188828,0,16.5987087200453,12.0129241123875,144.310345729981,1.85450701919666,0.341435996278065,0,144.172249705359,591.060338575823,38547.110800054
gyroFilter,0.00317654285411706,0,0.00237604655248867,0.000263132561707664,6.92387450308374e-08,9.85918257144582,-1.0169128693949,0,6.91724878585591e-08,-1.85005158164911e-11,4.71745428755254e-14
gyroSystem,40.9766705317887,0,17.0810123591538,12.2807503464029,150.816829070674,1.85753738325947,0.348971468634446,0,150.672506746205,645.417804573296,42170.1931495548
input,40,0,16.6665693977956,11.993282642702,143.838828547737,1.85300183899994,0.346109956101887,0,143.701183735729,596.217351131849,38264.5439490677
error,0.221196637139519,-0.410568871413022,-0.0678606777502422,0.0891547851249461,0.0079485757106753,8.17048074538709,-1.35619951758563,0,0.0079409694181292,-0.000959696411284571,0.000515222306919353
