signalsNamesOrdered,maxSignals,minSignals,meanSignals,standardDeviationSignals,varianceSignals,kurtosisSignals,skewnessSignals,firstMomentSignals,secondMomentSignals,thirdMomentSignals,fourthMomentSignals
compassSystem,39.9466796135751,0,16.9631349832027,12.4065432582167,153.922315618002,1.72798630867138,0.245389940687355,0,153.763632818395,467.882931472911,40855.2205479671
compassFilter,39.9449332386208,0,16.9614328178117,12.4064821447008,153.920799206779,1.72797886194204,0.245403374363609,0,153.762117970483,467.901630758055,40854.2394959019
fullSystem,39.9463528945016,0,16.9632208544555,12.4064822308809,153.920801345162,1.72797697269319,0.245403561113328,0,153.762120106662,467.90199657758,40854.1959639445
gyroFilter,0.00240126773682192,0,0.00178803664379,0.000199646458855342,3.98587085334778e-08,9.61909493726057,-0.92396751063425,0,3.98176170813815e-08,-7.34124298858972e-12,1.52505231759302e-14
gyroSystem,40.9766705317887,0,17.4516731387537,12.6861268287982,160.937813916355,1.72992620630769,0.252152513487436,0,160.771898644276,514.018219029933,44714.4464809838
input,40,0,17.0294701088308,12.3886208469467,153.477926489401,1.72613237647958,0.249252425396758,0,153.319701822917,473.190854102401,40576.0746139268
error,0.22366460580684,-0.410656997928526,-0.0662492543752773,0.095548657576073,0.00912954596458966,7.29430166344529,-1.0472728471034,0,0.00912013406153338,-0.000912140369306133,0.000606717001034411
