signalsNamesOrdered,maxSignals,minSignals,meanSignals,standardDeviationSignals,varianceSignals,kurtosisSignals,skewnessSignals,firstMomentSignals,secondMomentSignals,thirdMomentSignals,fourthMomentSignals
compassSystem,39.9466824271903,0,16.2091615036453,12.0802582956339,145.932640489231,1.85124746733043,0.390332752016736,0,145.796127261458,687.153836717253,39351.0616429004
compassFilter,39.9456319597406,0,16.2081325864014,12.0802290437592,145.931933749684,1.85124453363425,0.390340148948435,0,145.795421183033,687.161866673146,39350.6181364961
fullSystem,39.9464863954751,0,16.2092094688251,12.0802280495848,145.931909729975,1.85124346268137,0.390340287843992,0,145.795397185793,687.161941531935,39350.5824181507
gyroFilter,0.0014492896569962,0,0.00107688242367403,0.00011814266456909,1.39576891914846e-08,9.12366704576012,-0.842421357999406,0,1.39446324195562e-08,-1.38720285885428e-12,1.77412235986475e-15
gyroSystem,40.9766705317887,0,16.6768919530695,12.3561458437246,152.674340111393,1.85457318750901,0.396612238570355,0,152.531520335797,747.146059010606,43148.2488493208
input,40,0,16.271940011684,12.066880615634,145.609607791964,1.84993510560492,0.393861142215217,0,145.473396746322,691.064375175144,39149.2686194581
error,0.222526357731534,-0.410465077020413,-0.0627305428590118,0.0932494001561395,0.00869545062947984,7.22580205326073,-0.890839913014393,0,0.00868731643805844,-0.000721320256581766,0.000545327428848097
