signalsNamesOrdered,maxSignals,minSignals,meanSignals,standardDeviationSignals,varianceSignals,kurtosisSignals,skewnessSignals,firstMomentSignals,secondMomentSignals,thirdMomentSignals,fourthMomentSignals
compassSystem,39.9466792205621,0,16.9123871939146,12.4393445251568,154.73729221555,1.72092714024135,0.247570758124289,0,154.577933521198,475.795787083759,41120.4139563623
compassFilter,39.944953955079,0,16.9106986375542,12.4392910008969,154.735960604994,1.72091909062762,0.247583542707011,0,154.576603282023,475.814215151931,41119.5138891005
fullSystem,39.946356471544,0,16.9124655703238,12.4392904713075,154.735947429562,1.72091725459194,0.247583851210581,0,154.576590120159,475.814747272363,41119.4630165318
gyroFilter,0.00237121328698464,0,0.0017669327695995,0.000196549505333431,3.86317080468165e-08,9.72801305458531,-0.932174387342029,0,3.85919225596416e-08,-7.06710897095899e-12,1.4488284786741e-14
gyroSystem,40.9766705317887,0,17.4004285919783,12.7190124063598,161.773276593135,1.72294932613099,0.254349100811537,0,161.606671776871,522.539512774058,44997.7788580357
input,40,0,16.9793708173406,12.4207616578172,154.275320160302,1.71914456448369,0.251475329458451,0,154.116437235317,481.137078573462,40832.9089104022
error,0.223563124127375,-0.410597703815326,-0.0669052470167607,0.0945923227454001,0.00894770752236993,7.38276758331761,-1.11179350406297,0,0.0089384925815642,-0.000939551430890033,0.000589858394909056
