signalsNamesOrdered,maxSignals,minSignals,meanSignals,standardDeviationSignals,varianceSignals,kurtosisSignals,skewnessSignals,firstMomentSignals,secondMomentSignals,thirdMomentSignals,fourthMomentSignals
compassSystem,39.9466798603392,0,16.9590747153784,12.383570718887,153.352823749677,1.73135666106022,0.251078275265871,0,153.195053354872,476.075958009416,40632.7322687449
compassFilter,39.9431129153761,0,16.9556029153836,12.3834356330179,153.349478077096,1.73133748551901,0.25110971618518,0,153.191711124342,476.119992374229,40630.5093273549
fullSystem,39.9460095145457,0,16.9592554996835,12.3834372016966,153.349516928363,1.7313348714593,0.25110911194723,0,153.191749935639,476.119027638544,40630.4685689291
gyroFilter,0.00486137195996861,0,0.00365258429991688,0.000407879159357869,1.66365408638482e-07,11.328986347065,-1.21317356069704,0,1.66194250810665e-07,-8.21952898083504e-11,3.12912595968241e-13
gyroSystem,40.9766705317887,0,17.4454773826729,12.6648923905325,160.399499263768,1.73316891843281,0.257616452425911,0,160.234479202797,522.525578921186,44499.2650635862
input,40,0,17.0235753566561,12.3676412399127,152.958549839189,1.72933560244643,0.254759706223361,0,152.80118507598,481.194686581435,40376.8772494837
error,0.223062504653972,-0.410538067073691,-0.0643198569725024,0.0914867282565555,0.00836982144708884,7.79669467455296,-1.12368848885859,0,0.00836121051967414,-0.00085911177077351,0.000545065687785987
