signalsNamesOrdered,maxSignals,minSignals,meanSignals,standardDeviationSignals,varianceSignals,kurtosisSignals,skewnessSignals,firstMomentSignals,secondMomentSignals,thirdMomentSignals,fourthMomentSignals
compassSystem,39.9466800170551,0,16.8295647514087,12.3999718289898,153.75930135974,1.73186585172401,0.265656759035802,0,153.602564049485,505.729826711323,40861.2059256461
compassFilter,39.9454170909927,0,16.8283292922385,12.399934237809,153.758369101988,1.73186132959742,0.265665072541278,0,153.601632742047,505.741053530701,40860.6037435155
fullSystem,39.9464441445397,0,16.8296234687192,12.3999328561557,153.758334837169,1.73185992301977,0.265665478056649,0,153.601598512157,505.741656446167,40860.55234605
gyroFilter,0.00174036723712589,0,0.0012941764807676,0.000144029910134714,2.07446150134139e-08,9.3159653777607,-0.865848006090091,0,2.07234686168661e-08,-2.58306498774873e-12,4.00085453456522e-15
gyroSystem,40.9766705317887,0,17.3163222061775,12.6778160096616,160.727018774831,1.7340319399518,0.272649262090075,0,160.563178796467,554.719283151103,44704.270053008
input,40,0,16.8969666882025,12.380828328601,153.284910102289,1.73011714103364,0.269749289000762,0,153.128656371298,511.146058647029,40568.4535137001
error,0.219644052421744,-0.410300412059175,-0.0673432194832949,0.0954695081234617,0.00911442698133571,7.0473076676822,-1.08391429387589,0,0.00910513602620693,-0.000941726086739408,0.000584246485715063
