signalsNamesOrdered,maxSignals,minSignals,meanSignals,standardDeviationSignals,varianceSignals,kurtosisSignals,skewnessSignals,firstMomentSignals,secondMomentSignals,thirdMomentSignals,fourthMomentSignals
compassSystem,39.9466795482596,0,16.9765212874984,12.4524756148973,155.064148939613,1.71791267223733,0.23574166285126,0,154.90346070237,454.493862915974,41221.4556755083
compassFilter,39.9440716094462,0,16.9739715732826,12.4523910812928,155.062043641461,1.71789977400108,0.235761576252094,0,154.901357585874,454.522997884987,41220.0268740107
fullSystem,39.9461904265697,0,16.9766416217092,12.4523914223884,155.062052136372,1.71789718982283,0.235761742248668,0,154.901366071982,454.523355259431,41219.9693845106
gyroFilter,0.00357226852622361,0,0.00267004842657959,0.000297684328574679,8.86159594789572e-08,10.4837329192908,-1.07694936470879,0,8.85241294691344e-08,-2.83653261427515e-11,8.2155998404123e-14
gyroSystem,40.9766705317887,0,17.4669463322446,12.7314452832211,162.089698999652,1.71991959886014,0.242611298349811,0,161.921730399652,499.883413168411,45093.9644449758
input,40,0,17.0443362875504,12.4329161349064,154.577403617617,1.71615972387811,0.239731888696574,0,154.417219779671,460.012253484072,40921.275608258
error,0.224252660824006,-0.410551471466682,-0.0676946658411912,0.0951600720866538,0.00905543931953716,7.17656307561947,-1.09834446969718,0,0.00904605544459463,-0.000944990484741509,0.00058726618781762
