signalsNamesOrdered,maxSignals,minSignals,meanSignals,standardDeviationSignals,varianceSignals,kurtosisSignals,skewnessSignals,firstMomentSignals,secondMomentSignals,thirdMomentSignals,fourthMomentSignals
compassSystem,39.9466792066517,0,17.189740096551,12.453859181488,155.098608512334,1.70956688262425,0.207587399269867,0,154.935002385211,400.336605743182,41037.9050688329
compassFilter,39.9456276319009,0,17.1887138639198,12.4538242089418,155.097737427225,1.70956255594728,0.207594756119923,0,154.934132218968,400.347420832059,41037.3402451315
fullSystem,39.9464829665968,0,17.1897918310666,12.4538227971394,155.097702262549,1.70956149824798,0.207595028451888,0,154.934097091386,400.347809871606,41037.2962470552
gyroFilter,0.00145072585729622,0,0.00107796714686554,0.000120482293250433,1.45159829868832e-08,9.36441513485487,-0.881111067122856,0,1.45006707685426e-08,-1.53855418000071e-12,1.96905044561426e-15
gyroSystem,40.9766705317887,0,17.6841744262206,12.7342167111182,162.160275245723,1.71139352652488,0.214203232429528,0,161.989220103059,441.626567600483,44907.8345477407
input,40,0,17.2561899354969,12.4358872893314,154.651292672955,1.70772760264271,0.211262884587703,0,154.488158397984,405.66356182666,40757.6363771832
error,0.222864031306797,-0.41046487783073,-0.0663981044302127,0.0956118789711141,0.00914163140038698,6.9813926720247,-0.943732086931134,0,0.00913198832928952,-0.000823562840830634,0.00058220075109883
