signalsNamesOrdered,maxSignals,minSignals,meanSignals,standardDeviationSignals,varianceSignals,kurtosisSignals,skewnessSignals,firstMomentSignals,secondMomentSignals,thirdMomentSignals,fourthMomentSignals
compassSystem,39.9466792873648,0,16.8550725033008,12.5116175051038,156.540572594019,1.71198867852002,0.240257771827029,0,156.379190560417,469.835562810113,41865.7436628671
compassFilter,39.9450680935953,0,16.8534881941603,12.5115790277181,156.539609766835,1.71198281960342,0.240266679384396,0,156.378228725838,469.84864711523,41865.0853860628
fullSystem,39.9463779939621,0,16.8551401869814,12.5115768262638,156.539554679502,1.71198146312679,0.240266978610245,0,156.378173695297,469.848984245696,41865.0227494024
gyroFilter,0.00221584770188699,0,0.00165199282111429,0.000183691600989032,3.37426042739136e-08,9.65465396537856,-0.938296804958063,0,3.37078180839405e-08,-5.80679106150615e-12,1.09697819643877e-14
gyroSystem,40.9766705317887,0,17.3432921652352,12.7917613530012,163.629158512135,1.71440848927548,0.246848755475557,0,163.460468657998,515.881616040093,45807.8372886463
input,40,0,16.923013892835,12.4924351568864,156.060936149011,1.71060485553837,0.243945509822811,0,155.900048585971,474.856300281344,41575.9519130755
error,0.226490439151388,-0.410690580476067,-0.0678737058536477,0.0978960912060727,0.0095836446734277,6.81716469664808,-0.917812978995228,0,0.00957376462737262,-0.00085976213428039,0.000624840654225229
