signalsNamesOrdered,maxSignals,minSignals,meanSignals,standardDeviationSignals,varianceSignals,kurtosisSignals,skewnessSignals,firstMomentSignals,secondMomentSignals,thirdMomentSignals,fourthMomentSignals
compassSystem,39.94706210348,0,18.4219778819091,11.8674324550617,140.835953075453,1.77974354015762,0.131295115086151,0,140.579887706225,218.84335104777,35172.5462527756
compassFilter,39.9186205082259,0,18.393811179912,11.8669360167764,140.824170426264,1.77959505187241,0.131438765411276,0,140.568126480035,219.055295269173,35163.7272328545
fullSystem,39.9594539792046,0,18.4237076390456,11.8688515466845,140.869637037234,1.77992080648762,0.131766203979029,0,140.613510424439,219.70736244562,35192.8777519698
gyroFilter,0.0638481489410765,0,0.0298964591336186,0.00787465568627907,6.20102021774474e-05,5.50677734248695,0.248570659032895,0,6.18974563553066e-05,1.21048403844965e-07,2.10980890669973e-08
gyroSystem,40.9766705317887,0,18.9378483858172,12.1423549903281,147.436784711147,1.78068849212981,0.137381130030412,0,147.168717829854,245.273339188067,38567.2758810114
input,40,0,18.4815850922772,11.8573096334223,140.59579174285,1.77721787604462,0.13403583918137,0,140.340163030591,222.840386381073,35002.9482831779
error,0.238608312206551,-0.409814099650515,-0.0578774532315405,0.086621924936932,0.00750335787977949,7.84594252897035,-0.797287963094348,0,0.00748971541090716,-0.00051678890532795,0.000440124712717331
