signalsNamesOrdered,maxSignals,minSignals,meanSignals,standardDeviationSignals,varianceSignals,kurtosisSignals,skewnessSignals,firstMomentSignals,secondMomentSignals,thirdMomentSignals,fourthMomentSignals
compassSystem,39.9466821782794,0,16.5251897342664,11.7430768366687,137.899853591905,1.94929201439038,0.356360922819014,0,137.774603951949,576.29364675471,37001.1520429047
compassFilter,39.9437183693828,0,16.5222797606585,11.742994543799,137.897920855693,1.94927825515315,0.356386069634805,0,137.772672971174,576.322196868089,36999.8537021044
fullSystem,39.9461258563104,0,16.5253098676907,11.7429990388074,137.898026425432,1.94927481504332,0.356385787409404,0,137.772778445027,576.322402290482,36999.8450557782
gyroFilter,0.00405144185902984,0,0.00303010703220089,0.000333054683730954,1.10925422355126e-07,10.2473549377325,-1.05195697206159,0,1.10824672652714e-07,-3.88108060093273e-11,1.25859120762341e-13
gyroSystem,40.9766705317887,0,17.0040200153718,12.0066695178916,144.160112911867,1.95268740016157,0.36375738537427,0,144.029177296143,628.763813828895,40507.336144004
input,40,0,16.5912241013491,11.7255751435482,137.489112446995,1.94798727001216,0.360884895181975,0,137.364235868932,581.004126562189,36756.4418590356
error,0.22395786241468,-0.41052878005395,-0.0659142336584068,0.0891064706708534,0.00793996311541565,8.46282858357868,-1.14141854919504,0,0.0079327515231219,-0.00080645604697018,0.000532553503969339
