signalsNamesOrdered,maxSignals,minSignals,meanSignals,standardDeviationSignals,varianceSignals,kurtosisSignals,skewnessSignals,firstMomentSignals,secondMomentSignals,thirdMomentSignals,fourthMomentSignals
compassSystem,39.9466804142357,0,16.5743259234483,12.3078269427501,151.482604052685,1.76660001538178,0.312988341947749,0,151.332769627311,582.676673352591,40457.9795665522
compassFilter,39.9446705555679,0,16.5723589613783,12.3077655964012,151.481093975957,1.76659185449773,0.313003575401437,0,151.33126104423,582.696319655263,40456.9860542399
fullSystem,39.946304089237,0,16.5744187350666,12.3077646038525,151.481069543845,1.76659025947324,0.313003474111381,0,151.331236636284,582.695990117823,40456.9364758883
gyroFilter,0.00276027916931554,0,0.00205977368831857,0.000227712314617321,5.18528982283779e-08,9.84910734728968,-0.974245203764191,0,5.18016095060946e-08,-1.14863793978243e-11,2.64291611117998e-14
gyroSystem,40.9766705317887,0,17.0541493436073,12.5847897341751,158.3769326534,1.76929714094506,0.319809921085605,0,158.220278911903,636.480570703998,44291.977154099
input,40,0,16.6408232046441,12.2899743749438,151.043470136774,1.76510437378589,0.316988062950124,0,150.894070067401,587.558572973933,40189.6974622156
error,0.22338140140052,-0.410609972905044,-0.0664044695775622,0.0952231438241394,0.00906744711975275,7.18993432040496,-1.01763884528027,0,0.00905847832932767,-0.000877357415331969,0.000589977463725646
