signalsNamesOrdered,maxSignals,minSignals,meanSignals,standardDeviationSignals,varianceSignals,kurtosisSignals,skewnessSignals,firstMomentSignals,secondMomentSignals,thirdMomentSignals,fourthMomentSignals
compassSystem,39.9466796957608,0,16.9682503885156,12.4504619774605,155.014003452189,1.72046438364987,0.236306896711763,0,154.853533469319,455.363352993605,41256.0766860306
compassFilter,39.9409078773244,0,16.9626038435105,12.4502730278426,155.009298467825,1.72043161721211,0.236354075062196,0,154.848833355539,455.433529905994,41252.7866365882
fullSystem,39.9455924472173,0,16.9685071105531,12.4502817579168,155.009515851516,1.72042644305824,0.236353113984077,0,154.849050514195,455.432636033395,41252.7782747237
gyroFilter,0.00779895010755638,0,0.0059032670426721,0.000662092872507196,4.38366971824831e-07,13.41954630378,-1.51079419688555,0,4.37913175787745e-07,-4.37811662744105e-10,2.57343887827877e-12
gyroSystem,40.9766705317887,0,17.4580004102594,12.7298287699574,162.048540512434,1.72234612530685,0.243185295543011,0,161.880788400102,500.876063522204,45134.7513310674
input,40,0,17.0355869124036,12.4313303991421,154.537975492635,1.71857870671777,0.24031135910416,0,154.377998292332,460.948501871738,40958.1410671441
error,0.223955957033573,-0.41027576507186,-0.0670798018504756,0.0945789736252579,0.00894518225200723,7.5205654086362,-1.17367476035448,0,0.00893592222897203,-0.000991418082684478,0.000600522458017243
