signalsNamesOrdered,maxSignals,minSignals,meanSignals,standardDeviationSignals,varianceSignals,kurtosisSignals,skewnessSignals,firstMomentSignals,secondMomentSignals,thirdMomentSignals,fourthMomentSignals
compassSystem,39.9466820358853,0,16.4144556752788,12.0459318659016,145.104474517944,1.85447413309537,0.362120399794297,0,144.967194977246,632.05896357726,38972.6781848801
compassFilter,39.9453320834562,0,16.4131288812279,12.0458993789033,145.103691846663,1.85446969070023,0.362129013220916,0,144.96641304643,632.068883827101,38972.1644026234
fullSystem,39.946429829774,0,16.4145125755682,12.045897807096,145.103653979,1.85446839218045,0.362129364928611,0,144.966375214592,632.06925027992,38972.1167728021
gyroFilter,0.00185930226335529,0,0.00138369434030893,0.000153089989261654,2.34365448121332e-08,9.06365301972167,-0.870839253272666,0,2.34143721112703e-08,-3.12005155912613e-12,4.96899206687571e-15
gyroSystem,40.9766705317887,0,16.8908737540965,12.3167047379488,151.701215601811,1.85781593633537,0.369111271194004,0,151.557695057249,688.690820980674,42673.5396083338
input,40,0,16.4807539169976,12.0286160352531,144.687603723547,1.85323311888381,0.366240396772023,0,144.550718573383,636.497391580187,38723.1396730232
error,0.223901048586078,-0.410443332306169,-0.0662413414294761,0.091384052055523,0.00835104497008653,7.8057158192124,-1.09440783885059,0,0.00834314426528985,-0.000834014929572113,0.000543340705670369
