signalsNamesOrdered,maxSignals,minSignals,meanSignals,standardDeviationSignals,varianceSignals,kurtosisSignals,skewnessSignals,firstMomentSignals,secondMomentSignals,thirdMomentSignals,fourthMomentSignals
compassSystem,39.947062111708,0,19.8065188926135,11.6406437488935,135.504586888652,1.79749995994192,-0.00196477038790592,0,135.424831393132,-3.09641568952642,32965.9424770897
compassFilter,39.9340742450618,0,19.7965871138054,11.6384514069097,135.453551150999,1.79773759263678,-0.00192414806097887,0,135.373825694171,-3.03068319589321,32945.4697877594
fullSystem,39.961157387878,0,19.8096074557901,11.6437134479514,135.576062858004,1.7974371697551,-0.00169153989005802,0,135.496265293049,-2.66792263143976,32999.576624871
gyroFilter,0.0527880065225688,-0.0121622872856193,0.0130203419846806,0.00843147807544006,7.10898225366264e-05,5.35838265925757,1.12889927550247,0,7.1047980380925e-05,6.76056200038477e-07,2.70481271291819e-08
gyroSystem,40.9766705317887,0,20.3539092468388,11.913375547648,141.928516939298,1.79649072254447,0.00422989713103237,0,141.844980437273,7.14579846132718,36145.3905983963
input,40,0,19.8645191329797,11.6324231895957,135.313269261845,1.79417212358142,0.000489790442327181,0,135.233626372344,0.770260003404434,32812.0596801259
error,0.23864228504533,-0.411545235479876,-0.0549116771896748,0.0790842625884827,0.00625432058916409,9.42651726784963,-0.922663156533482,0,0.00625063941165428,-0.000455963257589419,0.000368298677441886
