signalsNamesOrdered,maxSignals,minSignals,meanSignals,standardDeviationSignals,varianceSignals,kurtosisSignals,skewnessSignals,firstMomentSignals,secondMomentSignals,thirdMomentSignals,fourthMomentSignals
compassSystem,39.9466784400538,0,17.3683585215122,12.4936463556318,156.091199259591,1.70729284496433,0.171664358668804,0,155.923719432059,334.232297514211,41508.0558297485
compassFilter,39.9451785126932,0,17.3668845585568,12.4936076409921,156.090231887055,1.70728548797062,0.171673499243558,0,155.922753097477,334.24698704959,41507.3624778802
fullSystem,39.9463980603208,0,17.3684208844303,12.4936069729478,156.090215194491,1.70728382523504,0.171673761584849,0,155.922736422823,334.247444208549,41507.313175879
gyroFilter,0.00206490694395001,0,0.00153632587352872,0.000172508890590242,2.9759317332676e-08,9.56344101959952,-0.920151226840463,0,2.97273867346796e-08,-4.71622275227538e-12,8.45138040033372e-15
gyroSystem,40.9766705317887,0,17.8685020883421,12.7728964024847,163.146882508607,1.70877869675854,0.178585779921543,0,162.971832205486,371.548657950549,45384.8513460975
input,40,0,17.4360002711302,12.4739109268527,155.598453811055,1.70526638547792,0.175585865778611,0,155.431502680356,340.249990624994,41197.4487974137
error,0.22243174559699,-0.410304521893283,-0.0675793866999128,0.0956379826891139,0.00914662373284325,7.33295452663705,-1.08685441626352,0,0.00913680975888097,-0.000949212061254385,0.000612164522240564
