signalsNamesOrdered,maxSignals,minSignals,meanSignals,standardDeviationSignals,varianceSignals,kurtosisSignals,skewnessSignals,firstMomentSignals,secondMomentSignals,thirdMomentSignals,fourthMomentSignals
compassSystem,39.946679420174,0,16.9178083957462,12.4995913200294,156.239783167755,1.71210543773519,0.234166233154316,0,156.078044261784,456.601140122521,41707.4978025536
compassFilter,39.9435871843136,0,16.9147988747342,12.4994773116719,156.236933065001,1.71209260359211,0.234190440176333,0,156.075197109447,456.635846327191,41705.6635396727
fullSystem,39.9460988259018,0,16.9179634786428,12.4994799106642,156.236998037098,1.71208987062976,0.234190105563204,0,156.075262014285,456.635478724226,41705.6316532358
gyroFilter,0.00422477485306771,0,0.00316460390862783,0.000354302858707666,1.25530515688425e-07,10.7927103028022,-1.13557208709824,0,1.2540056691442e-07,-5.04270959923638e-11,1.69718630879292e-13
gyroSystem,40.9766705317887,0,17.4065331554125,12.7805162777905,163.341596326867,1.71440809837018,0.240652674025149,0,163.17250564744,501.604201481133,45646.5726790431
input,40,0,16.984975494133,12.4812000407613,155.7803544575,1.71061777905232,0.237779927099954,0,155.619091150608,461.603934072103,41426.5465588148
error,0.225353319182148,-0.410519986803396,-0.0670120154902155,0.0981174690270314,0.00962703772827047,6.8200643832921,-0.902408826814274,0,0.00961707185070498,-0.00085107459299334,0.000630774598781152
