signalsNamesOrdered,maxSignals,minSignals,meanSignals,standardDeviationSignals,varianceSignals,kurtosisSignals,skewnessSignals,firstMomentSignals,secondMomentSignals,thirdMomentSignals,fourthMomentSignals
compassSystem,39.9466791823949,0,16.9396452941215,12.4386369844074,154.719690029867,1.7208772876786,0.243589257806221,0,154.560020587111,468.062537299738,41109.6932877527
compassFilter,39.9451280236667,0,16.9381152031251,12.4386032391516,154.718850541034,1.72086968531824,0.243598588430667,0,154.559181964624,468.076656705896,41109.0655680135
fullSystem,39.9463891748182,0,16.9397035934324,12.4386030016265,154.718844632071,1.72086801204902,0.243598812279814,0,154.559176061759,468.077060018912,41109.0224560136
gyroFilter,0.00213489493366481,0,0.00158839030734751,0.000176647547827327,3.12043561534077e-08,9.60908084002338,-0.913545217180358,0,3.11721535154785e-08,-5.02782621197373e-12,9.33717416690745e-15
gyroSystem,40.9766705317887,0,17.4280977812591,12.7186912761173,161.765107777183,1.7230103505593,0.250228486975418,0,161.598167521479,514.033469465847,44994.6367210469
input,40,0,17.0061501451287,12.4207414223148,154.274817480007,1.71920177844972,0.247316601689235,0,154.11560714205,473.176538252962,40833.8279721629
error,0.224196399988658,-0.410316210910768,-0.0664465516963433,0.0929251294824265,0.00863507968932573,7.47640449578425,-1.10877053551816,0,0.008626168358377,-0.000888318223560044,0.000556325094216888
