signalsNamesOrdered,maxSignals,minSignals,meanSignals,standardDeviationSignals,varianceSignals,kurtosisSignals,skewnessSignals,firstMomentSignals,secondMomentSignals,thirdMomentSignals,fourthMomentSignals
compassSystem,39.9466786598101,0,17.3596106898558,12.4875802586762,155.93966071688,1.70709461361687,0.174645238100863,0,155.772522816861,339.541629835505,41422.7854289684
compassFilter,39.945310215086,0,17.3582668547287,12.4875441704779,155.938759409636,1.70708835746703,0.174653508572471,0,155.77162247565,339.554765231224,41422.1547914864
fullSystem,39.9464229794709,0,17.3596688345058,12.4875431257967,155.938733318632,1.70708681315079,0.174653832144221,0,155.77159641261,339.555309087795,41422.1034578236
gyroFilter,0.00188488174416079,0,0.0014019797770831,0.000156926394590785,2.46258933192628e-08,9.57731336673815,-0.904766937028212,0,2.45994990070235e-08,-3.49080922742603e-12,5.79557088961598e-15
gyroSystem,40.9766705317887,0,17.8559130565813,12.7706910712335,163.090550436882,1.70819425480712,0.181224839065977,0,162.915748132019,376.844623409158,45338.1078318473
input,40,0,17.4237225345595,12.4717333267775,155.544132174252,1.70467840486092,0.178227128526997,0,155.37741820622,345.187977494236,41154.5882652313
error,0.224358004138736,-0.410429456063293,-0.0640537000537125,0.0965366192477493,0.00931931885578491,7.3598290691833,-1.00975220801634,0,0.00930933030395663,-0.000906969058325786,0.000637829508526921
