signalsNamesOrdered,maxSignals,minSignals,meanSignals,standardDeviationSignals,varianceSignals,kurtosisSignals,skewnessSignals,firstMomentSignals,secondMomentSignals,thirdMomentSignals,fourthMomentSignals
compassSystem,39.9466798648611,0,16.798398794044,12.4432783177794,154.835175293718,1.72589516729772,0.261110462748299,0,154.677180216888,502.300538541914,41292.0937922617
compassFilter,39.9438976282561,0,16.7956850593653,12.4431828139051,154.832798540264,1.72588334111266,0.261131927272508,0,154.674805888692,502.330263500258,41290.5431836896
fullSystem,39.9461578324603,0,16.798534169958,12.4431832041906,154.83280825305,1.72588097600108,0.261131798439798,0,154.674815591567,502.330062936676,41290.4917804324
gyroFilter,0.00380800891489841,0,0.00284911059267109,0.000318759858948304,1.01607847676743e-07,10.3748676900341,-1.07024122569473,0,1.01504166199522e-07,-3.46104684983716e-11,1.06893255264801e-13
gyroSystem,40.9766705317887,0,17.2820000781834,12.7250015885099,161.92566542758,1.72802081295033,0.267615479201502,0,161.760435156736,550.579059731316,45216.1501250451
input,40,0,16.8635686768772,12.4268138784848,154.425703170502,1.72413745108706,0.264747638861712,0,154.268125922369,507.278435839243,41032.15181169
error,0.224449542625981,-0.410540607339939,-0.065034506919229,0.0974516873346624,0.0094968313643728,6.95315327668853,-0.946260426596124,0,0.00948714072012344,-0.000874407132564032,0.000625824394665886
