signalsNamesOrdered,maxSignals,minSignals,meanSignals,standardDeviationSignals,varianceSignals,kurtosisSignals,skewnessSignals,firstMomentSignals,secondMomentSignals,thirdMomentSignals,fourthMomentSignals
compassSystem,39.9470621114488,0,19.4464603450775,11.7619508774663,138.343488443931,1.7845848279895,0.0340129771725037,0,138.207857572908,55.2641824692118,34088.0898608044
compassFilter,39.933769738374,0,19.433259638286,11.7617768628547,138.339394971585,1.78451665544117,0.0340638938119478,0,138.20376811377,55.3444551834255,34084.7704975627
fullSystem,39.9466659394729,0,19.4477753431415,11.7641415968358,138.395027510403,1.7850025718449,0.0346911479933654,0,138.259346110883,56.3975735832717,34121.4786772899
gyroFilter,0.0599317859348147,-0.0252710079173397,0.0145157048554437,0.00936179153015936,8.76431406541635e-05,6.29098901151254,0.677639150289712,0,8.75572160064634e-05,5.55183314656015e-07,4.82283956359138e-08
gyroSystem,40.9766705317887,0,19.9863523352976,12.0366248829229,144.880338572199,1.78392996975252,0.0401189286935721,0,144.738299024579,69.8593473688767,37371.8614889549
input,40,0,19.5052033813857,11.7528205240439,138.128790270387,1.78140689273155,0.0366030226892537,0,137.993369887769,59.3340894285388,33921.8531274623
error,0.238126586220803,-0.41095877305985,-0.0574280382442124,0.0810378572188038,0.00656713430261524,8.98456677822881,-0.851268138277117,0,0.00656069593565189,-0.000452367341943082,0.000386720292425082
