signalsNamesOrdered,maxSignals,minSignals,meanSignals,standardDeviationSignals,varianceSignals,kurtosisSignals,skewnessSignals,firstMomentSignals,secondMomentSignals,thirdMomentSignals,fourthMomentSignals
compassSystem,39.9466790480838,0,17.2179331128606,12.4692333371902,155.481780017295,1.71020199243991,0.198930187357261,0,155.31724903315,385.061613496855,41255.9685728453
compassFilter,39.9447356491461,0,17.2160452430704,12.4691574821347,155.479888314275,1.71019374996587,0.198945558484068,0,155.315359331932,385.084338877722,41254.7658474016
fullSystem,39.9463152417113,0,17.2180345119899,12.4691583014947,155.479908747734,1.710191705668,0.198945612498796,0,155.315379743768,385.084519342856,41254.727376634
gyroFilter,0.00266953493009581,0,0.0019892689194465,0.000223438617541521,4.99248158088659e-08,9.77871035238568,-0.957742886529098,0,4.98719853159465e-08,-1.06667943107406e-11,2.43217542804949e-14
gyroSystem,40.9766705317887,0,17.7131031137678,12.7496765588523,162.554252355347,1.71179845011034,0.205655935048525,0,162.382237273489,425.548465184395,45136.6860954148
input,40,0,17.2845532569147,12.4508563794658,155.023824582084,1.70817474222202,0.202731788725136,0,154.859778206865,390.687756707904,40964.6795374183
error,0.224116411287862,-0.410619924986874,-0.0665187449247994,0.096251853428318,0.00926441928838642,7.18614410974844,-1.03172853998161,0,0.00925461567009183,-0.000918550475061751,0.000615478232590109
