signalsNamesOrdered,maxSignals,minSignals,meanSignals,standardDeviationSignals,varianceSignals,kurtosisSignals,skewnessSignals,firstMomentSignals,secondMomentSignals,thirdMomentSignals,fourthMomentSignals
compassSystem,39.9466788964786,0,17.134748152527,12.5179650328736,156.699448564247,1.70680285747253,0.199541565399885,0,156.534153787281,390.793237341186,41821.6902305645
compassFilter,39.9431621708421,0,17.1313406034525,12.5178179235659,156.695765567547,1.70678834685893,0.19957041774986,0,156.530474675598,390.835963912665,41819.3687994907
fullSystem,39.9460180419062,0,17.1349386858098,12.5178217104256,156.695860374002,1.7067850674538,0.199570021996658,0,156.530569382046,390.83554357866,41819.3390524954
gyroFilter,0.00479756273072951,0,0.00359808235731628,0.000406325845014692,1.65100692326904e-07,11.059820401764,-1.1982743977034,0,1.64926535478458e-07,-8.02586932554071e-11,3.008355436716e-13
gyroSystem,40.9766705317887,0,17.6277905801497,12.7995921530995,163.829559285687,1.70841690229773,0.206245880698954,0,163.656743294879,431.803482099707,45757.4347160555
input,40,0,17.2010777825751,12.4997859601041,156.244649048415,1.70476942374077,0.203346647873395,0,156.079834017773,396.512798017007,41529.7423223046
error,0.222699370619127,-0.410543858123381,-0.0661390967653313,0.0971089605867025,0.00943015022622974,7.02365290245393,-1.00072039881405,0,0.00942020281037929,-0.000914962157158564,0.00062328051071153
