signalsNamesOrdered,maxSignals,minSignals,meanSignals,standardDeviationSignals,varianceSignals,kurtosisSignals,skewnessSignals,firstMomentSignals,secondMomentSignals,thirdMomentSignals,fourthMomentSignals
compassSystem,39.9466784864977,0,17.3697781710798,12.4758281781821,155.646288731523,1.70803859584632,0.175938079150404,0,155.479465270931,341.090327176807,41289.8929293012
compassFilter,39.9445349513943,0,17.3676815291302,12.4757590839468,155.64456472068,1.70802674265523,0.17595400718365,0,155.477743107904,341.115539169468,41288.6917110843
fullSystem,39.9462769709688,0,17.3698759536381,12.4757594085661,155.644572820426,1.70802425215485,0.175954307800107,0,155.477751198968,341.116148591029,41288.6358047224
gyroFilter,0.00294010118901511,0,0.00219442450790347,0.000248004816671172,6.15063890921018e-08,9.86038906851526,-1.00047974256792,0,6.14404658454864e-08,-1.52366695731901e-11,3.72222868217788e-14
gyroSystem,40.9766705317887,0,17.8705528198471,12.7535980092841,162.654262182416,1.70928881849271,0.18319748982776,0,162.479927496261,379.419016160079,45124.7578974896
input,40,0,17.4381261789746,12.4548447776644,155.123158435715,1.70573497795972,0.180235490646284,0,154.956895672118,347.661559689065,40957.4934011803
error,0.221253562295453,-0.410602970048131,-0.068250225336468,0.0942402950145361,0.00888123320442679,7.38186391571087,-1.25658408086986,0,0.00887171419777682,-0.00105003280481186,0.000581006672312818
