signalsNamesOrdered,maxSignals,minSignals,meanSignals,standardDeviationSignals,varianceSignals,kurtosisSignals,skewnessSignals,firstMomentSignals,secondMomentSignals,thirdMomentSignals,fourthMomentSignals
compassSystem,39.946679617605,0,17.0018092720685,12.3897653379632,153.506285129794,1.7274333866414,0.244671343385792,0,153.347704256726,464.621202437948,40621.4915897364
compassFilter,39.9456581463411,0,17.0008069495387,12.3897385414138,153.505621124594,1.72742937896223,0.244677480169884,0,153.347040937482,464.629841234824,40621.0459248504
fullSystem,39.9464890172923,0,17.0018533722117,12.3897380065456,153.505607870842,1.72742831957604,0.24467762820358,0,153.347027697421,464.630062168538,40621.0139985721
gyroFilter,0.00140953610813099,0,0.0010464226730107,0.000116476628979699,1.35668050984746e-08,9.32462339450951,-0.841084416161521,0,1.35527898039513e-08,-1.32703580378347e-12,1.7127292152733e-15
gyroSystem,40.9766705317887,0,17.4890756405084,12.6716614416032,160.571003690612,1.72932984861345,0.251026480321632,0,160.405124554568,509.972661382551,44495.318027409
input,40,0,17.0657639700606,12.3747218187202,153.13374009071,1.72551727646078,0.248097957574302,0,152.97554407822,469.414173738593,40379.7220273323
error,0.222909110176559,-0.410454165820277,-0.0639105978488806,0.0927333464484992,0.00859947354353738,7.77679427796312,-1.07013550631444,0,0.0085905897898767,-0.000852066019841286,0.000573913675635512
