signalsNamesOrdered,maxSignals,minSignals,meanSignals,standardDeviationSignals,varianceSignals,kurtosisSignals,skewnessSignals,firstMomentSignals,secondMomentSignals,thirdMomentSignals,fourthMomentSignals
compassSystem,39.9466790223589,0,17.1014982901819,12.4961982760706,156.154971354869,1.70874979734033,0.209448356213896,0,155.990943023614,408.061885197428,41579.3066629932
compassFilter,39.9436796181375,0,17.0985921420361,12.4960721583522,156.151819386744,1.70873720444989,0.209473541437754,0,155.98779436638,408.098596367121,41577.3217213315
fullSystem,39.9461159708835,0,17.1016637286384,12.4960723372645,156.151823858147,1.7087345778941,0.209473545734661,0,155.987798833086,408.098622267237,41577.2601925988
gyroFilter,0.00409937776769809,0,0.00307158660225576,0.000344903174610573,1.18958199856451e-07,10.7080753434008,-1.12738651455571,0,1.18833243764165e-07,-4.61827472285507e-11,1.51212370779948e-13
gyroSystem,40.9766705317887,0,17.592541949487,12.7790189890455,163.303326322386,1.71049524542632,0.215858124953245,0,163.131789214905,449.755310015187,45519.6663774036
input,40,0,17.1668490235764,12.4794790817798,155.73739815258,1.70682925945053,0.212974427221664,0,155.573808448639,413.268385877367,41310.7467876368
error,0.223491071001255,-0.410526355780699,-0.0651852949380226,0.0971464219237099,0.00943742729257947,7.08829694425551,-0.975874459175916,0,0.00942751402861668,-0.000893284365019897,0.000629993802962915
