signalsNamesOrdered,maxSignals,minSignals,meanSignals,standardDeviationSignals,varianceSignals,kurtosisSignals,skewnessSignals,firstMomentSignals,secondMomentSignals,thirdMomentSignals,fourthMomentSignals
compassSystem,39.9466790290814,0,17.1596768384148,12.5028421242184,156.321061183131,1.70632083354005,0.200195433750651,0,156.155991424754,390.653882986469,41608.1108078776
compassFilter,39.9444543541658,0,17.1575183758399,12.5027522658223,156.318814220526,1.70631161808957,0.200213330019013,0,156.153746834865,390.680381470489,41606.6899550736
fullSystem,39.9462622169777,0,17.1597941587695,12.502754555293,156.3188714699,1.70630910061804,0.200213330149446,0,156.153804023786,390.680596346094,41606.659044654
gyroFilter,0.00305242970509667,0,0.0022757829296115,0.000256020455923692,6.55464738513752e-08,9.95768143762941,-1.00010571916219,0,6.54772589898637e-08,-1.67564357964101e-11,4.26912832842194e-14
gyroSystem,40.9766705317887,0,17.6521053263662,12.7854076859439,163.466649695793,1.7077867547785,0.20681115714557,0,163.294034437403,431.548332888346,45538.0342229016
input,40,0,17.2247389685106,12.4860117582645,155.900489627518,1.7041211375966,0.203900094170227,0,155.735863978492,396.278382072172,41331.1735268332
error,0.224063474605417,-0.410598795791386,-0.0649448097411195,0.0976895681212157,0.00954325171970965,7.00930682814311,-1.00464154835278,0,0.00953317436836888,-0.000935120203233127,0.000637015712461276
