signalsNamesOrdered,maxSignals,minSignals,meanSignals,standardDeviationSignals,varianceSignals,kurtosisSignals,skewnessSignals,firstMomentSignals,secondMomentSignals,thirdMomentSignals,fourthMomentSignals
compassSystem,39.9470621116661,0,19.6722680289694,11.7181736931855,137.315594703666,1.79130833615743,-0.000630455792228677,0,137.210291333494,-1.01329212809704,33724.3602508995
compassFilter,39.9237442548338,0,19.6584767594641,11.7141492063335,137.221291628244,1.79148662082286,-0.000826552027373518,0,137.116060576382,-1.32709705770536,33681.4068633752
fullSystem,39.9212146431439,0,19.6647617243212,11.7102560331095,137.130096360978,1.79166981820943,-0.00115612947359564,0,137.024935244137,-1.85441051502483,33640.0930804392
gyroFilter,0.0302777619675361,-0.0327393533094309,0.00628496485710846,0.00698186742918107,4.87464727986594e-05,6.81903976985262,-1.10582630548317,0,4.87090905342433e-05,-3.75925640125518e-07,1.61786866960679e-08
gyroSystem,40.9766705317887,0,20.2169273614011,11.9922361491032,143.813727855857,1.79044339167189,0.00548099357117783,0,143.703441254741,9.44191410146711,36973.8718000341
input,40,0,19.7306403162788,11.7095945880066,137.114605415475,1.78810434733796,0.00180883008125938,0,137.009456178193,2.90083873265612,33565.5636206112
error,0.237865002741037,-0.41134604228071,-0.0658785919575379,0.0807625588166532,0.00652259090661337,8.81408579207594,-0.512299458668561,0,0.00651758891972179,-0.000269559315222378,0.000374413244746216
