signalsNamesOrdered,maxSignals,minSignals,meanSignals,standardDeviationSignals,varianceSignals,kurtosisSignals,skewnessSignals,firstMomentSignals,secondMomentSignals,thirdMomentSignals,fourthMomentSignals
compassSystem,39.9466787470478,0,17.4222802647695,12.4466228048057,154.91841924511,1.71004924221792,0.175133619476555,0,154.752019224439,337.150656751323,40952.5798082756
compassFilter,39.9455687576705,0,17.4211919293289,12.4465916529871,154.917643776209,1.71004408767581,0.175140584693857,0,154.751244588479,337.161533938238,40952.0463792331
fullSystem,39.9464715584309,0,17.4223290633323,12.4465909963593,154.917627430652,1.71004290325045,0.175140770525366,0,154.75122826048,337.161838319206,40952.0093728786
gyroFilter,0.00153064664691982,0,0.0011371340033802,0.000126855725355346,1.60923750554311e-08,9.577795431333,-0.878846727487725,0,1.6075090012407e-08,-1.79119661588866e-12,2.47498393180486e-15
gyroSystem,40.9766705317887,0,17.9198178218212,12.7293288849037,162.035813860043,1.71128558743939,0.181581584845548,0,161.861768947196,373.928205965108,44834.3685457816
input,40,0,17.4863354664431,12.43107945745,154.531736477435,1.70777710132602,0.178585444184723,0,154.365751798083,342.509393609649,40694.2539358917
error,0.22317229580929,-0.410438594329671,-0.0640064031108878,0.0919676031591894,0.00845804003084615,7.93721911818744,-1.13121594979941,0,0.00844895513285383,-0.000878516708375135,0.00056659713931446
