signalsNamesOrdered,maxSignals,minSignals,meanSignals,standardDeviationSignals,varianceSignals,kurtosisSignals,skewnessSignals,firstMomentSignals,secondMomentSignals,thirdMomentSignals,fourthMomentSignals
compassSystem,39.9466790401717,0,17.3000411395901,12.4217599968377,154.300121419037,1.71370722062583,0.198126835675593,0,154.136320865514,379.141030410256,40714.2654187102
compassFilter,39.945420884619,0,17.2988114024176,12.4217191869438,154.299107559289,1.7137009830543,0.198136044273058,0,154.135308082049,379.154915238538,40713.582187741
fullSystem,39.9464440618067,0,17.3001003972699,12.4217183540975,154.299086868522,1.71369964890775,0.198136265128475,0,154.135287413248,379.155261605097,40713.5395725154
gyroFilter,0.00173396815738869,0,0.00128899485226378,0.000144146161791922,2.07781159593428e-08,9.47161100588043,-0.875967916028289,0,2.0756058511403e-08,-2.61942235172463e-12,4.08050229170645e-15
gyroSystem,40.9766705317887,0,17.7958071409251,12.7029056845987,161.363812831811,1.71533260993915,0.20458250327445,0,161.192513667446,418.683446059149,44569.5325959175
input,40,0,17.3653871037589,12.4050905199134,153.886270807245,1.71171457761268,0.201633943421799,0,153.722909585582,384.301020562403,40449.0700384467
error,0.222015318823233,-0.41034326186046,-0.065286706488964,0.0935622926617725,0.00875390260812716,7.6883677567862,-1.01876056337174,0,0.00874460971788499,-0.000833072448535797,0.000587915636519326
