signalsNamesOrdered,maxSignals,minSignals,meanSignals,standardDeviationSignals,varianceSignals,kurtosisSignals,skewnessSignals,firstMomentSignals,secondMomentSignals,thirdMomentSignals,fourthMomentSignals
compassSystem,39.9466794810927,0,16.9631137672812,12.4692473280422,155.482128927889,1.71786483443615,0.233029414991226,0,155.321007550761,451.082567335955,41442.8284169091
compassFilter,39.9452060979191,0,16.9616618863626,12.4692143505159,155.481306519113,1.71785837450925,0.233037898336789,0,155.320185994222,451.095409755311,41442.2341602177
fullSystem,39.9464040908494,0,16.9631707364055,12.4692137677505,155.481291985857,1.71785662446585,0.233038288516478,0,155.320171476027,451.096101784994,41442.1841941146
gyroFilter,0.00202789719025986,0,0.00150885004293743,0.000167950195678438,2.82072682284257e-08,9.57378666761921,-0.901179953099673,0,2.81780378986553e-08,-4.26263008265302e-12,7.6016040366395e-15
gyroSystem,40.9766705317887,0,17.4533641225206,12.7483238203132,162.519760227566,1.7197277342589,0.239989816815263,0,162.351345968263,496.451302496384,45328.5140354677
input,40,0,17.0307919549641,12.449726060486,154.995678981145,1.71598655054685,0.237064511320757,0,154.835061697227,456.741540114993,41138.8836678297
error,0.224781788311825,-0.410607615621118,-0.0676212185585982,0.0961666988051822,0.00924803395908663,7.27175150487592,-1.15119747535893,0,0.00923845050420674,-0.00102222978995477,0.000620636484447902
