signalsNamesOrdered,maxSignals,minSignals,meanSignals,standardDeviationSignals,varianceSignals,kurtosisSignals,skewnessSignals,firstMomentSignals,secondMomentSignals,thirdMomentSignals,fourthMomentSignals
compassSystem,39.9466786902123,0,17.0809084233094,12.5033674282914,156.334197046857,1.707506377023,0.21112250140785,0,156.170152768739,412.032596936607,41644.5721514553
compassFilter,39.9452776223466,0,17.0795296538577,12.5033349008656,156.333383643203,1.70750063990124,0.211130164744506,0,156.169340218604,412.044337111027,41643.9988789797
fullSystem,39.9464168829986,0,17.0809661173407,12.5033327815149,156.333330645305,1.70749930018737,0.211130540345063,0,156.169287276318,412.044860609509,41643.9379698085
gyroFilter,0.00192963781073985,0,0.00143646348304537,0.000159695382265122,2.55026151168036e-08,9.65876591540883,-0.918517183163373,0,2.54758547651595e-08,-3.73491250021171e-12,6.26872429574524e-15
gyroSystem,40.9766705317887,0,17.573386891576,12.7838661651864,163.427234129397,1.70921918681892,0.217940358406846,0,163.255747000195,454.611459013727,45554.8599922686
input,40,0,17.1478572621842,12.4845658767593,155.864385131143,1.70554496553147,0.215011795012186,0,155.700833835098,417.732911040427,41347.0996280419
error,0.224215792684652,-0.410343944759311,-0.0668911448434713,0.0961919173786959,0.00925288496898985,7.3114976204632,-1.11247216666071,0,0.00924317575076426,-0.000988600828933816,0.00062466728923219
