signalsNamesOrdered,maxSignals,minSignals,meanSignals,standardDeviationSignals,varianceSignals,kurtosisSignals,skewnessSignals,firstMomentSignals,secondMomentSignals,thirdMomentSignals,fourthMomentSignals
compassSystem,39.9466791565597,0,17.1203983615136,12.4890820131623,155.977169531494,1.70870440857093,0.208633659185818,0,155.813155683407,405.779927549816,41483.480486484
compassFilter,39.9444192574554,0,17.1182003578045,12.4889976472489,155.975062232988,1.70869504147028,0.20865087766403,0,155.811050600776,405.80519249073,41482.1321795573
fullSystem,39.9462557078913,0,17.1205125692441,12.4889996893384,155.975113240296,1.70869257261467,0.208650876500934,0,155.811101554449,405.805389289598,41482.0993740648
gyroFilter,0.00309888184494866,0,0.00231221143965763,0.000260320839232422,6.77669393386724e-08,9.92637923308932,-0.997477342323857,0,6.76956807273805e-08,-1.75688962857973e-11,4.5489669620884e-14
gyroSystem,40.9766705317887,0,17.6140485241062,12.7691552024649,163.051324584635,1.71052252563801,0.21540009938971,0,162.879872087701,447.761788645689,45379.9106987577
input,40,0,17.1876988105464,12.4700133437181,155.501232792506,1.70684774386657,0.212488999965622,0,155.337719403661,411.388208745883,41185.9067565634
error,0.222102710214445,-0.410585488050002,-0.0671862413023121,0.0974548285320393,0.00949744360420917,6.92109157799293,-0.989290870483133,0,0.00948745680756963,-0.000914215791901924,0.000622980164734473
