signalsNamesOrdered,maxSignals,minSignals,meanSignals,standardDeviationSignals,varianceSignals,kurtosisSignals,skewnessSignals,firstMomentSignals,secondMomentSignals,thirdMomentSignals,fourthMomentSignals
compassSystem,39.9466786349636,0,17.3024340109712,12.4622618829107,155.30797123825,1.70953239187021,0.188727724087652,0,155.142574037783,364.697000807285,41147.1082950629
compassFilter,39.9452454093742,0,17.3010393525127,12.462208685604,155.306645323544,1.70952606945503,0.188738652836485,0,155.141249535127,364.713448929292,41146.2535525543
fullSystem,39.9464107868894,0,17.30250822313,12.4622071242516,155.306606407748,1.70952460596696,0.188738973790069,0,155.141210660775,364.713932049536,41146.1977078053
gyroFilter,0.00197372776052518,0,0.00146887061730949,0.000163880517592657,2.68568240464373e-08,9.68137716393261,-0.920183989764496,0,2.68282225298809e-08,-4.0435472535537e-12,6.96820533200576e-15
gyroSystem,40.9766705317887,0,17.7988914117708,12.7431139234087,162.386952464972,1.71082643797508,0.195505337242964,0,162.214016413359,403.916118547687,45017.6383592002
input,40,0,17.3683702887116,12.4444054637576,154.8632273464,1.70725095090728,0.192564451286513,0,154.6983037816,370.513847799851,40857.1874322854
error,0.223367438306078,-0.41028796240269,-0.0658620655816192,0.0949399895777706,0.0090136016210272,7.52607195853958,-1.10884566288072,0,0.00900400247127104,-0.000947380650614521,0.000610154161170056
