signalsNamesOrdered,maxSignals,minSignals,meanSignals,standardDeviationSignals,varianceSignals,kurtosisSignals,skewnessSignals,firstMomentSignals,secondMomentSignals,thirdMomentSignals,fourthMomentSignals
compassSystem,39.9466801224739,0,16.8404936650621,12.3195116243725,151.77036666305,1.75387810509875,0.275156503271721,0,151.616752931609,513.689358296251,40317.5180796666
compassFilter,39.9442259317459,0,16.838093566386,12.3194310066997,151.768380328833,1.75386525104754,0.275177115170565,0,151.614768607853,513.717753339,40316.1672779635
fullSystem,39.9462200218445,0,16.840606764804,12.3194308880837,151.76837740627,1.75386275152947,0.275177352052542,0,151.614765688248,513.718180726209,40316.1082687335
gyroFilter,0.003361182684813,0,0.00251319841795869,0.000278225879957978,7.74096402783914e-08,10.3872393820228,-1.04446892834109,0,7.73312904400529e-08,-2.24609649872519e-11,6.21170260686853e-14
gyroSystem,40.9766705317887,0,17.3264784885177,12.5968778702682,158.681332078452,1.75604919707737,0.282001761562392,0,158.520723442745,562.834732268209,44127.4437644745
input,40,0,16.9067260263629,12.3017394108427,151.33279253228,1.7520003772153,0.279153454388739,0,151.179621689636,518.899064532284,40042.4557022764
error,0.224211227170478,-0.410580598235762,-0.0661192615589282,0.0924767352117882,0.00855194655543119,7.79296302085814,-1.1684324754649,0,0.00854329073907954,-0.000922659374325926,0.000568791356145656
