signalsNamesOrdered,maxSignals,minSignals,meanSignals,standardDeviationSignals,varianceSignals,kurtosisSignals,skewnessSignals,firstMomentSignals,secondMomentSignals,thirdMomentSignals,fourthMomentSignals
compassSystem,39.9466810015546,0,16.6462111427194,12.0024174760409,144.058025269173,1.85044380927653,0.342061157129109,0,143.919507937184,590.58615103531,38327.9183588036
compassFilter,39.9453364981827,0,16.6448907079748,12.0023825210771,144.057186182257,1.85043797590625,0.342070865205892,0,143.918669657082,590.597752457038,38327.3510428677
fullSystem,39.9464298155478,0,16.6462682947139,12.0023810749439,144.057151468171,1.85043650129869,0.342071351858414,0,143.918634976375,590.598379201612,38327.3020281356
gyroFilter,0.00185240031463607,0,0.00137758673912521,0.000153851584736892,2.36703101260531e-08,8.91318260839174,-0.830788505266221,0,2.36475502124704e-08,-3.02113208705462e-12,4.98431081838387e-15
gyroSystem,40.9766705317887,0,17.1270283852814,12.2730660707602,150.628150777246,1.85323795860968,0.349138006291451,0,150.483316016883,644.509994788489,41966.996851223
input,40,0,16.7117222305712,11.9855782383471,143.65408570754,1.84876993920406,0.346269998154426,0,143.515956778975,595.340119940769,38078.7998699224
error,0.223112385852906,-0.410437326619234,-0.0654539358572495,0.0893139169621204,0.00797697576311654,8.45332312620364,-1.20811547471057,0,0.00796930559411354,-0.000859486715304335,0.000536869128648274
