signalsNamesOrdered,maxSignals,minSignals,meanSignals,standardDeviationSignals,varianceSignals,kurtosisSignals,skewnessSignals,firstMomentSignals,secondMomentSignals,thirdMomentSignals,fourthMomentSignals
compassSystem,39.9466787124635,0,17.2588662701361,12.4653836768485,155.38579021104,1.70843463991792,0.194764591648457,0,155.220837142875,376.647454506901,41162.1841483987
compassFilter,39.9454077526879,0,17.2576200697911,12.4653488800444,155.384922701225,1.70842956493165,0.194772142852827,0,155.219970553984,376.65890315995,41161.6022646709
fullSystem,39.9464413317855,0,17.2589219072688,12.4653481906722,155.384905514694,1.70842811358748,0.194772428368728,0,155.219953385698,376.659392811822,41161.5581916427
gyroFilter,0.00175128382131717,0,0.00130183747770187,0.000145943339426213,2.12994583228749e-08,9.41097714937287,-0.885807767917937,0,2.12768474329355e-08,-2.74916245145885e-12,4.26038922686133e-15
gyroSystem,40.9766705317887,0,17.7544068133475,12.7463828863374,162.470276685114,1.70999686699312,0.20142568770207,0,162.297802930671,416.470089403741,45042.3038645618
input,40,0,17.3245421459702,12.4480284367816,154.953411962923,1.70637491869961,0.198444337250522,0,154.788917895022,382.162884943059,40884.076035397
error,0.22463761116711,-0.41027653685333,-0.0656202387013819,0.0939006243093811,0.00881732724569154,7.28066535875242,-1.06190295951137,0,0.0088079670256855,-0.000877805608510606,0.000564836079874492
