signalsNamesOrdered,maxSignals,minSignals,meanSignals,standardDeviationSignals,varianceSignals,kurtosisSignals,skewnessSignals,firstMomentSignals,secondMomentSignals,thirdMomentSignals,fourthMomentSignals
compassSystem,39.9466826396007,0,16.3919282105248,11.9582050151859,142.998667185217,1.88514373250606,0.36946878268167,0,142.865397225119,630.911333848364,38476.7671057262
compassFilter,39.9453417466015,0,16.3906046568841,11.9581790907808,142.998047167187,1.88513912038619,0.369476452813149,0,142.864777784925,630.920328130623,38476.3393139865
fullSystem,39.9464321337863,0,16.3919791490288,11.9581780300732,142.998021798926,1.88513761437995,0.369476623359378,0,142.864752440306,630.92045146578,38476.2949242678
gyroFilter,0.00184666256559041,0,0.00137449214471644,0.000151897815341143,2.30729463054121e-08,9.023407114505,-0.845611392334888,0,2.30514430935711e-08,-2.95949767738294e-12,4.79475907396443e-15
gyroSystem,40.9766705317887,0,16.866877197225,12.2274419951187,149.510337743992,1.88843055521214,0.376653475439957,0,149.370999125405,687.608771303216,42134.0872936522
input,40,0,16.4576658817771,11.9413062467195,142.594794877941,1.88378922879735,0.373704340712062,0,142.461901313283,635.442483146429,38232.2433413396
error,0.223349681108025,-0.410433283979087,-0.0656867327482521,0.0909068201697213,0.00826404995337005,7.8739980554577,-1.13405233521182,0,0.00825634813607893,-0.000850775730960629,0.000536749065946343
