signalsNamesOrdered,maxSignals,minSignals,meanSignals,standardDeviationSignals,varianceSignals,kurtosisSignals,skewnessSignals,firstMomentSignals,secondMomentSignals,thirdMomentSignals,fourthMomentSignals
compassSystem,39.946680018743,0,16.5552571942192,12.4406027524925,154.768596845324,1.73648330572792,0.293546540289191,0,154.613828248479,564.351217599505,41511.3903315805
compassFilter,39.9450504298674,0,16.5536652864294,12.4405533021943,154.767366464737,1.73647881098203,0.293556851253623,0,154.612599098272,564.364310760903,41510.6228719096
fullSystem,39.9463752685773,0,16.5553338567763,12.4405530512452,154.767360220846,1.73647703474592,0.293557168881564,0,154.612592860625,564.364887249118,41510.5770615038
gyroFilter,0.00224142756213652,0,0.001668570346924,0.000185091466247776,3.42588508777516e-08,9.52615041789056,-0.906321426174254,0,3.42245920268739e-08,-5.73838479335336e-12,1.11581962224308e-14
gyroSystem,40.9766705317887,0,17.0328561784482,12.722839643667,161.870648598465,1.73901124166347,0.299858490953552,0,161.708777949867,616.618774453217,45474.6724644942
input,40,0,16.6201607728979,12.4248533887338,154.37698173153,1.73500809293218,0.297002040086257,0,154.222604749798,568.828677585789,41266.4939876849
error,0.224867434792654,-0.410675901992544,-0.0648269161215652,0.0970256244103499,0.00941397179221828,6.91783136954856,-0.975246145800474,0,0.00940455782042606,-0.000889450562237845,0.000611852491905111
