signalsNamesOrdered,maxSignals,minSignals,meanSignals,standardDeviationSignals,varianceSignals,kurtosisSignals,skewnessSignals,firstMomentSignals,secondMomentSignals,thirdMomentSignals,fourthMomentSignals
compassSystem,39.9466793896359,0,16.8632228437198,12.4669500176915,155.424842743618,1.72030777364614,0.247408366618487,0,155.265104981291,478.657837079351,41471.8944358445
compassFilter,39.94342604707,0,16.8600251103735,12.4668654712125,155.422734677311,1.72029230978297,0.247429971736887,0,155.262999081548,478.689897175945,41470.3966748183
fullSystem,39.9460683308263,0,16.8633568070821,12.4668658086829,155.422743091708,1.72028948079306,0.247429979440796,0,155.263007487297,478.689950953827,41470.3329677992
gyroFilter,0.00443827622068227,0,0.00333169670857339,0.000371204985339913,1.37793141141205e-07,11.0888844150617,-1.17838661352252,0,1.3765152434661e-07,-6.01809914097914e-11,2.10111540459463e-13
gyroSystem,40.9766705317887,0,17.350353414166,12.746945982373,162.484631877536,1.72240616403628,0.254191665330231,0,162.317638422369,525.665990062265,45380.2623197299
input,40,0,16.9302924703552,12.4482386470661,154.958645414311,1.71858800373094,0.251317443540188,0,154.79938678593,484.03468922236,41182.2668017893
error,0.221720758985141,-0.410508786293783,-0.0669356632730953,0.0955092235948453,0.00912201179169016,7.18652043835709,-1.04018990285433,0,0.00911263665110261,-0.000904854425278873,0.000596769711715383
