signalsNamesOrdered,maxSignals,minSignals,meanSignals,standardDeviationSignals,varianceSignals,kurtosisSignals,skewnessSignals,firstMomentSignals,secondMomentSignals,thirdMomentSignals,fourthMomentSignals
compassSystem,39.9466783934731,0,17.403280561075,12.4687419842236,155.469526669141,1.70905446342185,0.172489957941767,0,155.302534696349,333.834819393696,41220.4748734244
compassFilter,39.944539447358,0,17.4011951536923,12.4686655651697,155.467620976049,1.70904330515554,0.172506517505284,0,155.300631050189,333.860729934761,41219.1952279658
fullSystem,39.9462777398939,0,17.4033870263734,12.4686637122264,155.467574768591,1.70904114424577,0.172506936678404,0,155.300584892362,333.861392338587,41219.118608555
gyroFilter,0.00293349666976894,0,0.00219187268118402,0.000247464322839149,6.12385910782385e-08,9.89001497627029,-1.01076852589277,0,6.11728138590353e-08,-1.52928840890299e-11,3.70095551501223e-14
gyroSystem,40.9766705317887,0,17.9045043256025,12.7466635536551,162.47743175008,1.71018556414471,0.179760460945335,0,162.302912489339,371.69236721906,45050.1107126948
input,40,0,17.4712588759562,12.4480940970495,154.955046648998,1.70664578656113,0.176785139777745,0,154.788607286324,340.450710822094,40890.4018167332
error,0.221254220512458,-0.410603183397527,-0.0678718495827227,0.0943776759638154,0.00890714572033094,7.37803456978363,-1.26250714987033,0,0.0088975784316947,-0.00105959910738519,0.000584096139356186
