signalsNamesOrdered,maxSignals,minSignals,meanSignals,standardDeviationSignals,varianceSignals,kurtosisSignals,skewnessSignals,firstMomentSignals,secondMomentSignals,thirdMomentSignals,fourthMomentSignals
compassSystem,39.9466805222279,0,16.7904419923862,12.3438788536697,152.371345154073,1.75065837693139,0.277308128255571,0,152.217434704422,520.785875923312,40563.0126895549
compassFilter,39.9442442851421,0,16.7880614194831,12.3437984180828,152.369359386262,1.75064653054057,0.277327865917962,0,152.215450942438,520.812761995358,40561.6809523043
fullSystem,39.9462238119161,0,16.7905565658175,12.3437982491583,152.369355215924,1.75064417596097,0.277327973599158,0,152.215446776312,520.812942835243,40561.6241774327
gyroFilter,0.003337305916574,0,0.00249514633437444,0.000277891506363702,7.72236893090876e-08,10.143649741071,-1.04097338348095,0,7.71456855825127e-08,-2.23052497102614e-11,6.03694932688483e-14
gyroSystem,40.9766705317887,0,17.2764033423337,12.6204543292438,159.275867476529,1.75301088352194,0.28429303413584,0,159.114982761906,570.601399752238,44381.9893214437
input,40,0,16.8579015593404,12.3247687129511,151.899923827738,1.74897885548517,0.281433435504908,0,151.746489561246,526.082277713609,40273.7310230064
error,0.224194613349579,-0.41058253871848,-0.0673449935228417,0.0939035409335044,0.00881787499985033,7.38103846549369,-1.12542531048115,0,0.00880896805540604,-0.000930473975233078,0.000572753219085025
