signalsNamesOrdered,maxSignals,minSignals,meanSignals,standardDeviationSignals,varianceSignals,kurtosisSignals,skewnessSignals,firstMomentSignals,secondMomentSignals,thirdMomentSignals,fourthMomentSignals
compassSystem,39.9466788590827,0,17.0562974756596,12.4750773322814,155.627554446402,1.71182828393501,0.22044862935916,0,155.46493422232,427.322808548953,41373.7696979992
compassFilter,39.9451490757616,0,17.0547926559812,12.4750401114841,155.626625783137,1.7118214475271,0.220457747164614,0,155.464006529445,427.336657673639,41373.1106974795
fullSystem,39.946392867102,0,17.0563596271406,12.4750396098312,155.626613266858,1.71181992936674,0.220457919037987,0,155.463994026245,427.336939281149,41373.067350112
gyroFilter,0.00210448589739798,0,0.00156697115940069,0.000174673600991289,3.05108668832641e-08,9.62301536823678,-0.91857668263008,0,3.0478985099687e-08,-4.88783086418126e-12,8.93947846684728e-15
gyroSystem,40.9766705317887,0,17.5475375008912,12.7562061645456,162.720795712391,1.71389277420956,0.226918446206288,0,162.550763532963,470.27654819078,45285.7615425739
input,40,0,17.1225357748297,12.4576018046997,155.191842724458,1.71016246428996,0.223982767265583,0,155.029677789532,432.351402960182,41102.3884017492
error,0.224852511366978,-0.410326057934324,-0.0661761476890676,0.0948516127876345,0.00899682844841535,7.19413433634891,-0.996765227242051,0,0.00898742737375661,-0.000849270365104462,0.00058109793350897
