signalsNamesOrdered,maxSignals,minSignals,meanSignals,standardDeviationSignals,varianceSignals,kurtosisSignals,skewnessSignals,firstMomentSignals,secondMomentSignals,thirdMomentSignals,fourthMomentSignals
compassSystem,39.9466785816536,0,17.3661554412437,12.4492414271745,154.983612112078,1.70940603357791,0.182925691865375,0,154.817854238161,352.375960054967,40972.0147398814
compassFilter,39.9456214432321,0,17.3651186215016,12.449212426865,154.98289004921,1.70940140686707,0.182932124560058,0,154.817132947553,352.385888929346,40971.5220719939
fullSystem,39.9464812983153,0,17.3662025447743,12.4492105651177,154.982843694638,1.70940022584953,0.182932527012828,0,154.817086642558,352.386506086839,40971.4692562432
gyroFilter,0.00145801104261523,0,0.00108392327274881,0.000120543478128413,1.45307301192952e-08,9.62384280551044,-0.894055135950859,0,1.45151892314671e-08,-1.56350169128984e-12,2.02765435470514e-15
gyroSystem,40.9766705317887,0,17.8654614326486,12.7285228329781,162.015293509644,1.71097892168888,0.189729208051919,0,161.842015120864,390.634961635226,44815.393474906
input,40,0,17.4332261630112,12.4303202026142,154.512860339518,1.70743633392308,0.186739297023998,0,154.347605943433,358.084535779743,40676.5690301205
error,0.219920700540197,-0.410463238772804,-0.0670236182368717,0.091615152026361,0.00839333608081323,7.68972585103224,-1.16775741602115,0,0.00838435925078028,-0.000896514776110759,0.000540568349573263
