signalsNamesOrdered,maxSignals,minSignals,meanSignals,standardDeviationSignals,varianceSignals,kurtosisSignals,skewnessSignals,firstMomentSignals,secondMomentSignals,thirdMomentSignals,fourthMomentSignals
compassSystem,39.9466802205252,0,16.7004189718512,12.3792869085637,153.246744364537,1.74614061542343,0.283596345892164,0,153.092572589522,537.19481511138,40924.8839264035
compassFilter,39.9452261369138,0,16.6989938889165,12.3792461944561,153.245736342955,1.74613517821857,0.283605930513203,0,153.091565582046,537.207670039195,40924.2181074436
fullSystem,39.9464084544783,0,16.7004840195769,12.3792448000617,153.245701819854,1.74613369285385,0.283606255203415,0,153.091531093677,537.208103536007,40924.1648561647
gyroFilter,0.00200231405044349,0,0.00149013066037052,0.000164852692222153,2.71764101328919e-08,9.52622576683115,-0.89202620752575,0,2.71490696800419e-08,-3.99034129208064e-12,7.02151413067487e-15
gyroSystem,40.9766705317887,0,17.1827045597691,12.6586477878963,160.241363818013,1.74846853005491,0.290212755879091,0,160.080155202501,587.790743223198,44805.6532347752
input,40,0,16.7662422289154,12.362265210405,152.825601132391,1.74441786473162,0.287363078557329,0,152.67185304272,542.087549839217,40660.1034583126
error,0.22413284811079,-0.410502683332277,-0.0657582093384539,0.096294196047899,0.0092725721925112,7.30116032689513,-1.02484524442374,0,0.00926324364905797,-0.000913698519555473,0.000626495650145513
