signalsNamesOrdered,maxSignals,minSignals,meanSignals,standardDeviationSignals,varianceSignals,kurtosisSignals,skewnessSignals,firstMomentSignals,secondMomentSignals,thirdMomentSignals,fourthMomentSignals
compassSystem,39.9466838691283,0,16.297313221441,11.6879298333185,136.607703788576,1.97568186531586,0.396126968202132,0,136.486812015312,631.641192590954,36804.2856920706
compassFilter,39.9455127300878,0,16.2961629772931,11.6879010409372,136.607030742741,1.9756785872034,0.396134978205075,0,136.486139565092,631.649296787243,36803.8619682749
fullSystem,39.9464652158293,0,16.2973647511173,11.6878996479439,136.606998180406,1.97567740983879,0.39613487237856,0,136.486107031574,631.64890219909,36803.8224902857
gyroFilter,0.00161488463222526,0,0.00120177382421697,0.000132729135461714,1.76170234004141e-08,8.60948655634767,-0.825645123731317,0,1.7601433114219e-08,-1.92803744745371e-12,2.66730888426816e-15
gyroSystem,40.9766705317887,0,16.7683175086772,11.9530370727976,142.875095263674,1.97920035330059,0.403115096847736,0,142.748657126272,687.522808016832,40330.5200964614
input,40,0,16.3609886367328,11.6733055663205,136.266062844689,1.97434286831627,0.400235248807418,0,136.145473408543,635.799444314621,36595.6097876124
error,0.225582226988305,-0.410662185265217,-0.0636238856155074,0.0895359876226202,0.008016693079558,8.06425248818376,-1.07701130597916,0,0.00800959866090353,-0.000772033943924975,0.000517351398639139
