signalsNamesOrdered,maxSignals,minSignals,meanSignals,standardDeviationSignals,varianceSignals,kurtosisSignals,skewnessSignals,firstMomentSignals,secondMomentSignals,thirdMomentSignals,fourthMomentSignals
compassSystem,39.9466799366695,0,16.9330847746781,12.3873083708127,153.445408673606,1.73225045034977,0.253114762740518,0,153.287867186261,480.37361816631,40702.983706822
compassFilter,39.9455316768317,0,16.9319605630347,12.387275092726,153.44458422287,1.73224590531629,0.253122266016109,0,153.287043581984,480.383986623947,40702.4395255281
fullSystem,39.9464655727513,0,16.9331375909639,12.3872738057316,153.444552338165,1.73224478598585,0.253122477854387,0,153.287011730015,480.384238927052,40702.3963093644
gyroFilter,0.00158339095364113,0,0.00117702792916574,0.000131477579087075,1.72863538025979e-08,9.20740838748602,-0.860948440030202,0,1.7268606006086e-08,-1.95372334019742e-12,2.74569294758287e-15
gyroSystem,40.9766705317887,0,17.4224728474552,12.6647397005399,160.395631682431,1.73433562529538,0.260096567712539,0,160.230954442511,527.538609962125,44527.2613225347
input,40,0,17.0007027881093,12.3680029777961,152.967497658774,1.73048784851859,0.257165270040515,0,152.810446839822,485.782522395323,40408.6782743504
error,0.222005601655279,-0.410770209224073,-0.0675651971454169,0.0959941702503239,0.00921488072204817,7.15781214195311,-1.06463345046329,0,0.00920541985888385,-0.000940297994054681,0.000606551245658483
