signalsNamesOrdered,maxSignals,minSignals,meanSignals,standardDeviationSignals,varianceSignals,kurtosisSignals,skewnessSignals,firstMomentSignals,secondMomentSignals,thirdMomentSignals,fourthMomentSignals
compassSystem,39.9466824077364,0,16.2635090010236,11.8460321332879,140.328477302889,1.92791877595387,0.399686952665153,0,140.200905959886,663.508057822759,37895.7383299104
compassFilter,39.9447797229937,0,16.2616434397889,11.845978509271,140.327206842111,1.92791157235048,0.399702484551267,0,140.199636654073,663.524830917637,37894.91056297
fullSystem,39.946326268233,0,16.263592402251,11.8459770133887,140.327171401734,1.92790975330461,0.399703105781361,0,140.199601245915,663.525610823246,37894.8556668182
gyroFilter,0.0026127563726881,0,0.00194896246215636,0.000214163647907348,4.58660680849824e-08,9.40508331606997,-0.929254408441365,0,4.58243716594506e-08,-9.1154771780296e-12,1.97494808754034e-14
gyroSystem,40.9766705317887,0,16.7325901736214,12.1156872227484,146.789876879469,1.93121782441973,0.406556834700379,0,146.656431536851,722.059417521798,41536.8432987217
input,40,0,16.3266193854219,11.8319633223888,139.995356062353,1.92635759013618,0.403676125807991,0,139.868087556842,667.745577324918,37685.4913368996
error,0.222667571047314,-0.410629553471512,-0.0630269831708494,0.0899284987637501,0.0080871348899018,8.32958046180195,-1.1290227748953,0,0.00807978294909279,-0.000819978082494506,0.000543779105894989
