signalsNamesOrdered,maxSignals,minSignals,meanSignals,standardDeviationSignals,varianceSignals,kurtosisSignals,skewnessSignals,firstMomentSignals,secondMomentSignals,thirdMomentSignals,fourthMomentSignals
compassSystem,39.946679031042,0,17.1863556019621,12.4595927301233,155.241451000543,1.71053568340769,0.206045745344523,0,155.07769419569,397.912565408957,41136.8287145044
compassFilter,39.9455836453275,0,17.1852791666689,12.4595657880554,155.240779626881,1.71053140734256,0.206051810409127,0,155.077023530228,397.921696818479,41136.3700712884
fullSystem,39.946474580035,0,17.186402648673,12.4595636733881,155.240726931213,1.71053037100337,0.206052150476473,0,155.076970890146,397.922150938396,41136.3172214602
gyroFilter,0.00151077746984285,0,0.00112348200408614,0.000125153340363402,1.56633586041174e-08,9.47890042622494,-0.891013393092443,0,1.56468360739443e-08,-1.74390985156846e-12,2.32065738062675e-15
gyroSystem,40.9766705317887,0,17.6812014567643,12.7396571245534,162.298863651184,1.71246745808072,0.21264397457822,0,162.127662318219,438.973963751051,45012.8559703413
input,40,0,17.2533020932048,12.4412372875864,154.784385246031,1.70884706914559,0.209675134394264,0,154.62111057805,403.134635627289,40854.5822892616
error,0.223235891594644,-0.410425722333783,-0.0668994445318801,0.0936599013104282,0.00877217711347915,7.31432874426663,-1.05578517705946,0,0.00876292376209362,-0.000866062252733468,0.000561658767428523
