signalsNamesOrdered,maxSignals,minSignals,meanSignals,standardDeviationSignals,varianceSignals,kurtosisSignals,skewnessSignals,firstMomentSignals,secondMomentSignals,thirdMomentSignals,fourthMomentSignals
compassSystem,39.9470621116896,0,19.7946795890749,11.5676493233815,133.810510868728,1.81014584972657,0.00384018427511475,0,133.722303544491,5.93824126869541,32368.4026165076
compassFilter,39.937735399047,0,19.7856558797895,11.5670854322703,133.79746539744,1.80994070835074,0.00371884180680301,0,133.709266672722,5.74976328016254,32358.424043358
fullSystem,39.9461257114963,0,19.7959726961653,11.5689000958173,133.839449427003,1.81053380566973,0.00419792037020414,0,133.751223026589,6.49352981788329,32389.3447442353
gyroFilter,0.0560022725830152,-0.0329664620922401,0.0103168163758052,0.00952192149178131,9.06669888956468e-05,5.92580200587745,0.384638731287327,0,9.06072215990775e-05,3.31739536429057e-07,4.8648870692457e-08
gyroSystem,40.9766705317887,0,20.3410787419645,11.8397513199708,140.17971131875,1.80945614925596,0.00985955231964118,0,140.087305444446,16.3476514162293,35509.5874220556
input,40,0,19.8520331554073,11.5604699688898,133.644465901603,1.80703545170267,0.00607854300632292,0,133.556368033507,9.38202085652026,32232.6396830172
error,0.237746212773946,-0.411463209073787,-0.0560604592420194,0.0778759538738907,0.00606466419176835,9.52851188192582,-0.761989517957119,0,0.00606066639071906,-0.000359525389587871,0.000349998221686521
