signalsNamesOrdered,maxSignals,minSignals,meanSignals,standardDeviationSignals,varianceSignals,kurtosisSignals,skewnessSignals,firstMomentSignals,secondMomentSignals,thirdMomentSignals,fourthMomentSignals
compassSystem,39.9466792236624,0,17.1337024179216,12.4611984046236,155.281465679393,1.71207393634111,0.212722124606927,0,155.118354896116,410.967470427533,41195.4163263163
compassFilter,39.9448497029304,0,17.1319155910066,12.46113815886,155.279964214198,1.71206564759414,0.212735387964948,0,155.11685500809,410.987133490033,41194.4202298461
fullSystem,39.9463368548484,0,17.1337897673199,12.4611374555699,155.279946686608,1.71206388219024,0.21273556622703,0,155.116837498912,410.987408290839,41194.3684522183
gyroFilter,0.00251309196535132,0,0.00187417631336868,0.000209901041934014,4.40584474049845e-08,9.73437994455483,-0.957806440347443,0,4.40121675232566e-08,-8.84375879190757e-12,1.88561840237237e-14
gyroSystem,40.9766705317887,0,17.6276645571261,12.7406156760042,162.323287803645,1.71384262731911,0.219548218995641,0,162.152780148389,453.332146995308,45062.9624419066
input,40,0,17.2010212455982,12.4420830804449,154.805431380694,1.71014719500194,0.216633856974813,0,154.642820633446,416.601640448243,40897.1474550753
error,0.2235169712785,-0.410643372338823,-0.0672314782782956,0.0962604241280119,0.00926606925330473,7.10656285325146,-1.03873064030481,0,0.00925633598728235,-0.000925042333089357,0.000608888570621809
