signalsNamesOrdered,maxSignals,minSignals,meanSignals,standardDeviationSignals,varianceSignals,kurtosisSignals,skewnessSignals,firstMomentSignals,secondMomentSignals,thirdMomentSignals,fourthMomentSignals
compassSystem,39.9466804226843,0,16.5418635429554,12.2167129373648,149.248074993976,1.79876296614336,0.324978002286925,0,149.102467115933,591.672260945792,39989.2810853879
compassFilter,39.9433949871608,0,16.5386402629234,12.2166204474712,149.245815157572,1.79874866760529,0.325002891141921,0,149.100209484248,591.704135754052,39987.7522319617
fullSystem,39.9460633068629,0,16.5420065911803,12.2166197202515,149.245797389237,1.79874633361973,0.325002513286549,0,149.100191733248,591.70334215893,39987.690824023
gyroFilter,0.00448600202268779,0,0.00336632825690906,0.000373865929735933,1.39775733417314e-07,10.7698659351908,-1.15946060139635,0,1.39639366848126e-07,-6.05017312764055e-11,2.10003261223044e-13
gyroSystem,40.9766705317887,0,17.0202709382996,12.4925166512988,156.062972282979,1.80156696093254,0.331683922744462,0,155.910715724654,645.711273604021,43792.7622233874
input,40,0,16.6073756639586,12.2001563826848,148.843815761965,1.79722758329297,0.328838108359954,0,148.698602283173,596.269329181792,39738.9921114035
error,0.221576888307007,-0.410506533899432,-0.0653690727782102,0.093707315279619,0.00878106093691391,7.57335082974444,-1.0232024845054,0,0.00877249404819497,-0.000840709992469243,0.000582819722957885
