signalsNamesOrdered,maxSignals,minSignals,meanSignals,standardDeviationSignals,varianceSignals,kurtosisSignals,skewnessSignals,firstMomentSignals,secondMomentSignals,thirdMomentSignals,fourthMomentSignals
compassSystem,39.9466820090792,0,16.3670110325329,11.9445302297145,142.671802408564,1.88677668361495,0.379638471483042,0,142.539084452836,646.057486678795,38334.3788496617
compassFilter,39.9454755124144,0,16.3658191347018,11.944506952712,142.671246343385,1.8867720276896,0.379645883003402,0,142.538528904926,646.066322288174,38333.9854372611
fullSystem,39.9464567245757,0,16.3670555171503,11.9445056833656,142.671216019954,1.8867708267922,0.379646231485954,0,142.538498609702,646.066709348818,38333.9447433059
gyroFilter,0.00166301369641175,0,0.00123638244852666,0.000136182001463162,1.85455375225126e-08,9.05467591652868,-0.860848675375196,0,1.8528285859701e-08,-2.17109925996659e-12,3.10844649081299e-15
gyroSystem,40.9766705317887,0,16.8399585449473,12.2150989377945,149.208642060109,1.8901050521649,0.386544073858542,0,149.069843323309,703.531766654683,42001.5708262524
input,40,0,16.4313720656233,11.929241860768,142.306811372699,1.88540261146006,0.383609637677902,0,142.174432943515,650.311998304473,38110.7165012794
error,0.22446035752176,-0.410619030100685,-0.0643165484730423,0.0894200237334593,0.00799594064449243,7.95199744663981,-1.13467999340092,0,0.00798850256017197,-0.000810161247208229,0.000507466045973931
