signalsNamesOrdered,maxSignals,minSignals,meanSignals,standardDeviationSignals,varianceSignals,kurtosisSignals,skewnessSignals,firstMomentSignals,secondMomentSignals,thirdMomentSignals,fourthMomentSignals
compassSystem,39.9466797019791,0,16.956502968027,12.3753678706287,153.14972993339,1.73270119297104,0.252744288334222,0,152.992330416501,478.283985876066,40556.7358646583
compassFilter,39.9455855162099,0,16.9554263200867,12.3753429980782,153.149114320083,1.73269692415734,0.252750247496208,0,152.99171543589,478.292378884979,40556.3098970634
fullSystem,39.9464754749589,0,16.9565486394201,12.3753409974721,153.149064803714,1.73269596433377,0.252750514546013,0,152.991665970411,478.292652273757,40556.261205568
gyroFilter,0.00150932697857087,0,0.00112231933342571,0.000124836652347299,1.55841897692803e-08,9.33453146753962,-0.878556758402916,0,1.55681731302574e-08,-1.70657862956047e-12,2.2623918591364e-15
gyroSystem,40.9766705317887,0,17.4459115761169,12.653649494709,160.11484553495,1.73509420822025,0.259351589622081,0,159.95028762587,524.64610415931,44390.8142096341
input,40,0,17.0235804449027,12.3571955361278,152.700281518097,1.73125262514327,0.256404787194515,0,152.54334392147,483.076624460358,40285.3340957226
error,0.224114968072356,-0.410427535794973,-0.0670318054825629,0.09194900975727,0.00845462039534253,7.58339927582289,-1.07434907949488,0,0.00844593116574814,-0.000833905277745108,0.000540952332787493
