signalsNamesOrdered,maxSignals,minSignals,meanSignals,standardDeviationSignals,varianceSignals,kurtosisSignals,skewnessSignals,firstMomentSignals,secondMomentSignals,thirdMomentSignals,fourthMomentSignals
compassSystem,39.9466792152135,0,16.9991207781172,12.4695234479522,155.489015019029,1.71534612331914,0.228817003502551,0,155.327384026286,442.955742267372,41385.4633093569
compassFilter,39.943986944934,0,16.9964920937028,12.4694316874381,155.486726607686,1.71533284693155,0.228838162327913,0,155.325097993749,442.986922933933,41383.9248316549
fullSystem,39.9461741757967,0,16.9992455354674,12.4694351340084,155.486812561243,1.71532981955847,0.228838102660223,0,155.325183857957,442.98717475552,41383.8975478594
gyroFilter,0.0036857871968401,0,0.00275344176461459,0.000307723366999567,9.46936705975504e-08,10.4990341226584,-1.0621681446143,0,9.45952364285301e-08,-3.09027531588316e-11,9.39480740068014e-14
gyroSystem,40.9766705317887,0,17.4877210874615,12.7518944627297,162.610812388597,1.71731126741769,0.235170756152507,0,162.441778280085,486.888949993433,45315.2614114602
input,40,0,17.0644930287601,12.4530135467853,155.077546396417,1.71356960413348,0.2322865572422,0,154.916343125735,447.88852135952,41124.0826498323
error,0.224903545642713,-0.410546252959067,-0.0652474932926928,0.0956450799091363,0.00914798131082507,7.34126131064014,-1.00529773613132,0,0.00913847197474313,-0.000878223554590327,0.000613080992201424
