signalsNamesOrdered,maxSignals,minSignals,meanSignals,standardDeviationSignals,varianceSignals,kurtosisSignals,skewnessSignals,firstMomentSignals,secondMomentSignals,thirdMomentSignals,fourthMomentSignals
compassSystem,39.9466795044396,0,17.0478351752842,12.4074628691491,153.945134849314,1.72401422341521,0.234572286632722,0,153.7852748962,447.351431458087,40772.7825584277
compassFilter,39.9448088787496,0,17.0460051722327,12.4074046347514,153.94368977045,1.72400552922206,0.23458582855264,0,153.783831317936,447.370957911362,40771.811482949
fullSystem,39.9463293992545,0,17.0479207617751,12.4074046534866,153.943690235362,1.72400365305102,0.234585942730552,0,153.783831782366,447.371177682923,40771.767358767
gyroFilter,0.00256920657020743,0,0.00191558954244275,0.000213804571625364,4.57123948479056e-08,9.78120911265627,-0.950476696871734,0,4.56649261097457e-08,-9.27503618211305e-12,2.03966133062932e-14
gyroSystem,40.9766705317887,0,17.5370774024793,12.6882552212757,160.99182056023,1.72555754660482,0.241339397361807,0,160.824643176471,492.217577531027,44630.7967970242
input,40,0,17.1129462378105,12.3906166026585,153.527379794076,1.72183564099124,0.238417643191185,0,153.367953646834,452.835352938733,40500.5516843209
error,0.223920805322572,-0.41063725991786,-0.0650254760353271,0.0945153229884612,0.00893314627961315,7.5085232611867,-1.11179870948843,0,0.00892386990756786,-0.000937251213404496,0.000597944659729211
