signalsNamesOrdered,maxSignals,minSignals,meanSignals,standardDeviationSignals,varianceSignals,kurtosisSignals,skewnessSignals,firstMomentSignals,secondMomentSignals,thirdMomentSignals,fourthMomentSignals
compassSystem,39.9466841336666,0,16.2436683102535,11.6231467863112,135.097541216136,2.00151733184974,0.391669829274775,0,134.980775839112,614.225720957569,36467.265190033
compassFilter,39.9433878653611,0,16.2404362578874,11.6230547218159,135.095401066327,2.00150694826193,0.391696560676481,0,134.978637539045,614.25304542459,36465.9206246815
fullSystem,39.9460649788395,0,16.2438112841919,11.6230558094615,135.095426349857,2.00150396372307,0.391696298369279,0,134.978662800721,614.252806517098,36465.8798980785
gyroFilter,0.0044990705349619,0,0.00337502630448948,0.000367579360920788,1.35114586574935e-07,10.4835939945913,-1.09368162754546,0,1.34997806465536e-07,-5.42476568694203e-11,1.91057291648192e-13
gyroSystem,40.9766705317887,0,16.7120495212568,11.8885111614957,141.336697637009,2.00498629280436,0.398273875366037,0,141.214539730668,668.34536756518,39982.5268511698
input,40,0,16.3058623087763,11.6102248287462,134.797320574036,2.00009134065035,0.395492755741197,0,134.680814678985,618.154642202168,36279.5005061078
error,0.22343076536915,-0.410505771671098,-0.0620510245844252,0.0894093962834581,0.00799404014377244,8.36015920193157,-1.04074465610782,0,0.00798713086102069,-0.000742900053368171,0.000533330164678656
