signalsNamesOrdered,maxSignals,minSignals,meanSignals,standardDeviationSignals,varianceSignals,kurtosisSignals,skewnessSignals,firstMomentSignals,secondMomentSignals,thirdMomentSignals,fourthMomentSignals
compassSystem,39.9466787182002,0,17.3007147898177,12.4629570948913,155.325299549101,1.70844816930559,0.189276770962692,0,155.159883894629,365.819192925195,41130.1884779827
compassFilter,39.9454499622664,0,17.2995113185203,12.4629213483274,155.324408534596,1.70844290726019,0.189284556802079,0,155.158993829021,365.831092904996,41129.5899173604
fullSystem,39.9464492546469,0,17.3007697821745,12.46292095399,155.324398705402,1.70844153303601,0.189284767031907,0,155.158984010295,365.831464491442,41129.5516283598
gyroFilter,0.00169308348863595,0,0.00125846365417074,0.000141361551056505,1.99830881171009e-08,9.35039427929494,-0.88155137968151,0,1.99618068730997e-08,-2.4862649283984e-12,3.72588651946675e-15
gyroSystem,40.9766705317887,0,17.7976386447735,12.7433430275922,162.392791518883,1.70988850115239,0.196063514147839,0,162.219849248894,405.091166215551,44996.1938051335
input,40,0,17.3669032018488,12.4448761282207,154.874941846757,1.70629811071113,0.193094119307859,0,154.710005806451,371.575140908241,40840.5624749432
error,0.221390008981721,-0.410545755339348,-0.0661334196742928,0.0948260071731574,0.0089919716364037,7.24687442983547,-1.03716836913376,0,0.00898239552177494,-0.000882952875237591,0.000584702680775196
