signalsNamesOrdered,maxSignals,minSignals,meanSignals,standardDeviationSignals,varianceSignals,kurtosisSignals,skewnessSignals,firstMomentSignals,secondMomentSignals,thirdMomentSignals,fourthMomentSignals
compassSystem,39.9470621002886,0,19.7947481617238,11.6803816239203,136.431314880416,1.80147894018405,-0.00107423646137474,0,136.093613605959,-1.7055187866839,33366.0411445027
compassFilter,39.7141212424677,0,19.5654200524524,11.6740497098032,136.283436626956,1.79899900308935,0.00077181460594442,0,135.94610138778,1.22338493813111,33247.9167018361
fullSystem,39.9317668405687,0,19.8008810603723,11.6797343663477,136.416194868444,1.8007227075291,-0.000711710425994297,0,136.07853101976,-1.12976403827979,33344.6425283564
gyroFilter,0.267457311510459,0,0.235461007919887,0.0261049690399889,0.000681469408578781,55.7789575965896,-6.62917723632882,0,0.000679782603112002,-0.000117493732184841,2.57757010352107e-05
gyroSystem,40.9766705317887,0,20.3405013591389,11.956388947408,142.9552366617,1.80129966249518,0.00444288149869146,0,142.601387066003,7.56572157100921,36629.7089067245
input,40,0,19.8516236244666,11.6741182747893,136.28503749377,1.79890867461384,0.000805913206323561,0,135.947698292053,1.27745632527954,33247.0283755703
error,0.197142276144494,-0.343955602986253,-0.0507425640943053,0.0661542644371615,0.00437638670322189,8.95584165832105,-0.775376496367281,0,0.00436555406286738,-0.000223651434775115,0.000170680988056647
