signalsNamesOrdered,maxSignals,minSignals,meanSignals,standardDeviationSignals,varianceSignals,kurtosisSignals,skewnessSignals,firstMomentSignals,secondMomentSignals,thirdMomentSignals,fourthMomentSignals
compassSystem,39.9466841636091,0,16.4483503081314,11.55110409066,133.428005713263,2.00718898481167,0.374695355089826,0,133.31177922745,576.741359028778,35671.8238187755
compassFilter,39.9441744958754,0,16.4458936611348,11.5510271518657,133.426228263138,2.00717894094932,0.374718177984438,0,133.310003325626,576.764963471683,35670.6949315417
fullSystem,39.9462136031824,0,16.4484666557335,11.5510276503788,133.426239779815,2.00717587778838,0.374717277770327,0,133.310014832272,576.763652540117,35670.6466522215
gyroFilter,0.00343744774653132,0,0.00257299459868019,0.000281204123804861,7.90757592448595e-08,9.71087797885525,-0.971826008993249,0,7.90068779214754e-08,-2.1581710789996e-11,6.06161428490955e-14
gyroSystem,40.9766705317887,0,16.923140910066,11.8126815158907,139.539444595866,2.01027848361554,0.381963147325787,0,139.41789455702,628.780758159559,39074.4851219675
input,40,0,16.5119307825025,11.5360551194104,133.080567718075,2.00542367983603,0.37918069808944,0,132.964643878599,581.367143914704,35455.0815146898
error,0.22422344886835,-0.410565802135261,-0.0634641267689423,0.0866655487115102,0.00751091733346716,8.87319164945066,-1.29381945615372,0,0.0075043747225495,-0.000841095763621794,0.000499699466372416
