signalsNamesOrdered,maxSignals,minSignals,meanSignals,standardDeviationSignals,varianceSignals,kurtosisSignals,skewnessSignals,firstMomentSignals,secondMomentSignals,thirdMomentSignals,fourthMomentSignals
compassSystem,39.9466797019063,0,16.8485530192296,12.452507585941,155.064945177919,1.7199869804009,0.253813889322548,0,154.905904208506,489.347462641234,41272.5309366804
compassFilter,39.9454006070784,0,16.8472979609,12.452473081088,155.064085835221,1.71998205853647,0.25382196938427,0,154.905045747185,489.358972877841,41271.9553847512
fullSystem,39.946440793403,0,16.8486077169194,12.4524728718665,155.064080624571,1.71998065390146,0.253822180544393,0,154.90504054188,489.359355320354,41271.9189059916
gyroFilter,0.00176279904014365,0,0.00130975601944188,0.000144929939138815,2.10046872587805e-08,9.58818218338979,-0.889885070215204,0,2.09831439897971e-08,-2.70482867456151e-12,4.2216030902561e-15
gyroSystem,40.9766705317887,0,17.3324661489169,12.7356846277093,162.197662936471,1.72216309676853,0.260041507763162,0,162.0313063591,536.341096679759,45213.9183481177
input,40,0,16.9128427407962,12.4372789652741,154.685908060051,1.7183358475762,0.257150461861587,0,154.527255846656,493.963600045328,41031.5794639199
error,0.224098679999816,-0.410290978515592,-0.0642350238768279,0.0953257303354243,0.00908699486398204,7.03401755329915,-0.909579097447924,0,0.00907767486924975,-0.000786687785504726,0.000579632455842982
