signalsNamesOrdered,maxSignals,minSignals,meanSignals,standardDeviationSignals,varianceSignals,kurtosisSignals,skewnessSignals,firstMomentSignals,secondMomentSignals,thirdMomentSignals,fourthMomentSignals
compassSystem,39.9466797767051,0,16.7381556933726,12.4090000836094,153.983283075019,1.7367628465158,0.274440225364885,0,153.827429549639,523.598558062379,41096.8074941885
compassFilter,39.9434579087085,0,16.7349871639923,12.4089224992902,153.981357593389,1.7367492536742,0.274459686375911,0,153.825506016878,523.625865642473,41095.4580740923
fullSystem,39.9460746792133,0,16.7382847833895,12.4089245269951,153.981407916661,1.73674619295963,0.274459583574972,0,153.825556289215,523.625926206829,41095.4125116914
gyroFilter,0.00439791464702211,0,0.00329761939712231,0.000368021887757087,1.3544010986829e-07,10.8538223903426,-1.14156460827523,0,1.35303024736844e-07,-5.68148355796644e-11,1.98699933407154e-13
gyroSystem,40.9766705317887,0,17.2204284873767,12.6896652319681,161.027603699419,1.73886480499049,0.281103870405746,0,160.864620294865,573.531971415308,44997.3454240181
input,40,0,16.8034890931257,12.3922450037147,153.567736232092,1.73493497456594,0.278233065187267,0,153.412303300683,528.687479931651,40832.275489615
error,0.224338507970371,-0.410510988473529,-0.0652043097362729,0.0930943039981921,0.00866654943690781,7.64795888729571,-1.15622861672374,0,0.00865777762573685,-0.00093143671802735,0.000573268921721357
