signalsNamesOrdered,maxSignals,minSignals,meanSignals,standardDeviationSignals,varianceSignals,kurtosisSignals,skewnessSignals,firstMomentSignals,secondMomentSignals,thirdMomentSignals,fourthMomentSignals
compassSystem,39.9470621115787,0,19.953046524965,11.833432721786,140.030129981035,1.77085597452221,-0.0315840713437395,0,139.908996650601,-52.2680833669153,34663.6686951776
compassFilter,39.9321427700164,0,19.9391118162158,11.8306557331332,139.964415075917,1.77086614892467,-0.03183784957311,0,139.843338592287,-52.6509730648504,34631.3405934782
fullSystem,39.9445709742316,0,19.9519850968701,11.8309939810386,139.97241857937,1.77087965613445,-0.0319423348942976,0,139.851335172295,-52.8282937577803,34635.5654935452
gyroFilter,0.0427697143922394,-0.0148946784353541,0.0128732806542045,0.00505226244682347,2.55253558315826e-05,10.1533597294596,0.880909898989921,0,2.55032750739429e-05,1.13455465754287e-07,6.60391817618516e-09
gyroSystem,40.9766705317887,0,20.5064613521898,12.1086857032807,146.620269460835,1.76893283133236,-0.0251220783960964,0,146.493435317702,-44.5433433899281,37961.8762782565
input,40,0,20.0128028029978,11.8226476577688,139.774997639747,1.76710301453007,-0.0287135109395033,0,139.654085012031,-47.3878237635982,34464.2756543075
error,0.238103021002059,-0.410977002166081,-0.0608177061278086,0.0803366498709064,0.0064539773124806,9.25930275877877,-0.889548547680723,0,0.00644839428712379,-0.000460624497883708,0.00038501837251201
