signalsNamesOrdered,maxSignals,minSignals,meanSignals,standardDeviationSignals,varianceSignals,kurtosisSignals,skewnessSignals,firstMomentSignals,secondMomentSignals,thirdMomentSignals,fourthMomentSignals
compassSystem,39.946685708851,0,16.416836505096,11.4841572671913,131.885868137584,2.02634533931628,0.380834766431451,0,131.772855397106,576.070350765713,35185.6335613069
compassFilter,39.9446261389337,0,16.4148120363686,11.48410369686,131.884637720234,2.02633669883471,0.380851960167004,0,131.771626034098,576.088296958772,35184.8270106987
fullSystem,39.9463000228342,0,16.4169204107247,11.4841037684966,131.884639365597,2.02633431754426,0.380852250326616,0,131.771627678052,576.088746643788,35184.7865404546
gyroFilter,0.0028280462543151,0,0.00210837435607414,0.000230012618639864,5.29058047335675e-08,9.2731322404841,-0.899617655326199,0,5.28604698537615e-08,-1.09333814086301e-11,2.59112575602484e-14
gyroSystem,40.9766705317887,0,16.8925138471837,11.7422010460758,137.879285406463,2.02976082072357,0.388503767989103,0,137.76113691854,628.181746529135,38521.0664399264
input,40,0,16.4820288713332,11.4671918925219,131.49648989992,2.0248853729556,0.385716181534754,0,131.383810816886,580.872264835448,34952.9754748431
error,0.221502991166795,-0.410607877739467,-0.0651084606084815,0.0866253268790149,0.00750394725689618,8.62058739426367,-1.3263277330911,0,0.00749751713928102,-0.000861047383803211,0.000484587038302545
