signalsNamesOrdered,maxSignals,minSignals,meanSignals,standardDeviationSignals,varianceSignals,kurtosisSignals,skewnessSignals,firstMomentSignals,secondMomentSignals,thirdMomentSignals,fourthMomentSignals
compassSystem,39.9470621117094,0,19.8975533638495,11.6403890177069,135.498656483551,1.79605285047245,-0.00729089206213564,0,135.423001175632,-11.4899812518107,32938.5123337438
compassFilter,39.9213660278623,0,19.8874329672809,11.6367792387883,135.414631052293,1.79593704755961,-0.00775265885277535,0,135.339022659746,-12.206333390841,32895.5522159898
fullSystem,39.9355683796571,0,19.8943087646009,11.6353754605322,135.381962107556,1.79618471955011,-0.0081511659576368,0,135.306371955626,-12.8291271447822,32884.2162792817
gyroFilter,0.0361430594988583,-0.0317006109712068,0.00687579731999115,0.00812250690727238,6.59751184586875e-05,6.46555409285333,-0.730394021906396,0,6.59382814299557e-05,-3.91078234257827e-07,2.81113043495242e-08
gyroSystem,40.9766705317887,0,20.4470137849747,11.9137979985087,141.93858274927,1.79488553117742,-0.00118558257110299,0,141.85933172596,-2.00317398161367,36120.4020673376
input,40,0,19.9552632551662,11.6325463467759,135.31613450989,1.79268705163322,-0.00488904976738742,0,135.24058111262,-7.68926804373653,32788.2726697112
error,0.237636172976147,-0.411546037262741,-0.0609544905652882,0.0783525945258609,0.00613912906893396,9.18824626050021,-0.695907932777452,0,0.00613570130284299,-0.000334463015431644,0.000345908349356497
