signalsNamesOrdered,maxSignals,minSignals,meanSignals,standardDeviationSignals,varianceSignals,kurtosisSignals,skewnessSignals,firstMomentSignals,secondMomentSignals,thirdMomentSignals,fourthMomentSignals
compassSystem,39.9466818608879,0,16.3419198359543,11.90799866623,141.800432234934,1.90238224993163,0.384867882648846,0,141.669499241181,648.972372532828,38181.2816735491
compassFilter,39.9444168415005,0,16.3397010571932,11.9079320920826,141.79884670965,1.90237348301388,0.384886627232328,0,141.667915179909,648.993094931349,38180.2518888008
fullSystem,39.9462574492004,0,16.342024648201,11.907929458232,141.79878398223,1.90237167398774,0.384886504263405,0,141.667852510409,648.99245694053,38180.1818025279
gyroFilter,0.00310621141120393,0,0.00232359100774351,0.000257091758065975,6.60961720654539e-08,9.57032366591256,-0.982850778193047,0,6.60351414356612e-08,-1.66782413577696e-11,4.17327352758678e-14
gyroSystem,40.9766705317887,0,16.8144997918999,12.1773572118648,148.288028665356,1.9056756844516,0.391925708208063,0,148.151105277854,706.742316384449,41827.1991696734
input,40,0,16.4066408369,11.8922022286659,141.424473847486,1.90092986447888,0.389027783497025,0,141.293887999058,653.379768230207,37950.0930730439
error,0.222061011821335,-0.410583177208512,-0.0646161886990276,0.0906669453701698,0.00822049498275736,8.05912391197198,-1.13403813327872,0,0.00821290449800873,-0.000844059024398975,0.000543602416650196
