signalsNamesOrdered,maxSignals,minSignals,meanSignals,standardDeviationSignals,varianceSignals,kurtosisSignals,skewnessSignals,firstMomentSignals,secondMomentSignals,thirdMomentSignals,fourthMomentSignals
compassSystem,39.9466795358379,0,17.1112527701685,12.4456407147827,154.893972801456,1.71584111287621,0.21854305021523,0,154.731780159779,420.635849308416,41080.5371626576
compassFilter,39.9443990034905,0,17.1090247174907,12.4455649878901,154.892087867797,1.71582981145192,0.21856045874597,0,154.729897199872,420.661677206229,41079.2667640422
fullSystem,39.946252196816,0,17.1113593255234,12.4455656569193,154.892104520689,1.71582746288673,0.218560572346911,0,154.729913835327,420.661963692958,41079.2193693296
gyroFilter,0.00312706080073255,0,0.00233460803271623,0.000261041396939199,6.81426109159684e-08,10.1559422520245,-1.0140142406354,0,6.80712573966847e-08,-1.80090047861258e-11,4.70595498381255e-14
gyroSystem,40.9766705317887,0,17.6025857256338,12.7270342104178,161.977399793146,1.71747327914897,0.22513645161746,0,161.80778995043,463.38818464014,44966.4747273112
input,40,0,17.1766695860298,12.4286982599897,154.472540437871,1.71376959625715,0.222227899750598,0,154.310789086627,425.983737794015,40807.972510947
error,0.221923196908324,-0.410576164110691,-0.0653102605063932,0.095430972940052,0.00910707059628494,7.38641881524758,-1.04118576128414,0,0.00909753439670768,-0.000903470090398968,0.000611337928984569
