signalsNamesOrdered,maxSignals,minSignals,meanSignals,standardDeviationSignals,varianceSignals,kurtosisSignals,skewnessSignals,firstMomentSignals,secondMomentSignals,thirdMomentSignals,fourthMomentSignals
compassSystem,39.9470621002886,0,19.7947481617238,11.6803816239203,136.431314880416,1.80147894018405,-0.00107423646137474,0,136.093613605959,-1.7055187866839,33366.0411445027
compassFilter,39.6247778003257,0,19.4782339043078,11.6704482282897,136.199361849191,1.79769123446551,0.00179269594828696,0,135.862234715901,2.83893054507728,33182.7678228778
fullSystem,39.9343888544444,0,19.8031758312148,11.6795957643292,136.412957218137,1.80047947842018,-0.000595967842018459,0,136.075301383439,-0.946001409500763,33338.5560201128
gyroFilter,0.364874547429789,0,0.324941926906975,0.0370371875407171,0.00137175326092625,54.6869994530306,-6.74713585230187,0,0.00136835783206257,-0.000341522230444247,0.000102396110399031
gyroSystem,40.9766705317887,0,20.3405013591389,11.956388947408,142.9552366617,1.80129966249518,0.00444288149869146,0,142.601387066003,7.56572157100921,36629.7089067245
input,40,0,19.8516236244666,11.6741182747893,136.28503749377,1.79890867461384,0.000805913206323561,0,135.947698292053,1.27745632527954,33247.0283755703
error,0.165854196690553,-0.312814438825598,-0.0484477932517813,0.0600222373743359,0.00360266897942112,8.76187089623389,-0.836324208639182,0,0.00359375148194731,-0.000180175912386636,0.000113159998212497
