signalsNamesOrdered,maxSignals,minSignals,meanSignals,standardDeviationSignals,varianceSignals,kurtosisSignals,skewnessSignals,firstMomentSignals,secondMomentSignals,thirdMomentSignals,fourthMomentSignals
compassSystem,39.9466794517147,0,16.8688890862959,12.4850808858063,155.877244725126,1.71617732733718,0.243573990973193,0,155.716712032309,473.296997723358,41613.3433800408
compassFilter,39.9433052489598,0,16.8655905135034,12.4849734188942,155.874561270494,1.71616284507075,0.243598409468325,0,155.714031341276,473.332223129659,41611.559480603
fullSystem,39.9460455542526,0,16.8690417417663,12.4849781129227,155.874678480159,1.7161595206619,0.243598015224845,0,155.714148430231,473.331990962903,41611.5414535426
gyroFilter,0.004602956794308,0,0.00345122826291092,0.000385145013642154,1.48336681533415e-07,11.1616950445228,-1.17263412654396,0,1.48183914611135e-07,-6.68904510202329e-11,2.45093774240824e-13
gyroSystem,40.9766705317887,0,17.3561333883589,12.7658211064953,162.966188523041,1.71838884143804,0.250165306122841,0,162.798355167199,519.639431469498,45542.9826197731
input,40,0,16.9358300207307,12.4667736453058,155.420445123292,1.71457006263958,0.247299065306633,0,155.260382872907,478.424546753533,41331.0598518644
error,0.222301047203228,-0.41050026977937,-0.066788278964403,0.0958343721592609,0.00918422688715971,7.12485413345951,-1.00680936952864,0,0.00917476836307407,-0.000884789400018486,0.000599744389910421
