signalsNamesOrdered,maxSignals,minSignals,meanSignals,standardDeviationSignals,varianceSignals,kurtosisSignals,skewnessSignals,firstMomentSignals,secondMomentSignals,thirdMomentSignals,fourthMomentSignals
compassSystem,39.9466793782773,0,16.920804424187,12.4449839946199,154.877626626344,1.72099370634482,0.244719157125119,0,154.717958970029,470.954617745043,41196.5395354375
compassFilter,39.9417842199726,0,16.916017908663,12.4448265400691,154.873707612409,1.72096996583725,0.244756445182619,0,154.714043996314,471.008499363519,41193.8864292855
fullSystem,39.9457577897289,0,16.9210240459298,12.4448346575658,154.873909654151,1.72096549815341,0.244755583552818,0,154.714245829765,471.007762929909,41193.8869682831
gyroFilter,0.00663271466637383,0,0.0050061372667744,0.000561958939230844,3.15797849381455e-07,12.4851988918965,-1.38700526345795,0,3.15472284588278e-07,-2.45764938576125e-10,1.24256148212765e-12
gyroSystem,40.9766705317887,0,17.4106237181666,12.7228046962351,161.869759338541,1.72299941714386,0.251810143932912,0,161.702883297986,517.785479302455,45052.6828700187
input,40,0,16.9893607738648,12.4244285721297,154.366425343953,1.7192042803352,0.248941880723448,0,154.207284699269,476.711140671847,40882.4829219952
error,0.222031360063592,-0.410152418631514,-0.0683367279349568,0.0945846704521547,0.0089462598845427,7.23783118625583,-1.22145855715798,0,0.00893703693620812,-0.00103197473672046,0.00057809013088347
