signalsNamesOrdered,maxSignals,minSignals,meanSignals,standardDeviationSignals,varianceSignals,kurtosisSignals,skewnessSignals,firstMomentSignals,secondMomentSignals,thirdMomentSignals,fourthMomentSignals
compassSystem,39.9466807022198,0,16.4589249547188,12.2020836903921,148.890846387332,1.80448083783181,0.34016805220603,0,148.746711976502,617.112843290528,39925.1929381657
compassFilter,39.9440452478197,0,16.4563518165679,12.2019976058523,148.888745573226,1.80447119631339,0.340189088663369,0,148.744613196098,617.137944659534,39923.8529581264
fullSystem,39.9461863940685,0,16.4590518422548,12.2019966538661,148.88872234096,1.80446898182861,0.340189158221168,0,148.744589986322,617.13792639927,39923.7915034986
gyroFilter,0.00360833966841412,0,0.00270002568690722,0.000297133611763786,8.82883832397922e-08,10.3783185531422,-1.04852713420815,0,8.82029152986113e-08,-2.7466548174838e-11,8.07407680498989e-14
gyroSystem,40.9766705317887,0,16.9353099668985,12.4775654795579,155.689640296655,1.80737985035173,0.346916535820627,0,155.538924284751,672.951301779288,43724.7785158608
input,40,0,16.5245483597249,12.1853960382527,148.483876609064,1.80299644712914,0.34410010515841,0,148.340136167042,621.688473490662,39674.5690042974
error,0.222871172751852,-0.41054977702556,-0.0654965174700087,0.0931607883157268,0.00867893247960765,7.55647054002614,-1.0830315624454,0,0.00867053080247348,-0.00087439897823861,0.00056808113112823
