signalsNamesOrdered,maxSignals,minSignals,meanSignals,standardDeviationSignals,varianceSignals,kurtosisSignals,skewnessSignals,firstMomentSignals,secondMomentSignals,thirdMomentSignals,fourthMomentSignals
compassSystem,39.9466789355783,0,17.2317165769351,12.4702179984641,155.506336929219,1.71144388817182,0.196093776532328,0,155.341605640099,379.660569873873,41298.8771835914
compassFilter,39.9442486227408,0,17.2293503409565,12.4701273345332,155.504075739471,1.71143137314809,0.196113500894129,0,155.339346845679,379.690476886477,41297.3741617592
fullSystem,39.9462233398887,0,17.2318398994216,12.4701265726523,155.50405673797,1.71142907376972,0.196113682674472,0,155.339327864306,379.69075923357,41297.3085845586
gyroFilter,0.00332897140659938,0,0.00248955846511487,0.000279450660878095,7.80926718652038e-08,10.2447476161112,-1.04999710961596,0,7.8009946577211e-08,-2.28777375907245e-11,6.23449419369931e-14
gyroSystem,40.9766705317887,0,17.7287620818654,12.7489024613312,162.534513968536,1.71311656169826,0.203031826676219,0,162.36233757662,420.04136875552,45160.3713448585
input,40,0,17.299930075914,12.4499869207352,155.002174326478,1.70951225372285,0.200114615492524,0,154.837977107912,385.562725841313,40985.2129357949
error,0.224189063986719,-0.410583403577699,-0.0680901764923988,0.0943045539704972,0.00889334889957442,7.47586688238866,-1.12878892492978,0,0.00888392797912995,-0.000945192535888524,0.000590026636107808
