signalsNamesOrdered,maxSignals,minSignals,meanSignals,standardDeviationSignals,varianceSignals,kurtosisSignals,skewnessSignals,firstMomentSignals,secondMomentSignals,thirdMomentSignals,fourthMomentSignals
compassSystem,39.946680544345,0,16.4547279496373,12.269576585767,150.542509594003,1.78792043821168,0.330709326178408,0,150.395782001806,609.957992972255,40440.777944718
compassFilter,39.9418562993862,0,16.449993415075,12.2694510267873,150.539428498731,1.78790296712322,0.330740732684331,0,150.392703909551,609.997191570768,40438.7274296874
fullSystem,39.945772360463,0,16.4549284205257,12.2694577814002,150.539594249563,1.78789908277837,0.330739447116186,0,150.392869498832,609.995827999355,40438.7286233615
gyroFilter,0.00654693437088483,0,0.00493500545066709,0.000549972485993701,3.02469735350092e-07,12.1413363870151,-1.34227024181078,0,3.02174930539809e-07,-2.22960335079335e-10,1.10862164525366e-12
gyroSystem,40.9766705317887,0,16.9324734923121,12.5449844581546,157.37663505534,1.79086758020859,0.337603015621439,0,157.223246522148,665.55117888133,44268.7229967258
input,40,0,16.5214972863458,12.251477231958,150.098694365186,1.78651408452227,0.334809347300954,0,149.952399341438,614.791285673454,40171.059175589
error,0.223029010912555,-0.410157889121256,-0.0665688658200576,0.0929617167680537,0.00864188078446385,7.63915427384196,-1.16158365831352,0,0.00863345789870901,-0.000931810621997531,0.00056939655045792
