signalsNamesOrdered,maxSignals,minSignals,meanSignals,standardDeviationSignals,varianceSignals,kurtosisSignals,skewnessSignals,firstMomentSignals,secondMomentSignals,thirdMomentSignals,fourthMomentSignals
compassSystem,39.9466810629955,0,16.1914028591711,12.241596417103,149.856682839229,1.8135465185964,0.365270460635238,0,149.714368800445,669.128884762298,40649.5429866755
compassFilter,39.9426862574523,0,16.1875021589069,12.2414685893598,149.853553224284,1.81353449646036,0.365301234760798,0,149.711242157594,669.164296192904,40647.575692346
fullSystem,39.9459297813186,0,16.1915854413678,12.2414773215837,149.853767014849,1.81353044056848,0.365299998193166,0,149.711455745129,669.163463033596,40647.6007664242
gyroFilter,0.00543901444649464,0,0.00408328246094893,0.000450707645803652,2.0313738198587e-07,11.4629900494847,-1.22552716696753,0,2.02944468992531e-07,-1.12044043228348e-10,4.72119952434817e-13
gyroSystem,40.9766705317887,0,16.6618838851048,12.5177971129969,156.695244562154,1.81692702503132,0.371855430054666,0,156.54643616276,728.347955502692,44527.0430069591
input,40,0,16.2572990479624,12.2249593883447,149.449632046676,1.81243110563551,0.369073473371118,0,149.307704570848,673.342706265084,40404.1471949969
error,0.225651961476372,-0.410595853531053,-0.065713606594579,0.0943574108503401,0.00890332098237987,7.10818364891659,-0.957817852858754,0,0.00889486578676508,-0.000803511370482962,0.000562389804439355
