signalsNamesOrdered,maxSignals,minSignals,meanSignals,standardDeviationSignals,varianceSignals,kurtosisSignals,skewnessSignals,firstMomentSignals,secondMomentSignals,thirdMomentSignals,fourthMomentSignals
compassSystem,39.9466799783573,0,16.5080086450386,12.375952428938,153.164198523336,1.75984542693086,0.306421634499094,0,153.012700799772,579.976832997917,41203.0614248913
compassFilter,39.9442014344562,0,16.5055951352387,12.3758624852038,153.161972252675,1.75983584393927,0.306442399035643,0,153.010476731159,580.00348896968,41201.6392860055
fullSystem,39.9462152866368,0,16.5081322721981,12.3758633021065,153.161992472425,1.75983337092446,0.30644253022899,0,153.01049693091,580.003852133518,41201.5922657668
gyroFilter,0.00339557499659904,0,0.00253713695942947,0.00028093590861373,7.8924984748622e-08,10.2253305677513,-1.03562010763551,0,7.88469184926887e-08,-2.29286012389938e-11,6.35692088686606e-14
gyroSystem,40.9766705317887,0,16.9841741174319,12.6572907835735,160.207009979935,1.76250935024453,0.312624661410291,0,160.048546072933,632.995808459368,45147.6236503908
input,40,0,16.5723637021317,12.360908845228,152.792067480035,1.75835322728797,0.309828803589729,0,152.640937838611,584.289831872369,40968.3218126475
error,0.221482123006495,-0.410755481260561,-0.0642314299336293,0.0956974750876253,0.00915800673814667,7.28354003466708,-0.939607191469625,0,0.00914894837342051,-0.000822248514339667,0.00060965601858085
