signalsNamesOrdered,maxSignals,minSignals,meanSignals,standardDeviationSignals,varianceSignals,kurtosisSignals,skewnessSignals,firstMomentSignals,secondMomentSignals,thirdMomentSignals,fourthMomentSignals
compassSystem,39.9466791078746,0,16.9386933520692,12.5075222632426,156.43811316551,1.71254980394579,0.22856421154694,0,156.275832965131,446.525189465415,41824.1241655551
compassFilter,39.9452078940588,0,16.9372467004131,12.5074859841068,156.437205642629,1.71254377237067,0.228572921107233,0,156.274926383664,446.538318854115,41823.4916076609
fullSystem,39.9464041252681,0,16.938753496926,12.507485249851,156.43718727524,1.7125420751475,0.228573306917642,0,156.274908035328,446.538993927753,41823.4403372933
gyroFilter,0.00202500683227314,0,0.00150679651290953,0.000167217868194379,2.79618154434727e-08,9.67200508650567,-0.900956968592396,0,2.7932809410855e-08,-4.20606496136955e-12,7.54650306049678e-15
gyroSystem,40.9766705317887,0,17.428588465596,12.7875803086716,163.522210150726,1.71464090591192,0.235303393866235,0,163.352581302022,491.266549181635,45753.5907876469
input,40,0,17.0063766591713,12.4882821403215,155.957190816273,1.710888905542,0.232389852557663,0,155.795409497999,451.907080574523,41527.0541529582
error,0.223448223990911,-0.410589573250907,-0.0676231622452783,0.098460449352288,0.00969446008665448,7.01525074666973,-1.00099651686431,0,0.00968440359278865,-0.000953985747725501,0.000657944042676998
