signalsNamesOrdered,maxSignals,minSignals,meanSignals,standardDeviationSignals,varianceSignals,kurtosisSignals,skewnessSignals,firstMomentSignals,secondMomentSignals,thirdMomentSignals,fourthMomentSignals
compassSystem,1.48541478522639,-1.22506934769036,0.0624206571223777,0.842443439521825,0.709710948793362,1.56347020831108,-0.0639967613366181,0,0.709265988950858,-0.0382271304541252,0.786516576104708
compassFilter,1.4853910425255,-1.22501839152267,0.0623662094364515,0.842410260949342,0.709655047752739,1.56361845609897,-0.0638642224636475,0,0.70921012295791,-0.0381434540725147,0.786467245094118
fullSystem,1.48487060427448,-1.22511456594007,0.0624619079875598,0.842347636678177,0.70954954101731,1.56341616793789,-0.064081650550618,0,0.709104682370904,-0.03826477984947,0.786131692721366
gyroFilter,0.00190170405815138,-0.00179877820914021,9.56985511081787e-05,0.0010580260190505,1.11941905698786e-06,1.5816437258865,-0.0866123033624516,0,1.11871722685808e-06,-1.0248494607805e-10,1.97947177855246e-12
gyroSystem,1.97435361576274,-0.875123467125439,0.527836173275792,0.747595809499717,0.558899494381538,1.93741262959686,-0.0166737389061838,0,0.558549087175029,-0.0069602528399288,0.60442834033062
input,0.999999999094554,-0.999990206550703,0.0630358263839472,0.707224837850592,0.500166971272796,1.52338426339922,-0.149846309432072,0,0.499853386964788,-0.0529553703847084,0.380622750604881
error,0.531090774491942,-0.375406677851755,-0.000573918396387576,0.173138281380339,0.0299768644793375,2.83607384548167,0.286650996804097,0,0.0299580702069367,0.00148636067871088,0.00254533648768913
