signalsNamesOrdered,maxSignals,minSignals,meanSignals,standardDeviationSignals,varianceSignals,kurtosisSignals,skewnessSignals,firstMomentSignals,secondMomentSignals,thirdMomentSignals,fourthMomentSignals
compassSystem,1.48323095248164,-1.22560612376419,0.0655922452218655,0.84054435817234,0.706514818055351,1.5557458639846,-0.064341079751101,0,0.706076261371269,-0.0381738322426109,0.775607278866794
compassFilter,1.48317555477796,-1.22560315573029,0.0655214899608977,0.840472646406209,0.706394269357056,1.55595675797822,-0.0641626424373621,0,0.705955787501465,-0.0380582220642503,0.775447730318062
fullSystem,1.48245494003286,-1.22557169270211,0.0656573387097803,0.840416429838888,0.706299775543142,1.55565432173613,-0.0644558540709156,0,0.705861352342929,-0.0382244700640809,0.775089596201872
gyroFilter,0.00268184059063664,-0.00252637413705992,0.000135848748882651,0.00149694329823774,2.24083923813888e-06,1.58182264175393,-0.0890947892082734,0,2.23944827647648e-06,-2.98582162385945e-10,7.93304394391797e-12
gyroSystem,1.97442033622315,-0.875123467125439,0.536292463723047,0.756804182353712,0.572752570428071,1.92857673348941,-0.00411137445667578,0,0.572397044313591,-0.00178046363200443,0.631875749605518
input,0.999993742857021,-0.999990206550703,0.0659302786549312,0.706475393886606,0.499107482167236,1.52246058085924,-0.143726123831693,0,0.498797669949876,-0.0506316799347437,0.378786845973597
error,0.528407244033596,-0.375561461676848,-0.000272939945150873,0.17025988191913,0.0289884273911162,2.69538797614462,0.216015967349557,0,0.0289704333331453,0.00106516856527625,0.00226220141318947
