signalsNamesOrdered,maxSignals,minSignals,meanSignals,standardDeviationSignals,varianceSignals,kurtosisSignals,skewnessSignals,firstMomentSignals,secondMomentSignals,thirdMomentSignals,fourthMomentSignals
compassSystem,1.48761000160172,-1.22485582540276,0.0409263776873904,0.845728154531229,0.715256111366799,1.5476759155531,-0.0237601082300294,0,0.714805698198432,-0.0143592059141603,0.79078065416569
compassFilter,1.48761193261813,-1.22485432352629,0.040880110802687,0.845681332255309,0.715176915725114,1.54780047929375,-0.0236934635202305,0,0.714726552428058,-0.0143165516915828,0.790669179296956
fullSystem,1.4872301504173,-1.22483373400283,0.0409551935896416,0.845654990031293,0.715132362164826,1.54761654833859,-0.0238282774406993,0,0.714682026924168,-0.0143966663165231,0.790476722835535
gyroFilter,0.00141643303939193,-0.00133136047505673,7.50827869544449e-05,0.000780125498447882,6.08595793328557e-07,1.59814266931251,-0.101446755996645,0,6.08212546607317e-07,-4.81195133154646e-11,5.91188934546214e-13
gyroSystem,1.97416250432094,-0.875123467125439,0.512598424773429,0.750251756692831,0.562877698420679,1.89796922889391,-0.00803642273610333,0,0.562523241431749,-0.00339057596918091,0.600578952817509
input,0.999996381575964,-0.999999806171167,0.0458585440397979,0.711604599306566,0.506381105754259,1.50228320796978,-0.103798329509427,0,0.506062225964741,-0.0373676895660047,0.384733192046891
error,0.531593336899165,-0.375412019348147,-0.00490335045015642,0.171120643169881,0.0292822745188736,2.7917933762041,0.281536126597416,0,0.0292638347994033,0.00140938935157982,0.00239081375301066
