signalsNamesOrdered,maxSignals,minSignals,meanSignals,standardDeviationSignals,varianceSignals,kurtosisSignals,skewnessSignals,firstMomentSignals,secondMomentSignals,thirdMomentSignals,fourthMomentSignals
compassSystem,1.48546798515722,-1.22471638186159,0.0519462203593525,0.843738605091535,0.711894833721809,1.56054159551048,-0.0432927665413384,0,0.711447663600124,-0.0259794394186646,0.789880266525818
compassFilter,1.48543020064864,-1.2247110941505,0.0518816806909161,0.843681608060675,0.711798655779847,1.56070229167224,-0.0431594993657213,0,0.711351546071443,-0.0258942190773141,0.789748168823041
fullSystem,1.48486354693171,-1.22468520849496,0.0519885256662985,0.843629414119218,0.711710588367134,1.56046905505563,-0.043390267609199,0,0.711263533977456,-0.0260278409112382,0.789434764024657
gyroFilter,0.00210805994029384,-0.00199142766472681,0.000106844975382345,0.00116774356457167,1.36362503259856e-06,1.60400010673377,-0.0898333349027013,0,1.36276848421125e-06,-1.42912640832507e-10,2.97884945648065e-12
gyroSystem,1.97434640812457,-0.875123467125438,0.522945318530858,0.756742390736017,0.572659045936862,1.95014963013534,0.000651333730972731,0,0.572299335480872,0.000281993067802916,0.638725740153024
input,0.99999981842941,-0.999999782167304,0.053046084967703,0.71065274934607,0.505027330153128,1.51756150836347,-0.123195268163514,0,0.50471010193067,-0.0441730130182227,0.386571913674735
error,0.530349533539922,-0.375305552022564,-0.00105755930140455,0.169826911296176,0.0288411798003993,2.75608115147919,0.260171476460184,0,0.0288230634814292,0.00127312160710221,0.00228966675031287
