signalsNamesOrdered,maxSignals,minSignals,meanSignals,standardDeviationSignals,varianceSignals,kurtosisSignals,skewnessSignals,firstMomentSignals,secondMomentSignals,thirdMomentSignals,fourthMomentSignals
compassSystem,1.49932060195185,-1.24985728040871,0.0441089273418641,0.850071096693556,0.722620869433785,1.53505496944023,-0.0323631954220319,0,0.721556626621658,-0.019836133612295,0.799217106429536
compassFilter,1.49523477346181,-1.24951937996813,0.0430966660736233,0.848771385203328,0.720412864339977,1.53733130220437,-0.0299751859447566,0,0.719351873376295,-0.0182883259830312,0.795518397947778
fullSystem,1.48256414907116,-1.25258305110766,0.0449007800256367,0.848002802031665,0.719108752253554,1.53349882577357,-0.0330928860771724,0,0.71804968192623,-0.0201356839305975,0.790664857227287
gyroFilter,0.0428989386796229,-0.0404996462609151,0.00180411395201353,0.0242717661307808,0.000589118631107316,1.57168846103313,-0.068778614873941,0,0.000588251004257379,-9.81290153987092e-07,5.43865886874853e-07
gyroSystem,1.97416250432093,-0.875123467125438,0.527327962870688,0.763660356113643,0.583177139499616,1.88945041511728,0.00556867317670777,0,0.582318263005508,0.00247452785240835,0.640702356078555
input,0.999999333874233,-0.999990206550703,0.0434138185310256,0.712206726505412,0.507238421279554,1.50160085060369,-0.0945258707787503,0,0.506491383840262,-0.0340728749579816,0.385210954700043
error,0.546478365543947,-0.371805611974856,0.00148696149461121,0.17088627287922,0.0292021182585511,2.75001882902684,0.220187543500963,0,0.0291591107206151,0.00109636246531595,0.00233821378899745
