signalsNamesOrdered,maxSignals,minSignals,meanSignals,standardDeviationSignals,varianceSignals,kurtosisSignals,skewnessSignals,firstMomentSignals,secondMomentSignals,thirdMomentSignals,fourthMomentSignals
compassSystem,1.48357314530736,-1.22723289293362,0.0617788085669192,0.836124201992944,0.699103681158337,1.58572426999669,-0.049153123830136,0,0.698662606280635,-0.0287046577596658,0.774038695808558
compassFilter,1.48353619915146,-1.22716182398726,0.0616822494955357,0.836063596107506,0.699002336736214,1.58583634447252,-0.0489968679569615,0,0.69856132579821,-0.0286071851484829,0.773868988557495
fullSystem,1.48270770728463,-1.2272911757194,0.0618452980822375,0.835973807761777,0.698852207263725,1.5855806821299,-0.0493066712548107,0,0.698411291044631,-0.0287787920898677,0.773411899522358
gyroFilter,0.00298146097209773,-0.00280343435065065,0.000163048586701926,0.00167625209951966,2.80982110114408e-06,1.58093821141871,-0.101642736129211,0,2.80804834335156e-06,-4.78281098279691e-10,1.24659120119499e-11
gyroSystem,1.97437820573185,-0.875123467125439,0.524248516722601,0.740249482058624,0.547969295688061,1.97003374011263,-0.00319552692014719,0,0.547623573734945,-0.00129498781844976,0.590796528040796
input,0.999998431525499,-0.999990895859333,0.06280428555872,0.701107545566326,0.491551790450038,1.54803042833009,-0.132948805426723,0,0.491241663137451,-0.0457748815332357,0.373568182155039
error,0.529237601813304,-0.375444256543362,-0.000958987476482515,0.17168725356064,0.0294765130351956,2.7621515041793,0.262251929670508,0,0.0294579158660883,0.00132593342473089,0.00239690891601425
