signalsNamesOrdered,maxSignals,minSignals,meanSignals,standardDeviationSignals,varianceSignals,kurtosisSignals,skewnessSignals,firstMomentSignals,secondMomentSignals,thirdMomentSignals,fourthMomentSignals
compassSystem,1.48508738221646,-1.2245335468884,0.0443847521166644,0.845577816409016,0.71500184360304,1.54405541977096,-0.0335882216300344,0,0.714558294072268,-0.0202881995123699,0.78838474686672
compassFilter,1.48508532591498,-1.22442016698028,0.0442685827811344,0.845505453772913,0.714879472359739,1.54408514091469,-0.0333559648455386,0,0.71443599874165,-0.0201427379018041,0.78813007900727
fullSystem,1.48391318858252,-1.22466453852788,0.0444883562239331,0.845361146653099,0.714635468270642,1.54386454177824,-0.0338111088052849,0,0.714192146019854,-0.0204071340940485,0.787479637465612
gyroFilter,0.00429698684334873,-0.00404402256447337,0.000219773442798578,0.00238373967003782,5.68221481451203e-06,1.59911228045147,-0.0821364452942591,0,5.67868986735663e-06,-1.11149657821028e-09,5.15674030227287e-11
gyroSystem,1.97438723547855,-0.875123467125438,0.514867680020183,0.752824222807409,0.566744310445579,1.9309504243884,0.00223576306523923,0,0.566392732089223,0.000953020593281322,0.619450299874268
input,0.999993742857021,-0.999999886803787,0.0473823911738082,0.711848670346277,0.506728529473763,1.50869458790124,-0.112609258111086,0,0.506414181750764,-0.0405819476392918,0.386912758570168
error,0.529300367191607,-0.375280967276013,-0.0028940349498752,0.170243500141693,0.0289828493404946,2.70398829905096,0.245751407736572,0,0.0289648699054199,0.00121144412356216,0.00226854799740551
