signalsNamesOrdered,maxSignals,minSignals,meanSignals,standardDeviationSignals,varianceSignals,kurtosisSignals,skewnessSignals,firstMomentSignals,secondMomentSignals,thirdMomentSignals,fourthMomentSignals
compassSystem,1.49932031034444,-1.24985695922873,0.0438750751097297,0.843149101883707,0.710900408007302,1.55375045561646,-0.0316479941002492,0,0.709149421780683,-0.018899608963797,0.78137007624874
compassFilter,1.48918112688382,-1.24353262674653,0.0419265451923466,0.839183415093441,0.704228804167891,1.55684752279443,-0.0285637328009853,0,0.702494250463044,-0.0168181849070521,0.768301406478459
fullSystem,1.46095086751852,-1.25341486143147,0.0459255841389428,0.838074942734059,0.702369609638696,1.54793948442955,-0.0349253776258583,0,0.700639635230718,-0.0204825094158553,0.759877143964923
gyroFilter,0.0990341848097824,-0.091479883544887,0.00399903894659612,0.0579385652726341,0.00335687734585128,1.54900832684475,-0.0709706993870958,0,0.00334860917504869,-1.37523139838345e-05,1.73693144682216e-05
gyroSystem,1.97416250432093,-0.875123467125439,0.529203313344237,0.758410908899155,0.575187106737242,1.90202029049895,0.0170350512792885,0,0.573770389725574,0.00740373120815438,0.626168779044417
input,0.999993742857021,-0.999990206550703,0.0426603348939942,0.706314880038955,0.498880709764444,1.51933666306863,-0.0935993531940769,0,0.497651939543349,-0.0328595339233455,0.376275048120652
error,0.541397238630223,-0.362533015158973,0.00326524924494859,0.167633880540159,0.0281011179049524,2.7477395289738,0.237516745368552,0,0.0280319033288319,0.00111473879016032,0.00215913966153956
