signalsNamesOrdered,maxSignals,minSignals,meanSignals,standardDeviationSignals,varianceSignals,kurtosisSignals,skewnessSignals,firstMomentSignals,secondMomentSignals,thirdMomentSignals,fourthMomentSignals
compassSystem,1.48305155224519,-1.22629171548319,0.059662928659927,0.843938311466199,0.712231873560419,1.54532846161079,-0.0570697627460195,0,0.711775021813427,-0.0342704795865023,0.782899994622294
compassFilter,1.48299742672071,-1.22625454224006,0.0595642378283974,0.84389636748348,0.712161079051812,1.54543802130383,-0.0568406154092427,0,0.711704272715025,-0.0341277872721268,0.782799859284796
fullSystem,1.48230179284554,-1.22633940908713,0.0597224026161975,0.843815988964174,0.712025423231587,1.54523397599024,-0.0571772994407603,0,0.711568703909437,-0.0343201278764937,0.782398350560191
gyroFilter,0.00258904114491404,-0.00244218290717117,0.000158164787799766,0.00144300071334027,2.08225105870054e-06,1.58672862953337,-0.112133173562152,0,2.08091542620619e-06,-3.3660127615767e-10,6.87086660965336e-12
gyroSystem,1.97442233065156,-0.875123467125439,0.530862012171364,0.753225185155945,0.567348179553208,1.90259131608916,0.00691447361776875,0,0.566984261541948,0.00295199508224222,0.611628223759457
input,0.999996657932636,-0.999990206550703,0.0623766245762686,0.707692018729771,0.500827993373818,1.5136556359809,-0.137120886523131,0,0.500506743859146,-0.0485532731711897,0.37918133338425
error,0.528236645056092,-0.375549836063059,-0.00265422196007117,0.172220157539928,0.0296597826630775,2.67198784385263,0.238982177745444,0,0.0296407577864495,0.00121954959998768,0.0023475404431167
