signalsNamesOrdered,maxSignals,minSignals,meanSignals,standardDeviationSignals,varianceSignals,kurtosisSignals,skewnessSignals,firstMomentSignals,secondMomentSignals,thirdMomentSignals,fourthMomentSignals
compassSystem,1.48255659084844,-1.22526848129298,0.0526882574945829,0.838254595690408,0.70267076719609,1.56646684408365,-0.0434003455042157,0,0.70225101166013,-0.0255406383239883,0.772513280156021
compassFilter,1.48247814506458,-1.2252142294852,0.052543886475462,0.838151532547662,0.702497991511994,1.56687659170037,-0.0429678667717214,0,0.702078339187315,-0.0252768036050535,0.772335399477975
fullSystem,1.48126829260311,-1.22519172367294,0.05277551505168,0.838031170411531,0.70229624258132,1.56637288929504,-0.0435707736579424,0,0.701876710775716,-0.0256204362120193,0.771643713019946
gyroFilter,0.00447427878412732,-0.00421227794403545,0.000231628576217974,0.00251399373251589,6.32016448712917e-06,1.56291451462932,-0.0794258851378164,0,6.31638900057772e-06,-1.26085564236843e-09,6.23552409301729e-11
gyroSystem,1.97438017364368,-0.875123467125439,0.52906618950611,0.743798659673837,0.553236446132596,1.94810663191949,-0.00651038728202407,0,0.552905958410892,-0.00267660157606463,0.595545935663352
input,0.999999330541972,-0.999999793088172,0.0550588749101939,0.702971637289608,0.494169122833632,1.52612253099653,-0.123976878160644,0,0.493873920251294,-0.0430293549904108,0.372238758046211
error,0.527706937948159,-0.37532477476601,-0.00228335985851395,0.170627725135363,0.029113820584869,2.79871396808325,0.292878498637009,0,0.0290964288162998,0.00145360705630964,0.00236939731820237
