signalsNamesOrdered,maxSignals,minSignals,meanSignals,standardDeviationSignals,varianceSignals,kurtosisSignals,skewnessSignals,firstMomentSignals,secondMomentSignals,thirdMomentSignals,fourthMomentSignals
compassSystem,1.48229102172565,-1.22442613950273,0.057113875445162,0.838030091293764,0.702294433913834,1.55825615895615,-0.0625244363747521,0,0.70187689857857,-0.0367655619187651,0.767645571510419
compassFilter,1.48214818561159,-1.22427677201816,0.0570915170104825,0.837814386890718,0.701932946881069,1.55874372429578,-0.0623588257237864,0,0.701515626460807,-0.0366398724104808,0.767095468059704
fullSystem,1.48060943811814,-1.22453749305273,0.0572710156444812,0.837730329207179,0.701792104473569,1.558118392636,-0.0628365714919234,0,0.701374867788388,-0.0369094675921823,0.766480047146694
gyroFilter,0.00571205041337042,-0.00536923373784921,0.00017949863399863,0.00320409198551207,1.02662054516227e-05,1.56667162389742,-0.0245770776585198,0,1.02601018811996e-05,-8.0771426252908e-10,1.64923037139215e-10
gyroSystem,1.97438326906538,-0.875123467125439,0.52637285079976,0.753372336060527,0.567569876741296,1.90706888542384,-0.00275409340507175,0,0.567232439240261,-0.00117657672963229,0.613604448788137
input,0.999994008860557,-0.999990206550703,0.0567081829409858,0.706244825455872,0.498781753483195,1.52224234954995,-0.135360526161504,0,0.498485212607164,-0.047639857451537,0.378258206775686
error,0.527644787414127,-0.375193162826363,0.000562832703495329,0.168012562102432,0.0282282210242236,2.70514706997702,0.191351958876112,0,0.0282114384909155,0.000906714914190161,0.00215298668379789
