signalsNamesOrdered,maxSignals,minSignals,meanSignals,standardDeviationSignals,varianceSignals,kurtosisSignals,skewnessSignals,firstMomentSignals,secondMomentSignals,thirdMomentSignals,fourthMomentSignals
compassSystem,1.48269658220449,-1.22596991280174,0.0729955981448464,0.844627816267879,0.713396148013445,1.56701787891288,-0.0700636559913503,0,0.712959553063621,-0.0421784032253074,0.796532933239315
compassFilter,1.48259706645788,-1.22590412396444,0.0729098640701288,0.844488971253111,0.713161622568138,1.56732235031055,-0.0698963971222368,0,0.712725171146738,-0.0420569656357177,0.796163971339858
fullSystem,1.48111817437245,-1.2258961984774,0.0731358868280862,0.844339372916968,0.712908976657819,1.56685661822042,-0.0703789980511765,0,0.712472679854478,-0.0423248476321087,0.795363556643026
gyroFilter,0.00546769043052264,-0.00514754845434542,0.00022602275795754,0.00305134112678633,9.31068267201768e-06,1.58938877800528,-0.0638651978069135,0,9.30498457980714e-06,-1.8127493090748e-09,1.37613632194566e-10
gyroSystem,1.97442514190932,-0.875123467125438,0.529350987154163,0.748733269319621,0.560601508586048,1.93604816261177,-0.00416989018023926,0,0.560258423207477,-0.00174866738272328,0.607705191238427
input,0.9999985751456,-0.99999999041241,0.0697471894441208,0.708253453003256,0.501622953691036,1.52959814462206,-0.15281235686196,0,0.501315962899303,-0.0542407610482252,0.384415079459043
error,0.527788287333921,-0.37521909695712,0.00338869738396553,0.173378519364078,0.03006011097688,2.79781563400628,0.285683174420919,0,0.0300417143361353,0.00148755054416231,0.00252504148035311
