signalsNamesOrdered,maxSignals,minSignals,meanSignals,standardDeviationSignals,varianceSignals,kurtosisSignals,skewnessSignals,firstMomentSignals,secondMomentSignals,thirdMomentSignals,fourthMomentSignals
compassSystem,1.48161026417781,-1.22490605943717,0.0605682135935951,0.835195514883472,0.697551548081468,1.56924042276231,-0.0565313402659662,0,0.697112007093389,-0.0329035780081298,0.762596158114445
compassFilter,1.48160971129081,-1.22489143929057,0.0604919662508096,0.835163208848359,0.697497585413887,1.56941047835502,-0.0564246343361916,0,0.697058078428749,-0.0328376598877535,0.762560801932092
fullSystem,1.48098798066425,-1.22487113365106,0.0606175554018259,0.835084746968366,0.69736653461922,1.56917572270266,-0.056636340527001,0,0.696927110211773,-0.0329515784019257,0.762160255628113
gyroFilter,0.00228474385440725,-0.00215276285635953,0.000125589151016336,0.00128346216080588,1.64727511822049e-06,1.5658031423546,-0.107573363066579,0,1.64623713767971e-06,-2.27218316807963e-10,4.2434779500454e-12
gyroSystem,1.97438748361138,-0.875123467125439,0.530146629318786,0.747435031525272,0.558659126351184,1.96799944492729,-0.0161243939693445,0,0.558307104217378,-0.00672656172743739,0.613438853895409
input,0.999993742857021,-0.999999931619003,0.0628252305148748,0.701379747971507,0.491933550864574,1.5332505621977,-0.13852339751503,0,0.491623573831893,-0.0477498689654718,0.370577060200575
error,0.526003763962926,-0.375568730333692,-0.0022076751130489,0.171207883187941,0.0293121392656956,2.77231651656636,0.25524719902514,0,0.0292936691086284,0.00127973969888133,0.00237897761506777
