signalsNamesOrdered,maxSignals,minSignals,meanSignals,standardDeviationSignals,varianceSignals,kurtosisSignals,skewnessSignals,firstMomentSignals,secondMomentSignals,thirdMomentSignals,fourthMomentSignals
compassSystem,1.48489785300361,-1.22436986795,0.0543922851472498,0.832307218299782,0.692735305633921,1.58587664249992,-0.048926245598266,0,0.692304232014983,-0.028183009737403,0.760087123952159
compassFilter,1.48489872928579,-1.22431816820344,0.0543290311527067,0.832254636177478,0.692647779438906,1.58601321457468,-0.0488146462151324,0,0.692216760285553,-0.0281133961113081,0.759960504496312
fullSystem,1.48440726727603,-1.22439260875106,0.0544295340062585,0.832211471572869,0.69257593341748,1.58581234333134,-0.0490164348247829,0,0.692144958972292,-0.0282252183466018,0.759706626074772
gyroFilter,0.001813024104518,-0.00170779639155286,0.000100502853551869,0.00101618634710754,1.03263469204776e-06,1.57105643895443,-0.102052174587986,0,1.03199210667623e-06,-1.06988432994597e-10,1.67318721756977e-12
gyroSystem,1.97416250432093,-0.875123467125438,0.517800362488958,0.742462529654747,0.551250607941326,1.93805475648022,-0.0266160772487516,0,0.550907577071418,-0.0108833392438952,0.588197987669639
input,0.999995337477061,-0.999999949621522,0.057932038428828,0.700265691410033,0.490372038565971,1.54459259567912,-0.131293252428073,0,0.490066891062196,-0.0450428073599026,0.370957942184301
error,0.529085463906083,-0.375694851484053,-0.0035025044225695,0.169369297361244,0.0286859588886415,2.81632562960611,0.249667140683118,0,0.0286681082608328,0.0012118809014711,0.0023146265965021
