signalsNamesOrdered,maxSignals,minSignals,meanSignals,standardDeviationSignals,varianceSignals,kurtosisSignals,skewnessSignals,firstMomentSignals,secondMomentSignals,thirdMomentSignals,fourthMomentSignals
compassSystem,1.48475565602233,-1.22610066599055,0.0484951595898448,0.848067524078131,0.719218525396011,1.55588551574684,-0.0362376986831561,0,0.718761298107139,-0.022081960874888,0.803798157886341
compassFilter,1.48459027834899,-1.22608131285815,0.0484406253672623,0.847999644336942,0.71910339679558,1.5560264823774,-0.0361085676028727,0,0.718646242697172,-0.0219979899655822,0.803613645742089
fullSystem,1.48395010133077,-1.22606419935913,0.0485539301966907,0.847939268590493,0.719001003217781,1.55578547913777,-0.0363660334464538,0,0.718543914213828,-0.0221501110021338,0.803260376682919
gyroFilter,0.0024138787252449,-0.00227219697134547,0.000113304829428581,0.00133886482604148,1.79255902241109e-06,1.59985049204605,-0.0717697775471909,0,1.79141944261299e-06,-1.72082824271328e-10,5.13421399251817e-12
gyroSystem,1.97441533048454,-0.875123467125439,0.517406194613031,0.754023785828323,0.568551869594876,1.93453612588108,0.0148998203725589,0,0.56819042530397,0.00638148715380109,0.62454633816548
input,0.999999512347383,-0.999990206550703,0.0503522978038293,0.712001574623134,0.506946242265822,1.51177597110425,-0.118963934806124,0,0.506623962391527,-0.0428986782376144,0.388024271962564
error,0.528298873253434,-0.375593401718501,-0.00179836760713847,0.172999725521939,0.0299289050306662,2.77114671570534,0.289332674232617,0,0.0299098783904687,0.00149664724995229,0.0024790701389878
