signalsNamesOrdered,maxSignals,minSignals,meanSignals,standardDeviationSignals,varianceSignals,kurtosisSignals,skewnessSignals,firstMomentSignals,secondMomentSignals,thirdMomentSignals,fourthMomentSignals
compassSystem,1.48300596180377,-1.22371506925394,0.0547998137148889,0.841633412286738,0.708346800677419,1.55509080776624,-0.054035654674383,0,0.70790710682225,-0.032184356193767,0.779306500508455
compassFilter,1.48295192755654,-1.22364336306836,0.0546984622065295,0.841598361949012,0.70828780283526,1.55514756415097,-0.0537667427300148,0,0.707848145601967,-0.0320201878211403,0.779205127565854
fullSystem,1.48226195333692,-1.22377418323548,0.0548578589131111,0.841512854352657,0.708143884040757,1.55497860250924,-0.0541169164637733,0,0.707704316142532,-0.032218907450846,0.778803878745126
gyroFilter,0.00256890046083635,-0.00242614964337219,0.000159396706581434,0.00142848508817403,2.04056964713556e-06,1.59018960360521,-0.110218115142467,0,2.0393029993099e-06,-3.20978258769646e-10,6.61321170482892e-12
gyroSystem,1.97442688726906,-0.875123467125438,0.522339601952643,0.757337238262341,0.573559692458831,1.91798190264942,-0.011761181465413,0,0.573203665337503,-0.00510404375847073,0.630176817562575
input,0.999993742857021,-0.999999445744381,0.057228698938541,0.70745377102811,0.500490838141894,1.52380448239974,-0.135827286082926,0,0.500180167230571,-0.0480481559467825,0.381225709696506
error,0.528196758167968,-0.375555498567998,-0.00237084002543005,0.170663523500209,0.0291260382535064,2.69428333763995,0.229107601358542,0,0.0291079587760058,0.00113777693438778,0.00228279423790768
