signalsNamesOrdered,maxSignals,minSignals,meanSignals,standardDeviationSignals,varianceSignals,kurtosisSignals,skewnessSignals,firstMomentSignals,secondMomentSignals,thirdMomentSignals,fourthMomentSignals
compassSystem,1.49932069361267,-1.25048187264299,0.0488434138309696,0.843149434743648,0.710900969308533,1.54004906236226,-0.0423673587559018,0,0.71007337795893,-0.0253504828583438,0.776499208661665
compassFilter,1.4985379972968,-1.25002463835829,0.0482136934850511,0.842495929501836,0.709799391227163,1.5412091272825,-0.0406434447026993,0,0.708973082273465,-0.0242624765664779,0.774677719498824
fullSystem,1.48979277364104,-1.25194338901741,0.0493524562348008,0.841738409379248,0.708523549824307,1.53878195496907,-0.0428433117493729,0,0.707698726134174,-0.0255067810871878,0.770679687324464
gyroFilter,0.0300251258772401,-0.0282950501611892,0.00113876274974963,0.0169315349485101,0.000286676875712619,1.55738747806495,-0.0541631050142914,0,0.000286343142446365,-2.62442238491193e-07,1.27693929621617e-07
gyroSystem,1.97442989635046,-0.875123467125438,0.531246469604884,0.751223178427033,0.564336263806014,1.9201747749478,-0.00695813505287175,0,0.563679294930803,-0.00294469946727741,0.610105479268686
input,0.999993742857021,-0.99999582536687,0.0492949411265596,0.707515253791076,0.500577834347051,1.50619939027383,-0.107345173638729,0,0.499995089487508,-0.0379516910101745,0.376542451393856
error,0.546260842966069,-0.373712101958705,5.75151082410409e-05,0.170605797113045,0.0291063380085774,2.73161344331996,0.201011734969572,0,0.029072454029522,0.00099642347529211,0.00230878039693462
