signalsNamesOrdered,maxSignals,minSignals,meanSignals,standardDeviationSignals,varianceSignals,kurtosisSignals,skewnessSignals,firstMomentSignals,secondMomentSignals,thirdMomentSignals,fourthMomentSignals
compassSystem,1.48558250333553,-1.22704485379402,0.0432818953492865,0.835807484678793,0.69857415144509,1.57816529837698,-0.033726456095575,0,0.698129765852568,-0.0196731970382571,0.769174362189211
compassFilter,1.48547451844788,-1.22703693988717,0.04323842212397,0.835772694091689,0.698515996189281,1.5782884530902,-0.0336107250749127,0,0.698071647591196,-0.0196032410631549,0.76910631607127
fullSystem,1.48504555923799,-1.22702027472884,0.0433162626464746,0.835727744685359,0.698440863236877,1.5781141989914,-0.0337882090092846,0,0.697996562433291,-0.0197035780091105,0.768855977101578
gyroFilter,0.00162646347816803,-0.00152524668720609,7.78405225046078e-05,0.00090627782950958,8.21339504260596e-07,1.56753945343295,-0.0830046936987437,0,8.20817023659921e-07,-6.1726575542848e-11,1.05611495045122e-12
gyroSystem,1.97436289848545,-0.875123467125439,0.512385689849124,0.747187964631273,0.558289854489825,1.94192267246164,0.00272250094418562,0,0.557934708271956,0.00113460085793304,0.604503319967275
input,0.999997628631441,-0.999999920736855,0.0476160250363957,0.702301969338626,0.493228056136913,1.53191544238577,-0.116021991493884,0,0.492914297831482,-0.0401510992179571,0.372201077171384
error,0.529007326925952,-0.37556258611431,-0.0042997623899211,0.171178365222239,0.0293020327201582,2.8342397859307,0.295308073438982,0,0.0292833927502345,0.00147981494409735,0.00243040905632709
