signalsNamesOrdered,maxSignals,minSignals,meanSignals,standardDeviationSignals,varianceSignals,kurtosisSignals,skewnessSignals,firstMomentSignals,secondMomentSignals,thirdMomentSignals,fourthMomentSignals
compassSystem,1.48623049413234,-1.22499452611413,0.0402666852039763,0.843956804062455,0.712263087123312,1.56383658422523,-0.0152026466150528,0,0.711816806993536,-0.00913001639898614,0.79236967272544
compassFilter,1.4862154781438,-1.22499414133436,0.0402177576651259,0.843905896862014,0.71217716275848,1.56405035869887,-0.0150442276332741,0,0.711730936466025,-0.00903324233761559,0.792286797892397
fullSystem,1.48569126925014,-1.22496601397232,0.0403154676865127,0.843862428215325,0.712103797753464,1.56378589992585,-0.0152780239577993,0,0.711657617429057,-0.00917220684752676,0.791989634403668
gyroFilter,0.00191159031749666,-0.00180161165108046,9.77100213868465e-05,0.00106121544969612,1.12617823067375e-06,1.58454817308839,-0.074151786904641,0,1.12547260521593e-06,-8.85368392626966e-11,2.0071290833787e-12
gyroSystem,1.97439757267511,-0.875123467125438,0.507071753461157,0.752298574256637,0.565953144828569,1.92671203355696,0.00807020843149856,0,0.565598537594967,0.00343278946207085,0.616358465984551
input,0.999998375196524,-0.999990206550703,0.0437672995492936,0.709198853701175,0.50296301409106,1.51109222564743,-0.102706167822291,0,0.50264787435792,-0.0366009451669399,0.381784833396767
error,0.53178675347011,-0.375408584031931,-0.00345183186278088,0.173847261732904,0.030222870412029,2.90413423893422,0.336936703231165,0,0.0302039337764325,0.00176865687366497,0.00264937665879335
