signalsNamesOrdered,maxSignals,minSignals,meanSignals,standardDeviationSignals,varianceSignals,kurtosisSignals,skewnessSignals,firstMomentSignals,secondMomentSignals,thirdMomentSignals,fourthMomentSignals
compassSystem,1.48459249751599,-1.22617348487666,0.0328385484126023,0.845663713548829,0.715147116413196,1.54617514776311,-0.0107868706124856,0,0.714715785221149,-0.00651771746641096,0.789815107278603
compassFilter,1.48436192235714,-1.22599826701633,0.032686622932383,0.845480505466421,0.714837285123754,1.54645072987077,-0.0105042150030816,0,0.714406140802208,-0.00634280516038096,0.789271544957519
fullSystem,1.48255731890541,-1.22631234612922,0.0329878250538102,0.845296028191849,0.714525375276915,1.54585980103926,-0.0111439862832577,0,0.714094419079522,-0.00672471722950008,0.788281585877638
gyroFilter,0.00674750210280611,-0.0063424595485494,0.000301202121427153,0.00375411235740178,1.40933595919968e-05,1.58779901735383,-0.0757698848963987,0,1.40848593751138e-05,-4.00521100182529e-09,3.1499275103009e-10
gyroSystem,1.97442961846707,-0.875123467125439,0.499458230429616,0.758731916132656,0.575674120558331,1.90775642096197,0.027894750255411,0,0.575326910594183,0.0121729127739316,0.631469386216408
input,0.999993742857021,-0.999990206550703,0.037735726203162,0.711036601265324,0.505573048338943,1.50365373450537,-0.0884665811846504,0,0.505268118876736,-0.0317732828204046,0.383876591266288
error,0.530144969778763,-0.375112683324591,-0.00474790114935184,0.170588957218843,0.0291005923250121,2.70130634235836,0.270504684348551,0,0.0290830407011731,0.00134163539358666,0.00228482772709801
