signalsNamesOrdered,maxSignals,minSignals,meanSignals,standardDeviationSignals,varianceSignals,kurtosisSignals,skewnessSignals,firstMomentSignals,secondMomentSignals,thirdMomentSignals,fourthMomentSignals
compassSystem,1.48222301719433,-1.22671237752,0.0503952826696701,0.84194368656387,0.708869171344759,1.5706169315218,-0.0477131405538493,0,0.708417662318425,-0.0284493320488677,0.788222877856318
compassFilter,1.48211867738988,-1.22670763000369,0.0503411689782921,0.841900056697919,0.708795705467959,1.57077817105928,-0.0475943933543163,0,0.708344243235177,-0.0283741165731783,0.788140408619662
fullSystem,1.48171065479652,-1.22668816659761,0.0504299054043335,0.841866184015507,0.708738671788831,1.57056791773268,-0.0477721048902044,0,0.708287245883233,-0.0284766245606514,0.787908099365114
gyroFilter,0.00154610250639159,-0.00146425322232347,8.87364260412948e-05,0.00085489300810971,7.30842055314868e-07,1.59731343009781,-0.113337083236312,0,7.30376550821037e-07,-7.07444319866987e-11,8.5208669912102e-13
gyroSystem,1.97416250432093,-0.875123467125439,0.514017448455186,0.75110610845624,0.564160386160278,1.93251601567805,-0.0205442920360457,0,0.563801048334698,-0.00869721084050483,0.614292000644196
input,0.999993742857021,-0.999997241281044,0.0530466449237179,0.707829844214956,0.501023088361369,1.52630949348604,-0.13492033170608,0,0.500703965375151,-0.0478023168843752,0.382652598795687
error,0.525985512840456,-0.375571537258508,-0.00261673951938441,0.172624115027152,0.0297990850889073,2.83059511880406,0.307997565580369,0,0.0297801047799335,0.00158283853936121,0.00251032641706496
