signalsNamesOrdered,maxSignals,minSignals,meanSignals,standardDeviationSignals,varianceSignals,kurtosisSignals,skewnessSignals,firstMomentSignals,secondMomentSignals,thirdMomentSignals,fourthMomentSignals
compassSystem,1.48093984071566,-1.22631462849707,0.0581937724612849,0.83944746322445,0.704672043513964,1.55540919808308,-0.0518848810509086,0,0.704238665873427,-0.0306634223277666,0.771408455832901
compassFilter,1.48095163235872,-1.22618062242304,0.0580782224965922,0.83930958543672,0.704440580205959,1.55576438891039,-0.0516706895077756,0,0.70400734491678,-0.0305217929686053,0.771077812617775
fullSystem,1.47963893041397,-1.22639491455154,0.0582965885449614,0.839197184866547,0.704251915087937,1.55525588553814,-0.052117273186854,0,0.703818795828966,-0.0307732224403008,0.770412951087918
gyroFilter,0.00479069117158581,-0.00452077224153238,0.000218366048369355,0.00268460024828296,7.20707849308094e-06,1.5775978055947,-0.0803049193253703,0,7.20264609548372e-06,-1.552316466156e-09,8.18427937198577e-11
gyroSystem,1.97439416430924,-0.875123467125439,0.52381528727054,0.750651387570493,0.563477505661507,1.94005109843446,-0.0173381617272519,0,0.563130963530104,-0.00732684764552543,0.615222179403281
input,0.999993742857021,-0.999998662679613,0.0590586154032743,0.706622868256506,0.499315877943051,1.51727456707657,-0.132844003355081,0,0.499008795607293,-0.0468278540246208,0.377816203254558
error,0.525370848183794,-0.375294309174758,-0.000762026858312788,0.169948756754712,0.0288825799224723,2.78408678655037,0.245235457578655,0,0.0288648169581903,0.00120264229985988,0.00231963890856983
