signalsNamesOrdered,maxSignals,minSignals,meanSignals,standardDeviationSignals,varianceSignals,kurtosisSignals,skewnessSignals,firstMomentSignals,secondMomentSignals,thirdMomentSignals,fourthMomentSignals
compassSystem,1.48290895109908,-1.22489605146061,0.0545082041902294,0.842891184420264,0.710465548773395,1.55595194617766,-0.0582089000023458,0,0.710032602064819,-0.0348262591896986,0.784427410411583
compassFilter,1.48285195898786,-1.22485618735454,0.0543734062187064,0.84284435097069,0.710386599963203,1.55606897683923,-0.0578914835366752,0,0.70995370136481,-0.0346305764399117,0.784312072264945
fullSystem,1.48184081685148,-1.22485153556408,0.0545885668043455,0.84270959083893,0.710159454491916,1.55583308079964,-0.0583371913043939,0,0.709726694312457,-0.0348804618041737,0.783691762643215
gyroFilter,0.00369218019644335,-0.00347189433747473,0.000215160585639128,0.00205901035315756,4.23952363441002e-06,1.59074515075903,-0.111933994992455,0,4.23694013432811e-06,-9.76203804377885e-10,2.85565188003327e-11
gyroSystem,1.9743763029357,-0.875123467125438,0.525118914223409,0.757843015625536,0.574326036332407,1.91227847088133,-0.0169177893935045,0,0.573976050935495,-0.00735672076468092,0.629997287290941
input,0.999999469738754,-0.999999999898046,0.0572932364902226,0.707421389075097,0.500445021720939,1.52506760059869,-0.140603488600026,0,0.500140058270774,-0.0497317288293487,0.381480528396839
error,0.52681065424862,-0.375334714734783,-0.00270466968587702,0.17152665508832,0.0294213934057875,2.75194546223821,0.258838640091463,0,0.0294034644640411,0.00130504914271306,0.00237923221291699
