signalsNamesOrdered,maxSignals,minSignals,meanSignals,standardDeviationSignals,varianceSignals,kurtosisSignals,skewnessSignals,firstMomentSignals,secondMomentSignals,thirdMomentSignals,fourthMomentSignals
compassSystem,1.48230760717398,-1.2253688341676,0.049226756710781,0.841584252616931,0.708264054252798,1.56605299116957,-0.0407451028092631,0,0.707822768237687,-0.024263989558205,0.78461301882366
compassFilter,1.48220944662555,-1.22535337184927,0.0491841867804833,0.841553121644231,0.70821165654915,1.56616009174822,-0.0406552355113849,0,0.707770403180583,-0.0242077863595499,0.784550581897658
fullSystem,1.48182269307971,-1.22534035287553,0.0492605874132463,0.84150951570839,0.708138265027769,1.56601046872262,-0.0408162678536768,0,0.707697057386007,-0.0242998938248074,0.784313048905391
gyroFilter,0.00146642434051808,-0.00138060302809304,7.64006327629536e-05,0.000810315939635139,6.56611922026779e-07,1.58653458069177,-0.0908549467833954,0,6.56202818025516e-07,-4.82953941725458e-11,6.83165183067035e-13
gyroSystem,1.97431471018637,-0.875123467125438,0.521927423945219,0.745904185968658,0.556373054645566,1.96725564539364,-0.00234875905538062,0,0.556026404767282,-0.000973826506680636,0.608207305325384
input,0.999993742857021,-0.99999964419327,0.051744575521495,0.707003382760832,0.49985378323526,1.52180501283792,-0.120201806465936,0,0.499542347856297,-0.0424394220172246,0.379755114618245
error,0.526058599548648,-0.375586741557673,-0.00248398810824876,0.170573414700275,0.0290952898025119,2.80120781320512,0.291970922378488,0,0.0290771618960929,0.00144766349668466,0.00236836894654036
