signalsNamesOrdered,maxSignals,minSignals,meanSignals,standardDeviationSignals,varianceSignals,kurtosisSignals,skewnessSignals,firstMomentSignals,secondMomentSignals,thirdMomentSignals,fourthMomentSignals
compassSystem,1.482705227822,-1.2252731947242,0.0831295092472419,0.828467275681845,0.686358026875698,1.61888245134426,-0.0876360758386919,0,0.685668912390883,-0.0497570485848976,0.761104402618497
compassFilter,1.48270419149996,-1.22527178935,0.0831291218120144,0.828460627976176,0.68634701210668,1.61889429190709,-0.0876324790145513,0,0.68565790868087,-0.0497538087115098,0.761085540761551
fullSystem,1.48265949315076,-1.22526956036278,0.0831345771995196,0.828458485034497,0.686343461425654,1.61887770917937,-0.0876519537814519,0,0.685654361564785,-0.0497644794419992,0.761069870226244
gyroFilter,0.0001664107651842,-0.000159054945970918,5.45538750523788e-06,9.18264196998386e-05,8.43209135489091e-09,1.55573894311479,-0.0308990487004455,0,8.42362539971532e-09,-2.38887638353844e-14,1.10391291410316e-16
gyroSystem,1.97416250432093,-0.875123467125438,0.50383598477589,0.731899520563251,0.535676908200717,2.00697676257466,-0.00123176986277024,0,0.535139079979632,-0.000482202631015742,0.574745632096735
input,0.999999755080829,-0.999990206550703,0.0815120829719492,0.695585783167793,0.483839581745152,1.57954272238543,-0.189624712188611,0,0.483353799032557,-0.063722475530207,0.369029979983572
error,0.527142594713117,-0.375799496974182,0.00162249422757038,0.175480961735532,0.0307935679316273,2.83348876006035,0.299066222122812,0,0.0307626506947482,0.00161362641959639,0.00268144567364095
