signalsNamesOrdered,maxSignals,minSignals,meanSignals,standardDeviationSignals,varianceSignals,kurtosisSignals,skewnessSignals,firstMomentSignals,secondMomentSignals,thirdMomentSignals,fourthMomentSignals
compassSystem,1.48511932227676,-1.22553538882902,0.0587461762349761,0.844255305116823,0.7127670202179,1.55475225848444,-0.0538505683027861,0,0.712346260465706,-0.0323762849765343,0.788939124653491
compassFilter,1.48509576067247,-1.22547780357682,0.0585270188061181,0.844030131842925,0.712386863458785,1.55523228680227,-0.0534547060096515,0,0.711966328120262,-0.0321125746700011,0.788341106709401
fullSystem,1.4833358715539,-1.2255937076088,0.0588710793057787,0.843902494413932,0.712171420078056,1.55454216710181,-0.0541489703546631,0,0.711751011919804,-0.0325148940215057,0.78751474377625
gyroFilter,0.00644003918057434,-0.00605593798680371,0.000344060499660474,0.00358434190674571,1.28475069044535e-05,1.59773866041404,-0.0983705898119776,0,1.28399227799526e-05,-4.52594105148513e-09,2.6340897456884e-10
gyroSystem,1.97439898695056,-0.875123467125438,0.526168401319866,0.75509921857856,0.570174829897951,1.91050129441205,-0.000307294504775909,0,0.569838244992462,-0.000132185002835807,0.620369622749678
input,0.999999690819868,-0.99999997875042,0.0593230200364886,0.710223672064878,0.50441766436132,1.51707958075531,-0.132152099152449,0,0.50411989714505,-0.047301490351087,0.385545857252285
error,0.529402641810895,-0.375137129213996,-0.00045194073071003,0.169869012407487,0.0288554813762951,2.7401472076393,0.250360304443208,0,0.0288384474439596,0.00122609263809939,0.00227886000580375
