signalsNamesOrdered,maxSignals,minSignals,meanSignals,standardDeviationSignals,varianceSignals,kurtosisSignals,skewnessSignals,firstMomentSignals,secondMomentSignals,thirdMomentSignals,fourthMomentSignals
compassSystem,1.4846212830198,-1.22573237813573,0.0522354883276448,0.854481772704318,0.730139099883914,1.5339832461264,-0.0439740026970025,0,0.72970449327684,-0.0274104729746226,0.816797984365482
compassFilter,1.48453424170196,-1.22569245505894,0.0521197255495564,0.854330556875839,0.729880700411781,1.53441954254631,-0.0437849915175679,0,0.729446247613917,-0.027278168751182,0.816452099554864
fullSystem,1.48318804551324,-1.22565492969758,0.0523542181508864,0.854211814671452,0.729677824324295,1.53385645870413,-0.0442435910272802,0,0.729243492286007,-0.0275523858959733,0.815698838280472
gyroFilter,0.00497738790839625,-0.00469993744127871,0.000234492601330058,0.00274288311063583,7.5234077586113e-06,1.61546824213701,-0.0862934286669478,0,7.51892953970736e-06,-1.77914665146378e-09,9.13293685403936e-11
gyroSystem,1.97438335006994,-0.875123467125438,0.521012292980301,0.762943606320827,0.582082946425829,1.88576567546801,-0.00144684908281167,0,0.581736468481528,-0.000641966947645535,0.638175763704089
input,0.999999199474276,-0.99999951428309,0.0542419616366794,0.716913613672899,0.513965129469534,1.49274267795772,-0.124989637177529,0,0.51365919784485,-0.0460136422105428,0.393853843562431
error,0.529583083033068,-0.375258573036903,-0.00188774348579294,0.173654722525906,0.0301559626555494,2.78621159038447,0.293507756947056,0,0.0301380126777783,0.00153564737000194,0.00253071545305588
