signalsNamesOrdered,maxSignals,minSignals,meanSignals,standardDeviationSignals,varianceSignals,kurtosisSignals,skewnessSignals,firstMomentSignals,secondMomentSignals,thirdMomentSignals,fourthMomentSignals
compassSystem,1.48020145159585,-1.2264476036582,0.052698544226796,0.844080348706424,0.712471635072359,1.54635984520681,-0.0545019390113103,0,0.712029106106475,-0.0327460238536418,0.783981938802913
compassFilter,1.48007645862813,-1.22644107761714,0.052658669891795,0.844031091783587,0.712388483897394,1.54656139986184,-0.0543691038327132,0,0.711946006578203,-0.0326604949618599,0.783901116902031
fullSystem,1.47954253401381,-1.22641852339667,0.0527473118349361,0.843985259574561,0.71231111837914,1.54632097048258,-0.0545727068225519,0,0.711868689113066,-0.0327774627439019,0.783609023262793
gyroFilter,0.00197433502138411,-0.0018581031192166,8.86419431411918e-05,0.00109453144835195,1.19799909143141e-06,1.58837323535897,-0.0763573700015041,0,1.19725499261685e-06,-1.00030156109364e-10,2.27680519639353e-12
gyroSystem,1.97439344512447,-0.875123467125439,0.525537920141713,0.757926517270862,0.574452605582339,1.91026903546638,0.000854855670678523,0,0.574095802721728,0.000371851343115162,0.629597912562888
input,0.999999581244171,-0.999990206550703,0.0548637288811397,0.7103811408736,0.504641365308877,1.50678176166802,-0.131664716489111,0,0.50432792346707,-0.0471562140504533,0.383244899974032
error,0.524217912102885,-0.375447487494092,-0.00211641704620337,0.170565641756496,0.0290926381478053,2.73587178858441,0.242093048931857,0,0.0290745681862228,0.00120019615191086,0.00231271590860712
