signalsNamesOrdered,maxSignals,minSignals,meanSignals,standardDeviationSignals,varianceSignals,kurtosisSignals,skewnessSignals,firstMomentSignals,secondMomentSignals,thirdMomentSignals,fourthMomentSignals
compassSystem,1.48172831416395,-1.22582978676413,0.0770380638460397,0.840294370637568,0.706094629325187,1.5594626052158,-0.0808326745067498,0,0.705648016656417,-0.047914740050644,0.776517442633601
compassFilter,1.48150486101239,-1.22574975706319,0.0769104322170925,0.840241372395751,0.706005563885495,1.55960933848638,-0.0805082341434804,0,0.705559007551602,-0.0477133941808343,0.776394603913492
fullSystem,1.48067305617474,-1.22588460572132,0.0771011694064203,0.840145262591554,0.70584406225503,1.55935909245117,-0.0809481040369619,0,0.705397608072706,-0.0479576236495668,0.775914918854425
gyroFilter,0.00314231738381626,-0.00295497540068242,0.000190737189327711,0.00175186740765637,3.06903941400864e-06,1.58600695148252,-0.113524922857737,0,3.06709821260825e-06,-6.09793428462069e-10,1.49197124262463e-11
gyroSystem,1.97436957677637,-0.875123467125438,0.533422139408494,0.752853797640621,0.566788840621905,1.93333522439937,-0.0183101902532472,0,0.566430340406458,-0.00780571371352667,0.620297712433013
input,0.999999664554797,-0.999997917158527,0.0764473540708071,0.705247859460258,0.497374543273275,1.52865651995446,-0.166957327510723,0,0.497059948369244,-0.0585084563235025,0.37768301445384
error,0.525684029674728,-0.375437884449269,0.000653815335613113,0.172810345361927,0.0298634154641085,2.72558223659555,0.234945724613026,0,0.029844526523271,0.00121133589415777,0.00242766455092912
