signalsNamesOrdered,maxSignals,minSignals,meanSignals,standardDeviationSignals,varianceSignals,kurtosisSignals,skewnessSignals,firstMomentSignals,secondMomentSignals,thirdMomentSignals,fourthMomentSignals
compassSystem,1.48592655856469,-1.22555684653916,0.0676327698804828,0.845810274255893,0.715395020036828,1.56143346965332,-0.0638232979587632,0,0.714944519394488,-0.0385822680365136,0.798119950467425
compassFilter,1.48591657715001,-1.22554903230607,0.0675897919500125,0.84577077351617,0.71532820133414,1.56157166324875,-0.0637156182897673,0,0.714877742769069,-0.0385117776517342,0.798041490683635
fullSystem,1.48552556175752,-1.22553254416909,0.0676615593223881,0.845735280011278,0.715268163855755,1.56140317472139,-0.0638820836483281,0,0.714817743097659,-0.0386075336871214,0.797821445459493
gyroFilter,0.00145787356584698,-0.00136690337249326,7.17673723757178e-05,0.000803037360577645,6.44869002483511e-07,1.59844231931869,-0.0784573127548111,0,6.44462913691015e-07,-4.05910536464966e-11,6.63884960067777e-13
gyroSystem,1.97435779321844,-0.875123467125439,0.535698682480831,0.750827923267751,0.563742570358563,1.92862422710086,-0.018747896355909,0,0.56338756873995,-0.00792799621038939,0.612156038581354
input,0.999997393202319,-0.999990206550703,0.0669106738951096,0.709173376651264,0.502926878150956,1.52502900400678,-0.146020109807676,0,0.502610173567737,-0.0520306897678484,0.385248231429823
error,0.530387074183403,-0.375593719194003,0.000750885427278726,0.173313817180536,0.0300376792256884,2.81353144145827,0.282499237761845,0,0.0300187638105589,0.00146928649244146,0.00253534684216038
