signalsNamesOrdered,maxSignals,minSignals,meanSignals,standardDeviationSignals,varianceSignals,kurtosisSignals,skewnessSignals,firstMomentSignals,secondMomentSignals,thirdMomentSignals,fourthMomentSignals
compassSystem,1.48655278261695,-1.22530149294264,0.0573669898058852,0.842472775953289,0.709760378222441,1.57720417560178,-0.0454657136372459,0,0.709315108223556,-0.0271608168915036,0.793535460629765
compassFilter,1.48649583279452,-1.22527966211583,0.0572846624563531,0.84240612445135,0.709648078513143,1.57734161458059,-0.0453152384566159,0,0.70920287896577,-0.0270644997741926,0.793353498461612
fullSystem,1.48582442932977,-1.22526195277546,0.0574197443489904,0.842343963955177,0.70954335361172,1.5770776053429,-0.0455816526705085,0,0.709098219763783,-0.0272175895243624,0.792986611414863
gyroFilter,0.0024697456399792,-0.00232942523712153,0.000135081892637174,0.00137371058062265,1.88708075931462e-06,1.59621823691725,-0.106360374092594,0,1.88589689434642e-06,-2.75458877984512e-10,5.67712110835286e-12
gyroSystem,1.97416250432093,-0.875123467125439,0.520480582494936,0.751350652221522,0.564527802593707,1.93429732490234,-0.0297223941083615,0,0.564173644624702,-0.0125951394371154,0.615671173201625
input,0.999993742857021,-0.999999928822923,0.0578629422186336,0.706928747071646,0.499748253436287,1.53270338685324,-0.133856545859497,0,0.499434735084069,-0.0472452041032555,0.382309952998362
error,0.532103457259384,-0.375581155710684,-0.000443197869643355,0.173445939246294,0.0300834938410291,2.90646909316871,0.319170605722397,0,0.0300646208837888,0.00166382055545799,0.00262710343694619
