signalsNamesOrdered,maxSignals,minSignals,meanSignals,standardDeviationSignals,varianceSignals,kurtosisSignals,skewnessSignals,firstMomentSignals,secondMomentSignals,thirdMomentSignals,fourthMomentSignals
compassSystem,1.48505251655745,-1.22510273542443,0.0422491522772425,0.833743884031869,0.695128864160548,1.58780399985258,-0.0186546725912833,0,0.694688909183231,-0.0108012291336906,0.766262588464463
compassFilter,1.48493538851124,-1.22505164842892,0.0421734397960513,0.833703510967358,0.695061544199299,1.58803356784578,-0.0184777078618236,0,0.694621631829553,-0.0106972107575563,0.76622494417113
fullSystem,1.48447263101912,-1.22512566708999,0.0422791830734054,0.833659941229663,0.694988897611045,1.58776746979494,-0.0187026251034519,0,0.694549031220152,-0.0108257235674777,0.765936418360115
gyroFilter,0.00174956260598302,-0.00164531419861664,0.000105743277353928,0.000980434588957857,9.61251983224962e-07,1.57034416448285,-0.116930542710173,0,9.60643595893807e-07,-1.10095965195509e-10,1.44917031319633e-12
gyroSystem,1.97419401648924,-0.875123467125439,0.513968212905311,0.740911292586646,0.548949543482415,1.95342885715337,0.0200918986295807,0,0.548602107062489,0.0081640787510166,0.587912293649658
input,0.999997151915387,-0.999990206550703,0.0475525356882093,0.700400007963,0.49056017115457,1.53594798194738,-0.102946292566828,0,0.490249690033586,-0.0353375716848615,0.369157046909551
error,0.528454423657391,-0.37556818237918,-0.00527335261480397,0.171203616346688,0.0293106782501839,2.88818688281664,0.339001943196215,0,0.0292921271880002,0.00169952890155611,0.00247814728031483
