signalsNamesOrdered,maxSignals,minSignals,meanSignals,standardDeviationSignals,varianceSignals,kurtosisSignals,skewnessSignals,firstMomentSignals,secondMomentSignals,thirdMomentSignals,fourthMomentSignals
compassSystem,1.48208431952268,-1.22646296650104,0.0535627829392741,0.847837506643841,0.718828437672045,1.54548784668991,-0.034752083843068,0,0.718372038663999,-0.0211594795398071,0.797561963643824
compassFilter,1.48197129276988,-1.22641828947263,0.0535174929605517,0.847817767412162,0.718794966739743,1.54553708923398,-0.0346547000975131,0,0.718338588983083,-0.0210987118393952,0.797513101004326
fullSystem,1.48153068455418,-1.22648864830663,0.053600328490455,0.847756410390592,0.718690931358342,1.54542278320494,-0.0348197903928405,0,0.718234619655892,-0.0211946209795747,0.797223294261343
gyroFilter,0.00166715540499662,-0.00156668134844619,8.28355299032785e-05,0.000920679368296803,8.476504992074e-07,1.59666341927301,-0.083801380879109,0,8.47112308414252e-07,-6.53375225544886e-11,1.14576449303622e-12
gyroSystem,1.97435268989404,-0.875123467125439,0.525871172589916,0.753193015620724,0.567299718779841,1.9323221973007,0.00789472576552501,0,0.566939528482203,0.00337009509788096,0.621087829536862
input,0.999993742857021,-0.999990206550703,0.0546780496122879,0.710013593963739,0.504119303613305,1.51130472409017,-0.112891954494466,0,0.503799227864979,-0.0403691159064059,0.38358978641522
error,0.525883874636168,-0.375564951822042,-0.00107772112183282,0.172720845390208,0.0298324904323082,2.72237146008878,0.285199078443388,0,0.0298135491685416,0.0014681439429934,0.00241977364902694
