signalsNamesOrdered,maxSignals,minSignals,meanSignals,standardDeviationSignals,varianceSignals,kurtosisSignals,skewnessSignals,firstMomentSignals,secondMomentSignals,thirdMomentSignals,fourthMomentSignals
compassSystem,1.49963239282554,-1.25027276983785,0.040406386684894,0.844291662320688,0.712828411064231,1.5386252522424,-0.0242262832360165,0,0.712265799847921,-0.0145629690998252,0.780579316669837
compassFilter,1.49989807751951,-1.25035529534582,0.0400817720473334,0.844031002416629,0.712388333040419,1.5393324841773,-0.0235280848816143,0,0.711826069162723,-0.0141301708156243,0.779974155386308
fullSystem,1.49623360905191,-1.25246046660765,0.0406497732333406,0.843684566224362,0.71180364728519,1.53800675642581,-0.0243987570690783,0,0.711241844880071,-0.0146350311990435,0.778023729254216
gyroFilter,0.0150454786494428,-0.0142045760080102,0.000568001186007181,0.00848226828113791,7.19488751931983e-05,1.56287571402233,-0.0601254126695668,0,7.18920883935194e-05,-3.66504844519295e-08,8.07767995126602e-09
gyroSystem,1.97419758425967,-0.875123467125438,0.523876276427758,0.753999750742677,0.568515624120019,1.90200612138625,0.00705925739082977,0,0.568066914077304,0.00302244398133137,0.61377741126089
input,0.999998296700935,-0.999994234998699,0.0412505176387794,0.70818965715667,0.501532590503682,1.50252833630414,-0.0868897124452532,0,0.501136747890814,-0.0308249751703112,0.377342021553974
error,0.545956509024091,-0.375390818758273,-0.000600744405438772,0.170521674855717,0.0290776415955989,2.76171900159482,0.2180284230229,0,0.0290546916022323,0.00107978556818848,0.00233137442566853
