signalsNamesOrdered,maxSignals,minSignals,meanSignals,standardDeviationSignals,varianceSignals,kurtosisSignals,skewnessSignals,firstMomentSignals,secondMomentSignals,thirdMomentSignals,fourthMomentSignals
compassSystem,1.48284469273467,-1.22580747161627,0.0466728308481862,0.844221654988602,0.712710202751695,1.56221150847592,-0.0343981052131122,0,0.712267525607128,-0.0206775574704926,0.792548997333365
compassFilter,1.48267629478728,-1.22578243711394,0.046563909334924,0.844151042032651,0.712590981764811,1.56238707415129,-0.0341726269773378,0,0.712148378670547,-0.0205368627526403,0.79237290599815
fullSystem,1.48204912306227,-1.22584476735462,0.0467218145025758,0.844095575160491,0.712497340005521,1.56213134655171,-0.0345074769598775,0,0.712054795073841,-0.0207340112459784,0.792035008310543
gyroFilter,0.00244062759085562,-0.00230601824898233,0.000157905167651974,0.00135714732598006,1.84184886441483e-06,1.60127930556986,-0.117069964309401,0,1.84070485890899e-06,-2.92362538471809e-10,5.4254455401169e-12
gyroSystem,1.97435360450508,-0.875123467125439,0.520942323457019,0.747810520896581,0.559220575163616,1.92444531960399,0.00710082923525757,0,0.558873233191465,0.00296673690083016,0.601079886265923
input,0.999999849295558,-0.999990206550703,0.0509328408145042,0.708990728651701,0.50266785331407,1.51821019006327,-0.114809861031355,0,0.502355637256111,-0.0408786091935235,0.383137324591295
error,0.5265426365029,-0.375587314080791,-0.0042110263119285,0.1711495378656,0.0292921643116086,2.81471347987864,0.297188454398276,0,0.0292739704207318,0.00148851898396237,0.00241211190609135
