signalsNamesOrdered,maxSignals,minSignals,meanSignals,standardDeviationSignals,varianceSignals,kurtosisSignals,skewnessSignals,firstMomentSignals,secondMomentSignals,thirdMomentSignals,fourthMomentSignals
compassSystem,1.48304038080827,-1.22631581976184,0.0369152868678758,0.84068680238805,0.706754299709444,1.55617280829736,-0.0218303660667956,0,0.706312854175585,-0.0129585581939881,0.776340141678517
compassFilter,1.48298628644021,-1.22624860786618,0.0368782785802138,0.840623217741794,0.706647394206569,1.55637687157536,-0.0217029575053777,0,0.706206015446914,-0.0128800052156631,0.776207068816443
fullSystem,1.48229207478531,-1.22635945080237,0.0369855938318157,0.840562164175867,0.706544751844017,1.55607484971341,-0.0219495194792846,0,0.70610343719577,-0.0130234937343886,0.775831010339228
gyroFilter,0.00258442882172105,-0.00244028503369381,0.000107315251601981,0.00144330965735409,2.08314276701157e-06,1.57746326914372,-0.0582145430823261,0,2.08184161600157e-06,-1.74865052189103e-10,6.83682757711722e-12
gyroSystem,1.97442914460044,-0.875123467125439,0.508977719078687,0.750017415971202,0.562526124260119,1.93926056816081,-0.00717521857365066,0,0.562174765031974,-0.00302442037930351,0.612884814507829
input,0.999993742857021,-0.99999990625567,0.0399465849239671,0.707786849153646,0.500962223834845,1.51116238035531,-0.0988441735473538,0,0.500649318011088,-0.0350147893452822,0.378772457167106
error,0.528226749477167,-0.375551255960704,-0.00296099109215138,0.169894678206875,0.0288642016830177,2.73828053312565,0.247040045858403,0,0.0288461728250021,0.00121031847040258,0.00227852785013441
