signalsNamesOrdered,maxSignals,minSignals,meanSignals,standardDeviationSignals,varianceSignals,kurtosisSignals,skewnessSignals,firstMomentSignals,secondMomentSignals,thirdMomentSignals,fourthMomentSignals
compassSystem,1.48186443072339,-1.22515546926894,0.0534129672468874,0.844018060081313,0.712366485743422,1.55442938764128,-0.0373668740477039,0,0.711927836429541,-0.0224460915269032,0.787848924982551
compassFilter,1.48176028109894,-1.2251139375551,0.0533807067742778,0.843980627690469,0.712303299916798,1.55457254749241,-0.0373070735890084,0,0.711864689510445,-0.0224071881390086,0.78778171561778
fullSystem,1.48135323043498,-1.22517879798797,0.0534488649784711,0.84394058751241,0.712235715250791,1.55439000453654,-0.037434808157318,0,0.711797146460612,-0.0224807075404962,0.787539743978283
gyroFilter,0.00154188892816581,-0.00144695440735596,6.81582041932605e-05,0.000851388305444686,7.24862046647975e-07,1.58982542759408,-0.075282561435391,0,7.24415703023192e-07,-4.64169041402339e-11,8.34305584373296e-13
gyroSystem,1.97419705686797,-0.875123467125438,0.525540361357083,0.749482110748184,0.561723434331553,1.94482719960606,0.0051213290903711,0,0.561377545517309,0.00215409692112157,0.612902078911763
input,0.999998947058881,-0.999999100198103,0.0546650706867336,0.708924311959425,0.502573680087144,1.51168435608692,-0.114610168700346,0,0.502264213535367,-0.0407963684353296,0.38135161509814
error,0.525655555482454,-0.375573046148997,-0.00121620570826249,0.172176378840907,0.0296447054307677,2.7846219698597,0.286834249490239,0,0.0296264513018079,0.00146268382358164,0.00244413682050035
