signalsNamesOrdered,maxSignals,minSignals,meanSignals,standardDeviationSignals,varianceSignals,kurtosisSignals,skewnessSignals,firstMomentSignals,secondMomentSignals,thirdMomentSignals,fourthMomentSignals
compassSystem,1.4797425435562,-1.21986016049778,0.0358574381758339,0.845548292510414,0.714951914967277,1.54682685355579,-0.0208981125185394,0,0.714361533534604,-0.01261781496933,0.78936492494118
compassFilter,1.47973948525534,-1.21984995942,0.0358465315431735,0.84553980829476,0.714937567411139,1.5468451423522,-0.0208717026911773,0,0.714347197826159,-0.0126014899667236,0.789342576151833
fullSystem,1.47966828038915,-1.21986374513617,0.0358637072433488,0.845534230696963,0.714928135280306,1.54681402068653,-0.0209119747214004,0,0.714337773484038,-0.0126255547333799,0.78930586806996
gyroFilter,0.000266144458405504,-0.000254151339081993,1.71757001752928e-05,0.000143035749546647,2.04592256483712e-08,1.60598813021447,-0.118410468584819,0,2.04423311598094e-08,-3.46087352744003e-13,6.7112461836353e-16
gyroSystem,1.97416250432092,-0.875123467125439,0.498201038152185,0.738649632553165,0.545603279670925,1.93509711751254,-0.010675666985893,0,0.545152740216201,-0.00429706889875681,0.57509443466994
input,0.999994514554241,-0.999999258160953,0.0413122176705316,0.712115098063229,0.507107912889602,1.50319807254256,-0.108386030763857,0,0.506689161516448,-0.0390918059139506,0.385921913254159
error,0.524507447356657,-0.375786788339482,-0.00544851042718287,0.171381086938308,0.0293714769601557,2.78894252271426,0.309801735441848,0,0.029347223056803,0.00155752263092788,0.00240200324583705
