signalsNamesOrdered,maxSignals,minSignals,meanSignals,standardDeviationSignals,varianceSignals,kurtosisSignals,skewnessSignals,firstMomentSignals,secondMomentSignals,thirdMomentSignals,fourthMomentSignals
compassSystem,1.48423575354351,-1.22649289925812,0.0532852334463302,0.835096839623931,0.697386731549877,1.59226488194763,-0.0360729558223488,0,0.696948399223322,-0.0209885611659313,0.773422080299933
compassFilter,1.48418423758926,-1.22648873918826,0.0532405062839902,0.835040779314221,0.697293103117701,1.59241175326338,-0.0359912478227693,0,0.69685482963994,-0.0209368034236569,0.773285742643609
fullSystem,1.48369089257848,-1.22646471962069,0.053329607531784,0.834999116837171,0.697223525118856,1.59218694161766,-0.0361864002724596,0,0.696785295373338,-0.0210471767510489,0.773022280552479
gyroFilter,0.00183160837993207,-0.00172240130120373,8.91012477937443e-05,0.0010227394216604,1.04599592461825e-06,1.57133818352815,-0.0806563110840229,0,1.04533847903395e-06,-8.62032740344145e-11,1.71705235780598e-12
gyroSystem,1.97441091299777,-0.875123467125439,0.520006270731859,0.744471633107693,0.554238012502035,1.96073725702991,-0.0118073052175772,0,0.553889654228935,-0.00486727259395464,0.601541934009452
input,0.999993742857021,-0.999990206550703,0.055786658912654,0.701928681983128,0.492703874590571,1.54240822834875,-0.126764643320459,0,0.492394192708364,-0.0437993355452276,0.373960023038279
error,0.530148381290796,-0.37574851381497,-0.00245705138087021,0.172155134357802,0.0296373902857527,2.90270707211808,0.303535553907906,0,0.0296187621334675,0.00154724797995837,0.00254646093997935
