signalsNamesOrdered,maxSignals,minSignals,meanSignals,standardDeviationSignals,varianceSignals,kurtosisSignals,skewnessSignals,firstMomentSignals,secondMomentSignals,thirdMomentSignals,fourthMomentSignals
compassSystem,1.4847821410452,-1.22499816406779,0.0612394605024454,0.838838712185261,0.703650385060627,1.57081898642915,-0.0567797168061865,0,0.703210603569964,-0.0334827668110456,0.776778083177406
compassFilter,1.48475661468882,-1.22498510528421,0.0611758287922677,0.838802861304263,0.703590240132218,1.57095344959482,-0.0566229976737944,0,0.703150496232136,-0.0333860691814495,0.776711779091999
fullSystem,1.48434202837228,-1.22497083906099,0.0612674798744299,0.838763122468001,0.703523575612271,1.57078554456808,-0.0568173604344637,0,0.703083873377514,-0.0334959082886998,0.776481600652613
gyroFilter,0.00153958143073679,-0.00145737775606405,9.16510821620603e-05,0.000863621107003254,7.45841416461525e-07,1.58539514507985,-0.11504154370231,0,7.45375265576237e-07,-7.40316052393918e-11,8.80820630551824e-13
gyroSystem,1.97442975625932,-0.875123467125439,0.531806894637782,0.754049475958701,0.568590612193591,1.9362139629279,-0.00802199393960744,0,0.56823524306097,-0.00343616949941286,0.625186627026012
input,0.999993742857021,-0.999999785103266,0.0631121568719452,0.704493976601394,0.496311763067645,1.53256943689569,-0.141014311723465,0,0.496001568215728,-0.0492592467373202,0.377038986763397
error,0.529657061994923,-0.375568287977942,-0.00184467699751535,0.172054455579247,0.0296027356846709,2.81580321884239,0.275446218307986,0,0.029584233974868,0.00140161038614279,0.00246446672189881
