signalsNamesOrdered,maxSignals,minSignals,meanSignals,standardDeviationSignals,varianceSignals,kurtosisSignals,skewnessSignals,firstMomentSignals,secondMomentSignals,thirdMomentSignals,fourthMomentSignals
compassSystem,1.48427334444189,-1.22502365691718,0.0591905356038024,0.839315600616224,0.704450677437773,1.57363702885783,-0.0569595740126266,0,0.70402243994389,-0.0336470106552278,0.779969410242704
compassFilter,1.48416416725195,-1.22490262590742,0.0590736410442826,0.839167891986054,0.704202750940318,1.57388708323497,-0.0566520927335328,0,0.70377466416163,-0.0334477108141872,0.77954434890377
fullSystem,1.48287814564361,-1.22511851952797,0.0592911580693712,0.839050605245145,0.704005918162244,1.57346204336658,-0.0572094086969183,0,0.703577951038741,-0.0337625927627747,0.778898222505067
gyroFilter,0.00477294076101092,-0.0044939309147633,0.000217517025088502,0.0026719237150471,7.13917633903111e-06,1.58371462533571,-0.0688166972964177,0,7.13483641420495e-06,-1.31150471432777e-09,8.06204035499679e-11
gyroSystem,1.97441432412564,-0.875123467125439,0.528125323337465,0.749193570034159,0.561291005380528,1.93370597719883,-0.00526901628190293,0,0.560949795042911,-0.00221368351586451,0.608468958140038
input,0.999998229663014,-0.999999684466039,0.0600011530659478,0.705638667896308,0.497925929630476,1.53529035499777,-0.13929240978679,0,0.497623239095746,-0.0488965741930106,0.380182243500547
error,0.529440031295396,-0.375296049341998,-0.000709994996576467,0.170462835166259,0.029057578172919,2.75802152211003,0.251225543285195,0,0.0290399139916589,0.00124324517587586,0.00232588534555801
