signalsNamesOrdered,maxSignals,minSignals,meanSignals,standardDeviationSignals,varianceSignals,kurtosisSignals,skewnessSignals,firstMomentSignals,secondMomentSignals,thirdMomentSignals,fourthMomentSignals
compassSystem,1.4840726078662,-1.22498956307509,0.0521171735239282,0.840448623987714,0.706353889562842,1.56415926901096,-0.0411400433757544,0,0.705906830139068,-0.0243997749845187,0.779427528694406
compassFilter,1.48404977730344,-1.22497293514078,0.0520179591344721,0.840388056354801,0.7062520852638,1.56435446426622,-0.0409637797988461,0,0.705805090273126,-0.024289982514775,0.779300111223786
fullSystem,1.483279898701,-1.22505763151498,0.0521786138918294,0.840306838347808,0.706115582574089,1.56406960042878,-0.0412762109062018,0,0.705668673977523,-0.0244681469938421,0.778857044711144
gyroFilter,0.00284129525144672,-0.00268060260764225,0.000160654757357333,0.00158390388307199,2.50875151081051e-06,1.59156655720174,-0.111814725459922,0,2.50716369339861e-06,-4.43887624284152e-10,1.00043801335205e-11
gyroSystem,1.974428510142,-0.875123467125439,0.52078910693908,0.753575006392943,0.567875290260124,1.93019919860611,0.0140500499433502,0,0.567515875519453,0.00600682376495972,0.621667495851002
input,0.999997826170537,-0.999999807991777,0.056186158238481,0.706997053367607,0.499844833470478,1.5207573106385,-0.126022374789591,0,0.49952847598094,-0.044492625598863,0.379472592177925
error,0.528510843394708,-0.375760633556796,-0.00400754434665158,0.171888095475414,0.0295455173661649,2.74795145834497,0.260217148792408,0,0.0295268176716294,0.00132026429182337,0.00239575465884902
