signalsNamesOrdered,maxSignals,minSignals,meanSignals,standardDeviationSignals,varianceSignals,kurtosisSignals,skewnessSignals,firstMomentSignals,secondMomentSignals,thirdMomentSignals,fourthMomentSignals
compassSystem,1.48540797977307,-1.22651750509121,0.0663929904806858,0.835317694517015,0.697755650773221,1.57978635334992,-0.0602271072557104,0,0.697344722828125,-0.0350722220686593,0.768233772523499
compassFilter,1.48527573706852,-1.22636677580344,0.0661957855241257,0.835125888739829,0.69743525004349,1.58024245052317,-0.0599141050018808,0,0.697024510791403,-0.0348659217899735,0.767749999387928
fullSystem,1.48354711354667,-1.22669857578581,0.0665231306750163,0.834977372223873,0.697187212125883,1.57954649958472,-0.0605126724534827,0,0.696776618950309,-0.0351954633358404,0.766866124222061
gyroFilter,0.00640791068859486,-0.00602516278984545,0.000327345150890579,0.00360121808406517,1.2968771688998e-05,1.5666522375051,-0.0962950549935536,0,1.29611340142695e-05,-4.49333177849727e-09,2.63183468096964e-10
gyroSystem,1.97439570676519,-0.875123467125439,0.528806219432638,0.751186964412823,0.564281855503752,1.9437817670917,-0.0100350785789326,0,0.56394953403408,-0.00424992377498754,0.618198558973313
input,0.999998510080408,-0.999994645514379,0.0648712513416685,0.701358907209155,0.49190431672162,1.54417428718631,-0.141829924378915,0,0.49161462042202,-0.0488883136009092,0.373203662246884
error,0.530434028304991,-0.375139674541033,0.00165187933334772,0.170856441272055,0.0291919235241513,2.81507538811213,0.254651253766086,0,0.0291747315786129,0.00126898392975289,0.00239609353767543
