signalsNamesOrdered,maxSignals,minSignals,meanSignals,standardDeviationSignals,varianceSignals,kurtosisSignals,skewnessSignals,firstMomentSignals,secondMomentSignals,thirdMomentSignals,fourthMomentSignals
compassSystem,1.48513183541803,-1.2253365838355,0.0599108812792582,0.842627245867308,0.710020675477925,1.55477449798455,-0.0589324357939119,0,0.709579120331483,-0.0352253756562793,0.782832890221326
compassFilter,1.48486965896341,-1.22525552157986,0.0598341851701358,0.842531886720707,0.709859980141154,1.55501465800938,-0.0588018363568848,0,0.709418524929624,-0.035135381748542,0.782599447667662
fullSystem,1.48390057647466,-1.22540336899895,0.0599908323890141,0.842440702964551,0.709706338011407,1.55465825967412,-0.0591046463201028,0,0.709264978348465,-0.0353048521386411,0.782081423992593
gyroFilter,0.00366038376539246,-0.00345589367964488,0.00015664721887836,0.00203755763096692,4.15164109951152e-06,1.58878220106732,-0.077753038370422,0,4.1490592331561e-06,-6.57115666580396e-10,2.73503970730006e-11
gyroSystem,1.97442061650061,-0.875123467125438,0.527560025967544,0.757828468187097,0.574303987194801,1.91150284723288,-0.00719235503704081,0,0.573946832973909,-0.00312736529988805,0.629677647496035
input,0.999999794276102,-0.999999127937172,0.0604282751944327,0.708999618385424,0.502680458870676,1.51937272796071,-0.135690621715178,0,0.50236784664501,-0.048315066891798,0.38344934227023
error,0.528417430834795,-0.375339583144145,-0.000437442805418694,0.170061615794154,0.0289209531665185,2.72999939187227,0.224355954502414,0,0.0289029674991264,0.00110243058173367,0.002280591069579
