signalsNamesOrdered,maxSignals,minSignals,meanSignals,standardDeviationSignals,varianceSignals,kurtosisSignals,skewnessSignals,firstMomentSignals,secondMomentSignals,thirdMomentSignals,fourthMomentSignals
compassSystem,1.48515293820094,-1.22477539128412,0.0570445525355134,0.850268400993159,0.722956353727464,1.54730180694846,-0.0479752908810943,0,0.722505351635307,-0.0294631528644404,0.807713179367453
compassFilter,1.48511051770063,-1.2247571396,0.0570038756109429,0.850239161386826,0.722906631555773,1.54742783189549,-0.0478576606097009,0,0.722455660481815,-0.0293878803317858,0.807667858080134
fullSystem,1.48466482905972,-1.22474358855706,0.0570826173027931,0.850190037937288,0.722823100607807,1.54724036467189,-0.048032682179268,0,0.722372181642986,-0.0294902434799481,0.807383394421791
gyroFilter,0.00168027443288116,-0.00157473675984892,7.87416918502357e-05,0.000922510371742207,8.51025385971945e-07,1.6051880419947,-0.0761730257416023,0,8.50494490534658e-07,-5.97459490095056e-11,1.16109812834147e-12
gyroSystem,1.97434270777092,-0.875123467125439,0.521759293125317,0.757092281702724,0.573188723013837,1.91971300532288,-0.00794391242705171,0,0.572831150510397,-0.00344408917809801,0.629926038680903
input,0.999999996391912,-0.999990206550703,0.056010935072042,0.712895713960136,0.508220298982732,1.51074640003996,-0.128367232277948,0,0.507903255751925,-0.0464649712330715,0.38972077859877
error,0.530240235525059,-0.375565360519189,0.00107168223075108,0.173369530653741,0.0300569941590983,2.80290388236184,0.302400365295064,0,0.0300382436948693,0.00157432399918054,0.00252904919764687
