signalsNamesOrdered,maxSignals,minSignals,meanSignals,standardDeviationSignals,varianceSignals,kurtosisSignals,skewnessSignals,firstMomentSignals,secondMomentSignals,thirdMomentSignals,fourthMomentSignals
compassSystem,1.49948609449624,-1.24995202644377,0.0451523397512839,0.844116798969784,0.712533170302994,1.54371866118387,-0.0355147379482091,0,0.711950559370613,-0.0213345441518438,0.782470233619405
compassFilter,1.49983296291208,-1.2501612891397,0.0448096885664561,0.843779626178466,0.711964057553873,1.54461721355543,-0.034810662422787,0,0.711381911963068,-0.0208865406329343,0.78167551258713
fullSystem,1.4958062540694,-1.25166334319541,0.0454074223787313,0.84345854493003,0.711422317015483,1.54309907453821,-0.0357491745501787,0,0.710840614385053,-0.0214251745469514,0.779719288695797
gyroFilter,0.0158002964686942,-0.0148724128444965,0.000597733812275262,0.00888834906689793,7.90027491350253e-05,1.56575152919135,-0.0639422999547271,0,7.89381516296001e-05,-4.48454806321282e-08,9.75656069250473e-09
gyroSystem,1.97426559221541,-0.875123467125439,0.529262272956404,0.755662813927604,0.571026288352985,1.90726030443561,-0.000296753620791911,0,0.570559382148281,-0.000127893155682174,0.620885721306603
input,0.999999848563151,-0.999996674291477,0.0450349643907123,0.708131974634137,0.501450893499242,1.507834962936,-0.099316395287731,0,0.501040876415433,-0.035223352245246,0.378529844209437
error,0.545941860712485,-0.375322210985625,0.000372457988018996,0.170488300063793,0.029066260458642,2.78897851109326,0.223021818937052,0,0.0290424940968606,0.00110381989690795,0.00235240984115611
