signalsNamesOrdered,maxSignals,minSignals,meanSignals,standardDeviationSignals,varianceSignals,kurtosisSignals,skewnessSignals,firstMomentSignals,secondMomentSignals,thirdMomentSignals,fourthMomentSignals
compassSystem,1.48534587760973,-1.22362002290499,0.0517003469321809,0.840108336930502,0.705782017780133,1.56112176538106,-0.0414717150692149,0,0.705340904019021,-0.0245669137564085,0.776667118549587
compassFilter,1.48530720628103,-1.22360812213562,0.051672338865556,0.840060058492503,0.705700901874427,1.56123243194004,-0.0413743188308889,0,0.705259838810755,-0.0245049932445032,0.776543647871075
fullSystem,1.48473689588859,-1.2235817801525,0.0517592908818555,0.840000500370754,0.705600840623116,1.5610316779729,-0.0415768092873271,0,0.705159840097727,-0.0246196862084124,0.776223626419962
gyroFilter,0.00211795541189452,-0.0020047035092588,8.69520162993629e-05,0.00118519323725782,1.40468300964168e-06,1.5822747758502,-0.054316524809833,0,1.40380508276065e-06,-9.03425181503422e-11,3.11813939199885e-12
gyroSystem,1.97426541792162,-0.875123467125438,0.518143024544532,0.747354565601727,0.558538846725747,1.96634771582498,-0.0011690797511895,0,0.558189759946543,-0.000487547502457424,0.612666378581807
input,0.999993742857021,-0.999992673588687,0.0525892849853488,0.706498928105828,0.499140735414685,1.52120729766765,-0.120382014899376,0,0.49882877245505,-0.0424120096490031,0.378522231280866
error,0.530241975737598,-0.375299037061212,-0.000829994103493467,0.170378222189646,0.0290287385965043,2.73383510984953,0.244926789494918,0,0.0290105956348815,0.00121023931856846,0.00230083570398595
