signalsNamesOrdered,maxSignals,minSignals,meanSignals,standardDeviationSignals,varianceSignals,kurtosisSignals,skewnessSignals,firstMomentSignals,secondMomentSignals,thirdMomentSignals,fourthMomentSignals
compassSystem,1.48389859145144,-1.22464875051465,0.0550965564065782,0.834443606126672,0.696296131805685,1.57295450651206,-0.0541434990991266,0,0.695865255486499,-0.0314292522299678,0.761669328575524
compassFilter,1.48386320822397,-1.22459548770476,0.0550331507976951,0.834420030384309,0.696256787106552,1.5730632415112,-0.0540055375736424,0,0.695825935134333,-0.0313465111649176,0.761635900323253
fullSystem,1.48334441528731,-1.224677765412,0.0551427487723401,0.834354239901841,0.696146997642179,1.57287586560921,-0.0542244813514126,0,0.695716213608985,-0.0314661489227459,0.761305027800604
gyroFilter,0.001940893818206,-0.00182332508007556,0.000109597974645045,0.00108349661641178,1.17396491777577e-06,1.56663876694608,-0.106970511017299,0,1.17323845433655e-06,-1.35938822618783e-10,2.15646020050625e-12
gyroSystem,1.97422478853977,-0.875123467125438,0.529130578579361,0.747426982650538,0.558647094394088,1.95842242961035,-0.0171087136669865,0,0.558301396934686,-0.00713707778002565,0.610441152245597
input,0.999993742857021,-0.999991163752837,0.058215563530893,0.701519575499215,0.492129714808598,1.53499098426867,-0.136344555356447,0,0.491825179093989,-0.0470277215523801,0.371302049590586
error,0.528925909676688,-0.375412292499531,-0.00307281475855291,0.170860190589623,0.0291932047283224,2.72420658313185,0.22163914994409,0,0.0291751396263866,0.00110450043331394,0.00231881405676734
