signalsNamesOrdered,maxSignals,minSignals,meanSignals,standardDeviationSignals,varianceSignals,kurtosisSignals,skewnessSignals,firstMomentSignals,secondMomentSignals,thirdMomentSignals,fourthMomentSignals
compassSystem,1.4813006743607,-1.22591319677729,0.0693809316867464,0.845214557882965,0.714387648857296,1.55580161785729,-0.0790012816493756,0,0.71394475508863,-0.0476574771314103,0.793018709550569
compassFilter,1.48116590370247,-1.22589333390288,0.0693262326480413,0.845180359682214,0.714329840392557,1.55592615436189,-0.0788741927120448,0,0.71388698246299,-0.0475750355404271,0.792953840230065
fullSystem,1.48064709131083,-1.22594139313175,0.0694249656298846,0.84511662908521,0.714222116756348,1.55574921614618,-0.0790730862446695,0,0.713779325611427,-0.0476842149118438,0.792624550753004
gyroFilter,0.00196302071919668,-0.00184589847775434,9.87329818431199e-05,0.00108223090477953,1.17122373125991e-06,1.59559757292232,-0.0868777912199222,0,1.17049761611344e-06,-1.10018209112597e-10,2.18607186112518e-12
gyroSystem,1.97439945123445,-0.875123467125439,0.536714827956472,0.756692612201364,0.572583709360123,1.92752505707831,-0.0286200172730687,0,0.572228728759156,-0.0123886612572674,0.631159826311384
input,0.999993742857021,-0.99999999849073,0.0695353659469318,0.709493535048124,0.503381076275083,1.52164145490644,-0.159360707052449,0,0.503068998732445,-0.0568620588594836,0.385094611388307
error,0.525217109746824,-0.375425717697479,-0.000110400317047331,0.172616293842235,0.0297963848998289,2.73007770407535,0.227389705030196,0,0.02977791224955,0.00116845547260671,0.0024208255802544
