signalsNamesOrdered,maxSignals,minSignals,meanSignals,standardDeviationSignals,varianceSignals,kurtosisSignals,skewnessSignals,firstMomentSignals,secondMomentSignals,thirdMomentSignals,fourthMomentSignals
compassSystem,1.4801798641622,-1.2240680263256,0.0631198564773207,0.837742159712472,0.701811926159718,1.56067959076567,-0.0740030345882495,0,0.701384513293603,-0.0434694141792733,0.767761085402742
compassFilter,1.48018520900539,-1.22397630620996,0.0630404003760741,0.837682106041073,0.701711310781407,1.56098333288371,-0.0738735180895867,0,0.701283959191407,-0.0433840048282165,0.767690340931019
fullSystem,1.4792321248679,-1.2241559304031,0.0632116472962936,0.837580596204678,0.701541255138583,1.56060153446775,-0.0741636984685158,0,0.701114007114747,-0.0435385884726957,0.767130618311952
gyroFilter,0.00349238959350612,-0.00328446422631896,0.000171246920219506,0.00195979924848115,3.84081309434729e-06,1.56834439786283,-0.0924698916412725,0,3.83847398771249e-06,-6.95405708605916e-10,2.31078021628765e-11
gyroSystem,1.97436457772102,-0.875123467125438,0.531720528279818,0.749833789299412,0.562250711575115,1.92385277738366,-0.00645414084760665,0,0.561908293358565,-0.0027185454723788,0.607439065393417
input,0.999999995892945,-0.999994664260702,0.0636696894420867,0.703823321059752,0.495367267267579,1.5287066108145,-0.147403345982027,0,0.495065581964736,-0.0513453883906369,0.374670596916994
error,0.524786853260587,-0.37536557233422,-0.000458042145793158,0.169746448525396,0.0288138567869848,2.66457069217195,0.190113884872666,0,0.0287963087621449,0.000929007176345807,0.00220953502272222
