signalsNamesOrdered,maxSignals,minSignals,meanSignals,standardDeviationSignals,varianceSignals,kurtosisSignals,skewnessSignals,firstMomentSignals,secondMomentSignals,thirdMomentSignals,fourthMomentSignals
compassSystem,1.48241203387859,-1.22410592477696,0.0462796475365801,0.841751644236292,0.708545830574501,1.55004614541887,-0.0348615400530841,0,0.708121297422569,-0.0207734224630064,0.777248585352034
compassFilter,1.48222528447139,-1.22407237362901,0.046184187417019,0.841596949432814,0.708285425294619,1.55042075192597,-0.0346053020384174,0,0.70786104816742,-0.020609367637719,0.776865083460817
fullSystem,1.48065081024988,-1.22412200225231,0.0464212901448731,0.841450056619217,0.708038197784483,1.54985821627939,-0.0351518074104293,0,0.70761396878641,-0.0209238817301939,0.776041176079355
gyroFilter,0.00586909177003381,-0.00551805837936083,0.000237102727854016,0.00328553581256464,1.07947455756448e-05,1.57619206579122,-0.0593194115587987,0,1.07882777832088e-05,-2.10196274730253e-09,1.83448167492861e-10
gyroSystem,1.97442993643197,-0.875123467125439,0.520109835006481,0.755559394645151,0.570869998836547,1.93212554927919,0.0241172257169032,0,0.57052795569764,0.010393043436975,0.628911016945329
input,0.999993742857021,-0.999996507697007,0.0492176766279281,0.708220415821876,0.50157615738691,1.51200146284519,-0.108386444868455,0,0.501275632427422,-0.0384671367882468,0.379931584193983
error,0.528005940233729,-0.375180399950107,-0.00279638648305509,0.169103080143513,0.0285958517140235,2.68728053010134,0.229329153518407,0,0.0285787181899288,0.00110795822781494,0.00219481792042433
