signalsNamesOrdered,maxSignals,minSignals,meanSignals,standardDeviationSignals,varianceSignals,kurtosisSignals,skewnessSignals,firstMomentSignals,secondMomentSignals,thirdMomentSignals,fourthMomentSignals
compassSystem,1.4815286970128,-1.22487934887241,0.056055193054623,0.83903584245711,0.703981144927712,1.57767080687434,-0.0473202931728171,0,0.703560355241563,-0.027925404070015,0.780942590065199
compassFilter,1.48148116350901,-1.22488093780877,0.0559700534626097,0.838981986301245,0.703890773337983,1.57789492512396,-0.0470191225145315,0,0.70347003766952,-0.0277423295787563,0.780853009758465
fullSystem,1.4806140347064,-1.22491198436197,0.0561271567024643,0.838890780926952,0.703737742324231,1.57756871828887,-0.0474283670982109,0,0.703317098126786,-0.0279746676720028,0.780352160507422
gyroFilter,0.00321339599820919,-0.00303342837060189,0.000157103239854439,0.00179878581402812,3.23563040474882e-06,1.57310798655868,-0.0766125983260791,0,3.23369637581591e-06,-4.45501377888423e-10,1.6449663403778e-11
gyroSystem,1.97435236830539,-0.875123467125438,0.525973718944444,0.750885803580984,0.56382949001946,1.94658428970643,0.000837295112515796,0,0.563492472990159,0.000354169154722324,0.61808677667751
input,0.999999973290276,-0.999990206550703,0.0573390478003885,0.703847895945298,0.495401860626623,1.53657283336569,-0.131869783890456,0,0.495105744750576,-0.0459401324243385,0.376659635343208
error,0.526583951660121,-0.375416641706655,-0.00121189109792426,0.172301427373193,0.0296877818748399,2.79157780110322,0.292317161202205,0,0.0296700366376164,0.00149393408593433,0.00245745685246008
