signalsNamesOrdered,maxSignals,minSignals,meanSignals,standardDeviationSignals,varianceSignals,kurtosisSignals,skewnessSignals,firstMomentSignals,secondMomentSignals,thirdMomentSignals,fourthMomentSignals
compassSystem,1.48300821966318,-1.22819267346763,0.0570132782600467,0.842712221445334,0.710163888173329,1.5637185214253,-0.061892756962554,0,0.709721142607136,-0.037005940227591,0.787651430900027
compassFilter,1.48289648177905,-1.2281871769126,0.0569590670988114,0.842670393843777,0.710093392660826,1.56390056809554,-0.0617777319393072,0,0.709650691044454,-0.0369316664808451,0.787586743245915
fullSystem,1.48245871331228,-1.22817107884671,0.0570499269151107,0.842631323641453,0.710027547581747,1.56368769103043,-0.0619508152528018,0,0.709584887015923,-0.0370299871786013,0.787333502470912
gyroFilter,0.00165765825819802,-0.00155662079611865,9.08598162993257e-05,0.000918091509815296,8.4289202039493e-07,1.59526618046235,-0.103783726674778,0,8.42366526616629e-07,-8.0238151049699e-11,1.13197115413269e-12
gyroSystem,1.97442941162694,-0.875123467125438,0.528983806582239,0.753906957104534,0.568375699970618,1.94189380770355,0.00535092620215325,0,0.568021351030487,0.00229074080556892,0.626548648890695
input,0.999993742857021,-0.999999286757944,0.0591068611309287,0.70853511951026,0.502022015579418,1.52281801360432,-0.14092180094096,0,0.501709034272947,-0.0500790482878152,0.383311499421823
error,0.52672659246125,-0.375564421724406,-0.00205693421581803,0.170806646813077,0.0291749105955274,2.79034092602946,0.265344567043563,0,0.0291567217485227,0.00132104690593122,0.00237210906664182
