signalsNamesOrdered,maxSignals,minSignals,meanSignals,standardDeviationSignals,varianceSignals,kurtosisSignals,skewnessSignals,firstMomentSignals,secondMomentSignals,thirdMomentSignals,fourthMomentSignals
compassSystem,1.48313363056608,-1.22599749222481,0.0477754068260772,0.841358946822252,0.707884877397849,1.56660207323026,-0.0309588099897846,0,0.707435996689289,-0.0184210758281737,0.784030586613087
compassFilter,1.48312542122713,-1.22595876957689,0.0477299471079426,0.841327318438183,0.707831656750384,1.56671963835257,-0.0308643129432569,0,0.707382809789857,-0.0183627772657822,0.783971528543565
fullSystem,1.48271476831033,-1.22602298724502,0.0478061385170239,0.841281232703427,0.707754112498998,1.5665548286227,-0.0310278210964753,0,0.707305314710476,-0.0184570233127606,0.783717315780684
gyroFilter,0.00152123711215063,-0.00143326821118435,7.61914090812576e-05,0.000846772738197671,7.17024070154782e-07,1.57991596360662,-0.0829018032646485,0,7.16569394143269e-07,-5.02864942425563e-11,8.11242130354619e-13
gyroSystem,1.9743710736052,-0.875123467125439,0.511036117551218,0.749030597750103,0.561046836365877,1.94726907601406,0.0091490717042146,0,0.560691067921764,0.00384116079675251,0.612171690821486
input,0.99999995201034,-0.999992019666102,0.0503146561465214,0.706200361101159,0.498718950019408,1.52293821783404,-0.115617815230499,0,0.498402704648438,-0.0406813488443367,0.378305857874586
error,0.527718673294044,-0.375578310311932,-0.00250851762949769,0.172453447827991,0.0297401916677615,2.85042430366033,0.316383209028898,0,0.0297213329539583,0.00162112256571857,0.002517944064673
