signalsNamesOrdered,maxSignals,minSignals,meanSignals,standardDeviationSignals,varianceSignals,kurtosisSignals,skewnessSignals,firstMomentSignals,secondMomentSignals,thirdMomentSignals,fourthMomentSignals
compassSystem,1.4834374400461,-1.22671732783264,0.0559578814783089,0.837587870893226,0.701553441467447,1.57286310694397,-0.0581670806170271,0,0.701119043051677,-0.0341479716310254,0.773169034175428
compassFilter,1.48344305558957,-1.22666329327713,0.0559201159937783,0.837539639672635,0.701472648022967,1.57302529554231,-0.0581066877942795,0,0.701038299634098,-0.034106624387187,0.773070670865331
fullSystem,1.48280609762714,-1.22676390214362,0.0560200212175321,0.837475761836597,0.701365651663788,1.57276832696087,-0.0582947347412666,0,0.700931369526535,-0.0342091730340573,0.772708604396289
gyroFilter,0.00233065196006804,-0.00219970409366968,9.99052237538231e-05,0.00130430925163704,1.70122262390598e-06,1.57241463315202,-0.0745345532707376,0,1.70016923528436e-06,-1.65232655581929e-10,4.54518310217199e-12
gyroSystem,1.97417545567331,-0.875123467125438,0.521740403770052,0.749796573384534,0.562194901459189,1.93686197307843,-0.000836015132853653,0,0.561846793161071,-0.000352079710409786,0.611412742165279
input,0.999993742857021,-0.999999736009871,0.0563079440578442,0.703690834255606,0.49518079021535,1.53076346458739,-0.134928026251075,0,0.494874176722957,-0.0469725736321753,0.374884662526065
error,0.527583313503637,-0.375612425129433,-0.000287922840312162,0.171018241452472,0.0292472389094961,2.75249875932231,0.233796655343835,0,0.0292291291640413,0.00116832079978089,0.00235157527215874
