signalsNamesOrdered,maxSignals,minSignals,meanSignals,standardDeviationSignals,varianceSignals,kurtosisSignals,skewnessSignals,firstMomentSignals,secondMomentSignals,thirdMomentSignals,fourthMomentSignals
compassSystem,1.48143186539474,-1.22685130281731,0.0476010145547734,0.840527060198686,0.706485738926245,1.55833715206875,-0.0398465890391837,0,0.706047472338821,-0.0236397023818063,0.776835797048347
compassFilter,1.48143248503981,-1.22674384814621,0.0474971688676958,0.840460118610115,0.706373210974129,1.5587062468464,-0.0396810284460086,0,0.705935014193128,-0.0235358563438479,0.776772286614015
fullSystem,1.48029739224141,-1.22692882092284,0.0477017353733723,0.840338614811213,0.706168987542828,1.55824488535748,-0.0400383756239738,0,0.7057309174513,-0.0237375102620108,0.776093413837998
gyroFilter,0.00416144108333838,-0.00391342994254025,0.000204566505676523,0.00233181749562875,5.43737283292036e-06,1.57825652745187,-0.0951866216416827,0,5.43399977285031e-06,-1.20574463177552e-09,4.66033167057394e-11
gyroSystem,1.97434119273692,-0.875123467125438,0.521361678966128,0.749226057375117,0.561339685049862,1.92544163167067,0.0104216617824447,0,0.560991459438789,0.0043789637410811,0.605958465338396
input,0.999998696000712,-0.999999383115711,0.0516252716253388,0.705705303140137,0.498019974880113,1.51908781908328,-0.116389457287944,0,0.497711029486266,-0.0408676382651549,0.376302766632637
error,0.525941153342847,-0.375289064773137,-0.00392353625196658,0.170754580472884,0.0291571267524705,2.73178702104205,0.258613521122771,0,0.0291390392048573,0.00128636456751074,0.00231951557405543
