signalsNamesOrdered,maxSignals,minSignals,meanSignals,standardDeviationSignals,varianceSignals,kurtosisSignals,skewnessSignals,firstMomentSignals,secondMomentSignals,thirdMomentSignals,fourthMomentSignals
compassSystem,1.48324841112098,-1.22647757374375,0.059037622457948,0.847734064705739,0.718653044462515,1.54895877565176,-0.0541238693876947,0,0.718203042556151,-0.0329427384552341,0.798977116249528
compassFilter,1.48311591844814,-1.2263627639992,0.058872304151094,0.847655691973176,0.718520172134523,1.54896509736396,-0.0538013274269095,0,0.718070253429367,-0.0327373404808383,0.798684956176488
fullSystem,1.48201118065083,-1.22654547859198,0.0591188931234357,0.847518548530761,0.718287690103687,1.54873679092254,-0.0543391051174866,0,0.717837916972752,-0.0330485244384266,0.798050555701686
gyroFilter,0.00413095153583704,-0.00390012762916998,0.000246588972341658,0.0022908239778345,5.24787449742148e-06,1.60400103663942,-0.102958432005809,0,5.24458841445503e-06,-1.23659941517437e-09,4.41191835633064e-11
gyroSystem,1.97442708221126,-0.875123467125438,0.526797963456203,0.747290112910814,0.558442512854258,1.91633316728795,-0.00869737012436498,0,0.558092830629553,-0.00362616546584812,0.596875706979911
input,0.999998251713805,-0.99999996972197,0.0613578770275214,0.710792596585523,0.50522611536079,1.51801523423488,-0.138015463877437,0,0.504909755864634,-0.049516323632273,0.386993485581464
error,0.528809875507777,-0.375290595500139,-0.00223898390408578,0.172873065699309,0.0298850968442775,2.68382413355715,0.252733870371389,0,0.0298663835713631,0.00130447994243545,0.00239397345570411
