signalsNamesOrdered,maxSignals,minSignals,meanSignals,standardDeviationSignals,varianceSignals,kurtosisSignals,skewnessSignals,firstMomentSignals,secondMomentSignals,thirdMomentSignals,fourthMomentSignals
compassSystem,1.48302906013966,-1.22550799863179,0.0682944187034797,0.837929611548279,0.702126033909449,1.56658625321266,-0.0682364769804737,0,0.701687479234928,-0.0401081090440399,0.771332739544378
compassFilter,1.4829749914916,-1.22543595877708,0.068243546745728,0.837842693237352,0.70198037861122,1.56685649033967,-0.0681014132645568,0,0.701541914914398,-0.0400162659220206,0.771145748617905
fullSystem,1.48228219714245,-1.22554702184997,0.0683583752595589,0.837802158137556,0.701912456179947,1.56651860476105,-0.0683427720004953,0,0.701474034908129,-0.0401522595722172,0.770830264382212
gyroFilter,0.00257924217519057,-0.00243593133710272,0.000114828513830918,0.00143864817213192,2.06970856317852e-06,1.57725311388552,-0.0729441916353423,0,2.06841580330145e-06,-2.16993880659466e-10,6.74803129429961e-12
gyroSystem,1.97434601181608,-0.875123467125439,0.540624718011394,0.753181913464569,0.56728299477015,1.94027122810411,-0.010569753554442,0,0.566928664354928,-0.00451187942497278,0.623618909218938
input,0.999999077915099,-0.999999788867208,0.0670146165653397,0.705424795404728,0.497624141971802,1.5308716256253,-0.145809678041499,0,0.497313321146086,-0.0511365576971354,0.378615996185501
error,0.528216802478714,-0.375552672985419,0.00134375869421914,0.16936821537454,0.0286855923791567,2.73252165340308,0.204160212722654,0,0.0286676750822303,0.000990968431857319,0.00224568355783745
