signalsNamesOrdered,maxSignals,minSignals,meanSignals,standardDeviationSignals,varianceSignals,kurtosisSignals,skewnessSignals,firstMomentSignals,secondMomentSignals,thirdMomentSignals,fourthMomentSignals
compassSystem,1.50018166846081,-1.25048178281847,0.0392050141693485,0.849332414891596,0.72136555098559,1.53364075770836,-0.023551829041138,0,0.721019073775702,-0.0144193196909518,0.797291527531006
compassFilter,1.49998993051099,-1.25044279197491,0.0390611511758158,0.849246776190008,0.721220086869121,1.53396110169715,-0.0232024768653671,0,0.720873679526725,-0.0142011364939911,0.797136480206183
fullSystem,1.49819793593635,-1.25150866860468,0.0393581268252293,0.849220331734773,0.721175171831717,1.53333670293129,-0.0237039379636381,0,0.720828786062346,-0.0145067018226958,0.796712763674727
gyroFilter,0.00787311696900161,-0.00735901831195601,0.000296975649413345,0.00429950125902467,1.84857110763547e-05,1.58182407832103,-0.0349033325428002,0,1.84768322525908e-05,-2.77209537950281e-09,5.40024189715165e-10
gyroSystem,1.97442950490591,-0.875123467125439,0.526455466811771,0.761538214396202,0.579940451985756,1.89473854121355,0.00542508683546912,0,0.579661902297002,0.00239424633127232,0.636647158023572
input,0.999999668121515,-0.99999999035423,0.0383110584157851,0.711628653498878,0.506415340480626,1.49681064819571,-0.0840228178061246,0,0.506172105446773,-0.030258302064278,0.383498156033923
error,0.545461472590587,-0.376055998070217,0.00104706840944411,0.171005799859087,0.0292429835854461,2.78242418877466,0.242980868779669,0,0.0292289379641275,0.00121420392891858,0.00237711072351044
