signalsNamesOrdered,maxSignals,minSignals,meanSignals,standardDeviationSignals,varianceSignals,kurtosisSignals,skewnessSignals,firstMomentSignals,secondMomentSignals,thirdMomentSignals,fourthMomentSignals
compassSystem,1.49932071006896,-1.25037365867687,0.0461793196994883,0.845405102524429,0.714709787374341,1.53673075374696,-0.0355810490112214,0,0.714079531829919,-0.0214703253264425,0.783593729802251
compassFilter,1.49916522318192,-1.25016561550917,0.0456980202752723,0.845034250839722,0.71408288509225,1.53778615396596,-0.0344985967621515,0,0.71345318237171,-0.0207897683209604,0.782756901071216
fullSystem,1.49356641626425,-1.25113638852545,0.0464905522451838,0.844589237855719,0.713330980701704,1.53594168126115,-0.0358363145815673,0,0.712701941036182,-0.0215618118826186,0.780172448521558
gyroFilter,0.0200829307282817,-0.0189648019623481,0.000792531969911565,0.0112497624878402,0.000126557156032818,1.56043698701939,-0.0619033374226861,0,0.000126445553602454,-8.8017576671058e-08,2.49490124776533e-08
gyroSystem,1.97436960366453,-0.875123467125439,0.533085698690535,0.760070396332486,0.577707007381022,1.89361274707634,-0.00189253288090063,0,0.577197565575571,-0.000829908417944544,0.630870398230067
input,0.999999910905092,-0.999999980921592,0.0449245836984196,0.709030391546609,0.502724096136737,1.50386300250501,-0.097487414891256,0,0.502280776827974,-0.034703109460314,0.37940354952434
error,0.545907057962818,-0.374977376882607,0.00156596854676412,0.169467672060089,0.0287192918734657,2.75596212711692,0.216140974958277,0,0.0286939662192563,0.00105056512614923,0.00226910404761228
