signalsNamesOrdered,maxSignals,minSignals,meanSignals,standardDeviationSignals,varianceSignals,kurtosisSignals,skewnessSignals,firstMomentSignals,secondMomentSignals,thirdMomentSignals,fourthMomentSignals
compassSystem,1.4870896713153,-1.22692345395813,0.0483238256677377,0.847349552780389,0.718001264597126,1.54630366753579,-0.0308772964231683,0,0.717545390778334,-0.0187677986568248,0.796147515306491
compassFilter,1.48710185767702,-1.22688570776372,0.048279349730803,0.847306379307302,0.717928100414849,1.54641359008922,-0.0307679845553378,0,0.717472273049506,-0.0186984984338598,0.796041853478792
fullSystem,1.48671274912264,-1.22694562697501,0.0483489933957139,0.847273451271243,0.717872301229083,1.54625468460873,-0.0309347262749125,0,0.717416509291795,-0.0187976399679451,0.795836331022216
gyroFilter,0.00142937575076491,-0.00134717476047923,6.96436649112448e-05,0.000790921566306452,6.25556924048651e-07,1.59656664536146,-0.0790038652441875,0,6.25159745049255e-07,-3.90512417077631e-11,6.23977691108028e-13
gyroSystem,1.97442679648709,-0.875123467125438,0.515594378020884,0.753380284440984,0.567581852984377,1.92645844536462,0.0100405443894838,0,0.567221483553911,0.00428929847055023,0.619819147474753
input,0.999993742857021,-0.999990206550703,0.0506732839091462,0.712006720280501,0.506953569724596,1.50259819844627,-0.112850709871839,0,0.506631694442231,-0.0406951663772676,0.385680405057007
error,0.530991391083747,-0.375616204999536,-0.00232429051343219,0.172085282248105,0.02961334436641,2.82787398358617,0.309379454605346,0,0.0295945422430028,0.00157510282276328,0.00247675646983101
