signalsNamesOrdered,maxSignals,minSignals,meanSignals,standardDeviationSignals,varianceSignals,kurtosisSignals,skewnessSignals,firstMomentSignals,secondMomentSignals,thirdMomentSignals,fourthMomentSignals
compassSystem,1.48507739399215,-1.2243075824096,0.0605516254368691,0.840089677670437,0.705750666528419,1.57816184823246,-0.0539989478142435,0,0.705312584177998,-0.0319858389653428,0.785081611696098
compassFilter,1.48506146016625,-1.22429924111198,0.0604840288663127,0.840059621796764,0.705700168173322,1.5782814654719,-0.0538240452036385,0,0.705262117168869,-0.0318788149936377,0.785028763296511
fullSystem,1.48451115675921,-1.22427386878779,0.0605922852546111,0.839988562893681,0.705580785792191,1.57810521206888,-0.0540746996784171,0,0.705142808892258,-0.0320191455301496,0.784675543327666
gyroFilter,0.00204396762508913,-0.00192183222278487,0.000108256388298396,0.00113799045225102,1.29502226941448e-06,1.58161720788927,-0.0969094917942162,0,1.29421840704985e-06,-1.42684788069834e-10,2.6492108558246e-12
gyroSystem,1.97440029043373,-0.875123467125438,0.532752154600943,0.748577963267135,0.560368967089172,1.9681308311946,-0.0152912169075971,0,0.560021127879309,-0.0064083860555503,0.617252401863521
input,0.999999989096716,-0.999998474673762,0.0608530714596504,0.703966557194437,0.495568913648189,1.53904979367249,-0.137060417770528,0,0.495261297935185,-0.047770923652656,0.377503909803608
error,0.529655537027949,-0.375337950193872,-0.000260786205039399,0.172798427955784,0.0298592967039903,2.82171623785003,0.297108766654978,0,0.0298407620691647,0.0015315470085388,0.00251265670822251
