signalsNamesOrdered,maxSignals,minSignals,meanSignals,standardDeviationSignals,varianceSignals,kurtosisSignals,skewnessSignals,firstMomentSignals,secondMomentSignals,thirdMomentSignals,fourthMomentSignals
compassSystem,1.48535345840909,-1.22665957006779,0.0607014654937282,0.845253369941537,0.714453259397524,1.5611231277282,-0.0576611874411965,0,0.714003634942271,-0.034788380846059,0.795862429361968
compassFilter,1.48533889547118,-1.22664962189829,0.0606621094269644,0.845230034003905,0.714413810382242,1.56123161256809,-0.0575712813444091,0,0.713964210753304,-0.0347312615727159,0.795829843227342
fullSystem,1.48499092303579,-1.22663658542594,0.0607293056605886,0.845193950186176,0.714352813431312,1.56107800393728,-0.057710651978848,0,0.713903252189379,-0.0348108815360988,0.795615664611776
gyroFilter,0.00130822135314912,-0.00122025026181477,6.71962336243298e-05,0.000717099570608059,5.14231794166262e-07,1.60042452617869,-0.09221787282323,0,5.13908174409077e-07,-3.39737423504205e-11,4.22674696807164e-13
gyroSystem,1.97435050804971,-0.875123467125439,0.529672218402836,0.755029135917175,0.570068996083836,1.93352627887531,-0.0141157813236033,0,0.56971023648907,-0.00606996177468954,0.62756414783718
input,0.999999106727597,-0.999999945213019,0.0611881190931128,0.709190961322673,0.502951819621778,1.52334496942049,-0.138269222335912,0,0.502635298652853,-0.0492725452665247,0.384861290625471
error,0.530047503675199,-0.375444763376809,-0.000458813432524136,0.172273549113795,0.0296781757242633,2.79672207162863,0.264329247797016,0,0.0296594984582316,0.00135017768008786,0.00246023682942111
