signalsNamesOrdered,maxSignals,minSignals,meanSignals,standardDeviationSignals,varianceSignals,kurtosisSignals,skewnessSignals,firstMomentSignals,secondMomentSignals,thirdMomentSignals,fourthMomentSignals
compassSystem,1.48231340017392,-1.22660680471979,0.0397373645787182,0.842040480222755,0.709032170333768,1.55339926999063,-0.0249672484150887,0,0.708592051047403,-0.0148924138531821,0.7799659595744
compassFilter,1.48227847226439,-1.22654469763394,0.0396576404055973,0.842002564351779,0.708968318374972,1.55360745094322,-0.0247403653869222,0,0.708528238723591,-0.0147550897423947,0.779929995475699
fullSystem,1.48162674032989,-1.22664722330169,0.0397964739073847,0.841930241113028,0.708846530900642,1.55333869453344,-0.0250403838690081,0,0.7084065268467,-0.0149301720748908,0.779527191103682
gyroFilter,0.00238559660830784,-0.00224053712260154,0.000138833501787487,0.00132580009323481,1.75774588722144e-06,1.58835629048132,-0.105915169738564,0,1.75665479728524e-06,-2.46597009535755e-10,4.90140714401955e-12
gyroSystem,1.97442345350272,-0.875123467125439,0.517451614214981,0.753533871282398,0.567813295169838,1.93071126270474,-0.00530838384529419,0,0.56746083502386,-0.0022691654269562,0.621711807605255
input,0.999993742857021,-0.999990206550703,0.0443506935350302,0.70784645524363,0.501046604200973,1.51170456290882,-0.106750749519478,0,0.500735588307614,-0.0378254079853806,0.37903895089671
error,0.526321144661305,-0.375600402283559,-0.00455421962764546,0.170746034497609,0.0291542082966586,2.77210200992046,0.275753887755821,0,0.0291361113330976,0.00137141541288229,0.00235327338812577
