signalsNamesOrdered,maxSignals,minSignals,meanSignals,standardDeviationSignals,varianceSignals,kurtosisSignals,skewnessSignals,firstMomentSignals,secondMomentSignals,thirdMomentSignals,fourthMomentSignals
compassSystem,1.48578790421902,-1.22656113611625,0.0603837463176543,0.845184740903223,0.714337246255648,1.54930543363885,-0.066856455399636,0,0.713890226702297,-0.0403264973534757,0.789586868177251
compassFilter,1.4857438480977,-1.22655436522126,0.0603254268840465,0.845121560553247,0.714230452111956,1.54945449744093,-0.066737056903013,0,0.713783499388482,-0.0402454517407931,0.78942674379983
fullSystem,1.48509867042094,-1.22652884053826,0.060440152445722,0.845062420837546,0.714130495111813,1.5492242002775,-0.066975176704328,0,0.713683604939653,-0.0403805702955862,0.789088497180213
gyroFilter,0.00240118887286289,-0.00226723885409442,0.000114725561675443,0.00132888853734942,1.76594474469868e-06,1.59624703328976,-0.0807100751398946,0,1.76483964786219e-06,-1.89228100270674e-10,4.97176516079046e-12
gyroSystem,1.97442053376333,-0.875123467125438,0.534753339787188,0.759440614630472,0.57675004715031,1.91327619089105,-0.00157903460091136,0,0.576389127220929,-0.000690979744320358,0.635637084257119
input,0.999995372734237,-0.999999579981914,0.0615815336659456,0.710907816521633,0.505389923591555,1.51460249923626,-0.144560286477569,0,0.50507365955927,-0.0518896904707562,0.386374191187641
error,0.530640501068644,-0.375596401329746,-0.00114138122022374,0.170700866238009,0.0291387857344066,2.72228931396368,0.221634188137059,0,0.0291205512001548,0.00110137734756284,0.00230851903911305
