signalsNamesOrdered,maxSignals,minSignals,meanSignals,standardDeviationSignals,varianceSignals,kurtosisSignals,skewnessSignals,firstMomentSignals,secondMomentSignals,thirdMomentSignals,fourthMomentSignals
compassSystem,1.48650504711822,-1.22559574002443,0.0575566204130331,0.846608294394617,0.716745604137762,1.5465097378085,-0.051376933418804,0,0.716302621687739,-0.0311467681165754,0.793497824353266
compassFilter,1.48648394275542,-1.22558708585583,0.0575384080990478,0.846568528603402,0.716678273621728,1.54664435316831,-0.0513410033381192,0,0.716235332785127,-0.0311206001713848,0.793417806981836
fullSystem,1.48610641277984,-1.22556949679747,0.0575910406452274,0.846538442419854,0.716627334494632,1.54646600132894,-0.0514471923867157,0,0.716184425140803,-0.0311816424545478,0.79321354370145
gyroFilter,0.00141275288844467,-0.00132959082172715,5.26325461796168e-05,0.000778246264430565,6.05667248100129e-07,1.5917630154683,-0.0500380149369292,0,6.05292917291662e-07,-2.35639699716275e-11,5.83189362753774e-13
gyroSystem,1.97421119879019,-0.875123467125439,0.527907623913561,0.757515852955249,0.573830267478519,1.93064580755502,-0.00780665862606532,0,0.573475613419509,-0.0033902960263986,0.634939748324832
input,0.999996335955639,-0.999990206550703,0.0574699252004585,0.712440408423586,0.507571335554767,1.50379632007866,-0.129115013342742,0,0.507257632627971,-0.0466465609104076,0.386942291069582
error,0.531222089166346,-0.37541254503906,0.000121115444768903,0.171179716571778,0.0293024953655942,2.81361374632341,0.261261129384622,0,0.0292843850470741,0.00130926923415109,0.00241288539256814
