signalsNamesOrdered,maxSignals,minSignals,meanSignals,standardDeviationSignals,varianceSignals,kurtosisSignals,skewnessSignals,firstMomentSignals,secondMomentSignals,thirdMomentSignals,fourthMomentSignals
compassSystem,1.48466845396219,-1.22562461387807,0.0473291286218042,0.841345952380463,0.707863011586989,1.56344171048937,-0.0387011555690063,0,0.707421425179261,-0.0230272059913504,0.782416700628562
compassFilter,1.48467459707409,-1.22559880515226,0.0472734304741726,0.841315040371907,0.707810997155983,1.56354832496334,-0.0385935246108884,0,0.707369443196435,-0.0229606345344481,0.782355066290027
fullSystem,1.48421493741484,-1.22566059541234,0.0473652572331727,0.841265432234109,0.707727527472042,1.5633741121876,-0.0387737759690429,0,0.707286025583413,-0.0230637920070092,0.782083405802926
gyroFilter,0.0016883502305951,-0.00159556431275924,9.18267590002768e-05,0.000943820048425303,8.90796283809541e-07,1.58590501605433,-0.0990548280522889,0,8.90240578080402e-07,-8.32025673599483e-11,1.25687458549769e-12
gyroSystem,1.97442961448832,-0.875123467125439,0.518995614229237,0.756006087585682,0.57154520446661,1.91568115458456,0.0119792480951289,0,0.571188657239868,0.00517129033429584,0.625003394433978
input,0.999993742857021,-0.999990775323349,0.0502112602563378,0.706303793887859,0.498865049260384,1.52563460130106,-0.116559359150716,0,0.498553842117988,-0.0410312976627567,0.379205532491957
error,0.528646633786138,-0.375566321031171,-0.00284600302316515,0.170172383120215,0.0289586399768131,2.75723343041652,0.269816294011605,0,0.0289405746992231,0.00132840009942196,0.00230933978507866
