signalsNamesOrdered,maxSignals,minSignals,meanSignals,standardDeviationSignals,varianceSignals,kurtosisSignals,skewnessSignals,firstMomentSignals,secondMomentSignals,thirdMomentSignals,fourthMomentSignals
compassSystem,1.48211460680955,-1.22501905892265,0.0568786391276345,0.844170266160511,0.712623438269508,1.55596837285792,-0.0490069148023693,0,0.712183547258231,-0.0294540667934051,0.789195568699743
compassFilter,1.4820628119834,-1.22501134965391,0.0568187041598222,0.844129969556112,0.712555405502802,1.55609322168118,-0.0488608365219732,0,0.71211555648706,-0.029362065821044,0.789108201883646
fullSystem,1.48161166547369,-1.22499334838795,0.0569118715124738,0.844087554989892,0.712483800488814,1.55590855499039,-0.0490627176734796,0,0.712043995673697,-0.0294789386849968,0.788855986933701
gyroFilter,0.00165635700358469,-0.0015616331889164,9.31673526515111e-05,0.000912825615590928,8.33250604478957e-07,1.59703563830859,-0.0971173510122641,0,8.3273625225397e-07,-7.38002843947195e-11,1.10746382968451e-12
gyroSystem,1.97441128514773,-0.875123467125439,0.520975367380231,0.757108676655359,0.573213548266829,1.911101177224,-0.0135671909570207,0,0.572859712743208,-0.00588250573192687,0.627162729827955
input,0.999999990956935,-0.999990206550703,0.0583814234773797,0.70950103460104,0.503391718099947,1.51474587432498,-0.132252119915785,0,0.50308098247149,-0.0471910339509523,0.383367752722805
error,0.526013583550435,-0.375564203783458,-0.00146955196490601,0.17148666834538,0.0294076774201982,2.83573458867513,0.287987386833239,0,0.0293895245329018,0.00145098294323864,0.00244934916835802
