signalsNamesOrdered,maxSignals,minSignals,meanSignals,standardDeviationSignals,varianceSignals,kurtosisSignals,skewnessSignals,firstMomentSignals,secondMomentSignals,thirdMomentSignals,fourthMomentSignals
compassSystem,1.48398888633217,-1.22745672292423,0.0530906826644839,0.839764250495911,0.705203996410959,1.57509839440893,-0.0535784959683238,0,0.704752521381246,-0.0316989937034385,0.782313753472232
compassFilter,1.48398459757215,-1.22742286289095,0.0530479257887343,0.839732856995747,0.705151271118239,1.57520243727911,-0.0534907213221793,0,0.704699829843516,-0.0316435138983601,0.782248444763183
fullSystem,1.48362859401806,-1.22747810395178,0.0531183290560871,0.839697261483755,0.705091490943317,1.57504753924285,-0.0536401896180812,0,0.704640087940153,-0.0317278997876815,0.782038908386694
gyroFilter,0.0013187982660986,-0.00125504859760261,7.04032673526065e-05,0.000733973800356306,5.38717539609479e-07,1.5833819248437,-0.0952822441148392,0,5.3837265001946e-07,-3.76388599785387e-11,4.58935508635894e-13
gyroSystem,1.97441851758066,-0.875123467125438,0.519101507429494,0.741630956062906,0.550016474990781,1.94066495373737,-0.0273384121742986,0,0.549664351767355,-0.0111408838074781,0.586334848302289
input,0.99999557162628,-0.999998525345242,0.0550193663923967,0.704860400141279,0.496828183687324,1.53261541708056,-0.136248982153996,0,0.496510111866782,-0.0476678334362638,0.377823864125631
error,0.528218841412481,-0.375440145150844,-0.0019010373363097,0.171707903050665,0.0294836039700566,2.8316646647474,0.296744596992164,0,0.0294647284233408,0.00150084721635324,0.00245836693796501
