signalsNamesOrdered,maxSignals,minSignals,meanSignals,standardDeviationSignals,varianceSignals,kurtosisSignals,skewnessSignals,firstMomentSignals,secondMomentSignals,thirdMomentSignals,fourthMomentSignals
compassSystem,1.50019727929663,-1.25045723452353,0.0390937271353997,0.844091251486148,0.712490040835451,1.54190927105769,-0.0216036867541677,0,0.71212671088092,-0.0129826630408022,0.781939894658641
compassFilter,1.50009893019648,-1.25044607863862,0.0389211833922766,0.843956955884138,0.71226334338522,1.54229932241849,-0.0212688541311327,0,0.711900129033673,-0.0127753468549554,0.781640063051995
fullSystem,1.49778102011907,-1.2521914052674,0.039237489411702,0.84377974156369,0.711964252273287,1.54157857193984,-0.0216987345358083,0,0.711601190441429,-0.0130253501096555,0.780618782871936
gyroFilter,0.00870757282473272,-0.00819163776500657,0.000316306019425317,0.00491582287693027,2.4165314557351e-05,1.55257258463369,-0.0490846014485696,0,2.41529916024518e-05,-5.82641834763624e-09,9.0571961617818e-10
gyroSystem,1.97439711477285,-0.875123467125439,0.531264556629765,0.759359861195506,0.576627398794858,1.90324167327858,0.0098418745437867,0,0.576333351166712,0.00430614304709251,0.632181004790433
input,0.999998093574131,-0.999999899874638,0.0383768249072652,0.707622088342054,0.500729019909569,1.50553900670493,-0.0812121752263375,0,0.500473676197224,-0.0287536513370726,0.377098227464191
error,0.545580508043477,-0.375885794409454,0.00086066450443674,0.169029361344803,0.0285709249966321,2.80448587279619,0.239245529838668,0,0.0285563554275364,0.00115451080061114,0.00228696129306306
