signalsNamesOrdered,maxSignals,minSignals,meanSignals,standardDeviationSignals,varianceSignals,kurtosisSignals,skewnessSignals,firstMomentSignals,secondMomentSignals,thirdMomentSignals,fourthMomentSignals
compassSystem,1.48744365423026,-1.22572713970831,0.0537886306846452,0.843724454980785,0.711870955932623,1.57310517851267,-0.0492666808121153,0,0.711423238350276,-0.0295627870296599,0.796184750120822
compassFilter,1.487353824758,-1.22573215353075,0.0537002075011678,0.843662490212892,0.711766397392217,1.57324930190043,-0.0491341463043351,0,0.711318745569958,-0.0294767634034456,0.796023805187138
fullSystem,1.48680413576672,-1.22573171511242,0.0538261748623403,0.843614621920079,0.711685630317357,1.57299652271045,-0.0493869837011865,0,0.711238029292,-0.0296234037260446,0.795715288451397
gyroFilter,0.00206566140804204,-0.00194969757215305,0.000125967361172304,0.00114683654080972,1.31523405133639e-06,1.60163844658503,-0.121503902640667,0,1.31440686010914e-06,-1.83098570263039e-10,2.76709531770786e-12
gyroSystem,1.97440434944257,-0.875123467125438,0.522367472309088,0.751562790938515,0.56484662872329,1.91404219439853,-0.02208595175237,0,0.564491379271263,-0.0093670338564756,0.609910535324709
input,0.999997793412555,-0.999998982347917,0.0563267547030196,0.70826223644108,0.50163539556852,1.52515269547109,-0.135689204108565,0,0.501319901609043,-0.0481634639060653,0.38330388239447
error,0.530540476730427,-0.375325391768686,-0.00250057984067948,0.172145404156146,0.0296340401720827,2.88283165839029,0.330479377235927,0,0.0296154024109682,0.0016843053216255,0.0025284511011526
