signalsNamesOrdered,maxSignals,minSignals,meanSignals,standardDeviationSignals,varianceSignals,kurtosisSignals,skewnessSignals,firstMomentSignals,secondMomentSignals,thirdMomentSignals,fourthMomentSignals
compassSystem,1.48421876963491,-1.22423376206841,0.0520771177050948,0.838100533518606,0.702412504284173,1.56315984991403,-0.0321888484053164,0,0.701987829251353,-0.0189321446253832,0.770304716053396
compassFilter,1.48404189945489,-1.22418821614622,0.0519688614027602,0.837892222531316,0.702063376578468,1.56340815699098,-0.0319929997259588,0,0.701638912626486,-0.0188029271118163,0.76966140141036
fullSystem,1.4822671681876,-1.22416604741541,0.0522349432006119,0.837755048938827,0.701833522022497,1.56283903323638,-0.0325650911512894,0,0.701409197039412,-0.0191297582779191,0.768877517222505
gyroFilter,0.00645930737644529,-0.0060863491519834,0.000266081797851683,0.00363379775947795,1.32044861567869e-05,1.56795585334527,-0.0642587396683014,0,1.31965027915168e-05,-3.08049483004787e-09,2.73055883495007e-10
gyroSystem,1.97442205758009,-0.875123467125439,0.522758466299567,0.753639993066048,0.567973239148592,1.94139413005551,0.013911389745161,0,0.56762984541271,0.00594933400149415,0.625524258102794
input,0.9999996013057,-0.99999611096829,0.0534573645819404,0.705012729915957,0.497042949343551,1.52319000089363,-0.110381567608432,0,0.496742439700659,-0.0386450128876762,0.375851780582111
error,0.528176110272256,-0.375134552511271,-0.00122242138132851,0.169328429174691,0.0286721169267685,2.725532015001,0.24439432958489,0,0.0286547819104887,0.00118545967746346,0.00223792486993943
