signalsNamesOrdered,maxSignals,minSignals,meanSignals,standardDeviationSignals,varianceSignals,kurtosisSignals,skewnessSignals,firstMomentSignals,secondMomentSignals,thirdMomentSignals,fourthMomentSignals
compassSystem,1.48021355622816,-1.22589181337237,0.0496109632187725,0.837585800576655,0.701549973327635,1.556332095966,-0.0499382844245688,0,0.701110955822424,-0.0293166099567198,0.765025270569054
compassFilter,1.48021686565622,-1.22579112643398,0.0495222414730348,0.837514198618256,0.70143003288718,1.5565114575147,-0.0497439690421376,0,0.700991090438565,-0.02919504719412,0.764851844153831
fullSystem,1.47924824336083,-1.22594692240114,0.0496999441001418,0.83741588868137,0.701265370616008,1.55622089487809,-0.0501114089775621,0,0.700826531210116,-0.0294003442613759,0.764350072823779
gyroFilter,0.00355164240904637,-0.00335090938545671,0.000177702627107096,0.00199289498412714,3.97163041775912e-06,1.56360616073166,-0.0875099007754254,0,3.96914504202836e-06,-6.9199450439663e-10,2.46332271502386e-11
gyroSystem,1.97417670308195,-0.875123467125439,0.527064873998637,0.745146727531336,0.555243645550659,1.92798738037904,0.00531320255860631,0,0.554896183945183,0.00219621058487488,0.593646160412303
input,0.999998335758078,-0.999993940647672,0.0529134117954033,0.703866333078201,0.495427814840953,1.52147981463375,-0.125978730288474,0,0.495117784919276,-0.0438894377150705,0.372978027991937
error,0.524816402538336,-0.375356697255361,-0.00321346769526146,0.169421315935257,0.028703582293234,2.69316983776842,0.224972535897802,0,0.0286856201015612,0.00109301435946627,0.00221611466156711
