signalsNamesOrdered,maxSignals,minSignals,meanSignals,standardDeviationSignals,varianceSignals,kurtosisSignals,skewnessSignals,firstMomentSignals,secondMomentSignals,thirdMomentSignals,fourthMomentSignals
compassSystem,1.48517571715558,-1.22702508642617,0.0575680074226907,0.844615149961494,0.713374751544477,1.56021013691787,-0.0652497457097599,0,0.712930558050365,-0.0392780273889197,0.793007976026299
compassFilter,1.48517592050986,-1.22701637337717,0.0575174063137223,0.844581182528195,0.713317373880724,1.56030302516969,-0.0651514870002866,0,0.712873216113674,-0.0392141475953364,0.792927620535799
fullSystem,1.48478676321616,-1.22700072727572,0.0575991428882293,0.84454309509898,0.713253039479365,1.56016413356289,-0.0653141560322365,0,0.712808921771096,-0.0393067385192124,0.792714027670611
gyroFilter,0.00144539217952322,-0.00136541142372608,8.17365745071085e-05,0.000796405945709267,6.34262430361072e-07,1.59648153436647,-0.103483372301173,0,6.33867497340922e-07,-5.22237793376651e-11,6.41447129411698e-13
gyroSystem,1.97442388971628,-0.875123467125439,0.530082884866967,0.756717780508605,0.57262179933787,1.91179563924336,-0.0195518405086516,0,0.572265247781619,-0.00846415690510039,0.626089200824968
input,0.999998958359508,-0.99999839448951,0.0595970383248323,0.709190626002153,0.502951344009326,1.52154169071677,-0.142652799109628,0,0.502638173807576,-0.0508350787849626,0.384410103985663
error,0.529216037273253,-0.375608447041347,-0.00199789543660297,0.170767367921482,0.0291614939468308,2.74806624567458,0.249718556547772,0,0.0291433361050208,0.00124239505278988,0.0023340262047858
