signalsNamesOrdered,maxSignals,minSignals,meanSignals,standardDeviationSignals,varianceSignals,kurtosisSignals,skewnessSignals,firstMomentSignals,secondMomentSignals,thirdMomentSignals,fourthMomentSignals
compassSystem,1.48524739940437,-1.22573965898372,0.0437393111165634,0.844614908584465,0.713374343803144,1.56429902520061,-0.031044605953974,0,0.712929041466189,-0.0186876895658344,0.795082852497758
compassFilter,1.48520743710836,-1.22572995819364,0.0436936399049625,0.844584819675655,0.713323517626559,1.56442712509479,-0.0309603166482252,0,0.712878247016306,-0.0186349588418161,0.795034660894271
fullSystem,1.48477816872201,-1.22571362133952,0.0437714919950697,0.844533865419988,0.713237449841227,1.56423420362224,-0.0311183271591008,0,0.712792232956182,-0.0187266753036551,0.79474480063768
gyroFilter,0.00159404608709918,-0.00149514823062268,7.7852090107042e-05,0.000882936835499587,7.79577455482025e-07,1.5804346812313,-0.0868236963124317,0,7.7909082785688e-07,-5.97063342861321e-11,9.59296222428458e-13
gyroSystem,1.97436375855169,-0.875123467125439,0.507318807902235,0.755894523033192,0.571376529951577,1.92657169390734,0.0132683168585585,0,0.571019865450983,0.00572522633560188,0.628185069283697
input,0.999993742857021,-0.999990206550703,0.0458137378334742,0.707685727968799,0.500819089570729,1.5158695185257,-0.116013426889509,0,0.50050646841619,-0.0410792775649378,0.379735508501703
error,0.531259719206675,-0.375560547311386,-0.00204224583840471,0.174055957677281,0.0302954764029555,2.91308632779231,0.343314088950152,0,0.0302765653689961,0.00180863752024005,0.00267034004004485
