signalsNamesOrdered,maxSignals,minSignals,meanSignals,standardDeviationSignals,varianceSignals,kurtosisSignals,skewnessSignals,firstMomentSignals,secondMomentSignals,thirdMomentSignals,fourthMomentSignals
compassSystem,1.49932070622616,-1.25047938602636,0.042971309256596,0.844578686217556,0.713313157212973,1.54266125555602,-0.0209295312155134,0,0.712627279177192,-0.0125907953655601,0.78342144984075
compassFilter,1.4985073379513,-1.25014491497978,0.0426176459146073,0.844115054787583,0.712530225719044,1.54398023738219,-0.019403613937534,0,0.711845100502007,-0.0116536206145066,0.782370988154031
fullSystem,1.49212660827614,-1.2513116944037,0.0433990746528476,0.843633116426162,0.711716835130919,1.54164570517928,-0.0212636406289657,0,0.711032492020216,-0.012748872988206,0.77940550981832
gyroFilter,0.0229913783780416,-0.0217050432719795,0.000781428738240217,0.0129359460163359,0.000167338699337556,1.55227365196423,-0.0348112697637773,0,0.000167177796742039,-7.5246752383273e-08,4.33835893417667e-08
gyroSystem,1.97416250432093,-0.875123467125439,0.524236728564069,0.75310209916865,0.567162771772227,1.89348930312227,0.00441108654736496,0,0.566617422953215,0.0018813970802558,0.607914783823575
input,0.999993742857021,-0.999990206550703,0.0420770587730431,0.707222111394373,0.500163114845114,1.50493923727188,-0.0864874202005621,0,0.499682188773148,-0.0305487712693678,0.375756674737481
error,0.546038668202986,-0.374677059256902,0.00132201587980447,0.170844925741639,0.0291879886516661,2.80556159873655,0.253477296639189,0,0.0291599232779625,0.00126217226329471,0.00238557218528034
