signalsNamesOrdered,maxSignals,minSignals,meanSignals,standardDeviationSignals,varianceSignals,kurtosisSignals,skewnessSignals,firstMomentSignals,secondMomentSignals,thirdMomentSignals,fourthMomentSignals
compassSystem,1.48402375825787,-1.22540844984593,0.0426458589650084,0.838260546039915,0.702680743047136,1.57068931227295,-0.0320637444641577,0,0.702242389495641,-0.0188688225664202,0.774576597028201
compassFilter,1.48402803365147,-1.22538775132164,0.0425798890428038,0.838202982243007,0.702584239441071,1.57082138898525,-0.0319588538398907,0,0.70214594609145,-0.0188032224807844,0.774428971596287
fullSystem,1.48355094464347,-1.22537409686337,0.0426758360772216,0.838167143235802,0.702524160000065,1.57061803210509,-0.032145859703557,0,0.702085904129822,-0.0189108228162819,0.774196291579686
gyroFilter,0.00176559043258773,-0.00165647636931786,9.59470344179746e-05,0.000979680451727099,9.59773787496213e-07,1.58472493802263,-0.101647306647603,0,9.59175051509004e-07,-9.54866565226736e-11,1.45797353377356e-12
gyroSystem,1.97426224758393,-0.875123467125439,0.51337630511516,0.744862830617438,0.554820636435422,1.9480876946101,-0.00259059611327415,0,0.554474522501277,-0.00106960174550587,0.598923969414656
input,0.999993742857021,-0.999990206550703,0.0466809010325216,0.705399567641494,0.497588550028807,1.52720050010842,-0.109975388978065,0,0.497278139205333,-0.038565108561303,0.37765461216516
error,0.528075897127196,-0.375568519670017,-0.00400506495529993,0.169383744564618,0.0286908529227317,2.74676411899794,0.26335932263727,0,0.0286729546988248,0.00127866674197005,0.0022582200688855
