signalsNamesOrdered,maxSignals,minSignals,meanSignals,standardDeviationSignals,varianceSignals,kurtosisSignals,skewnessSignals,firstMomentSignals,secondMomentSignals,thirdMomentSignals,fourthMomentSignals
compassSystem,1.48661973676071,-1.22326416739931,0.0623394217973974,0.847059419873801,0.71750966079694,1.54979828520304,-0.0574364851212165,0,0.717066206124012,-0.0348760055693568,0.796881394636025
compassFilter,1.48659400490362,-1.22321577018561,0.0622835583803569,0.847015430249462,0.717435139080681,1.54993277209884,-0.0572879100721984,0,0.716991730465675,-0.0347803700985001,0.796785009084793
fullSystem,1.48613352003922,-1.22330061401946,0.062370982770354,0.846975061866309,0.717366755423438,1.5497410600955,-0.0574979233623297,0,0.716923389072743,-0.0349028815488637,0.796534586278373
gyroFilter,0.00168958313408279,-0.00158711590949687,8.7424389997014e-05,0.00093434024065931,8.72991685315298e-07,1.59423966880123,-0.0840770230098943,0,8.72452135447983e-07,-6.85156434727603e-11,1.21349175881991e-12
gyroSystem,1.97435825109764,-0.875123467125439,0.529171095572861,0.759502879930906,0.57684462462334,1.91444975947667,-0.013506337389557,0,0.576488107550025,-0.00591184614587346,0.636245434419605
input,0.999993742857021,-0.999999835743891,0.0614324060382306,0.710676728509499,0.505061412444964,1.51272740723751,-0.139824197402412,0,0.504749260768546,-0.0501413326604997,0.385400309027598
error,0.530485293221669,-0.37556594745358,0.000938576732123327,0.17182386696951,0.029523441260356,2.84866838823533,0.301224864455877,0,0.0295051943868947,0.00152664668126103,0.00247992676978243
