signalsNamesOrdered,maxSignals,minSignals,meanSignals,standardDeviationSignals,varianceSignals,kurtosisSignals,skewnessSignals,firstMomentSignals,secondMomentSignals,thirdMomentSignals,fourthMomentSignals
compassSystem,1.48444136496512,-1.22632501868671,0.0552318963061032,0.84029482845939,0.706095398735596,1.56408649931559,-0.0537909692450614,0,0.705663007187074,-0.0318863931450104,0.77885295069343
compassFilter,1.48434079683855,-1.2263287905285,0.0551881095065999,0.840263776792779,0.706043214590065,1.56420843906904,-0.0537081613024993,0,0.705610854997542,-0.03183377662193,0.778798544507518
fullSystem,1.48394276245293,-1.22632504895307,0.0552624916664283,0.840221241314377,0.705971734355873,1.56405622872729,-0.0538414199429548,0,0.705539418535692,-0.0319079151960901,0.778565092278407
gyroFilter,0.00151148155658287,-0.001417391747702,7.43821598283545e-05,0.000835180970428151,6.97527253365308e-07,1.58807561208433,-0.0958600339458663,0,6.97100108690865e-07,-5.5793075795094e-11,7.7172305930408e-13
gyroSystem,1.97442974325657,-0.875123467125438,0.525083100266921,0.749148321155155,0.561223207089587,1.9394703870596,0.00725045846910862,0,0.560879530906433,0.00304557890394681,0.610129936752184
input,0.999993742857021,-0.999995136114803,0.0575032586934027,0.706551059032387,0.499214399019788,1.52467694040573,-0.131616788123088,0,0.498908695162458,-0.046381297955661,0.37950716358896
error,0.527996335703794,-0.375583534262919,-0.00224076702697422,0.170625235305837,0.0291129709231722,2.77975385260373,0.245889184606165,0,0.0290951430169118,0.00122031000302152,0.00235313765464288
