signalsNamesOrdered,maxSignals,minSignals,meanSignals,standardDeviationSignals,varianceSignals,kurtosisSignals,skewnessSignals,firstMomentSignals,secondMomentSignals,thirdMomentSignals,fourthMomentSignals
compassSystem,1.48023463998295,-1.2254824406662,0.0374840699817115,0.847564482322271,0.71836555169422,1.53435243575409,-0.0259255450183746,0,0.717915447965088,-0.0157702233010591,0.790809220015502
compassFilter,1.48023789955994,-1.22538147509547,0.0373401358812311,0.847492621399719,0.718243743326967,1.5345330921275,-0.0255904524299209,0,0.717793715918868,-0.0155624311099285,0.790634137645723
fullSystem,1.47925563456524,-1.22553905695063,0.0375673917926056,0.847390826643102,0.71807121307888,1.53425885382418,-0.0260632448587229,0,0.717621293772439,-0.0158442417255026,0.790113117462358
gyroFilter,0.00359851613992856,-0.00339741793655442,0.000227255911374452,0.00199010857503228,3.96053214041701e-06,1.60245111529975,-0.117774935013908,0,3.95805060398818e-06,-9.27416646383973e-10,2.51042629096694e-11
gyroSystem,1.97435225106229,-0.875123467125439,0.517021547055048,0.754790327649402,0.569708438713091,1.91923186170268,0.0336346049779682,0,0.569351478538459,0.0144496394512076,0.622140323178637
input,0.999999951700631,-0.999999757853378,0.0435396393270254,0.712505128071756,0.50766355752855,1.49866393220775,-0.10406470409599,0,0.507345472592755,-0.0376061728156997,0.385755239754306
error,0.524840696616952,-0.375349057798409,-0.00597224753441982,0.170347440432383,0.0290182504618644,2.66462961041753,0.253020967107607,0,0.0290000686006727,0.00124955405798405,0.00224096410450594
