signalsNamesOrdered,maxSignals,minSignals,meanSignals,standardDeviationSignals,varianceSignals,kurtosisSignals,skewnessSignals,firstMomentSignals,secondMomentSignals,thirdMomentSignals,fourthMomentSignals
compassSystem,1.48482370101557,-1.22493856801492,0.0405752712705489,0.845027654897232,0.714071737541116,1.54915940719467,-0.0140694250215138,0,0.713627386739908,-0.00848171376628907,0.788931189319096
compassFilter,1.48476011262388,-1.22492182123243,0.040481861190214,0.844804701509031,0.713694983691764,1.54956352614703,-0.0139076028703955,0,0.713250867336013,-0.0083775252145038,0.788304493674739
fullSystem,1.48325586771206,-1.22491869657614,0.040698618087571,0.844714907154759,0.713543274369474,1.54894566496428,-0.0143574007832347,0,0.713099252419026,-0.00864571261679714,0.787655202408525
gyroFilter,0.00554637197120939,-0.00521429442383109,0.000216756897356867,0.00309349385710378,9.56970424393885e-06,1.58843174411956,-0.0634930518362297,0,9.56374923196378e-06,-1.87788274909108e-09,1.45286385007705e-10
gyroSystem,1.97420048779069,-0.875123467125439,0.50465172416657,0.754042454554547,0.568580023270647,1.92782731017058,0.0349725904474207,0,0.568226208694872,0.014979926887619,0.622458856480659
input,0.999999948758528,-0.999999485429276,0.0435074536283436,0.711192783381265,0.505795175133591,1.50368072351889,-0.0929973084844526,0,0.505480430158399,-0.0334215739815976,0.384206161288533
error,0.529332696711886,-0.375211524781535,-0.00280883554077283,0.170726092609592,0.029147398697739,2.75635611169259,0.274474149945161,0,0.029129260926303,0.00136456946038753,0.00233880631456294
