signalsNamesOrdered,maxSignals,minSignals,meanSignals,standardDeviationSignals,varianceSignals,kurtosisSignals,skewnessSignals,firstMomentSignals,secondMomentSignals,thirdMomentSignals,fourthMomentSignals
compassSystem,1.48046067755289,-1.22447158039094,0.0641464953708742,0.84496748007542,0.713970042385006,1.55368760848841,-0.0754455795783137,0,0.71351787643036,-0.0454716890829323,0.790994418075058
compassFilter,1.48047574666515,-1.22440896705723,0.0640123492348557,0.844894871126508,0.713847343255879,1.55406931875242,-0.075228837101411,0,0.713395255008092,-0.0453293689480618,0.790916834041026
fullSystem,1.47955865625571,-1.22454308567948,0.0642198348107043,0.844801219491881,0.713689100454969,1.55365965835703,-0.0755982380439508,0,0.713237112424282,-0.0455368068104977,0.790357821213179
gyroFilter,0.00335640054974801,-0.00315559775939243,0.000207485575848596,0.00186440880188942,3.47602018056272e-06,1.59757043145579,-0.125671187269086,0,3.47381877449524e-06,-8.13666536239579e-10,1.92785483884002e-11
gyroSystem,1.97416250432093,-0.875123467125438,0.532523314873613,0.757455414308848,0.573738704665789,1.88154345463664,-0.0170399433171412,0,0.573375348931358,-0.00739821029309569,0.618574891684521
input,0.999993742857021,-0.999994376466568,0.0667587940640549,0.709667720048947,0.503628272879471,1.5153862263204,-0.156525152497924,0,0.503309318938445,-0.0558903195841031,0.383878048809346
error,0.524916665979158,-0.375386465463034,-0.00253895925335089,0.172643907943069,0.0298059189498549,2.77030795767769,0.257094287908201,0,0.0297870424970684,0.00132170187219276,0.00245800532596258
