signalsNamesOrdered,maxSignals,minSignals,meanSignals,standardDeviationSignals,varianceSignals,kurtosisSignals,skewnessSignals,firstMomentSignals,secondMomentSignals,thirdMomentSignals,fourthMomentSignals
compassSystem,1.48306257667286,-1.22529231256536,0.0690987124529774,0.842713794210448,0.71016653895257,1.55888655401939,-0.094002234594868,0,0.709724343100171,-0.0562047124067762,0.785224631010636
compassFilter,1.48300841472617,-1.22527369733683,0.0690697742325727,0.84268726983414,0.710121834740517,1.55899262523757,-0.0938953033237042,0,0.709679666723867,-0.0561354763986456,0.78517919831035
fullSystem,1.48231135365242,-1.22525603025782,0.069166852186056,0.842593398190007,0.709963634673385,1.55880444587825,-0.09413090058177,0,0.70952156516238,-0.0562575239349114,0.784734661357636
gyroFilter,0.00259490687762226,-0.00245056791613844,9.70779534834722e-05,0.00144441096491512,2.08632303556704e-06,1.57800913069028,-0.050122162716885,0,2.08502395522111e-06,-1.50902479435348e-10,6.86011837656596e-12
gyroSystem,1.97442916429561,-0.875123467125439,0.53353932579227,0.753475170339186,0.567724832317665,1.93126807735193,-0.0321463259175574,0,0.567371329931415,-0.0137382818911452,0.621694943301296
input,0.999993742857021,-0.999990206550703,0.0674951794343945,0.707728596547462,0.50087976637104,1.52805529398676,-0.169335022370841,0,0.500567886068194,-0.0599709965252119,0.382882077599136
error,0.528246488336395,-0.375548413254889,0.0016716727516615,0.170880460636534,0.029200131827354,2.66246002667768,0.187555836444234,0,0.0291819499270879,0.000934979406013399,0.00226731422088934
