signalsNamesOrdered,maxSignals,minSignals,meanSignals,standardDeviationSignals,varianceSignals,kurtosisSignals,skewnessSignals,firstMomentSignals,secondMomentSignals,thirdMomentSignals,fourthMomentSignals
compassSystem,1.48389569561607,-1.2255291683587,0.050258583998106,0.843721060359565,0.711865227694269,1.56172405392471,-0.0401875069198181,0,0.7114158178283,-0.0241143933532072,0.790408011918947
compassFilter,1.48378366411156,-1.2255210244689,0.0502160863257773,0.843680763271791,0.711797230314871,1.56187382228207,-0.0401075288137337,0,0.711347863376541,-0.024062954577323,0.790332804708136
fullSystem,1.48334190676137,-1.22550328846778,0.0502966156517641,0.843640613595274,0.711729484907411,1.56166755311792,-0.0402620983644854,0,0.711280160737646,-0.0241522418351971,0.790078016196706
gyroFilter,0.00167079834653633,-0.00157072490723833,8.05293259867768e-05,0.000926258555741024,8.57954912083448e-07,1.59024883791459,-0.087534436508468,0,8.57413273881375e-07,-6.94967098355485e-11,1.16908339540721e-12
gyroSystem,1.9744032940553,-0.875123467125439,0.521123691201247,0.748297030956588,0.559948446538444,1.9170758200128,-0.00304267877357488,0,0.559594943731286,-0.00127369891061775,0.600325585283843
input,0.999993826166157,-0.999991239159128,0.0522828569354148,0.707941308739689,0.501180896620064,1.51840759475822,-0.117697479879867,0,0.500864494538865,-0.0417203106409194,0.380915688546137
error,0.527448773045135,-0.375565157894265,-0.00198624128365069,0.17112655834625,0.0292842989714324,2.84992210325777,0.31577252253884,0,0.0292658114089505,0.00158093928317901,0.00244092327705618
