signalsNamesOrdered,maxSignals,minSignals,meanSignals,standardDeviationSignals,varianceSignals,kurtosisSignals,skewnessSignals,firstMomentSignals,secondMomentSignals,thirdMomentSignals,fourthMomentSignals
compassSystem,1.48139833662295,-1.22602166477648,0.0666884137850751,0.838402000953121,0.702917915202197,1.57981787209862,-0.0632298442616469,0,0.702480777195231,-0.0372283492129753,0.779607326540749
compassFilter,1.48138456461012,-1.22599920845223,0.0666370609146201,0.838359450432863,0.702846568130092,1.58002385433832,-0.0631288515562134,0,0.702409474493195,-0.0371632280260178,0.779550699606587
fullSystem,1.48085791420904,-1.22598615434298,0.0667287993918207,0.838302615319526,0.702751274851558,1.57977648737861,-0.0633203836544201,0,0.70231424047665,-0.0372684001009609,0.779217315406255
gyroFilter,0.00194473138294399,-0.00183450756878338,9.17384772004125e-05,0.0010889278081468,1.18576377135539e-06,1.57973437144185,-0.0834186836404213,0,1.18502635607469e-06,-1.07610672796788e-10,2.21840117520038e-12
gyroSystem,1.97436710855149,-0.875123467125439,0.538500310414807,0.751700091975238,0.565053028275581,1.95076981778215,-0.00779761540779514,0,0.564701627138594,-0.00330895125791688,0.622076944598554
input,0.99999972269954,-0.999998878985245,0.0668158605373497,0.703713982204238,0.495213368749746,1.53761197186188,-0.145371421647049,0,0.494905400236842,-0.0506130287300316,0.376609384014641
error,0.526180590007303,-0.375411957507505,-8.70611455291469e-05,0.172145140802159,0.0296339495017951,2.83615351031475,0.26182467798861,0,0.0296155204287218,0.00133441105524455,0.00248753082722988
