signalsNamesOrdered,maxSignals,minSignals,meanSignals,standardDeviationSignals,varianceSignals,kurtosisSignals,skewnessSignals,firstMomentSignals,secondMomentSignals,thirdMomentSignals,fourthMomentSignals
compassSystem,1.4826248134869,-1.22593135497627,0.0581577209609284,0.843567739796186,0.711606531624846,1.55051937473141,-0.0390006766646975,0,0.71118471388233,-0.023390836982042,0.784227422024749
compassFilter,1.48230055442377,-1.22587087096726,0.0579923209634249,0.843314959710095,0.711180121270839,1.55096154522497,-0.0386214659995193,0,0.710758556290833,-0.0231425867087523,0.783511225507535
fullSystem,1.48028703225933,-1.22608728522932,0.0583129260199369,0.843179952108184,0.710952431637159,1.55025127393853,-0.039380082157223,0,0.710531001624333,-0.0235858300755365,0.782651028346798
gyroFilter,0.00730721874460766,-0.00688721801401759,0.000320605056512123,0.00408662980300202,1.67005431467843e-05,1.58124457806823,-0.0610516167161308,0,1.66906435954228e-05,-4.16300367531282e-09,4.40499293685382e-10
gyroSystem,1.97439095739972,-0.875123467125438,0.527174229272455,0.758542681967117,0.575387000365867,1.90594086201754,0.0179489643313342,0,0.575045929233462,0.00782696144709341,0.63025237068836
input,0.999997168561809,-0.999998667869796,0.0582676150673756,0.708791437348733,0.502385301658883,1.51324189781312,-0.11864059912452,0,0.502087503614034,-0.0422087460110532,0.381475966594719
error,0.526348710269182,-0.374957726983511,4.5310952561314e-05,0.170311621917966,0.0290060485603283,2.73929646264885,0.247475952273012,0,0.0289888546963329,0.0012214609584501,0.00230197790848424
