signalsNamesOrdered,maxSignals,minSignals,meanSignals,standardDeviationSignals,varianceSignals,kurtosisSignals,skewnessSignals,firstMomentSignals,secondMomentSignals,thirdMomentSignals,fourthMomentSignals
compassSystem,1.48171321839579,-1.22483919341943,0.0659456619973273,0.851095462605573,0.724363486467794,1.52550681143213,-0.0855609686730231,0,0.723917724322276,-0.0526998656113579,0.799452327185222
compassFilter,1.48158477367277,-1.22476955083646,0.065789068275498,0.850980242383309,0.724167372926755,1.5258208989853,-0.0851336055833965,0,0.723721731466492,-0.0524153448407525,0.799184010353134
fullSystem,1.48019525191939,-1.22475328032991,0.0660641652780498,0.850829747948174,0.723911259993553,1.52543174540841,-0.0858222027273143,0,0.72346577614125,-0.0528112739781382,0.798415138827785
gyroFilter,0.00516313110582373,-0.00485583780869553,0.000275097002551801,0.00284205114297277,8.07725469927282e-06,1.60323701476846,-0.0814864375959065,0,8.07228408099635e-06,-1.86887385199356e-09,1.0446976206764e-10
gyroSystem,1.97416250432092,-0.875123467125438,0.534192880339297,0.757623902999401,0.573993978396046,1.87444333327072,-0.0322683336819006,0,0.573640751332417,-0.0140196293908275,0.616811280409731
input,0.999993742857021,-0.999999894765153,0.0676716885506345,0.716278459374445,0.513054831363828,1.49745526479781,-0.162439789979641,0,0.512739105313758,-0.0596399239762085,0.393683070754792
error,0.527122825371057,-0.375369850006186,-0.00160752327258473,0.170346407127249,0.0290178984211623,2.64915976501007,0.215151830205725,0,0.0290000412529032,0.00106253432393449,0.00222794970093879
