signalsNamesOrdered,maxSignals,minSignals,meanSignals,standardDeviationSignals,varianceSignals,kurtosisSignals,skewnessSignals,firstMomentSignals,secondMomentSignals,thirdMomentSignals,fourthMomentSignals
compassSystem,1.48323158145723,-1.22516371484148,0.0609970691941797,0.84197618037461,0.708923888318217,1.55526707429122,-0.0550743215856348,0,0.708487358830336,-0.0328433398915737,0.780673054101755
compassFilter,1.48307565681633,-1.22500358937127,0.0607809654460137,0.84182683171817,0.708672414600651,1.55541948970227,-0.054565856982273,0,0.708236039961119,-0.0325228064625765,0.780195753622819
fullSystem,1.48167343488434,-1.22524031167326,0.0610947228326346,0.841702756096565,0.708463529620553,1.55504172153661,-0.0553073262414217,0,0.708027283604777,-0.0329501695534776,0.779546511497432
gyroFilter,0.00522169615256585,-0.00491522606226956,0.000313757386620922,0.00290440994263377,8.43559711486992e-06,1.60116932298901,-0.110942394659125,0,8.43040278167111e-06,-2.7156264033232e-09,1.13797811460159e-10
gyroSystem,1.97439852907262,-0.875123467125439,0.534677515798091,0.756862002447903,0.57284009074945,1.95118148782138,0.00517966943171011,0,0.572487356703422,0.00224362821809879,0.639483681405326
input,0.999993742857021,-0.999999838526094,0.0639268641213784,0.708774889750896,0.502361844341395,1.52470765047152,-0.143265866979482,0,0.502052508230347,-0.0509643446481972,0.384312810892544
error,0.528755637530227,-0.375531547734049,-0.00283214128874382,0.170276891530198,0.0289942197891869,2.69950765300564,0.257670468167269,0,0.0289763662055729,0.00127095603895226,0.0022665870666869
