signalsNamesOrdered,maxSignals,minSignals,meanSignals,standardDeviationSignals,varianceSignals,kurtosisSignals,skewnessSignals,firstMomentSignals,secondMomentSignals,thirdMomentSignals,fourthMomentSignals
compassSystem,1.48546257487082,-1.22727265206968,0.0458720901687999,0.840204935708001,0.705944333988085,1.56324278600819,-0.0348681073705168,0,0.705496683808004,-0.0206619278026,0.778065908065098
compassFilter,1.48547060507551,-1.2272110481551,0.0458101684730028,0.840151146076867,0.705853948254273,1.56339462567329,-0.034789328212639,0,0.705406355389178,-0.0206112862462915,0.777942236282829
fullSystem,1.48482038244281,-1.22731372685067,0.0459313919773639,0.840089962285365,0.705751144732626,1.5631540376112,-0.0349912770373241,0,0.705303617056828,-0.0207264040071599,0.777595965962291
gyroFilter,0.00238685609594436,-0.00225462188479358,0.000121223504361049,0.00133589701858594,1.78462084426679e-06,1.57818494704642,-0.0941561180094278,0,1.78348918869021e-06,-2.24261264245629e-10,5.01994384257936e-12
gyroSystem,1.97437245735099,-0.875123467125438,0.518532709260786,0.750494736598616,0.563242349662225,1.94008366416552,0.0397659874396605,0,0.562885189009301,0.0167935109997903,0.614695595983827
input,0.999993742857021,-0.999995429743072,0.0502301649570207,0.706106428125989,0.498586287840842,1.52052010291728,-0.111236709270279,0,0.498270126593004,-0.0391241943701095,0.377504268537116
error,0.529467891621118,-0.37559940183806,-0.00429877297965687,0.170306392967078,0.0290042674854567,2.74126913340753,0.249995570192136,0,0.0289858754325173,0.00123370676295752,0.00230316217211821
