signalsNamesOrdered,maxSignals,minSignals,meanSignals,standardDeviationSignals,varianceSignals,kurtosisSignals,skewnessSignals,firstMomentSignals,secondMomentSignals,thirdMomentSignals,fourthMomentSignals
compassSystem,1.48124149179912,-1.22612279631888,0.0583245303377892,0.84187635793366,0.708755802047645,1.56199179143561,-0.0523693064554029,0,0.708308072545404,-0.0312183618086293,0.783651790399296
compassFilter,1.48114838242649,-1.22612563533564,0.0582773101527277,0.841853374793928,0.708717104651925,1.56210577655574,-0.0522655080428707,0,0.708269399595291,-0.0311539339196512,0.78362339957128
fullSystem,1.48078385506552,-1.22610452058064,0.0583526730003743,0.841810134624053,0.708644302755766,1.56195155753602,-0.0524194195547359,0,0.708196643688959,-0.0312408616765442,0.783385067384841
gyroFilter,0.00138774043805368,-0.00130893635810344,7.53628476466231e-05,0.000765307954676049,5.85696265490437e-07,1.57876334352182,-0.104773702650849,0,5.85326274166691e-07,-4.69190619518106e-11,5.40895131646085e-13
gyroSystem,1.97442035273727,-0.875123467125439,0.529226465248462,0.748549109840328,0.560325769842747,1.93172125979754,-0.00451785335233591,0,0.559971805364009,-0.0018931340681983,0.605726788729018
input,0.999993742857021,-0.999998527058265,0.059670990962987,0.705942330515234,0.498354574013281,1.52051904266705,-0.135561010164062,0,0.498039757478844,-0.0476464793727149,0.377155017256673
error,0.525079853258089,-0.375423315486746,-0.00131831796261283,0.172771306652101,0.0298499244022742,2.78598832580875,0.299530139003562,0,0.0298310678486404,0.00154327644587311,0.00247923041987015
