signalsNamesOrdered,maxSignals,minSignals,meanSignals,standardDeviationSignals,varianceSignals,kurtosisSignals,skewnessSignals,firstMomentSignals,secondMomentSignals,thirdMomentSignals,fourthMomentSignals
compassSystem,1.48163118380661,-1.22716133706481,0.0489264717665362,0.846687929830937,0.716880450521398,1.54930710771953,-0.0396706155547382,0,0.716433238761871,-0.0240565048491343,0.795223062300469
compassFilter,1.48151374854698,-1.22716100810588,0.0488547917928058,0.846649107237427,0.716814710785932,1.54942365014056,-0.0394695608708828,0,0.716367540036845,-0.0239312918377625,0.795137028614268
fullSystem,1.48105785975687,-1.22713511901766,0.0489593194714457,0.846602786756312,0.716736278543553,1.54926046473022,-0.0397138801090325,0,0.716289156722877,-0.0240754761782106,0.794879308383835
gyroFilter,0.00172990629640912,-0.00162116126071975,0.000104527678639961,0.000950809994610437,9.040396458511e-07,1.60654942730345,-0.11170655291335,0,9.03475678511205e-07,-9.59297580710166e-11,1.3113753725599e-12
gyroSystem,1.97434843926864,-0.875123467125439,0.515791169300266,0.75783832668877,0.574318929398435,1.91352068053479,-0.00752412363160354,0,0.573960651837987,-0.00327174240711835,0.630372705739569
input,0.999998995277402,-0.999999815090606,0.0517295191949793,0.711215958273442,0.50582813930281,1.51018660171763,-0.12505098435186,0,0.505512588373738,-0.0449453821200017,0.385917580034954
error,0.525471056134539,-0.375567354363802,-0.00277019972353362,0.173020275663027,0.0299360157905098,2.79702314784663,0.3118394621059,0,0.029917340796255,0.00161367308605509,0.00250346796147014
