signalsNamesOrdered,maxSignals,minSignals,meanSignals,standardDeviationSignals,varianceSignals,kurtosisSignals,skewnessSignals,firstMomentSignals,secondMomentSignals,thirdMomentSignals,fourthMomentSignals
compassSystem,1.48352279053676,-1.22554037196741,0.0534880117533194,0.83867413026207,0.703374296770839,1.57169347569052,-0.0504855176358075,0,0.702937689510274,-0.0297537738584901,0.776607373245611
compassFilter,1.48351664427742,-1.22547166165879,0.053396831475789,0.838600551104399,0.703250884312602,1.5719167959458,-0.050284604579846,0,0.702814353658156,-0.029627565926756,0.776445182215396
fullSystem,1.48274038471462,-1.22559559528106,0.053551929907956,0.838527194028774,0.70312785512577,1.57161129541145,-0.0506140742479866,0,0.702691400839534,-0.0298138633241038,0.776022689279514
gyroFilter,0.00285520840792908,-0.00269231951614737,0.000155098432167035,0.00159783976582439,2.55309191724975e-06,1.58372393407284,-0.101340711305306,0,2.55150713021235e-06,-4.1302765132285e-10,1.03103415574091e-11
gyroSystem,1.97434969280675,-0.875123467125439,0.527813741534934,0.75672260707757,0.572629104062274,1.95003991029495,0.000465807274901981,0,0.572273654587375,0.000201656347385485,0.638632485190122
input,0.999999993527666,-0.999990206550703,0.0560398840291854,0.705093481611118,0.497156817810488,1.53270721538162,-0.134236604456915,0,0.496848216433821,-0.0470117654562994,0.378361267946635
error,0.527784719019736,-0.375513775461952,-0.00248795412122936,0.170290456559626,0.028998839595286,2.76199951522538,0.24998328343272,0,0.0289808390741219,0.00123332461980228,0.00231977310320481
