signalsNamesOrdered,maxSignals,minSignals,meanSignals,standardDeviationSignals,varianceSignals,kurtosisSignals,skewnessSignals,firstMomentSignals,secondMomentSignals,thirdMomentSignals,fourthMomentSignals
compassSystem,1.48183143579769,-1.2243944006943,0.0489386509556042,0.843004931016157,0.710657313717556,1.56225672471179,-0.0387489108668961,0,0.71021064035884,-0.0231921099894115,0.78800096977382
compassFilter,1.48172413454919,-1.22439898209119,0.0489019460010051,0.842976268286906,0.710608988894917,1.56235268681238,-0.038671851771146,0,0.710162345910068,-0.0231436275001765,0.787942201627472
fullSystem,1.48130514392296,-1.22440105744064,0.0489786170472737,0.842929397482525,0.710529969140253,1.56218658314257,-0.0388257577424604,0,0.710083375822126,-0.0232318587362256,0.787683220420524
gyroFilter,0.00159346211651912,-0.00148964071722674,7.66710462684721e-05,0.00088014790332773,7.74660331732199e-07,1.58650390678209,-0.0775744120439113,0,7.74173430203769e-07,-5.28415910767062e-11,9.50862390811459e-13
gyroSystem,1.97435199180426,-0.875123467125439,0.516494712416571,0.750233582158947,0.562850427799046,1.93645221690448,0.00318840140548784,0,0.562496656317085,0.00134509484932929,0.612698300034117
input,0.999993742857021,-0.999990206550703,0.0513983931858931,0.707239192536436,0.50018727545959,1.52217199644379,-0.117131461253312,0,0.499872889994184,-0.0413964345503534,0.380349540413289
error,0.525673558379428,-0.375560143317781,-0.00241977613861946,0.171214372800811,0.0293143614535752,2.7810205884764,0.284247345681819,0,0.0292959363363825,0.00142530396302989,0.00238681616457906
