signalsNamesOrdered,maxSignals,minSignals,meanSignals,standardDeviationSignals,varianceSignals,kurtosisSignals,skewnessSignals,firstMomentSignals,secondMomentSignals,thirdMomentSignals,fourthMomentSignals
compassSystem,1.49932070997346,-1.25021699628569,0.0444748555799035,0.840997826622583,0.707277344383908,1.54995640005214,-0.0340476696070527,0,0.706666041579773,-0.0202259404879068,0.774012413392586
compassFilter,1.49952192930988,-1.25016953958068,0.044174857559884,0.840676696760873,0.706737308476773,1.55068505705136,-0.0334343095825785,0,0.70612647242796,-0.0198388319885147,0.773194201792768
fullSystem,1.49454020253104,-1.25082115031701,0.0448042404891869,0.840272474006048,0.706057830572245,1.5491678913618,-0.0344034472641334,0,0.705447581799062,-0.0203844540875181,0.770953146434205
gyroFilter,0.0180532992901061,-0.0169355064854622,0.000629382929302969,0.0101837877348688,0.000103709532628865,1.55080288379175,-0.0509503335304312,0,0.000103619896040594,-5.37417444756852e-08,1.66510990557639e-08
gyroSystem,1.97426127114018,-0.875123467125438,0.532018475842102,0.756976436857233,0.573013325957073,1.91343730356088,0.00364367443237393,0,0.572518068112685,0.00157842285564973,0.627180621019815
input,0.999999223750211,-0.999991901038163,0.0434292716652617,0.705734135522546,0.498060670041756,1.51573410716116,-0.0959495462527428,0,0.497630194095307,-0.0336823985780545,0.375350043485664
error,0.545875957279951,-0.375235865705232,0.00137496882392519,0.168755594085849,0.0284784505352678,2.77211711434104,0.206634965699185,0,0.0284538364898613,0.000991779345871437,0.00224436370627694
