signalsNamesOrdered,maxSignals,minSignals,meanSignals,standardDeviationSignals,varianceSignals,kurtosisSignals,skewnessSignals,firstMomentSignals,secondMomentSignals,thirdMomentSignals,fourthMomentSignals
compassSystem,1.48144372642396,-1.22460438128799,0.0613026653817104,0.846805913782304,0.717080255616682,1.55754600539263,-0.0657510937371446,0,0.716637066336326,-0.0398888836754458,0.799906853578401
compassFilter,1.48123574593442,-1.22458923964116,0.0612402460683386,0.846746938680702,0.716980378165141,1.55782104538187,-0.0656286736450437,0,0.716537250613741,-0.0398062977077918,0.799825254015815
fullSystem,1.48035606206982,-1.22455149400626,0.061377877075576,0.846648893733375,0.716814349259948,1.55747390847714,-0.0659088387923609,0,0.71637132432221,-0.0399623436209381,0.799276724386474
gyroFilter,0.00323762876070316,-0.00304402305658515,0.000137631007237363,0.001801399941923,3.24504175076019e-06,1.58481893844999,-0.0703154802489331,0,3.24303616253351e-06,-4.10656436741835e-10,1.66679901534659e-11
gyroSystem,1.97435349023552,-0.875123467125438,0.525211509329163,0.753647860835056,0.567985098141256,1.9133735231763,-0.00420997444760329,0,0.567634056671453,-0.00180045439867707,0.61650506416039
input,0.999999998715286,-0.999999736056377,0.0629529321702425,0.709462407296362,0.503336907366749,1.5167240094245,-0.145885871549693,0,0.503025821515472,-0.0520473536618541,0.38378422500891
error,0.525431672583263,-0.375411162054126,-0.00157505509466662,0.173887567824871,0.0302368862440491,2.74827320892969,0.283779532020447,0,0.0302181984280763,0.00149067827170038,0.00250955686849354
