signalsNamesOrdered,maxSignals,minSignals,meanSignals,standardDeviationSignals,varianceSignals,kurtosisSignals,skewnessSignals,firstMomentSignals,secondMomentSignals,thirdMomentSignals,fourthMomentSignals
compassSystem,1.48297381366493,-1.2269060478296,0.0532500935431341,0.835086337194458,0.697369190568856,1.57560948143431,-0.0491052677795951,0,0.696932789323194,-0.0285702756296403,0.765297652178777
compassFilter,1.48292409395566,-1.22683487438784,0.0531903705772897,0.835039192745256,0.697290453420649,1.5757856938776,-0.048951643613609,0,0.696854101447295,-0.0284760711320514,0.765210418335928
fullSystem,1.48223898316852,-1.22694434062484,0.0533150075904806,0.834971991113572,0.697178225944163,1.57551297403493,-0.0492206415248581,0,0.696741944200769,-0.0286256399147414,0.764831728378707
gyroFilter,0.00254348567145413,-0.00240157518658139,0.000124637013190859,0.00143793419406329,2.06765474645644e-06,1.55965788157407,-0.0803666501712356,0,2.06636084486291e-06,-2.38717969805523e-10,6.65950074686188e-12
gyroSystem,1.97435358327108,-0.875123467125439,0.526128110336186,0.741679346530267,0.550088253069564,1.95566044998174,0.00641433716142074,0,0.54974401761708,0.00261452351572169,0.591036738183615
input,0.999999409124666,-0.999999214199116,0.0554723863146005,0.70043336521679,0.490606899108917,1.53776871047395,-0.126559090087043,0,0.490299886030626,-0.0434496249648789,0.369670337926357
error,0.528109898814573,-0.375561123767623,-0.0021573787241198,0.170630418581135,0.0291147397451735,2.70261285763279,0.235995275402968,0,0.0290965202584743,0.00117129122254553,0.00228805229095512
