signalsNamesOrdered,maxSignals,minSignals,meanSignals,standardDeviationSignals,varianceSignals,kurtosisSignals,skewnessSignals,firstMomentSignals,secondMomentSignals,thirdMomentSignals,fourthMomentSignals
compassSystem,1.48375190143348,-1.22564477861348,0.062787854873004,0.843872613062185,0.7121209870764,1.55488912116457,-0.0596239749323781,0,0.711675075375037,-0.0357967467845586,0.787522439005921
compassFilter,1.48366246852509,-1.2256385530794,0.0627500306952151,0.843848174186,0.712079741077045,1.55496380019289,-0.0595439730565033,0,0.711633855202858,-0.0357456098547147,0.78746903431358
fullSystem,1.48330631738273,-1.22562111853958,0.0628179966089336,0.843803799076373,0.71200485133572,1.55485588619391,-0.0596824350193298,0,0.711559012355547,-0.0358230797033521,0.787248767481433
gyroFilter,0.0013383394598428,-0.0012787491866976,6.79659137184735e-05,0.000744136866916677,5.53739676704569e-07,1.59649664999011,-0.0829813271667886,0,5.53392939273946e-07,-3.41610174328e-11,4.88917113353302e-13
gyroSystem,1.97416250432092,-0.875123467125438,0.532426518112926,0.748660152882619,0.560492024514226,1.96501302844316,-0.0165825808150046,0,0.56014105893845,-0.00695181545422769,0.616538569388917
input,0.999994356209352,-0.999999146135473,0.0632990694421091,0.709115139323337,0.502844280817555,1.51835972602156,-0.137329681949389,0,0.502529412764445,-0.0489222748287719,0.38344020433503
error,0.527335666511805,-0.375432605642967,-0.000481072833175696,0.171677732134176,0.029473243710734,2.74848091677742,0.251225319315455,0,0.0294547883295752,0.00126998112425725,0.00238453959459272
