signalsNamesOrdered,maxSignals,minSignals,meanSignals,standardDeviationSignals,varianceSignals,kurtosisSignals,skewnessSignals,firstMomentSignals,secondMomentSignals,thirdMomentSignals,fourthMomentSignals
compassSystem,1.48331178075348,-1.2251195814043,0.0683361829673952,0.849045504265398,0.720878268313284,1.54272440840825,-0.0817297425031282,0,0.720447893227724,-0.0499785893772908,0.800743647975495
compassFilter,1.48326832399748,-1.22508282723861,0.0681780634164219,0.848917764844481,0.720661371468549,1.54290696898792,-0.0815259440927385,0,0.720231125873643,-0.0498314662311159,0.800356567382613
fullSystem,1.48205069282332,-1.225069319371,0.0684250839856457,0.848815265054684,0.720487354189853,1.54254493487749,-0.0819789596404616,0,0.720057212485859,-0.0500902166249376,0.799782383365246
gyroFilter,0.00437397087953201,-0.00411071534305747,0.000247020569223882,0.00241033794971814,5.80972903185145e-06,1.60330954592241,-0.104411484040455,0,5.80626053690706e-06,-1.46080769469972e-09,5.40518318770552e-11
gyroSystem,1.97435121498117,-0.875123467125439,0.53873936754016,0.757944451160761,0.574479791045387,1.90780780160276,-0.032710539078242,0,0.574136818035808,-0.0142301932684585,0.62887657280196
input,0.999997988271735,-0.999990206550703,0.0682970208852086,0.713191013290695,0.508641421438609,1.51062654195994,-0.159573301914556,0,0.508337754918347,-0.057834739186042,0.390356885343228
error,0.529208625583315,-0.375276621340724,0.000128063100436937,0.1710551979236,0.0292598807366819,2.71942153526538,0.234852934418016,0,0.0292424121511675,0.00117439929475867,0.0023254281221054
