signalsNamesOrdered,maxSignals,minSignals,meanSignals,standardDeviationSignals,varianceSignals,kurtosisSignals,skewnessSignals,firstMomentSignals,secondMomentSignals,thirdMomentSignals,fourthMomentSignals
compassSystem,1.48532601852725,-1.22619079635913,0.0562059544554471,0.840175196071187,0.705894360093257,1.56775657820201,-0.0525482096286689,0,0.705449562134786,-0.031135573967682,0.780208303765751
compassFilter,1.48531462061597,-1.22619050934142,0.0561632547407854,0.840154648471344,0.705859833348007,1.56783987374253,-0.0524236960384916,0,0.70541505714552,-0.0310595189484563,0.780173431173578
fullSystem,1.48496503962613,-1.22617222464853,0.0562362280221259,0.840116164270129,0.705795169467954,1.56770065982875,-0.0525945574602916,0,0.705350434011452,-0.0311564675233889,0.77996123261097
gyroFilter,0.00130750460284712,-0.00122313549943262,7.29732813403112e-05,0.000723839511050567,5.23943637757924e-07,1.57638015224164,-0.0974407602640994,0,5.23613490538165e-07,-3.69195930041252e-11,4.32197860611827e-13
gyroSystem,1.9744066769648,-0.875123467125438,0.520124629758633,0.745697985505599,0.556065485587108,1.94960238013482,-0.00706725813833173,0,0.5557150977575,-0.00292771803833499,0.602074783581022
input,0.999993742857021,-0.999992916912845,0.0570644477180736,0.704752291435871,0.496675792284111,1.52981136586833,-0.136908194567794,0,0.496362827071581,-0.0478771530269221,0.376908890897288
error,0.529939220528515,-0.375443889856746,-0.000828219695947787,0.172391638933344,0.0297188771741245,2.82620038363568,0.279040870826254,0,0.0297001507234791,0.00142825514942801,0.00249298839936582
