signalsNamesOrdered,maxSignals,minSignals,meanSignals,standardDeviationSignals,varianceSignals,kurtosisSignals,skewnessSignals,firstMomentSignals,secondMomentSignals,thirdMomentSignals,fourthMomentSignals
compassSystem,1.48459940675712,-1.22378339063977,0.0555588382206636,0.843903411741157,0.712172968348365,1.56203331569,-0.0527397549801396,0,0.711722225963335,-0.0316667796702158,0.791245675078672
compassFilter,1.48447377769268,-1.22378572421441,0.055507242337197,0.843860867464239,0.712101163637497,1.5621905505963,-0.0526240832949372,0,0.711650466698486,-0.0315925478034241,0.791165759767886
fullSystem,1.48398116690146,-1.22375558393139,0.055600027020956,0.843810138040097,0.712015549059248,1.56197946918107,-0.0528198945248437,0,0.711564906306679,-0.0317043833857366,0.790868654756847
gyroFilter,0.00185814058019268,-0.00175356342138193,9.27846837588975e-05,0.00103072686316681,1.06239786645369e-06,1.59846259793135,-0.088772710441281,0,1.06172546274074e-06,-9.71175749648236e-11,1.80188447984218e-12
gyroSystem,1.97442117506886,-0.875123467125438,0.522860060951054,0.749193770435995,0.561291305660102,1.93780641840442,-0.00313419239387393,0,0.560936057998291,-0.00131672684391004,0.609729357827217
input,0.999993742857021,-0.999990206550703,0.0576511679379245,0.709097642695297,0.502819466876028,1.51911594010331,-0.133799953578587,0,0.502501226707119,-0.0476608355972982,0.383588142180887
error,0.528156998335734,-0.375661269278259,-0.0020511409169687,0.172074322229038,0.0296095723705827,2.78117243622362,0.265944979559421,0,0.0295908321349051,0.00135371600518335,0.00243524282858745
