signalsNamesOrdered,maxSignals,minSignals,meanSignals,standardDeviationSignals,varianceSignals,kurtosisSignals,skewnessSignals,firstMomentSignals,secondMomentSignals,thirdMomentSignals,fourthMomentSignals
compassSystem,1.48799506593254,-1.22606870399218,0.0633072766188325,0.846080870835676,0.715852839994056,1.5667077631123,-0.0551064858917768,0,0.71540261808211,-0.0333448297940418,0.801842452533462
compassFilter,1.48797965529987,-1.22602988739335,0.0632573800704516,0.846044270782263,0.715790908123491,1.56679397983597,-0.0549907157432437,0,0.715340725162407,-0.0332704594493213,0.801747834206985
fullSystem,1.48753352442981,-1.2261072769498,0.0633380993247871,0.845997857698192,0.71571237522993,1.5666400283046,-0.0551750045962246,0,0.715262241660603,-0.0333764642186136,0.801493154953035
gyroFilter,0.00163014521261751,-0.00154187254321302,8.07192543356124e-05,0.000900103051521398,8.10185503358133e-07,1.59674629186894,-0.0858059122164136,0,8.0967595272709e-07,-6.25149767782599e-11,1.04678718728828e-12
gyroSystem,1.97436231669109,-0.875123467125438,0.528319714394315,0.751852817676988,0.565282659448826,1.95712160959222,-0.00127161071712366,0,0.564927135763638,-0.000539936682449118,0.624601013498969
input,0.999999817350485,-0.999990206550703,0.0630099814436627,0.709619384693717,0.50355967113309,1.52283265830956,-0.1422310613928,0,0.503242966937409,-0.0507762965982869,0.385662675918621
error,0.533666007135867,-0.375562946114647,0.00032811788112437,0.174704717166006,0.0305217382000541,2.85226922914894,0.3156385779855,0,0.030502542138293,0.00168148939178246,0.00265376577148109
