signalsNamesOrdered,maxSignals,minSignals,meanSignals,standardDeviationSignals,varianceSignals,kurtosisSignals,skewnessSignals,firstMomentSignals,secondMomentSignals,thirdMomentSignals,fourthMomentSignals
compassSystem,1.48427031552795,-1.22753106964968,0.0560259453541131,0.84338356832803,0.71129584332572,1.5642829608874,-0.0473981891020942,0,0.710850448307984,-0.0284072446663018,0.790445257322426
compassFilter,1.48426185396265,-1.22749044100135,0.0559799193228439,0.843338986912464,0.711220646846541,1.56446835223494,-0.0472782317232992,0,0.71077529891489,-0.0283308571892894,0.790371798219959
fullSystem,1.48382377437684,-1.22755868563381,0.0560603004818365,0.843300413395,0.711155587232178,1.56424656074543,-0.0474628028112148,0,0.710710280039171,-0.028437556504133,0.7901151758446
gyroFilter,0.00163357970844591,-0.00152908259618637,8.03811589925494e-05,0.000901599962467466,8.12882492321337e-07,1.58810358162011,-0.0791236571415861,0,8.12373486377491e-07,-5.79348602350464e-11,1.04807004077493e-12
gyroSystem,1.97442494717879,-0.875123467125439,0.528283222730469,0.751227698338262,0.564343054750603,1.93847586544632,0.00147050898943531,0,0.563989677759526,0.000622837018434926,0.616598848482522
input,0.999993742857021,-0.999990206550703,0.0568983599776781,0.708741857119165,0.502315020032722,1.51790571254284,-0.129542870969492,0,0.502000483388995,-0.0460754643558357,0.382519047857872
error,0.528752824164558,-0.375562826912594,-0.000838059495841762,0.171979907683168,0.0295770886467109,2.85397119206112,0.299467084159891,0,0.0295585682405451,0.00152185818629281,0.00249354019189975
