signalsNamesOrdered,maxSignals,minSignals,meanSignals,standardDeviationSignals,varianceSignals,kurtosisSignals,skewnessSignals,firstMomentSignals,secondMomentSignals,thirdMomentSignals,fourthMomentSignals
compassSystem,1.48575687679218,-1.22541264329522,0.0805159496635193,0.846582091567421,0.716701237762669,1.56083987061195,-0.0995827480087537,0,0.716250198594789,-0.0603644488407951,0.80073324697338
compassFilter,1.48569996886906,-1.2254000779278,0.080445092331126,0.846549633335726,0.716646281700852,1.56097836855349,-0.0994538727899507,0,0.716195277118284,-0.0602793941385797,0.800681493082145
fullSystem,1.48518657680311,-1.2253796288577,0.0805585476329007,0.846489454254334,0.7165443961638,1.56078454141109,-0.099662646591991,0,0.716093455700513,-0.0603930513824045,0.800354451046026
gyroFilter,0.00194226041015583,-0.00181793443820114,0.000113455301774486,0.00106407173648365,1.13224866038332e-06,1.60801234852167,-0.119733529462083,0,1.1315361061603e-06,-1.4411806063234e-10,2.058857137673e-12
gyroSystem,1.97441104902891,-0.875123467125439,0.546881167893834,0.757780339322925,0.574231042664367,1.92647589923299,-0.0373870711955175,0,0.573869663782892,-0.0162532923134163,0.6344393552627
input,0.999999266994801,-0.999990206550703,0.0786579614893798,0.709848585083844,0.503885013745535,1.52792350578727,-0.184537589820723,0,0.503567905492706,-0.0659434870290952,0.38745181350478
error,0.531094042196336,-0.375411852957533,0.00190058614352079,0.174776703163117,0.0305468959685685,2.81009543188345,0.248705644002986,0,0.0305276719937613,0.00132655778049083,0.00261883684484876
