signalsNamesOrdered,maxSignals,minSignals,meanSignals,standardDeviationSignals,varianceSignals,kurtosisSignals,skewnessSignals,firstMomentSignals,secondMomentSignals,thirdMomentSignals,fourthMomentSignals
compassSystem,1.48678713345405,-1.22712461453432,0.0554328796018763,0.846846582128311,0.717149133662403,1.54799214304772,-0.0414962600144704,0,0.716695528897278,-0.025177406914243,0.795130005063778
compassFilter,1.48678603708293,-1.22712800590956,0.0553866760297639,0.846825415310227,0.717113284015339,1.548052856164,-0.0413965209644515,0,0.716659701925513,-0.0251150079914491,0.795081693692891
fullSystem,1.48643759872674,-1.227129514983,0.0554584372271253,0.846784050378416,0.717043227975276,1.54793786444277,-0.0415384732457488,0,0.71658969019667,-0.0251974367217021,0.794867307123495
gyroFilter,0.0012963645655118,-0.00121745595548748,7.17611973613169e-05,0.000712959024715473,5.08310570923238e-07,1.60530364242473,-0.106989915817077,0,5.07989058860668e-07,-3.87368572820037e-11,4.14253234498429e-13
gyroSystem,1.97442918099083,-0.875123467125438,0.522334454919378,0.757027370347947,0.573090439455928,1.9268318133755,0.006905050537121,0,0.572727953409467,0.00299288088251923,0.632034185580267
input,0.999997259794728,-0.999999855841524,0.0575291840259751,0.710508383369974,0.504822162839014,1.51301684386259,-0.122317271153197,0,0.504502857233171,-0.0438311866824438,0.38509778731576
error,0.530887650302152,-0.375446164228206,-0.00207074679884997,0.172637112074984,0.0298035724655905,2.74614802220248,0.261651195424534,0,0.029784721376112,0.00134497135835943,0.00243618927186624
