signalsNamesOrdered,maxSignals,minSignals,meanSignals,standardDeviationSignals,varianceSignals,kurtosisSignals,skewnessSignals,firstMomentSignals,secondMomentSignals,thirdMomentSignals,fourthMomentSignals
compassSystem,1.48475626656226,-1.22549442392549,0.0624653673830983,0.840506962343614,0.706451953748089,1.56178898770649,-0.061133731257955,0,0.70600112289056,-0.0362651093374762,0.778454332128415
compassFilter,1.48466747758664,-1.22549919589278,0.0624400533484389,0.840484880005821,0.706414833518399,1.56186858878986,-0.0610648550477778,0,0.705964026349593,-0.0362213962709387,0.778412199149474
fullSystem,1.48431282603177,-1.22551182403362,0.0624991896866747,0.840440830665788,0.706340789850199,1.56175214805387,-0.0611917172854966,0,0.705890029933256,-0.036290939661118,0.7781910072193
gyroFilter,0.00134711056575365,-0.00127367676930915,5.91363382360046e-05,0.000744788406786349,5.54709770883349e-07,1.58263224292828,-0.0690937047958469,0,5.54355776134859e-07,-2.85181497828281e-11,4.86359231357656e-13
gyroSystem,1.97440144969816,-0.875123467125439,0.528433784619744,0.748274995939131,0.559915469547707,1.94097226346582,-0.0341276288443706,0,0.559558152719661,-0.014284793169776,0.607728753843268
input,0.999993742857021,-0.999999139613801,0.0612242744496957,0.705489131727643,0.497714914985823,1.52893038233824,-0.140202647210921,0,0.497397292193873,-0.0491825835909984,0.378263593652263
error,0.528238462961268,-0.375434140219133,0.00127491523697903,0.171054588817486,0.0292596723555192,2.76104331875413,0.238305845952428,0,0.0292409999417633,0.00119157950873589,0.00236079164933521
