signalsNamesOrdered,maxSignals,minSignals,meanSignals,standardDeviationSignals,varianceSignals,kurtosisSignals,skewnessSignals,firstMomentSignals,secondMomentSignals,thirdMomentSignals,fourthMomentSignals
compassSystem,1.48200874194021,-1.22546356453442,0.0629485303427279,0.840197390863299,0.705931655613495,1.57335014659764,-0.0704107354047089,0,0.705486834154381,-0.041722685125955,0.78307473393778
compassFilter,1.48178754009896,-1.22538692307001,0.0628784623015826,0.840128554109935,0.70581598743085,1.57350413272404,-0.0703405687205808,0,0.70537123885654,-0.0416708631883183,0.782894754108553
fullSystem,1.48096340417996,-1.22552231891297,0.0630285773074599,0.840040040039765,0.70566726887001,1.57324309837216,-0.0705976788128422,0,0.705222614006198,-0.0418099614673932,0.782435047521505
gyroFilter,0.00311161593169518,-0.00292396500281467,0.000150115005877333,0.00173578803815515,3.01296011340252e-06,1.5921637105738,-0.0900360476786294,0,3.01106158781122e-06,-4.7043094329959e-10,1.44353393624517e-11
gyroSystem,1.97442372299413,-0.875123467125439,0.525151960105106,0.755760531208369,0.571173980532356,1.92283417566667,0.018042337091816,0,0.570814072542102,0.00778098897223032,0.626514570179613
input,0.999999980723167,-0.999990206550703,0.0649608908611787,0.706437886111312,0.499054486933419,1.5388743071275,-0.151534026721052,0,0.498740022858477,-0.0533729853502375,0.382782073359422
error,0.52556341136868,-0.375444529806602,-0.00193231355371884,0.171308326154359,0.0293465426098083,2.66150049397568,0.214420365477716,0,0.0293280507745154,0.00107693832177557,0.00228924856226749
