signalsNamesOrdered,maxSignals,minSignals,meanSignals,standardDeviationSignals,varianceSignals,kurtosisSignals,skewnessSignals,firstMomentSignals,secondMomentSignals,thirdMomentSignals,fourthMomentSignals
compassSystem,1.4993207084327,-1.25045301579213,0.0589063777157319,0.847038250332393,0.717473797526161,1.53802071487229,-0.0583336518162752,0,0.716809469935859,-0.0354017529028735,0.790259368928814
compassFilter,1.49879461392231,-1.25015544478648,0.0584622352355736,0.846489757611487,0.716544909741154,1.53956852873611,-0.0573460218204133,0,0.715881442232134,-0.0347348119634931,0.789007685486425
fullSystem,1.49272413340604,-1.25125839710956,0.0592333402034138,0.846115511252478,0.715911458382041,1.53725201275313,-0.0586199287894477,0,0.715248577402058,-0.0354593516497739,0.78642819554728
gyroFilter,0.0218052580299522,-0.0205875376072164,0.000771104967840213,0.0122026151910233,0.000148903817500192,1.56563676380846,-0.0532871140678578,0,0.000148765943595099,-9.66890920762387e-08,3.46495862635816e-08
gyroSystem,1.9743496612447,-0.875123467125438,0.545712624007827,0.759621082856829,0.577024189520582,1.88945348822577,-0.0103311291809367,0,0.576489907863619,-0.00452204995113542,0.627942132153128
input,0.999996172977185,-0.99999205806697,0.0558001655386274,0.710065862487552,0.504193529070191,1.50578884807652,-0.120033964754413,0,0.503726683209941,-0.0429137618062701,0.382079722685087
error,0.545981447079654,-0.374811322348369,0.00343317466478627,0.170356906245103,0.0290214755054027,2.76326955273575,0.208210667088723,0,0.0289946037688237,0.00102796598176147,0.00232304492231935
