signalsNamesOrdered,maxSignals,minSignals,meanSignals,standardDeviationSignals,varianceSignals,kurtosisSignals,skewnessSignals,firstMomentSignals,secondMomentSignals,thirdMomentSignals,fourthMomentSignals
compassSystem,1.4825763437093,-1.22639442256568,0.0528248816809095,0.836621637222069,0.699935763868135,1.57813534590468,-0.0447679183830451,0,0.699505563644491,-0.0261910952915152,0.772194302811294
compassFilter,1.48237884634409,-1.22629527868554,0.0527654514710317,0.836515534898788,0.699758240127006,1.57850020855603,-0.0446176621509017,0,0.699328149014451,-0.0260932589987202,0.771981091012664
fullSystem,1.48135311162066,-1.22645957676631,0.0529193786064226,0.836430521831545,0.69961601785139,1.57805584427268,-0.0449565614218376,0,0.699186014152649,-0.0262834387524265,0.771450088097749
gyroFilter,0.00373748338408042,-0.00351696840652431,0.000153927135390932,0.00209962267442652,4.40841537496597e-06,1.56893397692775,-0.063143879675063,0,4.40570583877975e-06,-5.83921555128167e-10,3.04533912145613e-11
gyroSystem,1.97442994151122,-0.875123467125439,0.520259087241107,0.748561707014874,0.560344629209023,1.94635707961339,-0.000856978063328658,0,0.560000225626227,-0.000359130266749582,0.610378072013966
input,0.999993742857021,-0.999999989741762,0.0535710114349845,0.703647687509037,0.495120068136815,1.53554820608872,-0.123943755882341,0,0.494815753405323,-0.0431409723254032,0.375967660991193
error,0.526479044499634,-0.375328082138129,-0.000651632828561946,0.169909979494872,0.0288694011319479,2.82049324633093,0.261435957568447,0,0.0288516571853394,0.00128121337740577,0.00234782969218443
