signalsNamesOrdered,maxSignals,minSignals,meanSignals,standardDeviationSignals,varianceSignals,kurtosisSignals,skewnessSignals,firstMomentSignals,secondMomentSignals,thirdMomentSignals,fourthMomentSignals
compassSystem,1.4853899403103,-1.22518512996704,0.0665809756690521,0.843177033256617,0.710947509411431,1.57063847623343,-0.0607378235163607,0,0.710503998800444,-0.0363755036418371,0.792883326703969
compassFilter,1.4853836942745,-1.22514449386495,0.0665235863480736,0.843151029752976,0.710903658973504,1.5707280338575,-0.0605814194191034,0,0.71046017571775,-0.0362784775216263,0.792830725966119
fullSystem,1.48493827466533,-1.22521278576577,0.0666123270317528,0.843096297937228,0.710811367595459,1.57057304954065,-0.0607971333800969,0,0.710367941913865,-0.0364005657392005,0.792546676007859
gyroFilter,0.00161877192123838,-0.00151945098669263,8.87406836791203e-05,0.000895688006856801,8.02257005627108e-07,1.58924924940645,-0.0895358442825317,0,8.01756533384047e-07,-6.4277754205639e-11,1.02159093408436e-12
gyroSystem,1.97435012448182,-0.875123467125439,0.532354274259778,0.754433936717897,0.569170564871664,1.94525786025488,-0.0208082861696092,0,0.568815499017096,-0.00892675147897654,0.629390265850295
input,0.99999991627674,-0.999990206550703,0.0658019978991325,0.706445756043568,0.499065606231968,1.5335823914676,-0.146235695394017,0,0.498754273976053,-0.051509026280662,0.381487554236247
error,0.531185058897756,-0.375562218973372,0.000810329132620312,0.173048328350097,0.029945723944763,2.85884266849487,0.29908136369665,0,0.0299270428942672,0.00154840676954405,0.00256045924530921
