signalsNamesOrdered,maxSignals,minSignals,meanSignals,standardDeviationSignals,varianceSignals,kurtosisSignals,skewnessSignals,firstMomentSignals,secondMomentSignals,thirdMomentSignals,fourthMomentSignals
compassSystem,1.48238090585024,-1.22732061125201,0.0607331662306057,0.839185875777005,0.704232934103619,1.56908249378818,-0.058419368658209,0,0.703807158448175,-0.0344935091392469,0.777236408893464
compassFilter,1.4823750537323,-1.22728163574664,0.0606779329571691,0.839151718748638,0.704175607078793,1.56918111630229,-0.0582896578699831,0,0.703749866082977,-0.0344127194628752,0.777158718686045
fullSystem,1.48197577652464,-1.22734362013005,0.0607619784855621,0.839111592054475,0.704108263920195,1.56903535857123,-0.0584755720279486,0,0.703682563639711,-0.0345175262471595,0.776937905405076
gyroFilter,0.00148579386579323,-0.00139576662184784,8.40455283930514e-05,0.000821051218701092,6.74125103730549e-07,1.58825294861868,-0.101421373242417,0,6.73717531116443e-07,-5.60849399617397e-11,7.2090056722514e-13
gyroSystem,1.97416250432094,-0.875123467125438,0.535112751325465,0.749582100114842,0.561873324812577,1.94929905162955,-0.0410937292978484,0,0.561533619053924,-0.0172917600199617,0.6146529873453
input,0.999999800582847,-0.999999999016139,0.0613424718718882,0.705286681794452,0.497429303516628,1.53325573414226,-0.139645457240248,0,0.497128560285965,-0.0489474288554941,0.378923924076875
error,0.526772146808405,-0.375586812276303,-0.000580493386326099,0.169887330062902,0.0288617049159013,2.80308531173692,0.260781787626007,0,0.0288442552756862,0.00127751572250989,0.00233214192653492
