signalsNamesOrdered,maxSignals,minSignals,meanSignals,standardDeviationSignals,varianceSignals,kurtosisSignals,skewnessSignals,firstMomentSignals,secondMomentSignals,thirdMomentSignals,fourthMomentSignals
compassSystem,1.48311878313677,-1.22587827630201,0.0745394160958913,0.833050072637357,0.693972423521107,1.58669936423354,-0.0828785236399637,0,0.693549785017135,-0.0478694533804992,0.763220330717695
compassFilter,1.4830699037505,-1.22574896414114,0.0743746628549938,0.832942728747536,0.693793589373391,1.58682703777545,-0.0825490136646855,0,0.693371059781812,-0.0476607041985471,0.762888404011927
fullSystem,1.48169532979999,-1.22597650939123,0.0746447869253377,0.832778165154615,0.693519472358287,1.5865308404697,-0.0831381151349196,0,0.693097109707642,-0.0479723844960946,0.762143402185057
gyroFilter,0.00505626317917057,-0.00476192668868092,0.000270124070343514,0.00284878190356568,8.11555833408327e-06,1.56866516450578,-0.0910146238955433,0,8.11061585032317e-06,-2.10228662285861e-09,1.03190072202366e-10
gyroSystem,1.97435940858592,-0.875123467125439,0.538742927124753,0.746111671030023,0.556682625647214,1.97256392279552,-0.0268298750625374,0,0.556343598469597,-0.011133540497215,0.610544433896932
input,0.999999860993504,-0.999990206550703,0.073422668324226,0.699513577384485,0.48931924494524,1.55740563815149,-0.167374921760239,0,0.489021242969025,-0.0572376737379152,0.372440750376719
error,0.527682679267507,-0.375338046979585,0.0012221186011115,0.170925945469751,0.0292156788347284,2.71790683992394,0.218651862224782,0,0.0291978860948778,0.00109088832919189,0.00231706056894203
