signalsNamesOrdered,maxSignals,minSignals,meanSignals,standardDeviationSignals,varianceSignals,kurtosisSignals,skewnessSignals,firstMomentSignals,secondMomentSignals,thirdMomentSignals,fourthMomentSignals
compassSystem,1.49932070930712,-1.25042573974647,0.0529794548221709,0.844904729323344,0.713864001632952,1.54036618146825,-0.0491236317051463,0,0.713217385689444,-0.0295885272136691,0.783551989281979
compassFilter,1.49895711491508,-1.25016046205705,0.0524227844853908,0.844521980257569,0.713217375138165,1.54129315559582,-0.0479625125424126,0,0.712571344907062,-0.0288499095885502,0.782603809234914
fullSystem,1.49308123161073,-1.25121654904562,0.0532978368344255,0.844030886502188,0.712388137369669,1.53946808487766,-0.0493608553157587,0,0.711742858259733,-0.0296392598017199,0.779860503833275
gyroFilter,0.0210825392536565,-0.0198996049665982,0.000875052349034548,0.011819364626033,0.000139697380163119,1.56076422709254,-0.068724962597339,0,0.000139570842681087,-1.13319999282237e-07,3.04037185568099e-08
gyroSystem,1.97440244825344,-0.875123467125438,0.538613474427947,0.757001660763789,0.573051514399135,1.89670229501513,-0.00955093966164977,0,0.572532445998411,-0.004137578598555,0.62172649733489
input,0.999998403612473,-0.999996974945491,0.0512686488078709,0.707846787238161,0.501047074203387,1.50941376880229,-0.110919690562651,0,0.500593227215884,-0.039285845432821,0.378249398718929
error,0.545948248389584,-0.374890813363043,0.00202918802655454,0.170237085874887,0.0289806654071736,2.75642675745221,0.21156099220507,0,0.0289544148044497,0.00104233610884724,0.00231087280023982
