signalsNamesOrdered,maxSignals,minSignals,meanSignals,standardDeviationSignals,varianceSignals,kurtosisSignals,skewnessSignals,firstMomentSignals,secondMomentSignals,thirdMomentSignals,fourthMomentSignals
compassSystem,1.48047835235991,-1.22561653354982,0.0518155203553334,0.835878437817882,0.698692762808863,1.57465043310704,-0.0414596415831896,0,0.698253609595281,-0.0241905268746675,0.767733578546409
compassFilter,1.48049127099873,-1.22560233033328,0.0517178902849641,0.835813916730847,0.698584903400959,1.57489799059128,-0.0411643756102116,0,0.698145817980845,-0.0240126860958969,0.767617223324164
fullSystem,1.47956971919389,-1.22555484041581,0.0518972636508392,0.835723899963926,0.698434436970915,1.5745693106463,-0.0415749820237938,0,0.697995446124296,-0.0242443728266686,0.767126456588246
gyroFilter,0.00336808458694304,-0.00317196433217913,0.000179373365874946,0.00189634507774479,3.59612465388689e-06,1.57015407801009,-0.094141922663143,0,3.59386436183542e-06,-6.41395024789923e-10,2.02798919006644e-11
gyroSystem,1.97416250432093,-0.875123467125439,0.517523618725714,0.741647567945663,0.550041115039717,1.94099375573113,0.00855401857501453,0,0.549695394665714,0.00348620833349555,0.586500430445634
input,0.999996727680751,-0.999990206550703,0.055971318304281,0.701736625563225,0.492434291656862,1.53336797451509,-0.126082506072252,0,0.492124779217103,-0.043527896666626,0.371361480393439
error,0.524982659026838,-0.375383780902149,-0.00407405465344178,0.171644599964503,0.0294618686969741,2.7901446836321,0.295656834409204,0,0.0294433508662406,0.00149371854902975,0.00241880686736802
