signalsNamesOrdered,maxSignals,minSignals,meanSignals,standardDeviationSignals,varianceSignals,kurtosisSignals,skewnessSignals,firstMomentSignals,secondMomentSignals,thirdMomentSignals,fourthMomentSignals
compassSystem,1.48401579986726,-1.22665814196364,0.0693318559158437,0.844251191398646,0.712760074178034,1.55343141455359,-0.0759124265985489,0,0.712316815425436,-0.0456375865169389,0.788203714013603
compassFilter,1.4839220987851,-1.22665157142109,0.0692931358536011,0.84422866089527,0.712722031877021,1.55351806611189,-0.0758227462350434,0,0.71227879678257,-0.04558002244926,0.788163540212345
fullSystem,1.48355088530319,-1.22663499161476,0.069363925127342,0.844186756055053,0.712651279098754,1.55339680481779,-0.0759581695646293,0,0.712208088004787,-0.045654631587241,0.787945555460852
gyroFilter,0.00140797713804769,-0.00132097371291355,7.07892737407e-05,0.000773878988634737,5.98888689050323e-07,1.59523140555161,-0.0956931455855463,0,5.98516245835739e-07,-4.43092853545178e-11,5.71446500453529e-13
gyroSystem,1.97442044222261,-0.875123467125439,0.540074402456168,0.749344620671035,0.561517360528618,1.94278836587557,-0.0103845497233783,0,0.56116815818998,-0.00436543172857132,0.611802904892981
input,0.999995394107516,-0.999990206550703,0.0697454022850558,0.70876352969903,0.502345741031427,1.52109752873934,-0.153642024020935,0,0.502033336963622,-0.0546523517906858,0.383373574930979
error,0.527620073493442,-0.375415125895494,-0.000381477157713918,0.171493153940489,0.0294099018484561,2.70873657880764,0.241209218545592,0,0.0293916121085006,0.00121542737263397,0.00233998776923083
