signalsNamesOrdered,maxSignals,minSignals,meanSignals,standardDeviationSignals,varianceSignals,kurtosisSignals,skewnessSignals,firstMomentSignals,secondMomentSignals,thirdMomentSignals,fourthMomentSignals
compassSystem,1.48343251308961,-1.22585264465334,0.0532466063662395,0.847077240496498,0.717539851367161,1.54538652907906,-0.0354956643515762,0,0.717101257325983,-0.0215549011223058,0.794690625961264
compassFilter,1.48341288169635,-1.22577765978176,0.0531891669183966,0.846996865280894,0.717403689795661,1.54562680592021,-0.0353631035053463,0,0.716965178982827,-0.0214682907164883,0.794512562596104
fullSystem,1.48265887375646,-1.22589588898991,0.0533151296527242,0.846938238250931,0.71730437941159,1.5452873043484,-0.0356331362180951,0,0.716865929301925,-0.021627730941351,0.794118139891541
gyroFilter,0.00273889712747022,-0.00258037686625367,0.000125962734327583,0.00152056114437049,2.31210619376929e-06,1.59502224794744,-0.0735651939663011,0,2.31069292592469e-06,-2.58395970317312e-10,8.51630515618557e-12
gyroSystem,1.97435341488972,-0.875123467125439,0.525389217137814,0.760050895835622,0.577677364260532,1.91077402486388,0.00970487778595109,0,0.577324260737145,0.00425715813701613,0.63686729193116
input,0.999999997346592,-0.999998385707081,0.0544670638754276,0.712035292485914,0.506994257745501,1.50569492449781,-0.116018041311755,0,0.506684359054948,-0.0418438634729949,0.386555612063933
error,0.529209155310434,-0.375540727015176,-0.0011519342227034,0.171587318704198,0.029442207940096,2.71911177353953,0.238991973967769,0,0.0294242114804749,0.00120625899898675,0.0023541640693394
