signalsNamesOrdered,maxSignals,minSignals,meanSignals,standardDeviationSignals,varianceSignals,kurtosisSignals,skewnessSignals,firstMomentSignals,secondMomentSignals,thirdMomentSignals,fourthMomentSignals
compassSystem,1.48475054056667,-1.22590068250419,0.0527434583869047,0.839373703038953,0.704548213353325,1.56118403159484,-0.0349371126630536,0,0.704132795774697,-0.020642812562863,0.774039717183181
compassFilter,1.48448426402144,-1.22582304177947,0.0524703808376962,0.839154163295468,0.704179709776116,1.56156295100462,-0.0342917427399403,0,0.703764509475541,-0.0202455975543279,0.773417901666948
fullSystem,1.48255792575437,-1.2260775777046,0.0528799072530057,0.839000770568769,0.703922293014988,1.56085869810693,-0.0352193496634275,0,0.703507244493163,-0.0207818494026859,0.772504000129737
gyroFilter,0.0071622401076335,-0.00672834816294193,0.00040952641530965,0.00402531428149036,1.62031550647703e-05,1.5779644074515,-0.10393759021098,0,1.61936013176802e-05,-6.77310499184415e-09,4.13793904366631e-10
gyroSystem,1.97435340129097,-0.875123467125438,0.526816914475742,0.751401760180968,0.564604605203058,1.92589672162611,0.016446449830449,0,0.564271701544329,0.00697115229641786,0.613210433295417
input,0.999999681875178,-0.999990206550703,0.0555958023188466,0.705330063598913,0.497490498616447,1.52408793596069,-0.118391310804235,0,0.497197166954527,-0.0415061830475619,0.376762193000444
error,0.531124792624547,-0.375085484610078,-0.00271589506584093,0.169603081968888,0.0287652054133453,2.78316368608483,0.292067799203588,0,0.028748244796946,0.00142364163165659,0.00230017785435309
