signalsNamesOrdered,maxSignals,minSignals,meanSignals,standardDeviationSignals,varianceSignals,kurtosisSignals,skewnessSignals,firstMomentSignals,secondMomentSignals,thirdMomentSignals,fourthMomentSignals
compassSystem,1.48419294041456,-1.22531178800256,0.0625621596793271,0.844862802462032,0.713793154983998,1.54201118985888,-0.0603976091515627,0,0.713353627179205,-0.0363895812578132,0.784688473027307
compassFilter,1.48414133328945,-1.2251753870377,0.0623929484890139,0.844783054712736,0.713658409529782,1.54226412069999,-0.0601215220343197,0,0.713218964696328,-0.0362129821561351,0.784520904909867
fullSystem,1.48285460825194,-1.22538822888644,0.0626604226920764,0.844620616336664,0.713383985540926,1.54186985914345,-0.0606203883491021,0,0.712944709687761,-0.0364924053561412,0.783717275971983
gyroFilter,0.00473848789587766,-0.00446911487168623,0.000267474203062511,0.00263236564809963,6.929348905295e-06,1.59938187967543,-0.107566094527374,0,6.92508206483607e-06,-1.96025597900441e-09,7.67011755184942e-11
gyroSystem,1.97434918895167,-0.875123467125439,0.534501127300523,0.756004738651293,0.57154316486321,1.91323724633543,-0.0165617291690286,0,0.571191229416866,-0.00714953791839775,0.624211675388469
input,0.99999719776849,-0.999990206550703,0.064115172704068,0.710420913209718,0.50469787392573,1.5087351245992,-0.138918270200578,0,0.50438709937282,-0.0497628588188602,0.383831790151847
error,0.528744126759098,-0.375299485052952,-0.00145475001199152,0.170701856617856,0.0291391238527832,2.71445931411002,0.236784937273549,0,0.029121181042529,0.00117670486327211,0.00230197872313701
