signalsNamesOrdered,maxSignals,minSignals,meanSignals,standardDeviationSignals,varianceSignals,kurtosisSignals,skewnessSignals,firstMomentSignals,secondMomentSignals,thirdMomentSignals,fourthMomentSignals
compassSystem,1.48385497894154,-1.22625652595794,0.0462849565975344,0.842689128427994,0.710124967170732,1.54802286896484,-0.0354210353833809,0,0.709681969686533,-0.0211766329522892,0.779659392975744
compassFilter,1.48376487180793,-1.2262198312562,0.0462499350597628,0.842650867340667,0.710060484229979,1.54815065626246,-0.0353269673494917,0,0.709617526972194,-0.021117517242189,0.7795821535601
fullSystem,1.48340686322364,-1.22627648535763,0.0463171080634734,0.842622155071079,0.710012096216629,1.5479861111477,-0.0354669108360013,0,0.709569169144753,-0.0211990045834969,0.779393059303499
gyroFilter,0.00135375020143574,-0.0012759350670589,6.71730037104828e-05,0.000750769315900201,5.63654565697256e-07,1.58098058718391,-0.0825870870566295,0,5.63302940890208e-07,-3.4916055586065e-11,5.01661271399179e-13
gyroSystem,1.97434600959427,-0.875123467125439,0.517299503694029,0.759122229164257,0.576266558811311,1.92686241513318,0.00394599461614855,0,0.575907066260586,0.00172458696514267,0.63908043203485
input,0.999993742857021,-0.999990206550703,0.0485833460862783,0.708849485991169,0.502467593789945,1.50895256682086,-0.114087472100709,0,0.502154139271049,-0.0405969613081593,0.380495637704291
error,0.527456809421437,-0.375430621231143,-0.00226623802280502,0.170294284606427,0.0290001433696149,2.78463282183762,0.264031400273452,0,0.0289820522009501,0.0013027146000502,0.00233897837440287
