signalsNamesOrdered,maxSignals,minSignals,meanSignals,standardDeviationSignals,varianceSignals,kurtosisSignals,skewnessSignals,firstMomentSignals,secondMomentSignals,thirdMomentSignals,fourthMomentSignals
compassSystem,1.48003050749434,-1.2249287618626,0.0503496767103379,0.843690777084835,0.711814127338013,1.55538160887755,-0.0654982782129105,0,0.711371731982302,-0.0392983927639825,0.787100460427413
compassFilter,1.48003317232305,-1.22492453959324,0.0502218452689114,0.843637573611125,0.711724355608467,1.55543592472485,-0.0651313945762401,0,0.711282016046249,-0.0390708733916645,0.786929419330526
fullSystem,1.47900455155593,-1.22494254370826,0.0504349713783711,0.843511936869858,0.711512387641939,1.55523833195942,-0.0656266952362592,0,0.711070179818668,-0.039350407491054,0.786360850571672
gyroFilter,0.00376871997931066,-0.00355775153682453,0.000213126109459576,0.00209574481423149,4.39214632637817e-06,1.60025563043251,-0.10021308714231,0,4.38941658969304e-06,-9.21583397375469e-10,3.08320900225147e-11
gyroSystem,1.97440902452597,-0.875123467125438,0.511818654986079,0.754775912075605,0.569686677449562,1.91207138656288,0.00259279921518067,0,0.56933261487812,0.00111382761716999,0.619778104821707
input,0.999997284123371,-0.999990206550703,0.0539545120184013,0.709293618658641,0.50309743746987,1.52705371571051,-0.144974722119399,0,0.502784760380082,-0.051685109812333,0.386027749747557
error,0.524670116521606,-0.37532299365945,-0.00351954064003028,0.170412141467285,0.0290402979594658,2.65807159024187,0.223305932611784,0,0.0290222492969677,0.00110407064667692,0.00223886965622384
