signalsNamesOrdered,maxSignals,minSignals,meanSignals,standardDeviationSignals,varianceSignals,kurtosisSignals,skewnessSignals,firstMomentSignals,secondMomentSignals,thirdMomentSignals,fourthMomentSignals
compassSystem,1.4993202911593,-1.24985695546501,0.0440825082266576,0.845233509268753,0.714419685190771,1.54616580163167,-0.0323070825103634,0,0.712651319633368,-0.0194362904922654,0.785254168608289
compassFilter,0.298567866169406,-0.187258705060424,0.0217341934771773,0.136415073087672,0.0186090721655149,1.74963432156539,0.0485415548001848,0,0.0185630101056992,0.000122768311968352,0.000602898344893261
fullSystem,1.19697158600089,-0.905901512068573,0.171644610623798,0.70182816212785,0.492562769155755,1.52780975339316,-0.0802644636052524,0,0.491343554380617,-0.0276440202552554,0.368841521274893
gyroFilter,1.19643536270039,-0.979760666042628,0.14991041714662,0.697002146146242,0.485811991732467,1.54708285496634,-0.0866208851701173,0,0.484609486802436,-0.0292220369116697,0.363326768906044
gyroSystem,1.97416250432093,-0.875123467125439,0.531164794221274,0.75977248778591,0.57725423319639,1.89729363460446,0.00998996285194805,0,0.575825386084518,0.00436515917145797,0.629094900224397
input,0.999993742857021,-0.999990206550703,0.0422870595489655,0.708042703169135,0.501324469511056,1.5118490514488,-0.0918023227153593,0,0.500083567358801,-0.032465159843264,0.378088614652339
error,0.244177175138238,0,0.129357551074832,0.053983194438928,0.00291418528183111,2.49705201189164,-0.0370956392637848,0,0.00290697195192559,-5.81412175005238e-06,2.11013028911757e-05
