signalsNamesOrdered,maxSignals,minSignals,meanSignals,standardDeviationSignals,varianceSignals,kurtosisSignals,skewnessSignals,firstMomentSignals,secondMomentSignals,thirdMomentSignals,fourthMomentSignals
compassSystem,1.48401589969188,-1.22633940522508,0.031924065141775,0.845005575647522,0.7140344228754,1.55688081311229,0.000474278459036656,0,0.713607113226762,0.000285905266806623,0.792818375310356
compassFilter,1.48389339441319,-1.22616575298347,0.0317650863387577,0.844847690893209,0.713767620807588,1.55729939730311,0.000903817187139406,0,0.713340470825058,0.000544535116030182,0.792439004435532
fullSystem,1.48194674709871,-1.22647518962103,0.0321059385552159,0.844650246978974,0.713434039721641,1.55659382743516,9.55205701937678e-05,0,0.713007089368726,5.75092466159182e-05,0.791339783829216
gyroFilter,0.00718928360510018,-0.00677270345730568,0.000340852216458282,0.00401992417233382,1.61597903513137e-05,1.58248925558355,-0.072583874435994,0,1.61501196210017e-05,-4.71089865817294e-09,4.12754918243168e-10
gyroSystem,1.97434864502452,-0.875123467125438,0.507291491235199,0.751972522612376,0.56546267476402,1.92899497543134,0.0500146555877643,0,0.565124276993365,0.0212477637623564,0.616054345381166
input,0.999998170142421,-0.999999159853738,0.0368729014204732,0.709699904616501,0.50367395461267,1.50824483131149,-0.0809973968304974,0,0.503372533933668,-0.0289271290986823,0.382164969456041
error,0.528724834940568,-0.37508303022349,-0.00476696286525722,0.171420924514795,0.0293851333615069,2.81740314727435,0.322917331219462,0,0.029367548003421,0.00162514787953253,0.00242987744646663
