signalsNamesOrdered,maxSignals,minSignals,meanSignals,standardDeviationSignals,varianceSignals,kurtosisSignals,skewnessSignals,firstMomentSignals,secondMomentSignals,thirdMomentSignals,fourthMomentSignals
compassSystem,1.48323747097616,-1.22450907557946,0.0644783706010764,0.844253602523658,0.712764145374174,1.55003015112615,-0.0695411943671322,0,0.71232686675738,-0.0418081675383569,0.786500124881606
compassFilter,1.48324565521803,-1.22451238406893,0.0644085697407168,0.844183942034433,0.712646527988795,1.55017952577926,-0.0694391232872069,0,0.712209321529906,-0.0417364695027453,0.786316345431285
fullSystem,1.48257378043848,-1.22453476093236,0.0645344555848485,0.844127440163435,0.712551135236873,1.54996223692666,-0.0696597957487366,0,0.712113987301145,-0.0418606985240264,0.785995663016832
gyroFilter,0.00246453764532273,-0.00232538435845639,0.000125885844131541,0.00137076729916425,1.87900298845806e-06,1.59476695711613,-0.0951455904928445,0,1.87785022588845e-06,-2.44838715209698e-10,5.62366096191153e-12
gyroSystem,1.97442941660107,-0.875123467125438,0.538293219184304,0.755178725326266,0.570294907185404,1.91887308402232,-0.0155459045400874,0,0.569945033009216,-0.00668906561935287,0.623321629662274
input,0.999993742857021,-0.999990206550703,0.0653277388118321,0.70979497281568,0.503808903434412,1.51849410412039,-0.142875467831997,0,0.503499818217581,-0.0510454036711514,0.384956578979563
error,0.527410676335079,-0.37558218255515,-0.00079328322698359,0.169949315489043,0.0288827698351942,2.68422180550333,0.200583351934641,0,0.0288650503444978,0.000983678917265571,0.00223646980303008
