signalsNamesOrdered,maxSignals,minSignals,meanSignals,standardDeviationSignals,varianceSignals,kurtosisSignals,skewnessSignals,firstMomentSignals,secondMomentSignals,thirdMomentSignals,fourthMomentSignals
compassSystem,1.48393351521187,-1.22611058932014,0.050969527704042,0.845413903779839,0.714724668704266,1.54494709944932,-0.0477675326699313,0,0.714278523467871,-0.0288359456038212,0.788222445506646
compassFilter,1.48376868269766,-1.22611201682048,0.0508970074173099,0.845359606071825,0.714632863577912,1.54509800319522,-0.0475722265555534,0,0.714186775648088,-0.0287125116787689,0.788096937318211
fullSystem,1.48313325219897,-1.22610952771407,0.051025029130111,0.845299314239482,0.714530930653739,1.54486219896779,-0.0478514234657784,0,0.714084906352457,-0.0288748436780122,0.787751889503341
gyroFilter,0.00239587956024945,-0.00225370560611553,0.000128021712800839,0.00132693918439892,1.76076759909327e-06,1.59835329319843,-0.0974788969764626,0,1.75966849322617e-06,-2.27539549239014e-10,4.94919421206357e-12
gyroSystem,1.97439998968254,-0.875123467125439,0.520330716793211,0.754103750991365,0.568672467259246,1.92683952366649,0.00675117817456408,0,0.568317490687923,0.00289245161765009,0.622339820805738
input,0.999993742857021,-0.999992133539289,0.0542645188471052,0.71086333881701,0.505326686474067,1.50955258158272,-0.12873009038694,0,0.505011251588627,-0.0461989021788431,0.384990802022547
error,0.527576500294397,-0.375597401377533,-0.00323948971699431,0.171042775432614,0.0292556310276915,2.76145667559578,0.264754700437595,0,0.0292373690857267,0.0013235827992186,0.00236055875380867
