signalsNamesOrdered,maxSignals,minSignals,meanSignals,standardDeviationSignals,varianceSignals,kurtosisSignals,skewnessSignals,firstMomentSignals,secondMomentSignals,thirdMomentSignals,fourthMomentSignals
compassSystem,1.48333029429157,-1.2250345626786,0.0516310044342999,0.844344516685637,0.712917662857102,1.55277533317137,-0.0491770319773652,0,0.712486896897672,-0.0295751963465718,0.788247109698811
compassFilter,1.48323694504243,-1.22500592559042,0.0514610600869774,0.844257251424154,0.712770306582268,1.55296166544812,-0.0488626364917001,0,0.712339629659862,-0.0293770076149913,0.78801584060374
fullSystem,1.48221896112679,-1.22497860306669,0.0516989546839418,0.844153266937847,0.71259473808184,1.5526181132733,-0.0493663246613201,0,0.712164167243119,-0.0296688677299473,0.787453440645877
gyroFilter,0.00379256843561049,-0.00356590300037508,0.000237894596964345,0.00210450079183686,4.42892358284198e-06,1.59530362601336,-0.116516240116721,0,4.42624749608497e-06,-1.08502564490747e-09,3.12546572397895e-11
gyroSystem,1.97436427137129,-0.875123467125438,0.526942825989376,0.74888769198646,0.560832775208807,1.92681411430081,0.00968905126659994,0,0.560493903441309,0.0040657211921701,0.605315235609377
input,0.999993742857021,-0.99999125017882,0.0553793679117891,0.708292486251886,0.501678246080878,1.51741916391518,-0.128585450474975,0,0.501375117231283,-0.0456494968905946,0.381444289577995
error,0.528633082288344,-0.375319493778928,-0.00368041322784726,0.170866473337335,0.0291953517107382,2.67118487767291,0.250505389617017,0,0.0291777110148405,0.00124851539547274,0.00227408338193497
