signalsNamesOrdered,maxSignals,minSignals,meanSignals,standardDeviationSignals,varianceSignals,kurtosisSignals,skewnessSignals,firstMomentSignals,secondMomentSignals,thirdMomentSignals,fourthMomentSignals
compassSystem,1.49964192164872,-1.25040585838528,0.0464831617794724,0.845890833982775,0.715531303016074,1.54363452201436,-0.0327395050516192,0,0.715011672440173,-0.0197943756108492,0.789170324440802
compassFilter,1.49991746245778,-1.25039293258635,0.0462604985531801,0.845704528516265,0.715216149552918,1.54418697871567,-0.0320253574962368,0,0.714696747846634,-0.0193498095692259,0.78875749262235
fullSystem,1.49635922524863,-1.25070377764487,0.0467283283783068,0.845395568066698,0.714693666506815,1.54305729355003,-0.0328794106628092,0,0.714174644236295,-0.019844066111107,0.787029309184197
gyroFilter,0.0135936564878076,-0.0128528756734562,0.000467829825126571,0.00765493088997691,5.85979669303226e-05,1.56309130790935,-0.0470157311154955,0,5.85554121249992e-05,-2.10665664193406e-08,5.35942789065013e-09
gyroSystem,1.97442254053733,-0.875123467125438,0.529742688560994,0.752007343125354,0.565515044114454,1.91372165282674,-0.00914862733462489,0,0.565104357807907,-0.00388641274540804,0.611133489795299
input,0.999993742857021,-0.999990206550703,0.0446348704360222,0.708340401629255,0.501746124580294,1.5072336010639,-0.0963122892208971,0,0.50138174830972,-0.0341927858418526,0.378893895399782
error,0.545972098603683,-0.375520455924399,0.00209345794228457,0.171395160887462,0.029376301175639,2.81469575643614,0.249008463817091,0,0.029354967623587,0.00125238113656874,0.00242546308859571
