signalsNamesOrdered,maxSignals,minSignals,meanSignals,standardDeviationSignals,varianceSignals,kurtosisSignals,skewnessSignals,firstMomentSignals,secondMomentSignals,thirdMomentSignals,fourthMomentSignals
compassSystem,1.4804343245978,-1.22333417935478,0.0417472227157744,0.839162552666235,0.704193789797312,1.56261795010185,-0.0321386948135815,0,0.703770341938143,-0.0189746894665965,0.773953254498306
compassFilter,1.48043307768369,-1.22333238262614,0.0416779132776055,0.839092899226811,0.704076893532855,1.56289834544324,-0.0319719807289629,0,0.703653515966088,-0.0188715614521646,0.773835154795759
fullSystem,1.47952688943233,-1.22336005921287,0.0418323624558284,0.839007390619165,0.70393340151358,1.56255323625898,-0.0322860407143007,0,0.703510110231852,-0.0190511108838793,0.773348965531561
gyroFilter,0.00331141202199797,-0.00311702755819927,0.000154449178222952,0.00184841366958789,3.41663309391939e-06,1.57959855551004,-0.0803755132257585,0,3.41457859416357e-06,-5.07141825054716e-10,1.84170876410378e-11
gyroSystem,1.97434986014511,-0.875123467125439,0.517167269847727,0.752140764754503,0.565715730005489,1.9270079630569,0.015609153096739,0,0.565375552176261,0.00663567149321913,0.615967160789603
input,0.999999909407823,-0.999999604371017,0.0452649969823516,0.706910233047015,0.499722077586584,1.51990069711359,-0.108044493441967,0,0.499421583252498,-0.0381332304789957,0.379096546767642
error,0.524668945360416,-0.375394311598701,-0.00343263452652328,0.169171293167722,0.0286189264320393,2.75809241202106,0.254897465474413,0,0.0286017172159045,0.00123297332219818,0.00225628019040682
