signalsNamesOrdered,maxSignals,minSignals,meanSignals,standardDeviationSignals,varianceSignals,kurtosisSignals,skewnessSignals,firstMomentSignals,secondMomentSignals,thirdMomentSignals,fourthMomentSignals
compassSystem,1.48324722905127,-1.22510113743025,0.0718344096752137,0.83269789266161,0.693385780443086,1.58128700554935,-0.0863730235219998,0,0.692952143307099,-0.0498233569990219,0.759306620968708
compassFilter,1.48324392807087,-1.22503984437124,0.0717685959351682,0.832640295665304,0.693289861965605,1.58140506270324,-0.0862888823638182,0,0.692856284816158,-0.049764493139581,0.759153233740426
fullSystem,1.48263700041477,-1.22513559404182,0.0718744611074082,0.83258311369143,0.693194641204117,1.58119222291218,-0.0864921127977532,0,0.692761123604865,-0.0498714238785178,0.758842568722696
gyroFilter,0.00223291114391694,-0.00210928167087283,0.00010586517224018,0.00125660308965167,1.57905132492212e-06,1.56263580632059,-0.0939210862068941,0,1.57806380064137e-06,-1.86187252404618e-10,3.89140906976475e-12
gyroSystem,1.97442970316386,-0.875123467125438,0.528655279723251,0.745480758332904,0.555741561044602,1.93175798074144,-0.0310183438036089,0,0.555394005346638,-0.0128386803786293,0.595874898404235
input,0.999993750309695,-0.999999563990032,0.0721990701453566,0.699946244452388,0.489924745123003,1.54910792267909,-0.167307609806268,0,0.489618350660762,-0.0573194777396086,0.371361646177654
error,0.527613633254388,-0.375604840981226,-0.000324609037948174,0.169518398125461,0.0287364873030222,2.71332647128981,0.215561397039293,0,0.0287185157662473,0.00104909296778756,0.00223782454824928
