signalsNamesOrdered,maxSignals,minSignals,meanSignals,standardDeviationSignals,varianceSignals,kurtosisSignals,skewnessSignals,firstMomentSignals,secondMomentSignals,thirdMomentSignals,fourthMomentSignals
compassSystem,1.48340256933685,-1.22693795684624,0.0612843488094795,0.842002563392202,0.708968316759039,1.56361986538211,-0.058411177438752,0,0.7085243791781,-0.034835990067367,0.784947798609977
compassFilter,1.48329866751012,-1.22694063632538,0.0612223896341061,0.841976955046238,0.708925192828935,1.56367575559625,-0.0583120020788233,0,0.708481282251084,-0.0347736696507286,0.784880364404353
fullSystem,1.48288824938455,-1.22692631289195,0.061315123703511,0.841925893040251,0.708839209371625,1.56354908761604,-0.0584921652879623,0,0.708395352634385,-0.034874762091561,0.784626419246389
gyroFilter,0.00155213758641493,-0.0014644593525816,9.27340694049157e-05,0.000861437835286372,7.42075144062871e-07,1.58331288179353,-0.112019489648233,0,7.41610475844923e-07,-7.15413899500772e-11,8.70800073585406e-13
gyroSystem,1.97438410833468,-0.875123467125438,0.52893416275189,0.744475825564659,0.554244254850181,1.93517889140331,-0.0241188186507172,0,0.553897201465804,-0.00994259589590097,0.593716966706802
input,0.999999834217256,-0.999990206550703,0.0621009807240936,0.705787957687224,0.498136641216302,1.52435348927926,-0.14165038087208,0,0.497824720965071,-0.0497545078887886,0.377779691127872
error,0.527031239618818,-0.375567427420206,-0.000785857020582576,0.172411676389955,0.0297257861555945,2.75289319965618,0.275013094300314,0,0.0297071726389035,0.00140813843492872,0.00242947258733846
