signalsNamesOrdered,maxSignals,minSignals,meanSignals,standardDeviationSignals,varianceSignals,kurtosisSignals,skewnessSignals,firstMomentSignals,secondMomentSignals,thirdMomentSignals,fourthMomentSignals
compassSystem,1.50003280786087,-1.25047387811946,0.0471078875416619,0.844874825512177,0.713813470784231,1.54089276785218,-0.0382724797774447,0,0.713357942085581,-0.0230593920641293,0.784128823752355
compassFilter,1.5000711991212,-1.2502932415849,0.0468729238407421,0.844700274327163,0.713518553448385,1.54143318250792,-0.0377070255964919,0,0.7130632129548,-0.0227046244787764,0.783755799084475
fullSystem,1.49702555800891,-1.25061700289317,0.047277292171196,0.84444988603861,0.713095610030622,1.54042888334694,-0.0383486262518042,0,0.712640539443493,-0.023070425108539,0.78231688043778
gyroFilter,0.0113774228058635,-0.0107105558014509,0.000404368330453866,0.00639976635772002,4.0957009433405e-05,1.55520910834225,-0.0512857023220228,0,4.09308722225349e-05,-1.34299008495153e-08,2.60549827469217e-09
gyroSystem,1.97438955615568,-0.875123467125439,0.535194410028814,0.759456165663592,0.576773667564445,1.89836656232675,-0.00530278108821159,0,0.576405592473466,-0.00232057696792165,0.630719774468167
input,0.999999807078097,-0.999990206550703,0.0445498255558046,0.708176167214505,0.501513483810626,1.50802337384567,-0.098057386966026,0,0.501193436916044,-0.0347927197528767,0.378807722091156
error,0.545879640539637,-0.37570432358052,0.00272746661539126,0.169531005240198,0.028740761737752,2.80481192510785,0.227234439132832,0,0.0287224204730821,0.0011061288154528,0.00231390655557759
