signalsNamesOrdered,maxSignals,minSignals,meanSignals,standardDeviationSignals,varianceSignals,kurtosisSignals,skewnessSignals,firstMomentSignals,secondMomentSignals,thirdMomentSignals,fourthMomentSignals
compassSystem,1.48203962997302,-1.22460871799528,0.0616459906759701,0.839723870493118,0.705136178675944,1.57076704622344,-0.0564335509542346,0,0.704704374524887,-0.0333847270073195,0.780055882581873
compassFilter,1.48203003992452,-1.22460574125052,0.0616114391760485,0.839689252464907,0.705078040705074,1.57088052888118,-0.0563800216824378,0,0.704646272155959,-0.0333489355630402,0.779983604923416
fullSystem,1.48164255450165,-1.22458654365643,0.0616783252244586,0.839653950938513,0.705018757326654,1.57072104073306,-0.0565056198052725,0,0.704587025080894,-0.0334190119145137,0.779773270717551
gyroFilter,0.0014482546367855,-0.00135325194111249,6.68860484101688e-05,0.000802453997987337,6.43932418885861e-07,1.57393896595896,-0.0830097286232716,0,6.43538094073316e-07,-4.28539031716829e-11,6.51833095680224e-13
gyroSystem,1.97435493276462,-0.875123467125438,0.529406045148246,0.749385848964758,0.561579150628631,1.96503835211859,-0.00221515182746385,0,0.561235256476378,-0.000931367150734249,0.618957631107864
input,0.999999344153191,-0.999999738108611,0.0609830927129012,0.704468280694349,0.496275558504451,1.53246246589845,-0.135656100294361,0,0.49597165430451,-0.047383224626589,0.376967196037081
error,0.526764213982055,-0.375610092290774,0.000695232511557474,0.171083968929137,0.0292697244245461,2.83036359703515,0.271111357377456,0,0.0292518005271642,0.00135636513007486,0.00242185108873679
