signalsNamesOrdered,maxSignals,minSignals,meanSignals,standardDeviationSignals,varianceSignals,kurtosisSignals,skewnessSignals,firstMomentSignals,secondMomentSignals,thirdMomentSignals,fourthMomentSignals
compassSystem,1.48361653890315,-1.22548369615357,0.0572157364965446,0.841785440962343,0.708602728616167,1.55620004660999,-0.0404580425068971,0,0.708164508004777,-0.0241104936071431,0.780429608707591
compassFilter,1.48358815378703,-1.22540169316322,0.0571787593814464,0.841699725271322,0.70845842752182,1.55646764489712,-0.0403696515819682,0,0.708020296150439,-0.0240504696873303,0.780245930059759
fullSystem,1.48279426493443,-1.22552906685381,0.0572880239091033,0.841635308779885,0.708349992985012,1.55612561514581,-0.0406144790630232,0,0.707911928672715,-0.0241907722597716,0.779835699552169
gyroFilter,0.00293134783474475,-0.00276582657800811,0.000109264527656995,0.0016399173632526,2.68932895829735e-06,1.57569616937433,-0.0517759705821235,0,2.68766579876841e-06,-2.28134594020736e-10,1.13821160397502e-11
gyroSystem,1.97441668375256,-0.875123467125438,0.527398817797998,0.756350677674063,0.572066347618015,1.9128362915332,0.0118729816381039,0,0.571712565090112,0.00513246979284941,0.625220597824703
input,0.999994944485811,-0.999999805988242,0.0576710405121261,0.707617970603882,0.500723192321556,1.51719780282561,-0.118154663803858,0,0.500413530483386,-0.0418258171611906,0.379927117699341
error,0.52810973987109,-0.375463694551911,-0.000383016603022719,0.17029570615144,0.0290006275336176,2.74223953884922,0.231749797118084,0,0.0289826926990266,0.00114347707142782,0.00230347154921762
