signalsNamesOrdered,maxSignals,minSignals,meanSignals,standardDeviationSignals,varianceSignals,kurtosisSignals,skewnessSignals,firstMomentSignals,secondMomentSignals,thirdMomentSignals,fourthMomentSignals
compassSystem,1.48533981947154,-1.22338426776556,0.078031520244684,0.842198111486477,0.709297658991389,1.56276037910522,-0.0894267551023404,0,0.708866212726795,-0.0533720504039936,0.785273506277086
compassFilter,1.48501740101009,-1.22327031086746,0.0778892469118557,0.842078642377286,0.709096439947973,1.56305501500176,-0.0890829040930967,0,0.708665116079392,-0.05314420924279,0.78497599254439
fullSystem,1.48385736808478,-1.2235011577763,0.0781165278032368,0.841973429019588,0.708919255175003,1.56264424100675,-0.0896144102475805,0,0.708488039083047,-0.053441253366739,0.784377561168882
gyroFilter,0.00439105852004668,-0.00412397509333758,0.000227280891380912,0.00244808102430039,5.99310070153963e-06,1.59200235636017,-0.0898678094038418,0,5.9894552631567e-06,-1.31730137051444e-09,5.71108148952357e-11
gyroSystem,1.97442987215454,-0.875123467125438,0.545393292394213,0.755844587436676,0.571301040357319,1.92148408701227,-0.0249403562803215,0,0.570953533641773,-0.0107597901413574,0.626380634614128
input,0.999993742857021,-0.999999903519015,0.0764291129009184,0.707475119785597,0.500521045115644,1.53339456305723,-0.171748156792579,0,0.500216591925185,-0.060761603212421,0.38368083357949
error,0.528724510464088,-0.37527572678505,0.00168741490231812,0.170775427538023,0.0291642466507947,2.76963401724557,0.246321401997983,0,0.0291465068413964,0.00122569359584325,0.00235285633587121
