signalsNamesOrdered,maxSignals,minSignals,meanSignals,standardDeviationSignals,varianceSignals,kurtosisSignals,skewnessSignals,firstMomentSignals,secondMomentSignals,thirdMomentSignals,fourthMomentSignals
compassSystem,1.48319474074828,-1.22519172567546,0.056564760121138,0.843408996323179,0.711338735078872,1.55363607981163,-0.049280488076358,0,0.710904727308842,-0.0295387493544212,0.785185195658078
compassFilter,1.48313140526722,-1.22508873329851,0.0564521712498993,0.843304098319649,0.711161802242717,1.55389322336,-0.0490572999243081,0,0.710727902424387,-0.0293940000023431,0.784924534568797
fullSystem,1.48206306949101,-1.22528444292473,0.0566468744327936,0.843211795249489,0.711006131647866,1.55350712213147,-0.0494669137704996,0,0.710572326808544,-0.0296296997451264,0.784385990688154
gyroFilter,0.00389290939270831,-0.00366215656381077,0.000194703182894134,0.00217406129182532,4.72654250061319e-06,1.59090147162105,-0.0892761907787274,0,4.72365870409055e-06,-9.16544210440371e-10,3.54977074614479e-11
gyroSystem,1.97437835582622,-0.875123467125438,0.534677809666929,0.757853837472261,0.574342438971432,1.91021748184034,-0.0072784764972092,0,0.57399201649494,-0.00316518618784672,0.629353307903469
input,0.999997771256558,-0.999997925821515,0.0583877773090488,0.708581188872267,0.502087301223635,1.51635675077093,-0.128901247047963,0,0.501780963638996,-0.0458171837386805,0.381794573557685
error,0.527043217669345,-0.375303829673964,-0.0017409028762552,0.170629714989896,0.0291144996375331,2.74687351661579,0.244176763240206,0,0.0290967360624034,0.00121191104734437,0.00232555819256676
