signalsNamesOrdered,maxSignals,minSignals,meanSignals,standardDeviationSignals,varianceSignals,kurtosisSignals,skewnessSignals,firstMomentSignals,secondMomentSignals,thirdMomentSignals,fourthMomentSignals
compassSystem,1.48327875217704,-1.22621008642936,0.0650739620352454,0.847576920491679,0.718386636150158,1.54793846633842,-0.0704082968179347,0,0.717938764182483,-0.0428306774381609,0.797863318322724
compassFilter,1.48321495326832,-1.226128466228,0.0649851373280624,0.847515892021512,0.718283187229019,1.54816148785267,-0.0702583566705267,0,0.717835379755684,-0.0427302345522497,0.797748467693341
fullSystem,1.48239863257385,-1.22626041019783,0.0651496341839631,0.847426033333373,0.718130881971135,1.54783982776665,-0.0705772139574704,0,0.717683169451203,-0.0429105077004241,0.797244516119377
gyroFilter,0.00303712193546357,-0.00286807791256459,0.000164496855900554,0.0016785814210179,2.81763558698647e-06,1.60008822692786,-0.0919453147726284,0,2.81587895632127e-06,-4.34460779731704e-10,1.26873784413334e-11
gyroSystem,1.97442599534731,-0.875123467125438,0.53691668222311,0.754286302700202,0.568947826441141,1.91109796409599,-0.0124110018843149,0,0.568593120813684,-0.0053211958425116,0.617854411486759
input,0.999996622329774,-0.999990206550703,0.0662507716731803,0.712200717886824,0.507229862558507,1.50960066046595,-0.149476701094157,0,0.506913634464643,-0.0539478900173639,0.387909148678445
error,0.528462319459536,-0.375435699889591,-0.00110113748921714,0.172191413122713,0.0296498827531969,2.69302879113989,0.235337412504417,0,0.0296313977888869,0.00120038119239158,0.00236453242533734
