signalsNamesOrdered,maxSignals,minSignals,meanSignals,standardDeviationSignals,varianceSignals,kurtosisSignals,skewnessSignals,firstMomentSignals,secondMomentSignals,thirdMomentSignals,fourthMomentSignals
compassSystem,1.48318757139333,-1.22481762336495,0.047199252624825,0.852721341278198,0.727133685871288,1.53264579499476,-0.0342751403772559,0,0.726691659314528,-0.0212326648927617,0.809360768059525
compassFilter,1.48320282661598,-1.22471811114885,0.0471660908209237,0.85262089213875,0.726962385711477,1.53281182448798,-0.0341224695225897,0,0.726520463288552,-0.0211306195790236,0.80906710576979
fullSystem,1.48211517607255,-1.22492335040103,0.0473093637268357,0.852514156022759,0.726780386219198,1.53249458834466,-0.0344814527560399,0,0.726338574434262,-0.0213449046445773,0.808494683105212
gyroFilter,0.00397689981861554,-0.00374322014029321,0.00014327290591203,0.00219494503611901,4.81778371158349e-06,1.6038482356156,-0.0410166392220653,0,4.81485496768587e-06,-4.33346095216988e-10,3.71817383615237e-11
gyroSystem,1.97428949369956,-0.875123467125439,0.507065865068695,0.758230403388578,0.574913344622805,1.90551933158612,0.0049061192926864,0,0.574563853227898,0.00213670986143202,0.629056942459686
input,0.999993742857021,-0.999999480987159,0.0469331721624147,0.716160773554144,0.51288625357767,1.49262957235704,-0.110206587516431,0,0.512574468621088,-0.0404429671009704,0.392162427309594
error,0.527509759856118,-0.375299214609181,0.000376191564420988,0.173187805692263,0.0299940160405011,2.75715153542703,0.27344961601852,0,0.0299757825960996,0.00141916572365989,0.00247743173576498
