signalsNamesOrdered,maxSignals,minSignals,meanSignals,standardDeviationSignals,varianceSignals,kurtosisSignals,skewnessSignals,firstMomentSignals,secondMomentSignals,thirdMomentSignals,fourthMomentSignals
compassSystem,1.48497435273933,-1.22682061155878,0.0598417868733497,0.845029130245906,0.714074230964152,1.55409099741834,-0.0593994852439119,0,0.713628769809464,-0.035808918670899,0.791445738682211
compassFilter,1.48488433391308,-1.22682164438185,0.0598116628511938,0.845008153735074,0.714038779878759,1.55420295103261,-0.05933498349578,0,0.713593340839533,-0.035767370120966,0.791424164567311
fullSystem,1.48452519138005,-1.22680178005283,0.0598728473876383,0.844965326290165,0.713966402632646,1.55405154655558,-0.0594541487830749,0,0.71352100874454,-0.0358337544165947,0.791186648277268
gyroFilter,0.00136201547240655,-0.00129219638419435,6.11845364443923e-05,0.000751510976444891,5.64768747717153e-07,1.59375200643502,-0.0788611507265607,0,5.64416427849581e-07,-3.34397158658364e-11,5.07715048723991e-13
gyroSystem,1.97438933055608,-0.875123467125438,0.533629119700785,0.756257569614415,0.571925511599102,1.9146425437292,-0.0211175068233497,0,0.571568727125241,-0.00912526176307999,0.625496123141208
input,0.999998905416115,-0.999999530169575,0.0597990800019271,0.709327473494269,0.503145464653763,1.51925733788716,-0.135917079612974,0,0.50283158725847,-0.0484627285384749,0.384128425424841
error,0.528465908656024,-0.375429395027959,7.37673857110591e-05,0.171110244160031,0.0292787156565053,2.77141852148582,0.255767277631321,0,0.0292604507060021,0.00128016661731369,0.00237281641336579
