signalsNamesOrdered,maxSignals,minSignals,meanSignals,standardDeviationSignals,varianceSignals,kurtosisSignals,skewnessSignals,firstMomentSignals,secondMomentSignals,thirdMomentSignals,fourthMomentSignals
compassSystem,1.48741260846819,-1.22659168577429,0.0501772708205606,0.839585045349607,0.704903048374701,1.57369962761292,-0.0416958834997742,0,0.70445803382396,-0.024653345951295,0.780965941976036
compassFilter,1.48741359192049,-1.22655611895539,0.0501270063387698,0.839554482470299,0.704851729035972,1.57373967765305,-0.0416474233205204,0,0.704406746883803,-0.0246220040161108,0.780872104547354
fullSystem,1.48704344146775,-1.22661355428035,0.0502023960773995,0.839512252571032,0.704780822216888,1.57363137172518,-0.0417746869264495,0,0.704335884829125,-0.0246935157509498,0.780661274401255
gyroFilter,0.00137626198093621,-0.00129307963173343,7.53897386300183e-05,0.000761200470156221,5.79426155766052e-07,1.58598330101557,-0.10733971769262,0,5.79060356425291e-07,-4.72983726597066e-11,5.31797482312609e-13
gyroSystem,1.97416250432093,-0.875123467125438,0.516005287615255,0.743402931230493,0.552647918162089,1.94756248889773,-0.0230786247846301,0,0.552299024274361,-0.00947264671244424,0.594073189539256
input,0.999993742857021,-0.999997106892287,0.0532395929855722,0.704892550314947,0.496873507489511,1.53353465977334,-0.123384402021747,0,0.496559824719631,-0.0431735369484417,0.378126186000324
error,0.531371848216028,-0.375425554784617,-0.00303719690817234,0.171392230034595,0.0293752965162315,2.77153838210677,0.271299032135479,0,0.0293567515058045,0.00136461531009823,0.00238856404606867
