signalsNamesOrdered,maxSignals,minSignals,meanSignals,standardDeviationSignals,varianceSignals,kurtosisSignals,skewnessSignals,firstMomentSignals,secondMomentSignals,thirdMomentSignals,fourthMomentSignals
compassSystem,1.48053038635588,-1.22490726322229,0.0433115097416297,0.844609958524803,0.713365982039269,1.54984525746131,-0.041307797886951,0,0.712920684921891,-0.0248653093635701,0.787718000824989
compassFilter,1.48053640844976,-1.22487397364833,0.0432762833895745,0.844503700520027,0.713186500192019,1.55014626227585,-0.0411878210820013,0,0.712741315110751,-0.0247837328228786,0.787474583774786
fullSystem,1.47959953727485,-1.2248465759544,0.0434045010786499,0.844438710262863,0.713076735390407,1.54978211017946,-0.0414598080136667,0,0.712631618826493,-0.0249416349334883,0.787047273434759
gyroFilter,0.00343243092046497,-0.00324140533379431,0.000128217689075326,0.00190977892936975,3.64725555906465e-06,1.59197504632169,-0.0545746973037785,0,3.64497887020131e-06,-3.79781546114972e-10,2.11507750436786e-11
gyroSystem,1.97438880178257,-0.875123467125438,0.519978554115333,0.760044878024204,0.577668216610826,1.93224909347873,0.00864290671824487,0,0.577307624715314,0.00379114823569448,0.643987887641441
input,0.999999313484376,-0.999999480889532,0.0466757299594341,0.711773171638002,0.506621047863621,1.50846841886738,-0.115892952241678,0,0.50630480501227,-0.0417517900208403,0.386687666438779
error,0.525090426849138,-0.375374598396389,-0.00327122888078432,0.169727270067894,0.0288073462046998,2.67756765645944,0.230582066530175,0,0.028789364090964,0.00112635070529424,0.0022192416659836
