signalsNamesOrdered,maxSignals,minSignals,meanSignals,standardDeviationSignals,varianceSignals,kurtosisSignals,skewnessSignals,firstMomentSignals,secondMomentSignals,thirdMomentSignals,fourthMomentSignals
compassSystem,1.48408308500792,-1.22560309193781,0.0745768207984245,0.851022601233074,0.724239467809508,1.54275296662805,-0.0925732122343331,0,0.723782534391332,-0.0570029697416033,0.808188354201708
compassFilter,1.48399102310645,-1.22556540998132,0.0745286392768136,0.850989716210349,0.724183497095771,1.54280282390237,-0.0925231969756131,0,0.723726598990348,-0.0569655680358868,0.808089556369009
fullSystem,1.48362609720051,-1.22562301537934,0.0746009748604691,0.850947948290523,0.724112410699851,1.54270597100755,-0.0926447649600299,0,0.723655557443889,-0.057032017687802,0.807880199131132
gyroFilter,0.00138993009662114,-0.00129666506088336,7.23355836555867e-05,0.000754622108085767,5.69454526011807e-07,1.6218208100816,-0.104584938499248,0,5.69095248708329e-07,-4.49000252260594e-11,5.2525813607835e-13
gyroSystem,1.97433077088575,-0.875123467125439,0.543865670625382,0.760216156897131,0.577928605207444,1.90590115103535,-0.0157742953629361,0,0.577563981481761,-0.00692388938124841,0.63577079700313
input,0.999999986483704,-0.999999711396192,0.0734346828592987,0.714194732486032,0.510074115910794,1.51605245785601,-0.168030712077969,0,0.509752302588453,-0.0611543651580007,0.393942304589271
error,0.527333815115594,-0.375422858474799,0.00116629200117043,0.171946308600129,0.0295655330412109,2.65829534802554,0.211031601663642,0,0.0295468797080619,0.00107180290842841,0.0023207399552552
