signalsNamesOrdered,maxSignals,minSignals,meanSignals,standardDeviationSignals,varianceSignals,kurtosisSignals,skewnessSignals,firstMomentSignals,secondMomentSignals,thirdMomentSignals,fourthMomentSignals
compassSystem,1.48447377571094,-1.22607567007364,0.0596249071395768,0.847636741663791,0.718488045818408,1.55456951391211,-0.066127875941245,0,0.718042885938719,-0.0402355691334434,0.801513633881491
compassFilter,1.48438482901954,-1.22606408240798,0.0595865753293102,0.847604760343379,0.718433829756757,1.55465796372691,-0.0660544592480074,0,0.717988703468184,-0.0401863496422684,0.801438272909583
fullSystem,1.48403049857352,-1.22605258398633,0.0596525481508551,0.847570518740947,0.718375784238798,1.55451440820706,-0.0661965438511448,0,0.717930693913991,-0.0402679107365596,0.801234782467266
gyroFilter,0.00134345746346187,-0.00126136773431262,6.59728215450207e-05,0.000739530534693606,5.4690541174421e-07,1.59994954104787,-0.0829001363176022,0,5.46566560807566e-07,-3.34980735226191e-11,4.77960934773479e-13
gyroSystem,1.97435358132283,-0.875123467125439,0.530160631427136,0.759102528659399,0.576236649017094,1.89883956443283,-0.0239422290521856,0,0.575879625070987,-0.0104631427662898,0.629726107118889
input,0.999999999938274,-0.99999959651882,0.0588987918531962,0.710592740868247,0.504942043374648,1.51658096723414,-0.145124260904248,0,0.504629192046659,-0.0520233813201244,0.386198285809171
error,0.527951336282163,-0.375434516552428,0.000753756297658867,0.172095371679989,0.0296168169536734,2.78883955860378,0.279243311198595,0,0.0295984670051271,0.00142195746791206,0.00244321657783699
