signalsNamesOrdered,maxSignals,minSignals,meanSignals,standardDeviationSignals,varianceSignals,kurtosisSignals,skewnessSignals,firstMomentSignals,secondMomentSignals,thirdMomentSignals,fourthMomentSignals
compassSystem,1.48136799738834,-1.226720313714,0.0486155751082149,0.842864413158484,0.710420418968996,1.56170144372504,-0.0335580145987477,0,0.709977513470886,-0.0200753511015866,0.787203832083582
compassFilter,1.48125518240047,-1.22670663800194,0.0485775933669654,0.842834519928499,0.710370027983103,1.56182231626001,-0.0334745536839688,0,0.70992715390082,-0.0200232918240572,0.787153080732604
fullSystem,1.48081685483399,-1.22669348454813,0.0486504397291356,0.842784783846251,0.710286191882772,1.56163994830199,-0.0336232621318146,0,0.709843370067384,-0.020108683657679,0.786875404875628
gyroFilter,0.00165836353815713,-0.00155855889997305,7.28463621703594e-05,0.000922149785963581,8.50360227752678e-07,1.58326720247086,-0.0779419415742219,0,8.49830077984752e-07,-6.10617669084152e-11,1.14345324517832e-12
gyroSystem,1.97441223635539,-0.875123467125439,0.52064100304483,0.751052394478048,0.564079699251209,1.95177712027498,0.016759084842604,0,0.563728028615765,0.00709340476541497,0.620253865772553
input,0.999993742857021,-0.999990206550703,0.049409586977141,0.706710951446116,0.499440368893874,1.52160402338119,-0.11060646272281,0,0.499128997092818,-0.039003151967106,0.379076838676258
error,0.525270487279231,-0.375564529436321,-0.000759147248005308,0.171332169009654,0.0293547121375526,2.77098015574856,0.287160570321412,0,0.0293364111948234,0.00144289684451139,0.00238477485692564
