signalsNamesOrdered,maxSignals,minSignals,meanSignals,standardDeviationSignals,varianceSignals,kurtosisSignals,skewnessSignals,firstMomentSignals,secondMomentSignals,thirdMomentSignals,fourthMomentSignals
compassSystem,1.48125700508408,-1.22382823641927,0.0565794726925435,0.842433707726555,0.709694551913911,1.56975198005864,-0.0508704292278871,0,0.709250159583345,-0.030385372538106,0.789641425617475
compassFilter,1.48124344841522,-1.22381903129396,0.056523577947116,0.842394519190275,0.709628525961815,1.56990563903156,-0.0507510529168522,0,0.709184174974989,-0.030309837701157,0.789571786522381
fullSystem,1.48072620536197,-1.22379472189934,0.0566217676651079,0.842336423642133,0.70953065059422,1.5696935313852,-0.050963538411574,0,0.709086360894411,-0.0304304427643622,0.78924735003206
gyroFilter,0.00191795452531424,-0.00180442731538887,9.81897179921101e-05,0.00106503158850113,1.13429228450525e-06,1.58988608126502,-0.0878075507079781,0,1.13358202008164e-06,-1.05976918292732e-10,2.04301664553312e-12
gyroSystem,1.97416250432093,-0.875123467125438,0.52463971520636,0.751867405927331,0.565304596095895,1.94472416747285,-0.0233996836857609,0,0.564950617012553,-0.00993632338846721,0.620696056097342
input,0.999993742857021,-0.999990206550703,0.0574086411036971,0.707855067986396,0.501058797274026,1.52517858956115,-0.133720272301028,0,0.500745047244424,-0.0473829663855612,0.382431824115309
error,0.526056526778615,-0.375409331103989,-0.0007868734385891,0.172210753074169,0.0296565434743725,2.83580768639033,0.272546669318095,0,0.0296379733156534,0.00139063652872423,0.00249100030487316
