signalsNamesOrdered,maxSignals,minSignals,meanSignals,standardDeviationSignals,varianceSignals,kurtosisSignals,skewnessSignals,firstMomentSignals,secondMomentSignals,thirdMomentSignals,fourthMomentSignals
compassSystem,1.484508781964,-1.22448708641316,0.0468338994344069,0.847087215344912,0.717556750400798,1.55149209994137,-0.0326965638917751,0,0.717117609182682,-0.0198558139644848,0.797866705202218
compassFilter,1.48434975882256,-1.22446968775056,0.0467315162661135,0.846970868003103,0.717359651245929,1.55169688252067,-0.0324508631979931,0,0.716920630651531,-0.0196984870289193,0.797533701030453
fullSystem,1.48289401106493,-1.22443524874469,0.0469634793809731,0.846807267658038,0.717082548558472,1.5512808026013,-0.0329793335251923,0,0.716643697549562,-0.0200076832646348,0.796703985598883
gyroFilter,0.00542098386553291,-0.00510168055054477,0.000231963114859626,0.00301652931459107,9.0994491057873e-06,1.60504909428092,-0.0683905519104134,0,9.0938802874851e-06,-1.87551247722521e-09,1.32735407217573e-10
gyroSystem,1.97441998037975,-0.875123467125439,0.515784060370223,0.756889600354517,0.57288186712482,1.92794100077453,0.025540339948018,0,0.572531266226947,0.0110643393297507,0.631963734479613
input,0.999993742857021,-0.999999011416787,0.0498508329901034,0.711913754731814,0.506821194176349,1.51529028176159,-0.112760057805182,0,0.50651102208689,-0.0406479493206714,0.388752897253083
error,0.529880040146459,-0.375224039803823,-0.00288735360913039,0.171362169244101,0.0293649930480441,2.66836645356775,0.255121777725987,0,0.0293470218160685,0.00128260693803835,0.00229812444280196
