signalsNamesOrdered,maxSignals,minSignals,meanSignals,standardDeviationSignals,varianceSignals,kurtosisSignals,skewnessSignals,firstMomentSignals,secondMomentSignals,thirdMomentSignals,fourthMomentSignals
compassSystem,1.48302667060807,-1.22484161686669,0.062284921599328,0.839756069418936,0.705190256125941,1.56196771773923,-0.0647746743320866,0,0.704757889322676,-0.0383234993055531,0.775803878090547
compassFilter,1.48303509673676,-1.22480151269105,0.0622565274144657,0.839720822300378,0.705131059404823,1.56207819319681,-0.0647450418956538,0,0.704698728896298,-0.0383011442226062,0.775728497034462
fullSystem,1.48261358671693,-1.22486672930808,0.0623192907196278,0.83967640611839,0.705056466991895,1.56191800611321,-0.0648526835170363,0,0.704624182217529,-0.0383587341601198,0.775484852440504
gyroFilter,0.00155744687899295,-0.00146087619123899,6.27633051621015e-05,0.000862731089575713,7.44304932920498e-07,1.57982765591481,-0.0721175207882234,0,7.43848584095899e-07,-4.62666014697785e-11,8.74135571547943e-13
gyroSystem,1.97439088217348,-0.875123467125439,0.536252156015573,0.75426413780649,0.568914389580968,1.95157210892983,-0.0157450433864202,0,0.568565576343947,-0.00675016990788259,0.630878499122437
input,0.999993742857021,-0.999993128658648,0.0630227827938053,0.706772958315019,0.499528014605364,1.52423629050613,-0.14103218372298,0,0.499221743597022,-0.0497460348390769,0.379873749177848
error,0.527167683579799,-0.375566547564476,-0.0007034920741774,0.16945007052483,0.02871332640087,2.73807908914333,0.217585771864421,0,0.0286957216636531,0.00105768469457536,0.00225465600715799
