signalsNamesOrdered,maxSignals,minSignals,meanSignals,standardDeviationSignals,varianceSignals,kurtosisSignals,skewnessSignals,firstMomentSignals,secondMomentSignals,thirdMomentSignals,fourthMomentSignals
compassSystem,1.48511325937735,-1.22583526153284,0.0659307816314606,0.83925870540566,0.704355174599184,1.57203664399639,-0.0757224371307376,0,0.703919041364138,-0.0447207062156585,0.778947327575868
compassFilter,1.48511590970306,-1.2258143339691,0.0658855603951693,0.839213552632416,0.70427938692192,1.57217980201934,-0.0756900534512324,0,0.703843300614229,-0.0446943662756749,0.778850629032124
fullSystem,1.48468613834492,-1.2258696433496,0.0659645176920829,0.83917621447277,0.704216718936848,1.57199544074774,-0.0758081930943377,0,0.703780671432862,-0.0447581521323768,0.778620712803854
gyroFilter,0.00158961221730924,-0.00149328315651765,7.89572969135428e-05,0.000882407365518354,7.78642758721041e-07,1.57971226543106,-0.0986072792502524,0,7.78160626981895e-07,-6.7688182844648e-11,9.56569425934714e-13
gyroSystem,1.9743988560058,-0.875123467125438,0.536773778540214,0.749313910766665,0.561471336868433,1.92811350632813,-0.033534302823537,0,0.561123676597926,-0.0140953924766237,0.607085395263511
input,0.999998276648902,-0.999990206550703,0.065956005282453,0.705066134001754,0.497118253316179,1.53605390386574,-0.15128372365627,0,0.496810440156231,-0.0529758917654033,0.379129766841689
error,0.529174044094405,-0.375560413394204,8.51240962986413e-06,0.170025776509788,0.0289087646777563,2.8017703157764,0.242916533962916,0,0.0288908645138691,0.00119288309012238,0.00233858739741005
