signalsNamesOrdered,maxSignals,minSignals,meanSignals,standardDeviationSignals,varianceSignals,kurtosisSignals,skewnessSignals,firstMomentSignals,secondMomentSignals,thirdMomentSignals,fourthMomentSignals
compassSystem,1.48325520138255,-1.22466132447709,0.0463335498221607,0.841199064828285,0.707615866667981,1.56036113137834,-0.0399468226249283,0,0.707178796954165,-0.0237561515736394,0.780339489814714
compassFilter,1.48315005238818,-1.22462048010483,0.0462781780223297,0.841164960218549,0.707558490299473,1.56046486174169,-0.0398176631352765,0,0.707121456025045,-0.0236764611815347,0.780264816089112
fullSystem,1.48273662305881,-1.2246861314075,0.0463680236152509,0.841124191663161,0.707489905801006,1.56031769546429,-0.0400023220974912,0,0.707052913888838,-0.0237828051124197,0.780039987471437
gyroFilter,0.00156723211151533,-0.00147586725440282,8.98455929211777e-05,0.000864268807008401,7.46960570767725e-07,1.59315359042829,-0.105642806845438,0,7.46499199198381e-07,-6.81371478989686e-11,8.87802449629305e-13
gyroSystem,1.97416250432093,-0.875123467125439,0.522539242430496,0.749867240263681,0.562300878020669,1.93852419861475,-0.00121094919524626,0,0.561953564322077,-0.00051012495348865,0.612170062412946
input,0.999999289014709,-0.999990206550703,0.0505035342024376,0.70791367047399,0.501141764843957,1.51775931385891,-0.120405359126957,0,0.500832227002793,-0.042676050197333,0.380703999952271
error,0.52693901049473,-0.375561858763279,-0.0041355105871867,0.170113501233618,0.02893860330196,2.80896801031606,0.277638148750771,0,0.0289207289330274,0.00136550404929915,0.00234944489426203
