signalsNamesOrdered,maxSignals,minSignals,meanSignals,standardDeviationSignals,varianceSignals,kurtosisSignals,skewnessSignals,firstMomentSignals,secondMomentSignals,thirdMomentSignals,fourthMomentSignals
compassSystem,1.49932066378746,-1.25033559172962,0.0455219454276487,0.849868203328473,0.722275963028767,1.53084021585162,-0.0332557155503417,0,0.721329336602779,-0.0203735490821731,0.796520675882025
compassFilter,1.4972939359366,-1.24980504743611,0.0447239702017879,0.848918221079732,0.720662146081176,1.53287054849896,-0.0308804117888276,0,0.719717634749484,-0.0188549896808624,0.794016940255767
fullSystem,1.48636292784266,-1.25239535952499,0.0461385578753068,0.848216122008934,0.719470589635874,1.52921210037653,-0.0337021944294251,0,0.718527639977112,-0.0205269014973266,0.789504634829648
gyroFilter,0.0369598237424175,-0.0347497200419551,0.00141458767351895,0.0207030393537654,0.00042861583848356,1.56719982526042,-0.055558708071505,0,0.000428054087712284,-4.92039661927193e-07,2.87158497288091e-07
gyroSystem,1.97416250432092,-0.875123467125439,0.525380608693053,0.7619469400146,0.580563139397612,1.88015808463845,0.000777641916798114,0,0.579802244064194,0.000343320313126475,0.632053950791559
input,0.999995477499599,-0.999990206550703,0.0436349012962835,0.712178557346197,0.50719829754371,1.49529031395752,-0.0970918649123958,0,0.506533555345095,-0.0350021864387209,0.383655970486781
error,0.546408735180805,-0.372658990934802,0.00250365657902321,0.170633609804884,0.0291158287950453,2.80828646032598,0.254753037804865,0,0.0290776691242786,0.00126316114148803,0.00237443664880781
