signalsNamesOrdered,maxSignals,minSignals,meanSignals,standardDeviationSignals,varianceSignals,kurtosisSignals,skewnessSignals,firstMomentSignals,secondMomentSignals,thirdMomentSignals,fourthMomentSignals
compassSystem,1.48391702083409,-1.22376706865816,0.0734309307753912,0.848987524638569,0.720779816991924,1.54645140274162,-0.0817459918322344,0,0.720328483355736,-0.0499760985835357,0.802412070352007
compassFilter,1.48390874814714,-1.22374682388922,0.0733946855577725,0.848934521615951,0.720689821991304,1.54658477342125,-0.0816884313314742,0,0.720238544707652,-0.0499315555101278,0.802280893189977
fullSystem,1.48348501525329,-1.22373256602539,0.0734638227779446,0.848901838073114,0.720634330683911,1.54640511656058,-0.0818281091007589,0,0.720183088147478,-0.0500111560386241,0.80206416922765
gyroFilter,0.00157511297312057,-0.0014786988527019,6.91372201718294e-05,0.00086531525213715,7.48770485581179e-07,1.60045877846079,-0.0703159534030335,0,7.4830162491394e-07,-4.55165044623974e-11,8.96185410398815e-13
gyroSystem,1.97442756130258,-0.875123467125438,0.536955668662678,0.757557357156272,0.573893149381596,1.90739838445347,-0.0422366134990344,0,0.573533792368834,-0.0183454177916431,0.627421552940863
input,0.999993742857021,-0.999993558824158,0.0700078664603993,0.712950072625056,0.508297806056073,1.51145775984756,-0.162095409822342,0,0.507979523146833,-0.0586867454566466,0.390021390874062
error,0.528462033402654,-0.375559315332054,0.00345595631754514,0.172223360729319,0.029660885980901,2.80890167733097,0.258008341379293,0,0.0296423131030169,0.00131674561972725,0.00246808844074959
