signalsNamesOrdered,maxSignals,minSignals,meanSignals,standardDeviationSignals,varianceSignals,kurtosisSignals,skewnessSignals,firstMomentSignals,secondMomentSignals,thirdMomentSignals,fourthMomentSignals
compassSystem,1.49932037070593,-1.24985701081862,0.0514438631216914,0.847497380450481,0.718251809870426,1.53837481399971,-0.0599294720383771,0,0.716619419393448,-0.0363557669530493,0.790022220536145
compassFilter,1.49489882217853,-1.24815488837709,0.0500393269830558,0.845173875752481,0.714318880254471,1.54118121955452,-0.0571902987035431,0,0.712695428253892,-0.0344094970098981,0.782819533605981
fullSystem,1.47611043290972,-1.25316974647713,0.0526119599161694,0.844360864210322,0.712945269010002,1.53520304791805,-0.0608985426398716,0,0.711324938853161,-0.0365349866078942,0.776786902682847
gyroFilter,0.0611730327164547,-0.0570104301493753,0.00257263293311361,0.0348907766879875,0.00121736629789101,1.56226000598311,-0.0823321313615784,0,0.00121459955630489,-3.48513042533247e-06,2.30472732672695e-06
gyroSystem,1.97416250432093,-0.875123467125439,0.524337880168561,0.758632219997513,0.575522845218354,1.88989892888282,-0.0161661752719913,0,0.574214838751949,-0.00703426782810143,0.6231425417314
input,0.999993742857021,-0.999990206550703,0.0532436888390632,0.711248622065996,0.505874602390778,1.50299479227932,-0.118141301389444,0,0.504724887385344,-0.0423627193167326,0.382883732902736
error,0.545670177029004,-0.369592996102018,-0.000631728922893734,0.17044868080893,0.0290527527895044,2.68462948863754,0.189602408542846,0,0.0289867238058919,0.000935712753026042,0.00225570665672223
