signalsNamesOrdered,maxSignals,minSignals,meanSignals,standardDeviationSignals,varianceSignals,kurtosisSignals,skewnessSignals,firstMomentSignals,secondMomentSignals,thirdMomentSignals,fourthMomentSignals
compassSystem,1.48382052268561,-1.22490748977434,0.0790435010834864,0.835582582052369,0.698198251429304,1.57213951448125,-0.0841491273362685,0,0.697772520788188,-0.0490478991381404,0.76545349120207
compassFilter,1.48377763233132,-1.22490316985618,0.078954969321027,0.835525249150479,0.698102441967971,1.57228417264389,-0.0839525478138187,0,0.697676769747258,-0.0489232471887577,0.765313841422114
fullSystem,1.48317526459628,-1.22487168150016,0.0790814798635556,0.835466783069508,0.698004745612513,1.57207008276899,-0.0842489870570737,0,0.697579132962749,-0.0490856910129909,0.764995472125275
gyroFilter,0.00224684479908832,-0.00211660770174231,0.000126510542528663,0.00125384828814497,1.57213552968408e-06,1.57361668437186,-0.0946668160758929,0,1.57117691045867e-06,-1.86438415415121e-10,3.88462524358538e-12
gyroSystem,1.97441067080195,-0.875123467125438,0.545279125984577,0.751791977472527,0.565191177392053,1.9572643173785,-0.0493780250137329,0,0.56484654862535,-0.0209618415819793,0.624468358066427
input,0.999993742857021,-0.999990206550703,0.0779850688936524,0.70223561714768,0.493134861990783,1.5445748033188,-0.167448407625172,0,0.492834170001764,-0.057933829791929,0.37515485292581
error,0.528918558688127,-0.375599437896408,0.00109641096990328,0.169972122327389,0.0288905223684769,2.70435104169238,0.199503956690969,0,0.028872906196301,0.000978784905461114,0.00225446794589457
