signalsNamesOrdered,maxSignals,minSignals,meanSignals,standardDeviationSignals,varianceSignals,kurtosisSignals,skewnessSignals,firstMomentSignals,secondMomentSignals,thirdMomentSignals,fourthMomentSignals
compassSystem,1.48289015651866,-1.22604491456989,0.0493439664130486,0.842052284094178,0.709052049148222,1.55709838720181,-0.0367108511916054,0,0.708611370435265,-0.0218981098229184,0.781865928873852
compassFilter,1.48285763057912,-1.22604361864312,0.0492979051640994,0.842017429750278,0.708993352003265,1.55718749239947,-0.0366032918686108,0,0.70855270977082,-0.0218312392821852,0.781781219495102
fullSystem,1.4825101609334,-1.2260255882284,0.0493669834625459,0.841986834357621,0.708941829231569,1.55704777711125,-0.0367636891483628,0,0.708501219020735,-0.0219245146504213,0.781597465606533
gyroFilter,0.00131438709208881,-0.00124252118070069,6.90782984466445e-05,0.000724331615561674,5.24656289302184e-07,1.57853419144786,-0.0915247380927244,0,5.24330213298889e-07,-3.47492807785539e-11,4.33974049401596e-13
gyroSystem,1.97416250432093,-0.875123467125439,0.523322896340768,0.749249137014658,0.56137426931721,1.92487474070264,-0.00169172659493718,0,0.561025372941003,-0.000710892498354447,0.605853302688573
input,0.999997854132866,-0.999999114426397,0.0515603196703698,0.707150533043522,0.500061876383737,1.51426009054435,-0.117990027145253,0,0.499751085907427,-0.0416846270984632,0.378188195780598
error,0.528193575711094,-0.375442991411921,-0.00219333620782382,0.170619835985731,0.0291111284317979,2.85793851988099,0.308222241204478,0,0.0290930357478751,0.00152949314522122,0.0024189726784961
