signalsNamesOrdered,maxSignals,minSignals,meanSignals,standardDeviationSignals,varianceSignals,kurtosisSignals,skewnessSignals,firstMomentSignals,secondMomentSignals,thirdMomentSignals,fourthMomentSignals
compassSystem,1.48307345623803,-1.22651673109179,0.0500893133856444,0.83771345199532,0.701763827653915,1.56963958981439,-0.0423865102385321,0,0.701331972990743,-0.0248950566760325,0.772053188342711
compassFilter,1.48301925276538,-1.22645004994951,0.050055516030682,0.837646838089155,0.701652225360759,1.56983862371364,-0.0422860576451747,0,0.701220439375921,-0.0248301330859506,0.771905513869092
fullSystem,1.48232075945209,-1.22656237002649,0.0501578709296652,0.837591703808395,0.70155986228865,1.5695303691648,-0.0425001249700661,0,0.701128133142626,-0.0249509047173607,0.771550773326485
gyroFilter,0.00260019400857087,-0.00244155525347073,0.000102354898983229,0.0014581560831891,2.12621916294138e-06,1.57402886401728,-0.0634469479450558,0,2.12491072037957e-06,-1.96526792890621e-10,7.10712685465142e-12
gyroSystem,1.97435571762955,-0.875123467125438,0.522707113458636,0.755523522699007,0.570815793351517,1.94747073404691,0.00547219480238268,0,0.57046452209407,0.00235778667883527,0.633764954947799
input,0.999995623142577,-0.999997713371377,0.0518048136410355,0.704907420683822,0.496894471735119,1.5309538488216,-0.120674875265262,0,0.496588690521744,-0.0422291262272416,0.377533720589617
error,0.528256278516906,-0.37554698749889,-0.00164694271137027,0.169473072027324,0.0287211221423785,2.73167065024786,0.226715471461988,0,0.0287034476056755,0.00110250927929974,0.00225059040768508
