signalsNamesOrdered,maxSignals,minSignals,meanSignals,standardDeviationSignals,varianceSignals,kurtosisSignals,skewnessSignals,firstMomentSignals,secondMomentSignals,thirdMomentSignals,fourthMomentSignals
compassSystem,1.48520581133653,-1.2250112116866,0.0550936982201612,0.846951333413223,0.717326561170437,1.54619030819801,-0.0475358412158532,0,0.71687284418045,-0.0288525616459136,0.794597519775539
compassFilter,1.48510362552449,-1.22499324980986,0.0550490998632443,0.846919345184844,0.717272377248325,1.54632850311598,-0.0474130186560954,0,0.716818694530268,-0.0287747521300579,0.794548491561201
fullSystem,1.48470140226293,-1.22498164070004,0.0551288220793953,0.846878682545962,0.717203502950785,1.54614958628277,-0.0475953204385372,0,0.716749863796484,-0.0288812299067847,0.794303994788007
gyroFilter,0.00152625382272586,-0.00142974146025712,7.97222161508916e-05,0.000837644422625967,7.0164817875639e-07,1.599296612549,-0.0862209944758344,0,7.01204378516823e-07,-5.06267392790715e-11,7.8635428184796e-13
gyroSystem,1.97442866591533,-0.875123467125439,0.527541396637215,0.761878150976351,0.580458316935144,1.91778220855989,0.00549121218009793,0,0.580091170624622,0.00242612184373079,0.64534477156645
input,0.999993742857021,-0.999999389267485,0.0573213464344199,0.711819338750486,0.506686771019179,1.50511617861454,-0.131631547885237,0,0.506366286028022,-0.0474304409412165,0.385922046505446
error,0.528781653013684,-0.375579433558652,-0.00219252435502469,0.172945210001444,0.0299100456624435,2.76183532487681,0.264095582317563,0,0.0298911272274894,0.00136481748019152,0.00246764320905597
