signalsNamesOrdered,maxSignals,minSignals,meanSignals,standardDeviationSignals,varianceSignals,kurtosisSignals,skewnessSignals,firstMomentSignals,secondMomentSignals,thirdMomentSignals,fourthMomentSignals
compassSystem,1.49932070985955,-1.25039231754212,0.0538268855714192,0.844870487289083,0.713806140292092,1.53925863681211,-0.0473032674930784,0,0.713171645945166,-0.0284893304917224,0.782888179187773
compassFilter,1.49910022460234,-1.25016417993554,0.0534052122830535,0.844458663523154,0.713110434399311,1.54029215920057,-0.0462778430994401,0,0.712476558457623,-0.0278310107638243,0.781887490066471
fullSystem,1.49341065772799,-1.25116601314042,0.0541584596474224,0.844023261596755,0.712375266116424,1.53843314103847,-0.0475619992569592,0,0.711742043657654,-0.0285590681827874,0.779334440233745
gyroFilter,0.0204065607822237,-0.0192658030488548,0.000753247364368825,0.0114356431872137,0.000130773935105267,1.56142891206436,-0.0538740094468418,0,0.000130657691607395,-8.0460322624442e-08,2.66558280825085e-08
gyroSystem,1.9743819281367,-0.875123467125438,0.538515699871148,0.759339686900584,0.576596760102277,1.89914124578682,-0.00954944562248791,0,0.576084229648853,-0.00417548703832231,0.630273777964171
input,0.99999992710268,-0.99999955998149,0.0512394952451214,0.708564769045448,0.502064031932429,1.5084500005712,-0.109374031457728,0,0.501617752792933,-0.0388573847519755,0.379556747145073
error,0.54591950515119,-0.374964027493499,0.00291896440230093,0.16961276929696,0.0287684915085837,2.75474280145008,0.201639962561617,0,0.0287429195161316,0.00098259132676344,0.00227584570248968
