signalsNamesOrdered,maxSignals,minSignals,meanSignals,standardDeviationSignals,varianceSignals,kurtosisSignals,skewnessSignals,firstMomentSignals,secondMomentSignals,thirdMomentSignals,fourthMomentSignals
compassSystem,1.48366460750145,-1.22692271975038,0.0778625125256174,0.834956087321551,0.697151667755313,1.57890516849668,-0.082548190381108,0,0.696712101760512,-0.048005123181837,0.766412809628834
compassFilter,1.48346464368709,-1.22690578791342,0.0777930949763301,0.834889135445519,0.697039868484966,1.57910852641858,-0.0824612006867414,0,0.696600372981508,-0.0479430002067143,0.766265696418677
fullSystem,1.4827147472775,-1.22688494099501,0.0779305500061532,0.834818644297378,0.696922168866513,1.57882273608923,-0.0826997335909192,0,0.696482747574667,-0.0480695055720345,0.765868307065067
gyroFilter,0.00282967143074553,-0.00267233290182813,0.000137455029823155,0.00158541944335097,2.5135548113553e-06,1.57471313925502,-0.0847365872735227,0,2.51196997225609e-06,-3.3735925924608e-10,9.9364291085547e-12
gyroSystem,1.97435300524616,-0.875123467125439,0.543049225833894,0.745044016244703,0.555090586142037,1.93777749849923,-0.0293552857287702,0,0.554740592077635,-0.0121288948354794,0.596326075306332
input,0.999999975982114,-0.999990206550703,0.0774347318921107,0.701003652046598,0.491406120182668,1.54720441067111,-0.161171417803348,0,0.491096280258215,-0.0554674235318277,0.373147884737261
error,0.527156133082333,-0.375513100194056,0.000495818114042484,0.17041568908556,0.0290415070865063,2.70867828706705,0.192776047073733,0,0.0290231959218868,0.00095317122050552,0.00228164405364776
