signalsNamesOrdered,maxSignals,minSignals,meanSignals,standardDeviationSignals,varianceSignals,kurtosisSignals,skewnessSignals,firstMomentSignals,secondMomentSignals,thirdMomentSignals,fourthMomentSignals
compassSystem,1.48687587310064,-1.22582672193573,0.0378376827587734,0.847997977811927,0.719100570373117,1.54132287468577,-0.0169531840714259,0,0.718651693612585,-0.0103283026971302,0.796032007567482
compassFilter,1.48680092160573,-1.2257594479786,0.0377661251217669,0.847938993704398,0.719000537044426,1.54152229476222,-0.0168287445599586,0,0.718551722726671,-0.0102503517965665,0.79591351650223
fullSystem,1.48615220426926,-1.22586366806592,0.0378923582573184,0.847872839042729,0.718888351186378,1.54122610951688,-0.0170702466781328,0,0.718439606897248,-0.0103950168319975,0.79551228502079
gyroFilter,0.00243237301446791,-0.00229639560243904,0.000126233135551468,0.00135202816105247,1.82798014827891e-06,1.59967043105481,-0.0982015869710292,0,1.82683908701282e-06,-2.42476106017793e-10,5.338645795771e-12
gyroSystem,1.97442370768003,-0.875123467125438,0.510044309061391,0.755898745832074,0.571382913950502,1.93301170470655,0.0311953898084848,0,0.57102624546489,0.0134609131252501,0.63029900739286
input,0.9999990788729,-0.999999980281857,0.0425234429573023,0.712755541926738,0.508020462547277,1.49716265409742,-0.0977739769335549,0,0.507703346153677,-0.0353702654362299,0.38591266963769
error,0.532158623284526,-0.375589365757961,-0.00463108469998389,0.171639429605282,0.0294600937952265,2.74396045795045,0.284192557423507,0,0.029441704223569,0.00143567824098763,0.00237850319658174
