signalsNamesOrdered,maxSignals,minSignals,meanSignals,standardDeviationSignals,varianceSignals,kurtosisSignals,skewnessSignals,firstMomentSignals,secondMomentSignals,thirdMomentSignals,fourthMomentSignals
compassSystem,1.48385787818976,-1.22562560196236,0.0530041977396907,0.842802318607741,0.710315748250584,1.55439803203703,-0.0513218357313317,0,0.709869570016758,-0.0306951685001393,0.783284183438095
compassFilter,1.48377015510029,-1.22562276334922,0.0529720899487878,0.842768390519542,0.7102585600589,1.55456105439903,-0.0512568904263161,0,0.709812417747305,-0.0306526230665099,0.783240198771406
fullSystem,1.48342095044369,-1.22560435083151,0.0530332137818769,0.842737348519123,0.710206238589041,1.55437273994145,-0.0513757124011817,0,0.709760129142691,-0.0307202860865261,0.783029942455204
gyroFilter,0.00132781328692178,-0.00125562465550707,6.11238330887759e-05,0.000729785800908424,5.3258731520755e-07,1.59091000038405,-0.0844691633241809,0,5.32252775436691e-07,-3.28000944728352e-11,4.50693693720729e-13
gyroSystem,1.97439098091102,-0.875123467125439,0.52961982673901,0.753980480080685,0.5684865643427,1.940166434224,0.00207385335958913,0,0.568129474792234,0.00088807373606033,0.626229654405318
input,0.99999959977666,-0.999999999997509,0.0549670484511113,0.709125410899191,0.502858848382946,1.51296636193442,-0.125872523301785,0,0.502542982272153,-0.0448425971190471,0.382098821108958
error,0.527528296092025,-0.375439481641186,-0.00193383466923455,0.169592572353294,0.0287616405974072,2.74183582404881,0.246569479939218,0,0.028743574240248,0.00120157387210178,0.00226528572977544
