signalsNamesOrdered,maxSignals,minSignals,meanSignals,standardDeviationSignals,varianceSignals,kurtosisSignals,skewnessSignals,firstMomentSignals,secondMomentSignals,thirdMomentSignals,fourthMomentSignals
compassSystem,1.48570867612737,-1.22758820482081,0.0502579527733957,0.84416346283062,0.712611951978184,1.55433721885276,-0.0409085547903247,0,0.712169335858943,-0.0245860659552817,0.788336775604075
compassFilter,1.48570994430393,-1.2275830689586,0.0502029380596317,0.844138767348781,0.71257025854112,1.55438876556586,-0.0408233566683732,0,0.712127668318423,-0.0245327086391153,0.788270671094935
fullSystem,1.48531379167047,-1.22756646785005,0.0502841469546567,0.844092082805979,0.712491444255736,1.55427829980634,-0.040972321278612,0,0.712048902986012,-0.024618143679308,0.788040298736419
gyroFilter,0.00145773112198327,-0.00139248984016339,8.12088950249992e-05,0.000810597186122103,6.57067798149071e-07,1.59700631465352,-0.106596667639746,0,6.56659681504258e-07,-5.67223422262966e-11,6.88632216780131e-13
gyroSystem,1.9744172856303,-0.875123467125438,0.523972467527276,0.753782276130535,0.568187719808531,1.93714589117141,0.00991285454415489,0,0.56783480818132,0.00424161992414882,0.624606288113184
input,0.999999999285904,-0.99999794673386,0.0534454013390469,0.709066622919031,0.502775475737799,1.51847801152282,-0.1171262744171,0,0.502463192833614,-0.0417167733522871,0.38336902012708
error,0.529828873708096,-0.375586927544155,-0.0031612543843903,0.170804588546184,0.0291742074684314,2.73340538935816,0.257144153119468,0,0.0291560868426746,0.00128017843345655,0.0023236061464703
