signalsNamesOrdered,maxSignals,minSignals,meanSignals,standardDeviationSignals,varianceSignals,kurtosisSignals,skewnessSignals,firstMomentSignals,secondMomentSignals,thirdMomentSignals,fourthMomentSignals
compassSystem,1.48252355568493,-1.22458837862432,0.0563575655954535,0.841431684608444,0.708007279863004,1.55710735203611,-0.0497456118562018,0,0.707574247887553,-0.0296082544609696,0.779583416449755
compassFilter,1.48237942906798,-1.22452236352086,0.0561994092287296,0.841263321510251,0.70772397611846,1.55752137363136,-0.0495573912915876,0,0.70729111741747,-0.0294785245774585,0.77916677122951
fullSystem,1.48093319115455,-1.2245350665716,0.056478167303513,0.841143254847905,0.707521975176127,1.5569302918687,-0.0500459813981455,0,0.707089240023114,-0.0297564112948834,0.778426523719591
gyroFilter,0.00537560805063281,-0.00505748442615728,0.000278758074783488,0.0030005811587521,9.0034872902581e-06,1.58700035540337,-0.099249279259095,0,8.99798057020289e-06,-2.67882866930753e-09,1.28489348215111e-10
gyroSystem,1.97435351918534,-0.875123467125439,0.520383434610311,0.750496907428389,0.563245608059575,1.91865342097541,-0.0123210536259128,0,0.562901115332934,-0.00520350542347113,0.607940044148341
input,0.999999994174774,-0.999990206550703,0.0584156484881771,0.707954929014274,0.501200181515606,1.51694189013321,-0.127234834284949,0,0.50089363706208,-0.0451049598648244,0.380592279437722
error,0.52794175562059,-0.375228895784692,-0.00193748118466407,0.169441016927753,0.0287102582175111,2.72713137971681,0.242568867315675,0,0.0286926984265524,0.00117894121560852,0.00224516802265639
