signalsNamesOrdered,maxSignals,minSignals,meanSignals,standardDeviationSignals,varianceSignals,kurtosisSignals,skewnessSignals,firstMomentSignals,secondMomentSignals,thirdMomentSignals,fourthMomentSignals
compassSystem,1.49974722618799,-1.2504328035237,0.0456855673341374,0.847894333442042,0.718924800683124,1.53557031218895,-0.031774408162941,0,0.718419937761296,-0.0193483989988392,0.792549616340658
compassFilter,1.49996346680396,-1.25039484097345,0.0454829155667841,0.847671130220899,0.718546345009976,1.53624754971786,-0.0312553966540155,0,0.718041747857581,-0.0190173306660465,0.792064582421311
fullSystem,1.49645559051408,-1.25066510450073,0.0459153906564664,0.847409040891076,0.718102082583934,1.53504462606755,-0.0319307925424954,0,0.71759779741358,-0.0194102595921473,0.790466009280789
gyroFilter,0.0131764459125202,-0.0124548728818518,0.000432475089682223,0.00739804181834986,5.47310227460533e-05,1.56110162188689,-0.0490077777997037,0,5.46925880390687e-05,-1.98224678539168e-08,4.66969078942316e-09
gyroSystem,1.97440624946931,-0.875123467125438,0.530534143693532,0.75642236579688,0.57217479547775,1.88947252943032,-0.00150938511707986,0,0.571772987334858,-0.00065258263649376,0.617714576723981
input,0.99999409898592,-0.999990206550703,0.0440142569898781,0.709744488030612,0.503737238289836,1.49999103501083,-0.0927457966148995,0,0.503383490229239,-0.0331239932346684,0.380090135670177
error,0.5459571331329,-0.375557330278713,0.00190113366658817,0.171381644245017,0.0293716679841256,2.79135758709589,0.233417328786657,0,0.0293510418127885,0.00117373046289422,0.00240470893792802
