signalsNamesOrdered,maxSignals,minSignals,meanSignals,standardDeviationSignals,varianceSignals,kurtosisSignals,skewnessSignals,firstMomentSignals,secondMomentSignals,thirdMomentSignals,fourthMomentSignals
compassSystem,1.48127672424581,-1.22601998698973,0.0701452631822674,0.844399675198253,0.713010811474915,1.55362100301655,-0.0773425280451797,0,0.712572305440797,-0.0465223637140014,0.788865498168393
compassFilter,1.48117953586439,-1.22598090109493,0.070094672676965,0.844374481941698,0.712968265754311,1.5536969916412,-0.0772220369066119,0,0.712529785886073,-0.0464457295254538,0.78880993628555
fullSystem,1.480799232712,-1.22604110675914,0.0701717720452957,0.844330912788893,0.712894690290925,1.55357059802034,-0.0773875833492476,0,0.712456255672049,-0.0465380938351035,0.78858298401415
gyroFilter,0.0014411498138085,-0.00135429216307163,7.70993683306591e-05,0.000793367422568956,6.29431867193708e-07,1.59319345406964,-0.100078173251301,0,6.2904476272434e-07,-4.9930014915567e-11,6.30422369678541e-13
gyroSystem,1.97434592663501,-0.875123467125438,0.541007779337724,0.752939037885943,0.56691719477261,1.92524392457156,-0.0367719822922538,0,0.566568537211249,-0.0156817932074462,0.618003121428436
input,0.999993742857021,-0.999997100413055,0.0690924508034818,0.708474631758372,0.50193630384516,1.52245042624531,-0.156301467077597,0,0.501627609931356,-0.0555309627452638,0.383094595139956
error,0.525168320331117,-0.375611691593747,0.00107932124181384,0.171002851561175,0.0292419752420533,2.72341225307263,0.244380166706961,0,0.0292239912474395,0.00122088638444767,0.00232590753354436
