signalsNamesOrdered,maxSignals,minSignals,meanSignals,standardDeviationSignals,varianceSignals,kurtosisSignals,skewnessSignals,firstMomentSignals,secondMomentSignals,thirdMomentSignals,fourthMomentSignals
compassSystem,1.4822544698271,-1.22694903648744,0.04525655565175,0.844228217614905,0.71272128341724,1.54522045523313,-0.024681317522028,0,0.71228322485337,-0.0148370449920176,0.783963568657281
compassFilter,1.48209432654367,-1.22689265910917,0.0451971566016015,0.844150857019885,0.712590669407406,1.54545885470993,-0.0245623482838728,0,0.712152691122583,-0.0147614685246779,0.783797162128533
fullSystem,1.48148165871447,-1.22699197356985,0.0453069861278396,0.844106393244244,0.712515603115805,1.54515910927921,-0.0247801677650079,0,0.712077670968838,-0.0148900204296792,0.783480048759202
gyroFilter,0.0023251266985278,-0.00218003789040709,0.0001098295262383,0.00128446834152873,1.64985892038957e-06,1.59250168526628,-0.085049214830141,0,1.64884487065362e-06,-1.80069436252681e-10,4.32951746312872e-12
gyroSystem,1.97436323833918,-0.875123467125439,0.513792624545051,0.759503929405511,0.576846218782411,1.938880518283,0.0160355328167817,0,0.576491672858144,0.00701896299370471,0.644372687297882
input,0.999993742857021,-0.999990206550703,0.047677021244632,0.710849767305094,0.505307391677707,1.50341713976762,-0.102255383580539,0,0.504996815530394,-0.0366960350074806,0.383404120622435
error,0.526101509735709,-0.375617448253278,-0.00237003511679229,0.170420645656082,0.029043196465836,2.76626303378219,0.252877066792349,0,0.029025345699723,0.0012504765354779,0.00233049553505875
