signalsNamesOrdered,maxSignals,minSignals,meanSignals,standardDeviationSignals,varianceSignals,kurtosisSignals,skewnessSignals,firstMomentSignals,secondMomentSignals,thirdMomentSignals,fourthMomentSignals
compassSystem,1.48313566942257,-1.2254571845204,0.0432798687043892,0.845973883746894,0.715671811981803,1.5384581256299,-0.0258423656926502,0,0.715227846837894,-0.0156314364887233,0.786999597074334
compassFilter,1.48308111664007,-1.22543161534077,0.0432794349442409,0.845939361903296,0.715613404017355,1.53855736816839,-0.0258610665874524,0,0.715169475106674,-0.01564083328506,0.786921903190994
fullSystem,1.48237392076024,-1.22541878067507,0.0433562350791524,0.845855533929241,0.715471584278721,1.53833430914312,-0.0259938082287608,0,0.715027743345546,-0.0157164425715895,0.786495988688371
gyroFilter,0.00263208939188025,-0.00247862803292754,7.6800134911434e-05,0.00146582011483197,2.14862860904601e-06,1.57308215346301,-0.0328778522262062,0,2.14729571288655e-06,-1.03452555866099e-10,7.25329127567524e-12
gyroSystem,1.97429785398416,-0.875123467125438,0.5087401158061,0.754811891720252,0.569740991882306,1.91276265938472,0.0252433982771765,0,0.569387554542429,0.0108457546279375,0.620121837896715
input,0.999996829327737,-0.999990206550703,0.0458818010123671,0.710587153341528,0.504934102494016,1.50004881176261,-0.0992163683822204,0,0.504620867939119,-0.0355656815746895,0.381975760075056
error,0.528313770140371,-0.375538500145493,-0.00252556593321474,0.171131876769402,0.0292861192466177,2.66286158607156,0.234998537229998,0,0.0292679516788469,0.00117666721483821,0.00228104183978091
