signalsNamesOrdered,maxSignals,minSignals,meanSignals,standardDeviationSignals,varianceSignals,kurtosisSignals,skewnessSignals,firstMomentSignals,secondMomentSignals,thirdMomentSignals,fourthMomentSignals
compassSystem,1.48591307017154,-1.22668317219323,0.0568451434016356,0.843276518957059,0.711115287424335,1.56658463270294,-0.0583238852115062,0,0.710662924009943,-0.0349415313299705,0.791190709534355
compassFilter,1.4858449715574,-1.22668377326575,0.0567430465699849,0.843221311485501,0.711022180143328,1.56664507539915,-0.0581237449912691,0,0.710569875957487,-0.0348147897418718,0.79101405786477
fullSystem,1.48521195487623,-1.22665255367147,0.0568884539088299,0.84315011876255,0.710902122769301,1.56645509021158,-0.0584403387649479,0,0.710449894955835,-0.0349955566836324,0.790651059180687
gyroFilter,0.00236926372685298,-0.00223441737220919,0.000145407338845084,0.00131701546585649,1.73452973730518e-06,1.59453048766768,-0.115300240507622,0,1.73342634688705e-06,-2.63140868095536e-10,4.79119243051574e-12
gyroSystem,1.97416250432093,-0.875123467125438,0.519933703482273,0.747141677276372,0.55822068592335,1.91775616185516,-0.0298943601125983,0,0.557865583705842,-0.012456143874148,0.596832584342555
input,0.999993742857021,-0.999994662052343,0.0588088659509963,0.70712895681092,0.5000313615605,1.52847071555362,-0.145988126568917,0,0.499713275452637,-0.0515702059843355,0.381679554471384
error,0.531169591229535,-0.375603404676389,-0.00192041204216636,0.173336572723997,0.0300455674437014,2.76186819921857,0.273909513752029,0,0.0300264544873123,0.00142515859974438,0.00249006714059634
