signalsNamesOrdered,maxSignals,minSignals,meanSignals,standardDeviationSignals,varianceSignals,kurtosisSignals,skewnessSignals,firstMomentSignals,secondMomentSignals,thirdMomentSignals,fourthMomentSignals
compassSystem,1.48292730896292,-1.22512704264126,0.0645526812874331,0.844387963598462,0.712991033069957,1.55849145575433,-0.0633035092021186,0,0.712551728674967,-0.038076093328892,0.791292813900164
compassFilter,1.48293357585318,-1.22512271627435,0.0644450387567018,0.844345532888249,0.712919378908341,1.5585461348832,-0.0630962252483886,0,0.712480118662556,-0.0379456942812573,0.79116153187902
fullSystem,1.48217561091682,-1.22509330887236,0.0646151376636922,0.844250855377112,0.712759506804985,1.55839110268299,-0.0634324486674898,0,0.712320345063269,-0.0381350657700788,0.79072807248657
gyroFilter,0.00277477389500813,-0.00262014775241624,0.000170098906990657,0.00154234519446469,2.37882869888832e-06,1.6009625201602,-0.112572198656372,0,2.37736300036775e-06,-4.12642919466673e-10,9.04840776104977e-12
gyroSystem,1.97435356417425,-0.875123467125438,0.533546777546595,0.753400932947495,0.567612965766156,1.93864403887715,-0.00819807588231025,0,0.567263235041716,-0.00350258666526258,0.623831569544833
input,0.999993742857021,-0.999990206550703,0.066721669000831,0.708521852424497,0.502003215363041,1.52917638450554,-0.148114908265698,0,0.501693909623446,-0.0526328657701617,0.384888770431434
error,0.527234346329949,-0.375530309001159,-0.00210653133713864,0.171982481249701,0.0295779738568038,2.68852452686098,0.240247022179549,0,0.0295597495968797,0.00122098165711049,0.00234917572471604
