signalsNamesOrdered,maxSignals,minSignals,meanSignals,standardDeviationSignals,varianceSignals,kurtosisSignals,skewnessSignals,firstMomentSignals,secondMomentSignals,thirdMomentSignals,fourthMomentSignals
compassSystem,1.48483467830914,-1.22661011011795,0.0713860088588692,0.839831359011064,0.70531671157837,1.56243227823389,-0.0783658435852363,0,0.704880523135835,-0.0463767252308086,0.776304714334692
compassFilter,1.48480292303055,-1.2266104914457,0.0713170696943212,0.839799671743938,0.705263488661225,1.56252164596963,-0.07826037094013,0,0.704827333133296,-0.046309064573328,0.776231955712197
fullSystem,1.48430925992208,-1.22658341903521,0.0714194736857856,0.839738310601948,0.705160430292614,1.56237340931255,-0.0784561019447293,0,0.704724338498989,-0.0464147090643477,0.775931494946374
gyroFilter,0.00184280393196923,-0.00173293937666021,0.000102403991464396,0.00102614713871597,1.05297795029498e-06,1.58390637046992,-0.106866200633262,0,1.05232675799424e-06,-1.15362933168337e-10,1.75400461869996e-12
gyroSystem,1.97417309572867,-0.875123467125438,0.543665681736126,0.747582799625955,0.55888004229658,1.92650890618586,-0.0237624209419198,0,0.558534414564795,-0.00991894749814659,0.600995052005771
input,0.999995429485583,-0.999999788116976,0.0722311358128353,0.704246825320772,0.495963590974385,1.53274529630281,-0.157339891302624,0,0.49565687261262,-0.0549048291301721,0.376558327801225
error,0.529754581872423,-0.3756880471729,-0.000811662127049763,0.171698957429853,0.0294805319824984,2.664469682161,0.216043805716562,0,0.0294623003609879,0.00109255119925333,0.00231283200464681
