signalsNamesOrdered,maxSignals,minSignals,meanSignals,standardDeviationSignals,varianceSignals,kurtosisSignals,skewnessSignals,firstMomentSignals,secondMomentSignals,thirdMomentSignals,fourthMomentSignals
compassSystem,1.48626893615783,-1.22645947549638,0.0691372941715771,0.840020664555021,0.705634716879459,1.57612276776169,-0.0749749863260761,0,0.70518440755152,-0.0443987196889287,0.783782287250716
compassFilter,1.48624279513575,-1.2264215240881,0.0690984444746822,0.8399901646453,0.705583476700838,1.57621388966939,-0.0748950982109733,0,0.705133200072439,-0.0443465806831787,0.783713768522564
fullSystem,1.48583888520822,-1.2264840548491,0.0691682970810671,0.839945222226982,0.705507976341935,1.57606123276996,-0.0750528595185937,0,0.705057747895003,-0.0444328609617743,0.78347016952158
gyroFilter,0.00150206039687406,-0.00140168899661381,6.98526063847741e-05,0.000829664316681346,6.88342878374325e-07,1.57507944753106,-0.0730084053778056,0,6.87903604042242e-07,-4.16547219684468e-11,7.45345500790423e-13
gyroSystem,1.97442670636503,-0.875123467125439,0.538428708027484,0.743950615429004,0.553462518197194,1.94383574062352,-0.0195334858751121,0,0.553109319398089,-0.00803519122645377,0.594677511076778
input,0.999993742857021,-0.999990206550703,0.068803742969171,0.704098602044552,0.495754841401092,1.53669757442458,-0.155714322505574,0,0.495438469453804,-0.054301665301567,0.377196675608542
error,0.531793399903305,-0.375585869480474,0.000364554111896107,0.172214703796122,0.029657904203586,2.79645210399365,0.263795691043437,0,0.0296389776533604,0.00134605413429285,0.0024565964730981
