signalsNamesOrdered,maxSignals,minSignals,meanSignals,standardDeviationSignals,varianceSignals,kurtosisSignals,skewnessSignals,firstMomentSignals,secondMomentSignals,thirdMomentSignals,fourthMomentSignals
compassSystem,1.50011586882614,-1.25048401376073,0.0444068925701265,0.84771782876187,0.718625517200739,1.53618442365498,-0.0316295459236543,0,0.718170978606684,-0.0192501773092403,0.79231715583816
compassFilter,1.50008053939291,-1.25035003094462,0.0442014981252443,0.847559202925181,0.718356602463169,1.53668162236539,-0.0312182535564489,0,0.717902233960662,-0.0189891952853119,0.791980533519948
fullSystem,1.49725197154139,-1.25098880804432,0.0445859704787882,0.847338351637059,0.717982282155008,1.53572089191887,-0.0317513384994058,0,0.717528150414239,-0.0192983622495686,0.79066075137463
gyroFilter,0.0109847793005183,-0.0103353739403831,0.000384472353543785,0.00616738409879236,3.80366266220368e-05,1.56767238410369,-0.0561293516558568,0,3.80125680346731e-05,-1.31546967656454e-08,2.26521656489503e-09
gyroSystem,1.97436542323189,-0.875123467125439,0.532898507506556,0.760493270814477,0.578350014954102,1.89705823275162,0.00295523678596404,0,0.577984202167919,0.00129857260412783,0.633742158469079
input,0.999999097996552,-0.999993592854613,0.0423260235824249,0.710153217072076,0.504317591717819,1.50197577443054,-0.0918795516475707,0,0.503998605258794,-0.032874781058581,0.381523766694227
error,0.545840062167981,-0.375733441781873,0.0022599468963632,0.170053792117103,0.028918292213407,2.8019974987017,0.236877836736091,0,0.028900001073487,0.00116378087672716,0.00234025650474773
