signalsNamesOrdered,maxSignals,minSignals,meanSignals,standardDeviationSignals,varianceSignals,kurtosisSignals,skewnessSignals,firstMomentSignals,secondMomentSignals,thirdMomentSignals,fourthMomentSignals
compassSystem,1.48583517563022,-1.2261940921228,0.0478634864688376,0.840289112100627,0.70608579191486,1.56251519690662,-0.0342853390647212,0,0.70563946714121,-0.0203227625906988,0.778018594431203
compassFilter,1.48581514910866,-1.22615675969379,0.047822848709116,0.840261484617075,0.706039362530892,1.56262054189318,-0.0341834828196655,0,0.705593067105777,-0.0202603883938876,0.777968726220293
fullSystem,1.48542675053094,-1.22621762108094,0.0478962131244135,0.840220689848146,0.705970807648894,1.56246523536104,-0.0343449192812354,0,0.705524555558092,-0.0203531062970206,0.777740349282147
gyroFilter,0.00145813786542803,-0.00136812458051466,7.33644152975299e-05,0.000805586639254662,6.48969833345621e-07,1.5755898222884,-0.084450788630437,0,6.48559612212027e-07,-4.41091369163259e-11,6.62739670379264e-13
gyroSystem,1.97442978852027,-0.875123467125439,0.519772219593458,0.751460930046867,0.564693529386903,1.9343723947739,0.0027283892005583,0,0.564336580253283,0.001156681061895,0.616050749134877
input,0.999993742857021,-0.999990206550703,0.0503524269193828,0.705809320541637,0.498166796963447,1.51970032411928,-0.117626424700094,0,0.497851900125923,-0.0413195088140993,0.376667625358404
error,0.53051472253677,-0.375597652921424,-0.0024562137949693,0.171587561012905,0.0294422910943574,2.84056527011687,0.298707908524509,0,0.0294236802908844,0.001507621112257,0.00245922779596084
