signalsNamesOrdered,maxSignals,minSignals,meanSignals,standardDeviationSignals,varianceSignals,kurtosisSignals,skewnessSignals,firstMomentSignals,secondMomentSignals,thirdMomentSignals,fourthMomentSignals
compassSystem,1.48317440645669,-1.22551784373039,0.0622843894312609,0.839068678231016,0.704036246788345,1.56431284145146,-0.0720227103993665,0,0.703591217555229,-0.0425059841252575,0.774398369842492
compassFilter,1.4831195351979,-1.22550330575797,0.0622221668525648,0.839030618674917,0.703972379074014,1.56439382758965,-0.0718776163513057,0,0.7035273902124,-0.0424145810747174,0.774297958926604
fullSystem,1.48240642933088,-1.22548013203623,0.062356231481497,0.838945405370982,0.703829393193081,1.56419593622579,-0.0721537220532717,0,0.70338449471445,-0.0425645381073428,0.773885544339172
gyroFilter,0.00265379675419591,-0.0025020989774149,0.000134064628932302,0.00148385919823846,2.2018381201969e-06,1.57399000712472,-0.084097956470285,0,2.20044631354696e-06,-2.74505852759552e-10,7.62120291749286e-12
gyroSystem,1.97442147536081,-0.875123467125438,0.530866674526298,0.751063587032338,0.564096511765882,1.9346527494616,-0.0248347741888286,0,0.563739940013818,-0.0105118322790633,0.61483790597011
input,0.999995143522136,-0.999990206550703,0.0628224411518681,0.704873882485625,0.496847190210359,1.53315656878876,-0.153091521477923,0,0.496533127511111,-0.0535640593514266,0.377992311190571
error,0.528350904183382,-0.375532870469968,-0.00046620967037098,0.171076679655831,0.0292672303220637,2.68954723718142,0.213215792850521,0,0.0292487301764746,0.00106654674292268,0.00230087597030205
