signalsNamesOrdered,maxSignals,minSignals,meanSignals,standardDeviationSignals,varianceSignals,kurtosisSignals,skewnessSignals,firstMomentSignals,secondMomentSignals,thirdMomentSignals,fourthMomentSignals
compassSystem,1.48279021973374,-1.22557402512214,0.0642510749203451,0.846324014406802,0.716264337361644,1.54668364112817,-0.0717109331674125,0,0.715818066746466,-0.0434299527823578,0.792513744877168
compassFilter,1.48269424839265,-1.22553659400161,0.0642088726853427,0.846311028490805,0.716242356945165,1.54673926987303,-0.0716381676644923,0,0.71579610002495,-0.0433838870593697,0.792493607140917
fullSystem,1.48231647096108,-1.2255966539426,0.0642831185579462,0.846254750332947,0.716147102461078,1.5466419316321,-0.0717706737576752,0,0.715700904889451,-0.0434554621202115,0.792232971229508
gyroFilter,0.00143368018681411,-0.00135280750984928,7.42458726034372e-05,0.000786868584889555,6.1916216988609e-07,1.60086067076261,-0.0981111151987237,0,6.18776399063731e-07,-4.77549971423571e-11,6.12944308525223e-13
gyroSystem,1.97435159663404,-0.875123467125438,0.536669261265326,0.75719409378082,0.573342895656558,1.9357750369139,-0.0178632050588688,0,0.57298567266861,-0.00774773981424317,0.635539298766208
input,0.999993742857021,-0.999998727154819,0.0643724423676063,0.710105415030542,0.504249700455699,1.51646525033502,-0.145822480328395,0,0.503935526187502,-0.0521659289024758,0.385107888858274
error,0.526529974297137,-0.375620270716756,-8.9323809660173e-05,0.171423442552831,0.0293859966566636,2.69736660038029,0.23362740455667,0,0.0293676876244788,0.00117578634546147,0.00232637370163358
