signalsNamesOrdered,maxSignals,minSignals,meanSignals,standardDeviationSignals,varianceSignals,kurtosisSignals,skewnessSignals,firstMomentSignals,secondMomentSignals,thirdMomentSignals,fourthMomentSignals
compassSystem,1.48361573456416,-1.22529765395092,0.0505651794013669,0.850388301467951,0.723160263273546,1.54717316124845,-0.047858481267239,0,0.722707722432949,-0.0294037658514525,0.808098524580663
compassFilter,1.48356486352026,-1.22522651429394,0.0504984327630167,0.850346329967966,0.723088880889989,1.54733173700336,-0.0476786573071569,0,0.72263638471922,-0.0292889466763768,0.808021808145196
fullSystem,1.48276734331339,-1.22537670316929,0.0506392043356793,0.85024613131563,0.722918483817196,1.54707784000494,-0.0479863381527849,0,0.722466094277886,-0.0294675355028222,0.807508506324124
gyroFilter,0.00296060868640091,-0.00278649677602555,0.000140771572662442,0.00164010213189859,2.68993500305829e-06,1.60050766375221,-0.0786874834218456,0,2.68825168953948e-06,-3.46825121500603e-10,1.15663841662884e-11
gyroSystem,1.97438897464713,-0.875123467125439,0.521542371290632,0.762147354736074,0.580868590331195,1.9023457805177,-0.000121223180086476,0,0.580505093090687,-5.36160387541589e-05,0.641064205474175
input,0.999998924822883,-0.999999743203793,0.0517521700092122,0.713252783948276,0.508729533809967,1.50668531508614,-0.128261361866324,0,0.508411179908959,-0.0464963096641897,0.389450924916423
error,0.528659439452433,-0.37545168556029,-0.00111296567353292,0.173522553877277,0.0301100767040924,2.80582014145089,0.290548578374466,0,0.0300912343532137,0.00151662691630389,0.0025406207132815
