signalsNamesOrdered,maxSignals,minSignals,meanSignals,standardDeviationSignals,varianceSignals,kurtosisSignals,skewnessSignals,firstMomentSignals,secondMomentSignals,thirdMomentSignals,fourthMomentSignals
compassSystem,1.49932058414716,-1.2498572573289,0.0495108436608561,0.847678554062048,0.718558931016724,1.53988146187398,-0.0309208681194023,0,0.717486455000281,-0.0187919668868853,0.792710670323535
compassFilter,1.49526466180415,-1.24943884560672,0.0482481023836268,0.846436814798246,0.7164552814458,1.54232733049638,-0.0283187713253157,0,0.715385945204836,-0.0171350356327646,0.789327732255989
fullSystem,1.48184308345692,-1.25264574088857,0.0502043150463651,0.845623883820367,0.715079752887442,1.53798439080715,-0.0312304741711749,0,0.714012469674177,-0.0188424457193764,0.784085677153606
gyroFilter,0.0446334959774449,-0.0418698643467831,0.00195621266273846,0.0251475684654275,0.000632400199723363,1.57613527039168,-0.0815182527833896,0,0.000631456318828253,-1.29351012612734e-06,6.28463579480231e-07
gyroSystem,1.97439360246961,-0.875123467125439,0.532467710970225,0.759432037817743,0.57673702006401,1.89915420433711,-0.00325848941619258,0,0.575876218541526,-0.00142400013686865,0.629823002147679
input,0.999993742857021,-0.999990206550703,0.0475387331872479,0.710387269757663,0.504650073033747,1.50517585217896,-0.0947901515967087,0,0.503896863969517,-0.0339059331248647,0.382182285512235
error,0.54644863726867,-0.371555680767926,0.00266558185911737,0.170568773749178,0.0290937065782983,2.81217731386887,0.247575076147722,0,0.0290502831356441,0.00122583629409145,0.00237324972666827
