signalsNamesOrdered,maxSignals,minSignals,meanSignals,standardDeviationSignals,varianceSignals,kurtosisSignals,skewnessSignals,firstMomentSignals,secondMomentSignals,thirdMomentSignals,fourthMomentSignals
compassSystem,1.48626036425027,-1.2265509862572,0.0586159091972134,0.840870209610925,0.707062709411121,1.55882936236188,-0.0505973352574678,0,0.706618295388864,-0.030054185434793,0.778338177595384
compassFilter,1.48627335982586,-1.22655204716582,0.0585808433437417,0.840825282808324,0.706987156209698,1.5589596529764,-0.0504773199293105,0,0.706542789675311,-0.0299780922218275,0.778236889224475
fullSystem,1.48582814518038,-1.2265297115499,0.058652517798177,0.840788138085327,0.706924693144991,1.55878449282797,-0.0506658726948671,0,0.706480365870859,-0.0300860846130524,0.778011954219836
gyroFilter,0.00164092288969814,-0.00155136614723169,7.16744544352206e-05,0.000910864740983249,8.29674576366481e-07,1.57296843238691,-0.0567612611663731,0,8.29153096431619e-07,-4.28552592597689e-11,1.08140770799607e-12
gyroSystem,1.97427294068749,-0.875123467125439,0.525525360476989,0.748447040716724,0.560172972757622,1.95571099357704,-0.00611608290914074,0,0.559820884151238,-0.00256181053784991,0.61291869563514
input,0.999993742857021,-0.999990206550703,0.0590061520913546,0.706555887139648,0.499221221651695,1.51747437674024,-0.13295297937764,0,0.498907443385415,-0.0468519907721204,0.377712478896037
error,0.530210552354817,-0.375563530040461,-0.000353634293177703,0.171504342998433,0.0294137396673242,2.8318378077741,0.275447938847801,0,0.029395252087395,0.00138821045340138,0.00244693680664156
