signalsNamesOrdered,maxSignals,minSignals,meanSignals,standardDeviationSignals,varianceSignals,kurtosisSignals,skewnessSignals,firstMomentSignals,secondMomentSignals,thirdMomentSignals,fourthMomentSignals
compassSystem,1.50020010095013,-1.25048407012331,0.035856251674156,0.843698931262145,0.711827886612885,1.5463103647689,-0.0184394821008274,0,0.711465264154091,-0.0110657096626977,0.782715744277879
compassFilter,1.49998904005212,-1.2504189507313,0.0357208560520405,0.843563614047896,0.711599570945548,1.54671212078676,-0.0181452893944448,0,0.711237064796315,-0.0108839232482659,0.782416951090316
fullSystem,1.49768787703526,-1.25135862993786,0.0359724758518082,0.843389773467683,0.71130630998987,1.54598042028927,-0.0186222842397883,0,0.710943953234908,-0.0111631304116506,0.781402360580881
gyroFilter,0.00876556295085529,-0.00834919438841586,0.000251619799767796,0.00493630055984645,2.43670632171403e-05,1.55727644509093,-0.0275043718973518,0,2.43546500417878e-05,-3.30578474970887e-09,9.23696932893773e-10
gyroSystem,1.97439924966174,-0.875123467125438,0.527745316055155,0.757358596754357,0.573592044077728,1.9100634287922,0.00926505344095341,0,0.573299842323231,0.00402180178167978,0.627785721899952
input,0.999999999779058,-0.999999995429883,0.0352655132627615,0.70705033891639,0.499920181761782,1.50813727141159,-0.0791202034491277,0,0.499665510247895,-0.027945150626549,0.37653003012636
error,0.545414048491539,-0.37587926965956,0.000706962589046785,0.169519280048233,0.0287367863080714,2.84325100432164,0.252691980155767,0,0.0287221470893714,0.00123003313733386,0.00234557327708324
