signalsNamesOrdered,maxSignals,minSignals,meanSignals,standardDeviationSignals,varianceSignals,kurtosisSignals,skewnessSignals,firstMomentSignals,secondMomentSignals,thirdMomentSignals,fourthMomentSignals
compassSystem,1.48076813043229,-1.22437344480622,0.064958154836634,0.848263676873133,0.719551265502327,1.53594385327066,-0.0719386306545589,0,0.719103226109112,-0.0438681199697744,0.794251080889299
compassFilter,1.48076859455176,-1.22431077071409,0.0648758121800461,0.848213774447204,0.719466607161973,1.53606417316644,-0.0718577253114261,0,0.719018620482544,-0.0438110509769322,0.794126401601189
fullSystem,1.48015107611919,-1.22440817851087,0.0649972505522155,0.84814581892204,0.719351330154938,1.53587405052943,-0.0720515592194972,0,0.718903415254468,-0.0439186724196189,0.793773683561077
gyroFilter,0.00226852239117303,-0.00214031588609765,0.000121438372169376,0.00125106346669166,1.56515979769055e-06,1.60840598020641,-0.107155470115067,0,1.56418522745538e-06,-2.09626708861211e-10,3.93524738646411e-12
gyroSystem,1.97441072755555,-0.875123467125439,0.532815998487834,0.761521015762123,0.579914257447375,1.92002946836753,-0.0151720895562005,0,0.579553165132651,-0.00669399402761039,0.644903090623755
input,0.999999665493635,-0.999999724817828,0.0666206302463134,0.712955055120564,0.508304910621966,1.50564337375639,-0.14511052028688,0,0.507988406941629,-0.0525387336823572,0.388534617515723
error,0.525207221506763,-0.375580093130908,-0.00162337969409783,0.170835158717392,0.0291846514539964,2.61270940236575,0.194857327734272,0,0.0291664791928171,0.000970605510275213,0.00222258880110858
