signalsNamesOrdered,maxSignals,minSignals,meanSignals,standardDeviationSignals,varianceSignals,kurtosisSignals,skewnessSignals,firstMomentSignals,secondMomentSignals,thirdMomentSignals,fourthMomentSignals
compassSystem,1.48552424452488,-1.22624780238705,0.0657395669149471,0.839361098021128,0.704527052871233,1.57203912707539,-0.0702090814327409,0,0.704075432965547,-0.0414784078308874,0.779294718620927
compassFilter,1.48542391327918,-1.22625090353666,0.0656867980062173,0.839336670632474,0.704486046668406,1.57213351310862,-0.0700761805719435,0,0.704034453048747,-0.0413962777191634,0.779250789126914
fullSystem,1.48502822141729,-1.22623793488901,0.0657718757760523,0.839288499868163,0.704405186010952,1.5719992522586,-0.0702677257461742,0,0.703953644225048,-0.0415022832285879,0.779005382074464
gyroFilter,0.00150011013102597,-0.00141762201978546,8.50777698351446e-05,0.000829959460131806,6.88832705462278e-07,1.58590357791197,-0.0993509474055862,0,6.883911460357e-07,-5.6744650659761e-11,7.51531745997798e-13
gyroSystem,1.97442318409154,-0.875123467125438,0.534249827719848,0.747435680832324,0.55866009698128,1.95551326106948,-0.0262844205270276,0,0.558301981534497,-0.0109648365155603,0.609535639595623
input,0.999996342968043,-0.999990206550703,0.0663445271418157,0.705052884390003,0.497099569786663,1.53488724060689,-0.154146229341404,0,0.496780916216287,-0.0539734602712391,0.378796784795311
error,0.529052576031539,-0.375585138198029,-0.000572651365763327,0.171831883066845,0.029526196038298,2.79634416173528,0.26343096006888,0,0.0295072689895555,0.00133524308735283,0.00243471792369775
