signalsNamesOrdered,maxSignals,minSignals,meanSignals,standardDeviationSignals,varianceSignals,kurtosisSignals,skewnessSignals,firstMomentSignals,secondMomentSignals,thirdMomentSignals,fourthMomentSignals
compassSystem,1.49932031871747,-1.24985696094017,0.0439204010137008,0.84314713837683,0.710897096953037,1.55377174551445,-0.0318093813287849,0,0.709146118881725,-0.018995853782137,0.781373504163999
compassFilter,1.46553772319064,-1.2335213631596,0.0403324042673303,0.832157675352484,0.69248639664805,1.55821266837264,-0.0277891276588698,0,0.690780765129213,-0.015954576031905,0.743544906688799
fullSystem,1.42782519110134,-1.2498139196605,0.0474471862586084,0.833047026676273,0.69396734865418,1.54248225228017,-0.0388985483667186,0,0.692258069470302,-0.0224045092115273,0.739190249512651
gyroFilter,0.166251832006294,-0.152807256742959,0.00711478199127804,0.101042305862398,0.0102095475739904,1.5394368872057,-0.0759268795125317,0,0.010184400905089,-7.80366794853489e-05,0.000159673506367665
gyroSystem,1.97416250432093,-0.875123467125439,0.529729929198358,0.758172053754704,0.574824863094625,1.90410227967813,0.0153991485870527,0,0.573409038308678,0.00668641781344627,0.626064878953573
input,0.999993742857021,-0.999990206550703,0.0431511681138265,0.70640218116851,0.499004041559628,1.51886930912035,-0.0955788631621876,0,0.497774967565638,-0.0335669158418389,0.376345313375336
error,0.523140708852866,-0.345602312403758,0.00429601814478185,0.164959449336568,0.0272116199254238,2.63989954208507,0.238004767565401,0,0.0271445962310262,0.00106441438625803,0.00194515481568447
