signalsNamesOrdered,maxSignals,minSignals,meanSignals,standardDeviationSignals,varianceSignals,kurtosisSignals,skewnessSignals,firstMomentSignals,secondMomentSignals,thirdMomentSignals,fourthMomentSignals
compassSystem,1.48561023353504,-1.22623240599617,0.0628186954000951,0.845460914856779,0.714804158550462,1.55690093804195,-0.0617969802338544,0,0.714356286270668,-0.0373112294378376,0.794494183311529
compassFilter,1.48557939622892,-1.22618157558385,0.0627657269455976,0.845421972062196,0.714738310845533,1.5570553327728,-0.0616734360257196,0,0.7142904798237,-0.0372314917822096,0.794426586438695
fullSystem,1.48507845251338,-1.22626086810253,0.0628631597009413,0.845369385076694,0.714649397224947,1.55684285888464,-0.0618707117986732,0,0.714201621913403,-0.0373436153143255,0.794120565488107
gyroFilter,0.00187184434299037,-0.00176006791037568,9.7432755343661e-05,0.00103629059159725,1.07389819023299e-06,1.5932482767789,-0.0918459648218766,0,1.07322532169274e-06,-1.02116623647359e-10,1.83512342597815e-12
gyroSystem,1.97442561956249,-0.875123467125439,0.532224299646859,0.757272136381892,0.573461088540395,1.91231798587895,-0.0130765794807118,0,0.57310177708141,-0.00567337891791004,0.628092517938795
input,0.999993742857021,-0.999996912082181,0.0634060270136064,0.709644586901095,0.503595439718025,1.51924163617936,-0.14582022873425,0,0.503279903728227,-0.0520633559428179,0.384809719001188
error,0.53042509564979,-0.37542168196662,-0.000542867312665116,0.173333273166487,0.0300444235866082,2.83416522349463,0.274162531076125,0,0.0300255987597995,0.00142641407622693,0.00255510362525103
