signalsNamesOrdered,maxSignals,minSignals,meanSignals,standardDeviationSignals,varianceSignals,kurtosisSignals,skewnessSignals,firstMomentSignals,secondMomentSignals,thirdMomentSignals,fourthMomentSignals
compassSystem,1.48238262699887,-1.22493740011682,0.0772941087705548,0.840982767891471,0.7072520158904,1.56618379252182,-0.0910841747552619,0,0.706812728924009,-0.0541251946206308,0.782440729928446
compassFilter,1.48222585487027,-1.22491871755166,0.0772234799174574,0.840920646473168,0.70714753366485,1.56634851893455,-0.0910240950460602,0,0.706708311594251,-0.0540775077877074,0.782291837726077
fullSystem,1.48162805692674,-1.22490269471732,0.0773350905194098,0.840861784712234,0.707048540989443,1.56611590663581,-0.0912094273303712,0,0.706609380404978,-0.0541762358034813,0.781956686416166
gyroFilter,0.00225776798904115,-0.00212603038812688,0.00011161060195216,0.00125463194341795,1.5741013134447e-06,1.5925900007077,-0.0974645778124779,0,1.57312361076554e-06,-1.92305223056958e-10,3.94121097374811e-12
gyroSystem,1.97438112641341,-0.875123467125439,0.544812331899421,0.750398494706354,0.563097900857562,1.92680108627808,-0.0325392241074469,0,0.562748150608582,-0.0137365701289157,0.610189928825076
input,0.999997274350259,-0.999999589806254,0.07615711470343,0.706463922669476,0.499091274033544,1.53361638164253,-0.168387969078902,0,0.498781279453399,-0.0593166036647365,0.381537323465109
error,0.52592382342357,-0.375591230529864,0.00117797581597975,0.17096507082985,0.0292290554438558,2.70260193661548,0.204561601500373,0,0.0292109007510335,0.00102127226736348,0.00230606732320207
