signalsNamesOrdered,maxSignals,minSignals,meanSignals,standardDeviationSignals,varianceSignals,kurtosisSignals,skewnessSignals,firstMomentSignals,secondMomentSignals,thirdMomentSignals,fourthMomentSignals
compassSystem,1.48296635883351,-1.22444899148376,0.0641580144611207,0.845265948697572,0.714474524027606,1.56590306094692,-0.0616667850855027,0,0.714029368560922,-0.0372070656152923,0.798356789529274
compassFilter,1.4829223262718,-1.22442474551898,0.0640846042273597,0.845205513105152,0.714372359383343,1.5661054426183,-0.0614432572169471,0,0.713927267570643,-0.0370642472899932,0.798231639808592
fullSystem,1.48223902131385,-1.22440723616341,0.0642165113436643,0.845142625382042,0.714266057237651,1.56584394430326,-0.0617717057760429,0,0.713821031656817,-0.0372540594823122,0.797860851866635
gyroFilter,0.002537500129278,-0.00239736255485838,0.000131907116304506,0.00141185311344516,1.99332921394478e-06,1.59252444339304,-0.0801377959888238,0,1.99208726427877e-06,-2.25320098498602e-10,6.31979258353508e-12
gyroSystem,1.974425950425,-0.875123467125439,0.53332897849524,0.757899711361342,0.574411972481605,1.89922522873269,-0.00390481349210796,0,0.574054083402177,-0.00169835905499234,0.625867055630221
input,0.999999777300375,-0.999999139643876,0.0653061653031786,0.708526028385216,0.502009132899328,1.52849625437444,-0.14588947434641,0,0.501696354623378,-0.0518424333023463,0.38472133371141
error,0.528031857239395,-0.375563923667453,-0.00108965395951443,0.172930627718537,0.0299050020031274,2.81824093795023,0.285500110582889,0,0.0298863696031254,0.00147508153092304,0.00251723896273159
