signalsNamesOrdered,maxSignals,minSignals,meanSignals,standardDeviationSignals,varianceSignals,kurtosisSignals,skewnessSignals,firstMomentSignals,secondMomentSignals,thirdMomentSignals,fourthMomentSignals
compassSystem,1.48507322506421,-1.22642048805034,0.0399638743065871,0.844705164312171,0.713526814615651,1.56071296558431,-0.0229494438555005,0,0.713080860356516,-0.0138191183183785,0.793598060730215
compassFilter,1.4850464581189,-1.22642489935172,0.0399182725435573,0.844653814689213,0.71344006666904,1.56087151171048,-0.022846104606905,0,0.712994166627372,-0.0137543833996545,0.793485705652871
fullSystem,1.48446341344017,-1.22645079353403,0.040016772841327,0.844595903173425,0.713342239657334,1.56063874057513,-0.0230475638726724,0,0.712896400757548,-0.0138728170930471,0.793149815563925
gyroFilter,0.00216973324379782,-0.0020434406606964,9.8500297769592e-05,0.00120362327832955,1.44870899613677e-06,1.58799046593511,-0.081604651639108,0,1.44780355301418e-06,-1.42160640760355e-10,3.328642598767e-12
gyroSystem,1.97441502042446,-0.875123467125438,0.510298438233065,0.748829410873065,0.560745486588501,1.93989855264353,0.00792952456572547,0,0.560395020659384,0.00332650783368794,0.609210744819396
input,0.999996445818464,-0.999990539775859,0.0428263567036166,0.709058038697807,0.502763302241981,1.51297797038882,-0.103812037415733,0,0.50244907517808,-0.0369730936971596,0.381958964184775
error,0.529797156293692,-0.37528010805419,-0.00280958386228962,0.172810256857431,0.0298633848751313,2.84722780888882,0.32378105940109,0,0.0298447202595844,0.00166937039943176,0.00253604667207701
