signalsNamesOrdered,maxSignals,minSignals,meanSignals,standardDeviationSignals,varianceSignals,kurtosisSignals,skewnessSignals,firstMomentSignals,secondMomentSignals,thirdMomentSignals,fourthMomentSignals
compassSystem,1.48370734873085,-1.2258413291639,0.0512654177338509,0.841222024589515,0.707654494654483,1.56066515960404,-0.0452582652645797,0,0.707209708674185,-0.0269166014927763,0.780559769017781
compassFilter,1.48357059646083,-1.22583701753872,0.0511933204045882,0.841176917773659,0.707578606995193,1.56089919138376,-0.0451053957623688,0,0.707133868712984,-0.026821369900358,0.780509391056701
fullSystem,1.48303804536587,-1.22581302134653,0.0513037412345037,0.841118669090138,0.707480615491964,1.56063306967771,-0.0453295411261511,0,0.707035938800895,-0.0269490560184716,0.780160188676603
gyroFilter,0.00201026597730181,-0.00189491729260058,0.000110420829915587,0.00111952366471088,1.25333323584768e-06,1.58545150191087,-0.10792081636016,0,1.25254547140026e-06,-1.5128486202944e-10,2.4873675481858e-12
gyroSystem,1.97434200841479,-0.875123467125439,0.520989621574528,0.751465001486896,0.564699648459701,1.9423151235189,0.00996093639765048,0,0.564344714676885,0.0042229589531658,0.618598148562773
input,0.999998626660969,-0.999999562899442,0.0540623940499621,0.707174667092703,0.500096009777675,1.51856068614598,-0.126184392305315,0,0.499781681675992,-0.0445837034756991,0.379308714291584
error,0.527347114352369,-0.375349565636274,-0.00275865281545829,0.170961999132689,0.0292280051474457,2.77952896813866,0.275329522378632,0,0.0292096343082581,0.00137449119195637,0.00237150172158059
