signalsNamesOrdered,maxSignals,minSignals,meanSignals,standardDeviationSignals,varianceSignals,kurtosisSignals,skewnessSignals,firstMomentSignals,secondMomentSignals,thirdMomentSignals,fourthMomentSignals
compassSystem,1.48321111180191,-1.2245582710715,0.0438310651137824,0.84530908640791,0.714547451563776,1.55154340804181,-0.0282120578780895,0,0.714106916760099,-0.0170247061870014,0.791207526181996
compassFilter,1.48314305611206,-1.2245470953299,0.0437408452181879,0.845236277480326,0.714424364768799,1.55173732843954,-0.0279743863548918,0,0.71398390585094,-0.0168769204021573,0.791033820773511
fullSystem,1.48229402166255,-1.22451546879086,0.0439059098625288,0.845154244831471,0.714285697556654,1.55142386029733,-0.0283598964683313,0,0.713845324130294,-0.0171045171862424,0.79056704133317
gyroFilter,0.00305987351576081,-0.00288023010346464,0.000165064644341011,0.00169889293933734,2.88623721933026e-06,1.58889072460433,-0.0867455855377144,0,2.8844577882456e-06,-4.24955705559565e-10,1.32197245255568e-11
gyroSystem,1.97435128625116,-0.875123467125438,0.517562185038359,0.760757429073704,0.578751865890832,1.92297240865819,0.0260407479898384,0,0.578395052163403,0.0114548737881632,0.643312797903379
input,0.999999666474039,-0.999990206550703,0.0479149296540748,0.71063703856131,0.505005000575189,1.50722347427659,-0.110734203539393,0,0.504693653472491,-0.0397030208288164,0.383913457973289
error,0.5288600805021,-0.375467668558559,-0.00400901979154593,0.171638141434895,0.0294596515952249,2.71701639788602,0.275366988702106,0,0.0294414890480022,0.00139107816033041,0.00235511328430554
