signalsNamesOrdered,maxSignals,minSignals,meanSignals,standardDeviationSignals,varianceSignals,kurtosisSignals,skewnessSignals,firstMomentSignals,secondMomentSignals,thirdMomentSignals,fourthMomentSignals
compassSystem,1.48384193702389,-1.2260285273672,0.0687152675493735,0.844209147043519,0.712689083951946,1.55983486007144,-0.0686281981637134,0,0.712250775782234,-0.0412526633853642,0.791306045781159
compassFilter,1.48381739341008,-1.22602324282111,0.0686742979260439,0.844165285793963,0.712615029739604,1.56007618375894,-0.0684878623535981,0,0.712176767113688,-0.0411618905936465,0.791264006360319
fullSystem,1.4831943272479,-1.2260703821694,0.0687715512532589,0.84409837655595,0.712502069304391,1.55978895215641,-0.0687134442418288,0,0.712063876149837,-0.0412876485298495,0.790867534763627
gyroFilter,0.00231165880480827,-0.00217624684051718,9.72533272150529e-05,0.00128371972880519,1.64793634212366e-06,1.58413316414425,-0.067496443862858,0,1.64692285113834e-06,-1.42656240701072e-10,4.29673131453718e-12
gyroSystem,1.97437011052265,-0.875123467125439,0.534337427861872,0.749004544206538,0.561007807242044,1.95759141736889,-0.0233465929321242,0,0.560662783990357,-0.00980112899023026,0.615354683903991
input,0.999999992458277,-0.999993776852655,0.0667673158967902,0.708035341020023,0.501314044133341,1.5199957188617,-0.148939008395072,0,0.501005732913086,-0.0528168506015692,0.381529176911318
error,0.52868944269349,-0.37555420427734,0.00200423535646892,0.173306914907246,0.0300352867546672,2.83593589866367,0.283629582556609,0,0.0300168148685943,0.0014750217891498,0.00255520426399794
