signalsNamesOrdered,maxSignals,minSignals,meanSignals,standardDeviationSignals,varianceSignals,kurtosisSignals,skewnessSignals,firstMomentSignals,secondMomentSignals,thirdMomentSignals,fourthMomentSignals
compassSystem,1.48302516142245,-1.22710228084184,0.0429224218726198,0.845017845368855,0.714055158991822,1.55242022625882,-0.0278766012805175,0,0.713600636293546,-0.0168043866777569,0.79053253740145
compassFilter,1.48302391579553,-1.22706586226437,0.0428840772671307,0.844975544032536,0.71398367001308,1.55254790550729,-0.0278418127424059,0,0.713529192820201,-0.0167808952915846,0.790439258571957
fullSystem,1.48263382171123,-1.22712624161734,0.0429571110918249,0.844945267135674,0.713932504454976,1.55236217294794,-0.0279575747889391,0,0.71347805983088,-0.0168488564177221,0.79023142624704
gyroFilter,0.00143165524010891,-0.00136186258656096,7.30338246941364e-05,0.000798433989086562,6.3749683492868e-07,1.5982233095549,-0.0914824755596814,0,6.37091044454505e-07,-4.65200484883188e-11,6.48694866279214e-13
gyroSystem,1.97435175821376,-0.875123467125439,0.511690665560091,0.751025403752416,0.56403915708148,1.93794719010685,0.0114696823040903,0,0.56368012515463,0.00485400782431233,0.61575419984566
input,0.999997926142629,-0.999990206550703,0.0460230866375609,0.710874188563386,0.505342111965652,1.50809121348178,-0.104595822822846,0,0.505020442893746,-0.0375385746550492,0.384632100394362
error,0.527304840001294,-0.375605021888888,-0.003065975545736,0.170590868972064,0.0291012445766439,2.78082466497537,0.270910387679059,0,0.0290827205508154,0.00134362539381626,0.00235203438974855
