signalsNamesOrdered,maxSignals,minSignals,meanSignals,standardDeviationSignals,varianceSignals,kurtosisSignals,skewnessSignals,firstMomentSignals,secondMomentSignals,thirdMomentSignals,fourthMomentSignals
compassSystem,1.48343348125123,-1.22604440727493,0.0493479809235246,0.843333542012336,0.711211463083073,1.55869497321649,-0.0483009033026423,0,0.710757594887104,-0.0289425982641884,0.787415850877449
compassFilter,1.48334239415223,-1.22600752514434,0.0492975215804524,0.843300549068676,0.71115581605953,1.55878180735035,-0.0482024794452103,0,0.710701983375383,-0.0288802314410211,0.787336496481584
fullSystem,1.48298176760197,-1.22606471200165,0.0493772356474129,0.843264096789827,0.711094336934764,1.55865423706999,-0.0483585946368101,0,0.710640543484263,-0.028970009863918,0.787135948274911
gyroFilter,0.00136846478909647,-0.00129403022567299,7.97140669606714e-05,0.000752441718740305,5.66168540100864e-07,1.60203251314695,-0.109029075297417,0,5.65807232800225e-07,-4.64028944273376e-11,5.12871203839993e-13
gyroSystem,1.9744188312927,-0.875123467125438,0.518316836484863,0.749691130817966,0.562036791627121,1.93033017795518,-0.00763027953107347,0,0.561678121051737,-0.00321197169298879,0.608985026824207
input,0.999999938185334,-0.999990206550703,0.0530029695188022,0.709675436268676,0.503639224843136,1.51648807198272,-0.128250271342968,0,0.503317821381206,-0.0457953892491786,0.384170147953011
error,0.527009939386767,-0.375427718310304,-0.00362573387138929,0.170812856861955,0.0291770320693428,2.75070862987861,0.258083626371572,0,0.0291584123934849,0.00128500927810638,0.00233868827294288
