signalsNamesOrdered,maxSignals,minSignals,meanSignals,standardDeviationSignals,varianceSignals,kurtosisSignals,skewnessSignals,firstMomentSignals,secondMomentSignals,thirdMomentSignals,fourthMomentSignals
compassSystem,1.48084283123921,-1.2242518023529,0.0582765910724216,0.841684868154404,0.708433417280097,1.56809398660406,-0.0596495318058318,0,0.707997994159458,-0.0355348985694442,0.786024610296772
compassFilter,1.48073190400508,-1.2242357254922,0.0582325610649637,0.841638557488678,0.708355461451624,1.56826695355324,-0.0595636459770133,0,0.707920086244831,-0.0354778772030013,0.785938314461656
fullSystem,1.48030235629709,-1.22428600500231,0.0583123928930644,0.841604763075814,0.708298577231898,1.56805569810014,-0.0597181342727233,0,0.707863236987748,-0.0355656104672302,0.78570623672033
gyroFilter,0.0016292129942263,-0.00152719292385009,7.98318281008439e-05,0.000900398484429557,8.10717430763042e-07,1.58959485496478,-0.0905261868481026,0,8.10219141008425e-07,-6.60203733233991e-11,1.04349758025876e-12
gyroSystem,1.9743533869366,-0.875123467125438,0.528703309930076,0.749147342904725,0.56122174138121,1.94168187079756,-0.0216922058734077,0,0.560876798700582,-0.00911181577486859,0.610819687238673
input,0.999999386500628,-0.999990206550703,0.0596469787939222,0.707457887472499,0.500496662547051,1.52474297813894,-0.139481112254154,0,0.500189043209284,-0.0493419902464401,0.381474041330907
error,0.524772888221904,-0.375562706911544,-0.00133458590085778,0.171301725021434,0.0293442809953191,2.80238256805558,0.277166202970875,0,0.0293262451741788,0.00139195425799403,0.00241012931364764
