signalsNamesOrdered,maxSignals,minSignals,meanSignals,standardDeviationSignals,varianceSignals,kurtosisSignals,skewnessSignals,firstMomentSignals,secondMomentSignals,thirdMomentSignals,fourthMomentSignals
compassSystem,1.48019725186885,-1.22585444322779,0.0650489364737539,0.837645106019324,0.701649323638125,1.56591450301178,-0.0778826328918658,0,0.70121486585259,-0.0457316948282039,0.769963744088382
compassFilter,1.48020053858393,-1.22584477600662,0.064868346966644,0.837550211005136,0.701490355954748,1.56605586140446,-0.0774699909579651,0,0.701055996601216,-0.0454739382784416,0.769684367975953
fullSystem,1.47924257094274,-1.22579770321778,0.0651249089968005,0.83747636232697,0.701366657456414,1.56579646099003,-0.0779977189664483,0,0.700932374696379,-0.0457715986838968,0.769285499667196
gyroFilter,0.00349806160694355,-0.00330249316020025,0.000256562030156527,0.00195931281497254,3.83890670691563e-06,1.59882134932116,-0.139275340840058,0,3.83652967489896e-06,-1.04660323447186e-09,2.35329874020759e-11
gyroSystem,1.97442962861746,-0.875123467125439,0.532467431969838,0.755602902320304,0.570935745994866,1.90971531917275,-0.0242279521834897,0,0.570582225409111,-0.0104422494982529,0.62173470321941
input,0.999996104747252,-0.999998844646173,0.0670980084810665,0.704885818494987,0.496864017115348,1.53766266383349,-0.158466289839011,0,0.496556361377196,-0.0554484888778883,0.379138746019031
error,0.524797112470787,-0.375362648476978,-0.00197309948426608,0.168456810495897,0.0283776970024506,2.70620173641742,0.20553355137596,0,0.0283601256730374,0.000981623513785009,0.0021765892024239
