signalsNamesOrdered,maxSignals,minSignals,meanSignals,standardDeviationSignals,varianceSignals,kurtosisSignals,skewnessSignals,firstMomentSignals,secondMomentSignals,thirdMomentSignals,fourthMomentSignals
compassSystem,1.48499121444191,-1.22567330580097,0.0425842013952034,0.84730557515883,0.717926737695236,1.54432292922007,-0.0261789474498381,0,0.717490042599314,-0.0159102131784149,0.795005029504367
compassFilter,1.48494829460154,-1.22552491639691,0.042360842419174,0.847097800401645,0.717574683445305,1.54477302205074,-0.0256354770298832,0,0.717138202494304,-0.0155684612754574,0.794456994427274
fullSystem,1.48329352832899,-1.22583698097768,0.0426914232569802,0.846980004641506,0.717375128262526,1.5440846087525,-0.0264330067699284,0,0.716938768695456,-0.0160461063264498,0.793661338802561
gyroFilter,0.00597953799187018,-0.00562035389159908,0.000330580837806395,0.0033211117809811,1.10297834617715e-05,1.59176267802831,-0.093058501627199,0,1.10230743477436e-05,-3.40572957273132e-09,1.93412167018782e-10
gyroSystem,1.97442692428182,-0.875123467125439,0.506376862464446,0.754850873746936,0.569799841596513,1.90048556414233,0.0203789303291673,0,0.569453248018899,0.00875726508568539,0.616283760474817
input,0.999993742857021,-0.999990206550703,0.0469951418854374,0.712045843477985,0.507009283214276,1.50299421900467,-0.110062187238408,0,0.506700883406968,-0.0396977261408864,0.385887430977653
error,0.530782626114137,-0.375172953574959,-0.00430371862845723,0.171684124327471,0.0294754385460906,2.73281017099498,0.281853743259907,0,0.0294575094472183,0.00142500978158882,0.00237138198697854
