signalsNamesOrdered,maxSignals,minSignals,meanSignals,standardDeviationSignals,varianceSignals,kurtosisSignals,skewnessSignals,firstMomentSignals,secondMomentSignals,thirdMomentSignals,fourthMomentSignals
compassSystem,1.4825423584031,-1.22518259654818,0.0585759097177966,0.840232898386465,0.705991323530919,1.56753350399324,-0.0553155032196021,0,0.705548418058189,-0.0327821249518301,0.7803159370667
compassFilter,1.48234780944454,-1.22510754922606,0.0585135729560871,0.840176682821131,0.70589685835632,1.56774653672284,-0.0550987267075441,0,0.70545401214656,-0.032647101120225,0.780213149687869
fullSystem,1.48163757245175,-1.2252220356298,0.0586468056951163,0.840097591748559,0.705763963661729,1.56745521162701,-0.0554486872940041,0,0.705321200823798,-0.0328451822772187,0.779774478019609
gyroFilter,0.00276286972034551,-0.00260866807434734,0.000133232739029044,0.00154301898946425,2.38090760184728e-06,1.57577229172802,-0.0732708070418373,0,2.37941393333922e-06,-2.68927971292675e-10,8.92140921430064e-12
gyroSystem,1.97437317844589,-0.875123467125439,0.526462602644949,0.753460272542108,0.567702382299228,1.93681486277225,-0.0214021269090784,0,0.567346232749479,-0.00914595790429815,0.623425353223253
input,0.999999567202564,-0.999996866360434,0.0591728850095979,0.705514973627648,0.497751378012821,1.52569635990264,-0.139706068545595,0,0.497439112405535,-0.0490145665107291,0.377526958833033
error,0.526432011610913,-0.37553387490092,-0.000526079314481662,0.17180957699426,0.0295185307469465,2.78238199461185,0.262277957091316,0,0.0295000122207564,0.00132890852081751,0.00242136993697733
