signalsNamesOrdered,maxSignals,minSignals,meanSignals,standardDeviationSignals,varianceSignals,kurtosisSignals,skewnessSignals,firstMomentSignals,secondMomentSignals,thirdMomentSignals,fourthMomentSignals
compassSystem,1.48168754576499,-1.22515325134899,0.0434782796833169,0.842639851281453,0.71004191896763,1.56331959373686,-0.0271354966035203,0,0.709605507216574,-0.0162204627530699,0.787193910510624
compassFilter,1.48156520304546,-1.22510554038875,0.0434274452596424,0.842595847301203,0.709967761889232,1.56345744168696,-0.0269819223802977,0,0.709531395717204,-0.0161261358574447,0.787098886822511
fullSystem,1.48109169394348,-1.22518144659184,0.0435151451349796,0.842550052363691,0.709890590738059,1.56326016958984,-0.0271942930606612,0,0.709454271997593,-0.016250412354497,0.786828493972478
gyroFilter,0.00179653802767055,-0.00169078041658347,8.7699875337213e-05,0.000994016102821578,9.88068012668598e-07,1.59443579199131,-0.0783491622358137,0,9.87460718253928e-07,-7.68801282762129e-11,1.55470033160606e-12
gyroSystem,1.97442051311785,-0.875123467125439,0.514271473999548,0.752242651138602,0.565869006192033,1.94610351482266,0.0185684685940757,0,0.565521207171632,0.00789676894534916,0.622391608304531
input,0.999993742857021,-0.999990206550703,0.0473654605197828,0.708933835512942,0.502587183135092,1.52078503865813,-0.107929967726969,0,0.502278278904523,-0.0384201134862796,0.383668925854453
error,0.525577909208928,-0.375689736789411,-0.00385031538480323,0.170948974403268,0.029223551849529,2.75000976718963,0.263084811333171,0,0.0292055902319202,0.00131309079554711,0.00234566620827135
