signalsNamesOrdered,maxSignals,minSignals,meanSignals,standardDeviationSignals,varianceSignals,kurtosisSignals,skewnessSignals,firstMomentSignals,secondMomentSignals,thirdMomentSignals,fourthMomentSignals
compassSystem,1.49943404822929,-1.2500066720856,0.047723681511801,0.844259265290329,0.712773707028566,1.54239837324012,-0.0413222829910967,0,0.712185124281226,-0.0248355427156253,0.782316256179035
compassFilter,1.49980743883921,-1.25016424078457,0.0474347583155223,0.843904769511253,0.712175260003841,1.54335031929483,-0.0405800022089566,0,0.711587171432409,-0.0243587069882833,0.781485161213137
fullSystem,1.49572717008686,-1.2509292895256,0.0479902160461311,0.843594634041807,0.71165190658413,1.54178479024685,-0.0415779443972414,0,0.711064250179024,-0.0249302297406059,0.779545458562177
gyroFilter,0.0162052073584155,-0.0152756405165778,0.000555457730608721,0.00910011518418905,8.2812096365508e-05,1.56264207038955,-0.0507393621253297,0,8.27437131315151e-05,-3.81898112704744e-08,1.06986634111666e-08
gyroSystem,1.97434085422613,-0.875123467125438,0.532269812609243,0.757439736489238,0.573714954412886,1.90799638289245,-0.00181425089392293,0,0.573241201353916,-0.000787414561734479,0.626978057564485
input,0.999998935053365,-0.999999130783841,0.0470086583913285,0.708842107424161,0.502457133257525,1.50689699880545,-0.104435224145187,0,0.50204222232998,-0.037149875975149,0.37980795317449
error,0.545946230831012,-0.375284006515202,0.000981557654802563,0.169951044297525,0.0288833574578192,2.77861271041164,0.212548053363694,0,0.028859506625897,0.00104205462424577,0.00231422628764179
