signalsNamesOrdered,maxSignals,minSignals,meanSignals,standardDeviationSignals,varianceSignals,kurtosisSignals,skewnessSignals,firstMomentSignals,secondMomentSignals,thirdMomentSignals,fourthMomentSignals
compassSystem,1.48693855177649,-1.22533335096485,0.0714839874085612,0.838039952286538,0.702310961628423,1.58746416367757,-0.0749125667240633,0,0.701861626400254,-0.0440485812794555,0.7820003130769
compassFilter,1.48681002297126,-1.2253386486584,0.0714197816155987,0.838006259871892,0.702254491584477,1.58755664793722,-0.0747613049473179,0,0.701805192485574,-0.043954337546523,0.781920114355485
fullSystem,1.48630727863059,-1.22533804731458,0.071524123447663,0.83794775676445,0.702156443066574,1.58739708422908,-0.0749861407880963,0,0.701707206698649,-0.0440772923576958,0.781623218737756
gyroFilter,0.0019098229013817,-0.00178843290881768,0.000104341832064339,0.00105593783612275,1.1150047137556e-06,1.59693333979243,-0.10094098537645,0,1.11429133901872e-06,-1.18731422855269e-10,1.98282459724878e-12
gyroSystem,1.97436084691036,-0.875123467125439,0.535337476890933,0.75379079472169,0.568200562207157,1.95454833407795,-0.0245294692553306,0,0.567837030177594,-0.0104959974713399,0.630222400844138
input,0.999999728665895,-0.999990206550703,0.0716736866142263,0.70352979254544,0.49495416899903,1.5535048828173,-0.161895586980101,0,0.494637499665058,-0.0563203789148653,0.380090223472985
error,0.530369174951278,-0.375408627199095,-0.000149563166563276,0.172630859595507,0.0298014136846838,2.78638801029736,0.252767631661572,0,0.0297823468813027,0.00129915160964373,0.00247149324607217
