signalsNamesOrdered,maxSignals,minSignals,meanSignals,standardDeviationSignals,varianceSignals,kurtosisSignals,skewnessSignals,firstMomentSignals,secondMomentSignals,thirdMomentSignals,fourthMomentSignals
compassSystem,1.48314899056245,-1.22598629577693,0.0557414206670026,0.843443649664386,0.711397190159179,1.5573314010751,-0.0542760238256067,0,0.710946082238977,-0.032535914821439,0.787144329486906
compassFilter,1.48304582075987,-1.22594597544759,0.0556842404174493,0.843406934146056,0.71133525656565,1.55743862354458,-0.0541508547429929,0,0.710884187918494,-0.0324566429334528,0.787061464865
fullSystem,1.48264026364368,-1.22601041849439,0.0557716274593989,0.843366404556154,0.711266892333974,1.55728691592722,-0.0543429861076307,0,0.71081586703763,-0.0325671061293425,0.786833536379081
gyroFilter,0.00153665499838612,-0.00144174481171759,8.73870419494743e-05,0.00084797344421995,7.19058962102245e-07,1.59820905633715,-0.0988189721007937,0,7.18602995734394e-07,-6.01968640302017e-11,8.25299598891994e-13
gyroSystem,1.97437400595858,-0.875123467125439,0.52327330176491,0.755172501458897,0.570285506959688,1.92178192152238,-0.0091962647027205,0,0.569923880132193,-0.00395673300087602,0.624220191642039
input,0.99999954261247,-0.999990206550703,0.0575656558424121,0.709083188312491,0.502798967947408,1.52186813949509,-0.134879527498623,0,0.502480135374201,-0.0480423653929334,0.384250835001105
error,0.526854525254988,-0.375575164829819,-0.00179402838301326,0.170678162982585,0.0291310353191098,2.77309473232236,0.266188987803604,0,0.0291125628807337,0.00132224137926602,0.0023503123629423
