signalsNamesOrdered,maxSignals,minSignals,meanSignals,standardDeviationSignals,varianceSignals,kurtosisSignals,skewnessSignals,firstMomentSignals,secondMomentSignals,thirdMomentSignals,fourthMomentSignals
compassSystem,1.48488307329894,-1.22554151050028,0.0610570733383672,0.84250806309738,0.709819836384099,1.56164111863574,-0.0640805276625395,0,0.709365987383853,-0.0382852617742499,0.7858179733973
compassFilter,1.48482687697747,-1.22546835131567,0.0609894562051377,0.84244494330445,0.709713482499238,1.56181200901834,-0.0639268882299169,0,0.709259701500198,-0.0381848854577354,0.785668475620624
fullSystem,1.48407621297223,-1.22558858928704,0.0611283967650867,0.842366651846474,0.709581576143039,1.56154269408066,-0.0642438250554656,0,0.709127879483101,-0.0383635007767651,0.785241027927813
gyroFilter,0.00279235066326405,-0.00263737854499067,0.000138940559949124,0.00155750744955033,2.42582945540479e-06,1.5834810978451,-0.0797294455077561,0,2.4242784135535e-06,-3.00948709500147e-10,9.30631765579569e-12
gyroSystem,1.97422657612217,-0.875123467125439,0.533239042660716,0.751907760669847,0.565365280555544,1.92009432952483,-0.00559614636715697,0,0.565003793803271,-0.0023766548228981,0.612950343810166
input,0.999995168014505,-0.999996564239788,0.0620920156070825,0.707463066988302,0.500503991152494,1.52255485067904,-0.14381321850448,0,0.500183975812883,-0.0508737167056293,0.380918877470138
error,0.529972014018284,-0.375524784665487,-0.000963618841995711,0.171621455840492,0.0294539241048099,2.73853953608484,0.243536108028617,0,0.0294350916725179,0.00122987635011433,0.00237273808175321
