signalsNamesOrdered,maxSignals,minSignals,meanSignals,standardDeviationSignals,varianceSignals,kurtosisSignals,skewnessSignals,firstMomentSignals,secondMomentSignals,thirdMomentSignals,fourthMomentSignals
compassSystem,1.48355819393746,-1.22516976159632,0.0477827188066776,0.836049626043318,0.698978977207172,1.57951148933065,-0.0276598791164529,0,0.698541020454536,-0.0161487216641412,0.770737727017177
compassFilter,1.48355353267264,-1.22509581916972,0.0477136754420081,0.83596227394749,0.698832923463459,1.57975518003883,-0.0275113973520403,0,0.698395058223193,-0.016056999211686,0.770534526292817
fullSystem,1.48276289181646,-1.22524325782874,0.04785463883443,0.835907010701696,0.698740530540245,1.57941805258333,-0.0277959881997829,0,0.698302723190282,-0.0162198831862956,0.770166402185226
gyroFilter,0.00290707170111387,-0.00273587060530533,0.000140963392421879,0.00162728683190299,2.64806243328487e-06,1.57656942268478,-0.0881969187536278,0,2.64640324629659e-06,-3.79697243082117e-10,1.1041425347189e-11
gyroSystem,1.97437524114633,-0.875123467125439,0.524341967845289,0.74539430154924,0.55561266478208,1.96645643599637,0.00267501407681856,0,0.555264536546001,0.00110681739816167,0.606295302858304
input,0.999994715616497,-0.999996930812785,0.0506673795568541,0.7028247827739,0.49396267528118,1.53503131143561,-0.107173586265217,0,0.493653174858071,-0.0371724054177177,0.374077086959829
error,0.527837729053685,-0.375475643816441,-0.00281274072242427,0.170021337428903,0.0289072551811128,2.80797554920955,0.263405040708302,0,0.0288891428658365,0.00129337977840979,0.0023434874658641
