signalsNamesOrdered,maxSignals,minSignals,meanSignals,standardDeviationSignals,varianceSignals,kurtosisSignals,skewnessSignals,firstMomentSignals,secondMomentSignals,thirdMomentSignals,fourthMomentSignals
compassSystem,1.48046964137896,-1.22555620535573,0.0522208531456434,0.838294655020458,0.702737928635869,1.57005632770166,-0.0405532851246405,0,0.702304139791032,-0.0238678820916123,0.774400617059683
compassFilter,1.48048363071251,-1.22546842595082,0.0521582891124073,0.838211787772835,0.702599001161333,1.57047891844517,-0.0403846931701489,0,0.702165298074196,-0.0237616082204051,0.774302810222022
fullSystem,1.47956431679427,-1.2256422524385,0.0523075343264103,0.838130809893434,0.702463254492623,1.57001440912608,-0.0406859441034475,0,0.702029635199726,-0.0239319213321528,0.773774707131411
gyroFilter,0.003351509716567,-0.00316447097708385,0.000149245214002942,0.00188392803685367,3.54918484804333e-06,1.57951140764721,-0.075515827455707,0,3.54699399319886e-06,-5.04462241161756e-10,1.98720958310201e-11
gyroSystem,1.9744167978565,-0.875123467125438,0.520225319409997,0.754851326147313,0.569800524586357,1.93441723630202,9.81595768848241e-05,0,0.569448795867476,4.21807887165186e-05,0.627277212797638
input,0.999999921426406,-0.999995430170585,0.0531452028283496,0.705605958807786,0.497879769105055,1.52398702790785,-0.118696900797263,0,0.49757243591425,-0.0416604397722534,0.377306161759123
error,0.524951824460296,-0.375385126922536,-0.000837668501939313,0.170747964025291,0.0291548672187821,2.81171764526179,0.253193505706248,0,0.0291368703871656,0.00125926436893829,0.00238702798418281
