signalsNamesOrdered,maxSignals,minSignals,meanSignals,standardDeviationSignals,varianceSignals,kurtosisSignals,skewnessSignals,firstMomentSignals,secondMomentSignals,thirdMomentSignals,fourthMomentSignals
compassSystem,1.48428960504038,-1.22675549523749,0.0567107018567525,0.843490280283608,0.71147585293292,1.55474449246046,-0.0530835217461587,0,0.711029506726563,-0.0318266672322742,0.78602122677485
compassFilter,1.48425982138054,-1.22675805005634,0.0566637921517844,0.843453730848735,0.71141419608265,1.55481836071372,-0.0529456998850733,0,0.710967888556877,-0.031739908647163,0.785922337279552
fullSystem,1.48379427774581,-1.22678334856295,0.0567516276602884,0.843409585876061,0.711339729547628,1.55465819836879,-0.0531446732699779,0,0.710893468738627,-0.0318541871789651,0.785676873529462
gyroFilter,0.00174167181390894,-0.00164542401326023,8.78355085039719e-05,0.000964064082557692,9.29419555277804e-07,1.59358094791527,-0.0834560007309777,0,9.28836481529199e-07,-7.47078892316659e-11,1.37484157998857e-12
gyroSystem,1.97442669623856,-0.875123467125438,0.526232687532136,0.75881565997352,0.575801205821049,1.93583394223082,0.0120296677186837,0,0.575439975453533,0.0052511409375367,0.641014949214902
input,0.999996001987396,-0.999990206550703,0.0581932852801093,0.70951632565016,0.503413416364104,1.52210162652298,-0.132497094258359,0,0.503097598662495,-0.0472807895870913,0.385254871337158
error,0.529210613935274,-0.375567894800405,-0.00144165761982087,0.170134538590791,0.0289457612215013,2.71834353482961,0.241591754814409,0,0.0289276020237463,0.00118864114480262,0.00227472661179986
