signalsNamesOrdered,maxSignals,minSignals,meanSignals,standardDeviationSignals,varianceSignals,kurtosisSignals,skewnessSignals,firstMomentSignals,secondMomentSignals,thirdMomentSignals,fourthMomentSignals
compassSystem,1.48595063603574,-1.22551995652155,0.0561287412975169,0.833337598016488,0.694451552267889,1.58344064023353,-0.0443864740061101,0,0.694036954326237,-0.0256640114067163,0.762723237156905
compassFilter,1.48577072635694,-1.22547392852229,0.0559222894054878,0.833105865576635,0.694065383258194,1.58417707683524,-0.0439075323849809,0,0.693651015865204,-0.0253659171887281,0.762229544014291
fullSystem,1.48376690716686,-1.22548899183034,0.0562890839342791,0.832941044796766,0.693790784107128,1.58320008776469,-0.0447031280255383,0,0.69337658065393,-0.0258102176361308,0.761156820165996
gyroFilter,0.00744395058296315,-0.00700964952932825,0.00036679452879132,0.00420431078068914,1.76762291406189e-05,1.56385949035506,-0.0891736456964078,0,1.76656761679977e-05,-6.62112702641066e-09,4.88043193331046e-10
gyroSystem,1.97435071279496,-0.875123467125439,0.524903099027749,0.749051418529174,0.561078027600567,1.94536854750226,0.00761403837584551,0,0.560743055643791,0.0031971345756736,0.611687629724225
input,0.999999931483556,-0.999996648114147,0.0581032551777227,0.70064950615962,0.49090973048172,1.54301483084213,-0.128922750412209,0,0.490616650045611,-0.0443040048795577,0.371410917790318
error,0.530996796493436,-0.374962691414994,-0.00181417124344366,0.169596082093464,0.028762831061453,2.79351461805818,0.263353893689785,0,0.0287456592220133,0.00128350673792917,0.00230831723258643
