signalsNamesOrdered,maxSignals,minSignals,meanSignals,standardDeviationSignals,varianceSignals,kurtosisSignals,skewnessSignals,firstMomentSignals,secondMomentSignals,thirdMomentSignals,fourthMomentSignals
compassSystem,1.48580141402216,-1.22357504907899,0.0515091251531918,0.841397142074866,0.707949150691752,1.55866047622718,-0.0353680227701772,0,0.707501930760803,-0.0210475827459773,0.780201501311083
compassFilter,1.48568404960194,-1.22354481777952,0.0514686888458691,0.84135811835705,0.707883483325315,1.55884270927111,-0.0352617642034287,0,0.707436304877226,-0.0209814284497005,0.780147970907901
fullSystem,1.48521764253306,-1.22361084599418,0.0515481685330661,0.841315051125473,0.707811015250258,1.55861352469108,-0.0354341215810806,0,0.707363882581116,-0.0210807468474545,0.779873571449788
gyroFilter,0.00176971690643202,-0.00166522621135236,7.9479687197166e-05,0.000982204069754975,9.64724834643235e-07,1.57916751365408,-0.0725923672641655,0,9.64115406446998e-07,-6.87202124528022e-11,1.46786544530493e-12
gyroSystem,1.97436302759932,-0.875123467125438,0.520626462877439,0.751349884896478,0.564526649533951,1.93488880387103,0.0150611471813775,0,0.564170031309356,0.00638223912033287,0.615851547506451
input,0.999999804752955,-0.999990206550703,0.0542513997601885,0.706701138019073,0.499426498477453,1.51567188747591,-0.113155952980551,0,0.499111004795534,-0.039900021067231,0.377571744683865
error,0.529175035431651,-0.375568584131415,-0.00270323122712233,0.171316429765839,0.0293493191077137,2.77298749159499,0.268625682972933,0,0.0293307787924214,0.00134937582280898,0.0023855861220994
