signalsNamesOrdered,maxSignals,minSignals,meanSignals,standardDeviationSignals,varianceSignals,kurtosisSignals,skewnessSignals,firstMomentSignals,secondMomentSignals,thirdMomentSignals,fourthMomentSignals
compassSystem,1.78930775267864,0,0.979575158693565,0.242405641523086,0.0587604950422188,9.94854823983453,-1.24491027679117,0,0.0587229243932149,-0.0177153429795595,0.0343063931770436
compassFilter,1.78926362214235,0,0.979468103180981,0.242578709462202,0.0588444302843474,9.94861303419957,-1.24902583641154,0,0.0588068059683088,-0.0178120050516044,0.0344046957993299
fullSystem,1.78965736968958,0.00186747122574704,0.98444043097616,0.229945787834209,0.0528750653426951,9.97871740474016,-0.998223651972045,0,0.0528412577561589,-0.0121251627161272,0.0278625599815152
gyroFilter,1,-0.000732816764989597,0.00497232779518387,0.0603788252464689,0.00364560253814363,206.387561521429,13.9731661261407,0,0.00364327159022922,0.00307278478146034,0.00273947041321911
gyroSystem,2.00387408140234,1,1.45705646636851,0.291443473791167,0.0849392984154624,1.89061786144798,0.262686627995797,0,0.0848849894011303,0.00649657286513906,0.0136227740712705
input,1,1,1,0,0,NaN,NaN,0,0,0,0
error,0.789657369689584,-0.998132528774253,-0.0155595690238383,0.229945787834209,0.0528750653426951,9.9787174047402,-0.99822365197207,0,0.0528412577561588,-0.0121251627161275,0.0278625599815153
