signalsNamesOrdered,maxSignals,minSignals,meanSignals,standardDeviationSignals,varianceSignals,kurtosisSignals,skewnessSignals,firstMomentSignals,secondMomentSignals,thirdMomentSignals,fourthMomentSignals
compassSystem,1.78859219712283,0,0.979577327291658,0.243455665852502,0.0592706612356849,9.91169270552959,-1.22783833183461,0,0.0592332192513289,-0.0177006490913996,0.0347759099281569
compassFilter,1.78834350684035,0,0.979420966888013,0.243653738995531,0.0593671445265024,9.9122958491471,-1.23443526973019,0,0.0593296415924996,-0.0178392219501398,0.0348913445451358
fullSystem,1.78888093696651,0.00307174470871361,0.985065990643617,0.229020383236578,0.0524503359378292,9.89083510070105,-0.929398748215714,0,0.0524172024343941,-0.0111535428695038,0.0271756936601474
gyroFilter,1,-0.000996656107449256,0.00564502375560041,0.0629883357731575,0.00396753044347204,182.155728049754,13.0502811434988,0,0.00396502410712114,0.00325828160111412,0.00286374600842896
gyroSystem,2.00387408140235,1,1.45864932815218,0.292189446679809,0.085374672751053,1.86118220903011,0.245109995536506,0,0.0853207405509576,0.00610861770404817,0.0135487155516503
input,1,1,1,0,0,NaN,NaN,0,0,0,0
error,0.788880936966514,-0.996928255291286,-0.0149340093563852,0.229020383236578,0.0524503359378291,9.89083510070105,-0.929398748215688,0,0.052417202434394,-0.0111535428695035,0.0271756936601473
