signalsNamesOrdered,maxSignals,minSignals,meanSignals,standardDeviationSignals,varianceSignals,kurtosisSignals,skewnessSignals,firstMomentSignals,secondMomentSignals,thirdMomentSignals,fourthMomentSignals
compassSystem,1.79258605752852,0,0.976115981875557,0.247483979867679,0.0612483202911457,9.56247339239095,-1.21825106104278,0,0.0612090836990309,-0.0184484810953979,0.0358263031177779
compassFilter,1.79254678939163,0,0.976024764852132,0.247645965521843,0.0613285242392457,9.56014045703848,-1.22112390968882,0,0.0612892362672795,-0.0185283202761602,0.0359114294187578
fullSystem,1.79290175366503,0.00172063263604243,0.981610367438912,0.233240569716478,0.0544011633616674,9.53196556207667,-0.93375110293981,0,0.0543663131609232,-0.0118365721975342,0.0281735925479422
gyroFilter,1,-0.000672688020661338,0.00558560258677778,0.0621722176350323,0.00386538464565782,184.196294103078,13.0842819207877,0,0.00386290842231019,0.00314138750375681,0.00274858842483865
gyroSystem,2.00387408140233,1,1.45843919925336,0.297186929698477,0.0883200711836077,1.848264839217,0.257110744421313,0,0.0882634920220551,0.00674204868607928,0.0143988037713132
input,1,1,1,0,0,NaN,NaN,0,0,0,0
error,0.792901753665032,-0.998279367363958,-0.0183896325610901,0.233240569716478,0.0544011633616674,9.5319655620766,-0.933751102939777,0,0.0543663131609232,-0.0118365721975338,0.0281735925479421
