signalsNamesOrdered,maxSignals,minSignals,meanSignals,standardDeviationSignals,varianceSignals,kurtosisSignals,skewnessSignals,firstMomentSignals,secondMomentSignals,thirdMomentSignals,fourthMomentSignals
compassSystem,1.79114187555096,0,0.975622904345646,0.24568431468845,0.0603607824839332,9.67992414576608,-1.34122375057808,0,0.0603213824953667,-0.0198704711637606,0.035222041713491
compassFilter,1.79119888120015,0,0.97558042097138,0.24575998995074,0.0603979726605878,9.67864045753094,-1.34276371444106,0,0.060358548396449,-0.0199116741559336,0.0352607812255364
fullSystem,1.7913691877732,0.000480994556446299,0.980255514375218,0.23391356027474,0.0547155536804045,9.72398217357335,-1.13499644313738,0,0.0546798385670361,-0.014512269541993,0.0290735859683923
gyroFilter,1,-0.000326491680490371,0.00467509340383898,0.0582192855850637,0.0033894852140352,217.969010240109,14.3372788080564,0,0.00338727275632369,0.00282645440787196,0.00250089288158232
gyroSystem,2.00387408140233,1,1.45261451378925,0.293248568849234,0.0859947231321236,1.89876738571683,0.280933175318722,0,0.0859385908063194,0.00707758949923798,0.0140232352400299
input,1,1,1,0,0,NaN,NaN,0,0,0,0
error,0.791369187773204,-0.999519005443554,-0.0197444856247803,0.23391356027474,0.0547155536804045,9.7239821735734,-1.1349964431374,0,0.0546798385670361,-0.0145122695419933,0.0290735859683923
