signalsNamesOrdered,maxSignals,minSignals,meanSignals,standardDeviationSignals,varianceSignals,kurtosisSignals,skewnessSignals,firstMomentSignals,secondMomentSignals,thirdMomentSignals,fourthMomentSignals
compassSystem,1.78981810558037,0,0.978967741682635,0.245657861915332,0.0603477851208124,9.88537580175512,-1.31457568468452,0,0.0603079778746904,-0.0194691838056533,0.0359536277614766
compassFilter,1.78974669256742,0,0.97892123592774,0.245756948031487,0.0603964775057511,9.88291122924484,-1.31609437890151,0,0.0603566381406418,-0.0195152714557056,0.036002692210496
fullSystem,1.78993667979417,0.000573450294883506,0.983695353079821,0.233579989413405,0.0545596114543665,9.94728037140537,-1.09416539290138,0,0.0545236222647528,-0.0139302857465339,0.0295715275985275
gyroFilter,1,-0.000378776402693903,0.00477411715208065,0.0587596664280344,0.00345269839873387,214.467026663604,14.2156744736489,0,0.00345042089319381,0.00288121443749972,0.00255331667006815
gyroSystem,2.00387408140233,1,1.45200917862905,0.289571859783804,0.0838518619786509,1.91025962696753,0.264465963490174,0,0.0837965507240475,0.00641518227047988,0.0134135793190184
input,1,1,1,0,0,NaN,NaN,0,0,0,0
error,0.789936679794173,-0.999426549705116,-0.0163046469201801,0.233579989413405,0.0545596114543665,9.94728037140536,-1.09416539290137,0,0.0545236222647528,-0.0139302857465337,0.0295715275985274
