signalsNamesOrdered,maxSignals,minSignals,meanSignals,standardDeviationSignals,varianceSignals,kurtosisSignals,skewnessSignals,firstMomentSignals,secondMomentSignals,thirdMomentSignals,fourthMomentSignals
compassSystem,1.79223680004943,0,0.978042770624515,0.242793285254905,0.0589485793648695,10.0905518745375,-1.36385498011667,0,0.0589104496240126,-0.019500991814434,0.0350186656938376
compassFilter,1.79218792757257,0,0.977962603314816,0.242913688827695,0.0590070602198785,10.0875877597021,-1.36628976784594,0,0.058968892651819,-0.0195648838770132,0.0350778745765898
fullSystem,1.79244549953706,0.00111882055554114,0.983179661304372,0.229150371793123,0.0525098928929266,10.0933868199481,-1.1007987662925,0,0.0524759278910554,-0.0132326895615118,0.0277943915150101
gyroFilter,1,-0.000480041089314431,0.00521705798955681,0.0602431993185008,0.00362924306412861,198.224881060695,13.5869409215705,0,0.00362689555891248,0.00296772914358663,0.00260752370525345
gyroSystem,2.00387408140234,1,1.45867638329284,0.292964319995825,0.0858280927906163,1.87812815332585,0.25270061386025,0,0.0857725765598333,0.00634788399005145,0.0138172665385542
input,1,1,1,0,0,NaN,NaN,0,0,0,0
error,0.792445499537059,-0.998881179444459,-0.0168203386956272,0.229150371793123,0.0525098928929266,10.0933868199481,-1.10079876629251,0,0.0524759278910554,-0.0132326895615119,0.0277943915150102
