signalsNamesOrdered,maxSignals,minSignals,meanSignals,standardDeviationSignals,varianceSignals,kurtosisSignals,skewnessSignals,firstMomentSignals,secondMomentSignals,thirdMomentSignals,fourthMomentSignals
compassSystem,1.80651381719495,0,0.987588514554919,0.220809921734414,0.0487570215363581,10.6677184456362,-1.06368202057397,0,0.0486366338288609,-0.0114092496369868,0.0252347242752782
compassFilter,1.27807598693225,0,0.968952877875125,0.179617425876247,0.032262419678409,21.0074661300026,-3.97639267702608,0,0.0321827593829068,-0.0229574783086725,0.0217580629262983
fullSystem,1.40146312333783,0.660210197290142,1.01672501080078,0.0894804889129455,0.00800675789609977,8.55959269437441,0.104002956353677,0,0.00798698812351681,7.42369708234807e-05,0.000546033359849269
gyroFilter,1,-0.0336054566745634,0.0477721329256561,0.139381545688937,0.0194272152786371,33.9983324623374,5.471079572089,0,0.0193792468458504,0.0147597286480089,0.0127682508301674
gyroSystem,2.00387408140234,1,1.48766491326615,0.285499739845961,0.0815101014521113,1.9025065174426,0.171983733522379,0,0.081308841942353,0.0039874388507237,0.0125777136853033
input,1,1,1,0,0,NaN,NaN,0,0,0,0
error,0.401463123337827,-0.339789802709858,0.016725010800782,0.0894804889129455,0.00800675789609977,8.55959269437442,0.104002956353682,0,0.00798698812351681,7.42369708234846e-05,0.00054603335984927
