signalsNamesOrdered,maxSignals,minSignals,meanSignals,standardDeviationSignals,varianceSignals,kurtosisSignals,skewnessSignals,firstMomentSignals,secondMomentSignals,thirdMomentSignals,fourthMomentSignals
compassSystem,1.79214658765487,0,0.977053171819493,0.244196305885066,0.0596318358079125,9.88987712459987,-1.3275491745883,0,0.0595928097373576,-0.0193126295777976,0.0351219500291921
compassFilter,1.79198053629533,0,0.976973740602125,0.244338158099403,0.0597011355034088,9.88655286216355,-1.32963182686135,0,0.05966206407965,-0.0193766552977518,0.0351917967940427
fullSystem,1.79226001082207,0.00105106461071515,0.981931649524627,0.231726788861706,0.0536973046761579,9.94066461888957,-1.0983443761067,0,0.0536621624610557,-0.0136533991022195,0.0286254129941186
gyroFilter,1,-0.000527323834340399,0.00495790892250221,0.0599945783659052,0.00359934943330274,206.917688096125,13.9692313158777,0,0.00359699383812388,0.00301357531398403,0.0026771765055716
gyroSystem,2.00387408140234,1,1.45914655258344,0.291793401078002,0.0851433889126676,1.89199902586873,0.252392234318799,0,0.0850876667995048,0.00626434850311095,0.0136979046376739
input,1,1,1,0,0,NaN,NaN,0,0,0,0
error,0.792260010822066,-0.998948935389285,-0.0180683504753735,0.231726788861706,0.0536973046761579,9.94066461888957,-1.0983443761067,0,0.0536621624610557,-0.0136533991022195,0.0286254129941186
