signalsNamesOrdered,maxSignals,minSignals,meanSignals,standardDeviationSignals,varianceSignals,kurtosisSignals,skewnessSignals,firstMomentSignals,secondMomentSignals,thirdMomentSignals,fourthMomentSignals
compassSystem,1.78879178875283,0,0.97536465870817,0.244941922350883,0.0599965453249461,9.98814902515203,-1.3542576209031,0,0.0599566540049163,-0.0198818764435284,0.0359054017060089
compassFilter,1.78872573272924,0,0.975313865080049,0.245032409604568,0.0600408817566207,9.98652517442839,-1.35564071276178,0,0.0600009609575804,-0.0199242467741722,0.0359526422324123
fullSystem,1.78891160152914,0.000552097760277548,0.980115950731001,0.232819062241648,0.0542047157430804,10.08379567711,-1.13963348521241,0,0.0541686753735704,-0.0143677090482602,0.0295883309966792
gyroFilter,1,-0.000366176228839832,0.00480208565095179,0.058945733185735,0.00347459946080386,212.978385427873,14.1672167417877,0,0.00347228922180067,0.00289873408031096,0.00256783618727464
gyroSystem,2.00387408140235,1,1.45642141718701,0.292156203525741,0.0853552472585744,1.90081447944164,0.256226318853616,0,0.0852984950994929,0.00638316088587224,0.0138300092224688
input,1,1,1,0,0,NaN,NaN,0,0,0,0
error,0.788911601529137,-0.999447902239722,-0.0198840492689993,0.232819062241648,0.0542047157430804,10.08379567711,-1.1396334852124,0,0.0541686753735704,-0.0143677090482601,0.0295883309966791
