signalsNamesOrdered,maxSignals,minSignals,meanSignals,standardDeviationSignals,varianceSignals,kurtosisSignals,skewnessSignals,firstMomentSignals,secondMomentSignals,thirdMomentSignals,fourthMomentSignals
compassSystem,1.79143745012094,0,0.982623040956684,0.237420499599952,0.0563684936302907,10.3092045552925,-1.21573881874795,0,0.0563339329352384,-0.0162553151069084,0.0327163843661798
compassFilter,1.79127176182877,0,0.982414228053397,0.237822659781947,0.0565596175057599,10.3011137722066,-1.22057287839612,0,0.0565249396286871,-0.0164030223366495,0.0329127672191029
fullSystem,1.79201873261871,0.00479331350547787,0.98797910719534,0.223321655777411,0.0498725619391646,10.2585552321999,-0.894576303449898,0,0.0498419840348487,-0.00995429191490839,0.025484542676222
gyroFilter,1,-0.00137208408393685,0.0055648791419437,0.0634603839132846,0.00402722032642147,185.070565219308,13.2209476298349,0,0.00402475115393439,0.00337575667659803,0.00299788810175622
gyroSystem,2.00387408140234,1,1.46101316854572,0.290978546779999,0.0846685146861998,1.89728696952675,0.250707553889189,0,0.084616602660028,0.0061709325052366,0.0135845167315838
input,1,1,1,0,0,NaN,NaN,0,0,0,0
error,0.792018732618711,-0.995206686494522,-0.0120208928046596,0.223321655777411,0.0498725619391646,10.2585552321999,-0.894576303449901,0,0.0498419840348488,-0.00995429191490843,0.025484542676222
