signalsNamesOrdered,maxSignals,minSignals,meanSignals,standardDeviationSignals,varianceSignals,kurtosisSignals,skewnessSignals,firstMomentSignals,secondMomentSignals,thirdMomentSignals,fourthMomentSignals
compassSystem,1.8100957966429,0,0.991679309329598,0.215107041581841,0.0462710393380921,10.4625523095278,-0.804920471175934,0,0.0462187556778231,-0.00799798059852931,0.0223498256928715
compassFilter,1.80926924871558,0,0.990869610013609,0.215917729384749,0.0466204658626656,10.4980786498196,-0.850718518752248,0,0.0465677873701654,-0.00854897981579225,0.0227657010549248
fullSystem,1.81235171498279,0.0342991925427672,0.996390254117329,0.202037837807809,0.0408192879060545,9.8526795033701,-0.363667753666105,0,0.0407731644168951,-0.00299410083027846,0.0163795962680737
gyroFilter,1,-0.00582344604403895,0.00552064410371977,0.0641506626799073,0.00411530752227125,204.157605364633,14.0211302959154,0,0.00411065745727433,0.00369530217541144,0.00344975410252772
gyroSystem,2.00387408140234,1,1.48019093312552,0.283134884657195,0.0801653629098434,1.92777468763244,0.214914278682797,0,0.0800747805788718,0.00486977511930614,0.012360834398356
input,1,1,1,0,0,NaN,NaN,0,0,0,0
error,0.812351714982793,-0.965700807457233,-0.00360974588267159,0.202037837807809,0.0408192879060544,9.85267950337011,-0.363667753666099,0,0.0407731644168951,-0.00299410083027841,0.0163795962680737
