signalsNamesOrdered,maxSignals,minSignals,meanSignals,standardDeviationSignals,varianceSignals,kurtosisSignals,skewnessSignals,firstMomentSignals,secondMomentSignals,thirdMomentSignals,fourthMomentSignals
compassSystem,1.78994738147259,0,0.977719309768961,0.244305251674923,0.0596850559959474,9.9854398982027,-1.29666962938858,0,0.0596461224956239,-0.0188887258384353,0.0355247993969067
compassFilter,1.78995657152359,0,0.977664700201401,0.244386548127426,0.0597247849056389,9.98242977912039,-1.29816647808096,0,0.059685825489523,-0.0189294152151261,0.035561385528077
fullSystem,1.79011827025817,0.000441408702715514,0.982311143225033,0.232503806859796,0.0540580202042971,10.0563743829176,-1.07692895010369,0,0.0540227573078821,-0.0135223499778032,0.0293491093575993
gyroFilter,1,-0.000309576379231347,0.00464644302363424,0.0580686717474224,0.00337197063850989,218.841749190563,14.3681826549929,0,0.00336977104905229,0.00281062194261636,0.00248502617171926
gyroSystem,2.00387408140234,1,1.45677517230889,0.292182386931104,0.0853705472327573,1.88829271052043,0.247584387691131,0,0.0853148586827033,0.0061696463254534,0.0137441747416943
input,1,1,1,0,0,NaN,NaN,0,0,0,0
error,0.790118270258167,-0.999558591297285,-0.0176888567749655,0.232503806859796,0.0540580202042971,10.0563743829176,-1.07692895010372,0,0.0540227573078821,-0.0135223499778035,0.0293491093575994
