signalsNamesOrdered,maxSignals,minSignals,meanSignals,standardDeviationSignals,varianceSignals,kurtosisSignals,skewnessSignals,firstMomentSignals,secondMomentSignals,thirdMomentSignals,fourthMomentSignals
compassSystem,1.79032176148586,0,0.974941751513563,0.245577459072944,0.0603082884047234,9.70539480962477,-1.35794662037933,0,0.0602689740055026,-0.0200920104785585,0.0352533833410307
compassFilter,1.79017967396317,0,0.974827615692559,0.245732212126146,0.0603843200764092,9.7028027052555,-1.36109365644303,0,0.0603449561128652,-0.0201766691929206,0.0353328892538214
fullSystem,1.79053286501425,0.00169833824832221,0.980501735750126,0.23098626514748,0.0533546546867819,9.68572887920473,-1.08671727786616,0,0.0533198732951999,-0.013379818898325,0.0275366132924311
gyroFilter,1,-0.000655178424549208,0.0056741200575649,0.0626666229974053,0.00392710563789892,181.227755974325,12.977104185835,0,0.0039245455951102,0.00319052285453804,0.00279128043194146
gyroSystem,2.00387408140234,1,1.45394255337296,0.291486490250387,0.0849643739984891,1.90972770376233,0.270724816806055,0,0.0849089865317365,0.00669820683883389,0.0137682506187205
input,1,1,1,0,0,NaN,NaN,0,0,0,0
error,0.790532865014251,-0.998301661751678,-0.0194982642498762,0.23098626514748,0.0533546546867819,9.68572887920467,-1.08671727786613,0,0.0533198732951999,-0.0133798188983246,0.027536613292431
