signalsNamesOrdered,maxSignals,minSignals,meanSignals,standardDeviationSignals,varianceSignals,kurtosisSignals,skewnessSignals,firstMomentSignals,secondMomentSignals,thirdMomentSignals,fourthMomentSignals
compassSystem,1.8106233339411,0,0.99235921386924,0.210813758185205,0.04444244064017,10.6293209312246,-0.774483544429243,0,0.0444047136107641,-0.00724695900848012,0.0209586674475048
compassFilter,1.80949301309471,0,0.991998727889775,0.211540764353529,0.0447494949832753,10.6417130029702,-0.799437849026402,0,0.0447115072965322,-0.00755811807330567,0.0212740494300918
fullSystem,1.81131243403116,0.0172525184193495,0.995756018779421,0.201717472930042,0.0406899388852821,10.1355095311151,-0.442712739880797,0,0.0406553973412369,-0.00362910333709088,0.0167525917939681
gyroFilter,1,-0.00337547902148616,0.0037572908896456,0.0529479979293021,0.00280349048472138,297.536405293714,16.9147891732555,0,0.00280111061164437,0.00250762145683169,0.00233453628992096
gyroSystem,2.00387408140234,1,1.48651163968082,0.282861624171932,0.0800106984291833,1.91741499412996,0.194363406597682,0,0.0799427776325541,0.00439322405703297,0.0122539071967597
input,1,1,1,0,0,NaN,NaN,0,0,0,0
error,0.811312434031164,-0.982747481580651,-0.0042439812205788,0.201717472930042,0.0406899388852821,10.1355095311151,-0.442712739880797,0,0.0406553973412369,-0.00362910333709088,0.0167525917939681
