signalsNamesOrdered,maxSignals,minSignals,meanSignals,standardDeviationSignals,varianceSignals,kurtosisSignals,skewnessSignals,firstMomentSignals,secondMomentSignals,thirdMomentSignals,fourthMomentSignals
compassSystem,1.78784194943147,0,0.980838562552596,0.243961512409418,0.0595172195370906,9.66411937152376,-1.16126527950657,0,0.0594785217350509,-0.0168450261894403,0.0341887024098015
compassFilter,1.78777799831663,0,0.980682697733802,0.244197529580864,0.0596324334533968,9.66052547077064,-1.16598014330147,0,0.059593660739838,-0.0169625542946034,0.0343084326668288
fullSystem,1.78826986358902,0.0026557943734096,0.985777738923444,0.231505970636104,0.0535950144401645,9.66424627854153,-0.908695085873758,0,0.0535601672266143,-0.0112636997677696,0.0277237412821077
gyroFilter,1,-0.000914363691104203,0.00509504118964233,0.0615976455687027,0.00379426993960751,201.061788762895,13.829082758731,0,0.0037918029240421,0.00322895513959636,0.00289082003695495
gyroSystem,2.00387408140233,1,1.45780007131487,0.293771598284336,0.0863017519585332,1.86994682043905,0.255369514245015,0,0.0862456389858684,0.00646807082350011,0.013909244590358
input,1,1,1,0,0,NaN,NaN,0,0,0,0
error,0.78826986358902,-0.99734420562659,-0.0142222610765571,0.231505970636104,0.0535950144401644,9.66424627854153,-0.908695085873744,0,0.0535601672266142,-0.0112636997677694,0.0277237412821076
