signalsNamesOrdered,maxSignals,minSignals,meanSignals,standardDeviationSignals,varianceSignals,kurtosisSignals,skewnessSignals,firstMomentSignals,secondMomentSignals,thirdMomentSignals,fourthMomentSignals
compassSystem,1.79067984397996,0,0.978494817878895,0.244491059056264,0.0597758779584535,9.89920853455329,-1.31827627665658,0,0.0597374121425214,-0.0192475760339181,0.0353259038632304
compassFilter,1.79059333709585,0,0.978447495989155,0.244561658213333,0.0598104046680549,9.89834134591249,-1.31972499939275,0,0.059771916634163,-0.0192854251168716,0.0353636261357684
fullSystem,1.79075840599029,0.000455407422269043,0.983040586292319,0.232813829619094,0.0542022792619085,9.95503320192646,-1.10482810206558,0,0.0541674000603242,-0.013928415005536,0.0292091348856463
gyroFilter,1,-0.000334144267826408,0.00459309030316481,0.0577259086317538,0.00333228052736159,221.586688794821,14.4578254967311,0,0.00333013620269791,0.0027784076967297,0.00245735364098179
gyroSystem,2.00387408140233,1,1.45517829712815,0.290768851441431,0.0845465249685689,1.90827603409308,0.263015774241548,0,0.0844921192253458,0.0064596070619652,0.0136230265317646
input,1,1,1,0,0,NaN,NaN,0,0,0,0
error,0.790758405990293,-0.999544592577731,-0.0169594137076818,0.232813829619094,0.0542022792619085,9.95503320192644,-1.10482810206557,0,0.0541674000603242,-0.0139284150055359,0.0292091348856463
