signalsNamesOrdered,maxSignals,minSignals,meanSignals,standardDeviationSignals,varianceSignals,kurtosisSignals,skewnessSignals,firstMomentSignals,secondMomentSignals,thirdMomentSignals,fourthMomentSignals
compassSystem,1.81058244524803,0,0.994731279416617,0.203968958303242,0.0416033359513097,10.651886738387,-0.612071022418941,0,0.0415825861578178,-0.00519002037760114,0.0184182995532343
compassFilter,1.81020576707264,0,0.99456736681354,0.204327897057391,0.0417498895158956,10.6610947006406,-0.625524159532287,0,0.0417290666283565,-0.00533214675929967,0.0185643241364908
fullSystem,1.81098928079954,0.00642258097687694,0.99653009581152,0.198962962345703,0.0395862603853775,10.2858075298598,-0.407234651714418,0,0.0395665166146117,-0.00320506211713173,0.0161025266981472
gyroFilter,1,-0.00183472749545865,0.00196272899797958,0.0379297291899239,0.00143866435642096,571.997941334933,23.4443920458329,0,0.00143794681808858,0.00127836011282174,0.00118271502486108
gyroSystem,2.00387408140234,1,1.49063502896859,0.282588130828322,0.0798560516850447,1.90242117261649,0.178607926959094,0,0.079816223230339,0.0040275180046309,0.0121196204261079
input,1,1,1,0,0,NaN,NaN,0,0,0,0
error,0.810989280799541,-0.993577419023123,-0.00346990418847923,0.198962962345703,0.0395862603853775,10.2858075298598,-0.407234651714426,0,0.0395665166146117,-0.00320506211713179,0.0161025266981472
