signalsNamesOrdered,maxSignals,minSignals,meanSignals,standardDeviationSignals,varianceSignals,kurtosisSignals,skewnessSignals,firstMomentSignals,secondMomentSignals,thirdMomentSignals,fourthMomentSignals
compassSystem,1.78779043680186,0,0.976278775449529,0.244583440821641,0.059821059524153,9.885966893188,-1.31408383813843,0,0.0597815997223561,-0.0192076561484101,0.0353308606133506
compassFilter,1.78771154890592,0,0.976177061750891,0.24474977971383,0.0599024546699685,9.88114943819337,-1.31560538602618,0,0.0598629411774421,-0.0192691571603629,0.0354098077511803
fullSystem,1.78801032796131,0.00116927835779158,0.981200805429455,0.232023927135822,0.0538351027635291,9.94518911052836,-1.08158739708232,0,0.0537995914820228,-0.0134967773946886,0.0287853160146907
gyroFilter,1,-0.000567194857600706,0.00502374367856635,0.0603992177915674,0.00364806550983319,204.459418919142,13.8863095705519,0,0.00364565913416708,0.00305668673987822,0.00271743548559048
gyroSystem,2.00387408140234,1,1.45697166419614,0.292528952538582,0.0855731880733197,1.89751192255413,0.264926070449062,0,0.0855167413793399,0.00662523691989162,0.0138767192150137
input,1,1,1,0,0,NaN,NaN,0,0,0,0
error,0.788010327961305,-0.998830721642208,-0.0187991945705439,0.232023927135822,0.0538351027635291,9.94518911052839,-1.08158739708234,0,0.0537995914820228,-0.0134967773946888,0.0287853160146908
