signalsNamesOrdered,maxSignals,minSignals,meanSignals,standardDeviationSignals,varianceSignals,kurtosisSignals,skewnessSignals,firstMomentSignals,secondMomentSignals,thirdMomentSignals,fourthMomentSignals
compassSystem,1.78868723527594,0,0.97637670753551,0.239555697723098,0.0573869323116003,10.5411143778417,-1.44835346054805,0,0.0573491280083647,-0.0198913742971387,0.0346689080765291
compassFilter,1.78861065513219,0,0.976324335836321,0.239644968390225,0.0574297108747521,10.5386006986407,-1.44975855524716,0,0.0573918783906449,-0.0199329390550837,0.0347123349552922
fullSystem,1.78879074407003,0.00052449160770679,0.981069593068528,0.227281776568592,0.0516570059601754,10.6595447577747,-1.22724203115032,0,0.0516229763119803,-0.0143944402359751,0.0284069585546259
gyroFilter,1,-0.000348273766829665,0.00474525723220644,0.0586080101894802,0.00343489885837022,215.315261473106,14.2468021156264,0,0.00343263607914863,0.00286522700934393,0.00253705767008012
gyroSystem,2.00387408140234,1,1.46255286091412,0.293475485234323,0.0861278604335211,1.86870355424345,0.236721721147818,0,0.0860711227125504,0.00597756506061847,0.0138438009896154
input,1,1,1,0,0,NaN,NaN,0,0,0,0
error,0.788790744070032,-0.999475508392293,-0.0189304069314722,0.227281776568592,0.0516570059601754,10.6595447577747,-1.22724203115031,0,0.0516229763119803,-0.0143944402359751,0.0284069585546259
