signalsNamesOrdered,maxSignals,minSignals,meanSignals,standardDeviationSignals,varianceSignals,kurtosisSignals,skewnessSignals,firstMomentSignals,secondMomentSignals,thirdMomentSignals,fourthMomentSignals
compassSystem,1.80651387376379,0,0.982939953954866,0.230009993026357,0.0529045968919847,10.3298589601148,-1.21911089346844,0,0.0527746101674344,-0.0147802153864881,0.0287703045925208
compassFilter,1.77657176906522,0,0.979958198145957,0.230425683548919,0.0530959956389865,10.5964681189839,-1.43362181544838,0,0.0529655386472445,-0.0174753020503548,0.0297267836560948
fullSystem,1.77684518693899,0.213430518155609,0.997968257050777,0.188117009030413,0.0353880090865486,8.88431454297698,-0.119803501482117,0,0.0353010606612745,-0.000794604724655872,0.0110713208001891
gyroFilter,1,-0.0192810181586343,0.0180100589048197,0.109708350913124,0.0120359222600771,66.1201561446199,7.86380211117919,0,0.0120063499695118,0.0103454425570313,0.00953138181434495
gyroSystem,2.00387408140234,1,1.48534055701058,0.286714703623496,0.0822053212739089,1.90297235772054,0.171173260920452,0,0.0820033425975602,0.00401960388437697,0.0127966293373794
input,1,1,1,0,0,NaN,NaN,0,0,0,0
error,0.776845186938986,-0.786569481844391,-0.00203174294922255,0.188117009030413,0.0353880090865486,8.88431454297698,-0.119803501482121,0,0.0353010606612745,-0.000794604724655899,0.0110713208001891
