signalsNamesOrdered,maxSignals,minSignals,meanSignals,standardDeviationSignals,varianceSignals,kurtosisSignals,skewnessSignals,firstMomentSignals,secondMomentSignals,thirdMomentSignals,fourthMomentSignals
compassSystem,1.79126217898058,0,0.975062207173643,0.245392842741474,0.0602176472687417,9.70222991094143,-1.35041228718217,0,0.0601783150366916,-0.0199354671132357,0.0351359425918465
compassFilter,1.79131426698924,0,0.975015341432657,0.245468666831459,0.0602548663960137,9.70077584344205,-1.3519618548278,0,0.0602155098536257,-0.0199768491521362,0.0351741171178951
fullSystem,1.79148558053903,0.000485637373386156,0.979695753205971,0.233602788878363,0.0545702629717489,9.74888473562536,-1.14468014637859,0,0.054534619429638,-0.0145778199006002,0.0289934241604552
gyroFilter,1,-0.00032820429738023,0.00468041177331453,0.0582523159659764,0.00339333231539994,217.74909795842,14.3297481368031,0,0.00339111589977917,0.0028297789188621,0.00250404212603099
gyroSystem,2.00387408140234,1,1.4568894157838,0.294321094989451,0.0866249069557893,1.88861348938813,0.260805918323449,0,0.0865683263503315,0.00664287337764844,0.0141534113755244
input,1,1,1,0,0,NaN,NaN,0,0,0,0
error,0.791485580539033,-0.999514362626614,-0.0203042467940292,0.233602788878363,0.0545702629717489,9.74888473562535,-1.14468014637858,0,0.054534619429638,-0.0145778199006001,0.0289934241604552
