signalsNamesOrdered,maxSignals,minSignals,meanSignals,standardDeviationSignals,varianceSignals,kurtosisSignals,skewnessSignals,firstMomentSignals,secondMomentSignals,thirdMomentSignals,fourthMomentSignals
compassSystem,1.78790456660525,0,0.982468335445719,0.241955524314861,0.0585424757464795,9.93281579377967,-1.18432459268885,0,0.0585050923009198,-0.0167595074487328,0.0339984970716149
compassFilter,1.78784129709205,0,0.982343408196453,0.242196378485792,0.058659085751633,9.92956712032067,-1.18884858060597,0,0.0586216278424685,-0.0168738177720957,0.0341229102524835
fullSystem,1.78832817761661,0.00259561039811864,0.987362428883574,0.229518748716075,0.0526788560121929,9.94430854117042,-0.926490218562908,0,0.0526452168959654,-0.0111912659781313,0.0275608386916326
gyroFilter,1,-0.000906742601938459,0.00501902068712091,0.0610628193412093,0.00372866790589717,204.170571611605,13.9295264430379,0,0.00372628689190873,0.00316847865143837,0.002834952079495
gyroSystem,2.00387408140234,1,1.46078244293133,0.292302802671717,0.0854409284497407,1.8769801350693,0.235567634456261,0,0.0853863684698877,0.0058775784643082,0.0136847466828616
input,1,1,1,0,0,NaN,NaN,0,0,0,0
error,0.788328177616609,-0.997404389601881,-0.0126375711164261,0.229518748716075,0.0526788560121929,9.94430854117042,-0.926490218562911,0,0.0526452168959654,-0.0111912659781313,0.0275608386916326
