signalsNamesOrdered,maxSignals,minSignals,meanSignals,standardDeviationSignals,varianceSignals,kurtosisSignals,skewnessSignals,firstMomentSignals,secondMomentSignals,thirdMomentSignals,fourthMomentSignals
compassSystem,1.78711519689756,0,0.97564973781337,0.246920061293924,0.0609695166693952,9.62031095396788,-1.34620754116456,0,0.0609291929149842,-0.0202465092911453,0.0357141205790993
compassFilter,1.78698311830727,0,0.975536312774037,0.247062300852923,0.0610397805027402,9.61771157488137,-1.35001939213827,0,0.0609994102775399,-0.0203389468546185,0.0357868128162537
fullSystem,1.7873294700782,0.00165532693125475,0.981277593180274,0.232191664938038,0.0539129692666983,9.60067001259693,-1.07547650941,0,0.0538773125409928,-0.0134496138552579,0.0278684870327286
gyroFilter,1,-0.000655513753920589,0.00574128040623578,0.0630249458924431,0.00397214380474538,179.088998573968,12.8986966483093,0,0.00396951672550944,0.00322591027190836,0.0028219166392437
gyroSystem,2.00387408140234,1,1.4552232854547,0.293037468791245,0.0858709581155797,1.87899660304172,0.26278689385519,0,0.085814165153863,0.00660605483399692,0.0138370642827996
input,1,1,1,0,0,NaN,NaN,0,0,0,0
error,0.787329470078196,-0.998344673068745,-0.0187224068197263,0.232191664938038,0.0539129692666983,9.60067001259692,-1.07547650940999,0,0.0538773125409928,-0.0134496138552578,0.0278684870327286
