signalsNamesOrdered,maxSignals,minSignals,meanSignals,standardDeviationSignals,varianceSignals,kurtosisSignals,skewnessSignals,firstMomentSignals,secondMomentSignals,thirdMomentSignals,fourthMomentSignals
compassSystem,1.78815887636037,0,0.974791018136649,0.246675708479258,0.0608489051537437,9.74470746024748,-1.41753078710298,0,0.0608091346274994,-0.0212562052306142,0.0360335003345266
compassFilter,1.78808274671114,0,0.974740202934868,0.246784128221717,0.0609024059421527,9.74244058811178,-1.41890984563324,0,0.0608626004480728,-0.0213049519329895,0.036088495301841
fullSystem,1.78830434985794,0.000741396482441253,0.980001469797203,0.233094596198368,0.0543330907768804,9.75637124133767,-1.17980630061194,0,0.0542975789528433,-0.0149273050960757,0.0287639978976133
gyroFilter,1,-0.00042681625469565,0.00526126686233378,0.0601807625045062,0.00362172417562377,197.357644774669,13.5353185451324,0,0.00361935703563971,0.00294724080289885,0.00258533488970706
gyroSystem,2.00387408140234,1,1.45621562554105,0.293670580513723,0.0862424098592668,1.87751519354397,0.253514084758403,0,0.0861860422711235,0.00641442157942863,0.0139462464722901
input,1,1,1,0,0,NaN,NaN,0,0,0,0
error,0.788304349857939,-0.999258603517559,-0.0199985302027969,0.233094596198369,0.0543330907768805,9.75637124133766,-1.17980630061194,0,0.0542975789528433,-0.0149273050960757,0.0287639978976132
