signalsNamesOrdered,maxSignals,minSignals,meanSignals,standardDeviationSignals,varianceSignals,kurtosisSignals,skewnessSignals,firstMomentSignals,secondMomentSignals,thirdMomentSignals,fourthMomentSignals
compassSystem,1.78737759316739,0,0.972292047180193,0.242196876390542,0.0586593269333353,9.85121055323391,-1.36996824725798,0,0.0586212611793228,-0.0194443414011983,0.0338532147916048
compassFilter,1.78727121709416,0,0.972222460046958,0.24232710874612,0.058722427633254,9.84856910283873,-1.37198498223275,0,0.0586843209313506,-0.0195043949642981,0.0339169900087549
fullSystem,1.78754254123655,0.00100519294395941,0.977124458285549,0.229846635759231,0.0528294759698365,9.8828608310516,-1.14690342368732,0,0.0527951933767347,-0.0139129244422448,0.0275468186308318
gyroFilter,1,-0.000510390493347668,0.00490199823859092,0.0596616653551038,0.00355951431294439,209.142958328942,14.0444504999778,0,0.00355720443993145,0.00297966877824128,0.00264643296863774
gyroSystem,2.00387408140234,1,1.4555768044916,0.294136561820044,0.0865163169993163,1.88405293905432,0.27806960276837,0,0.0864601740291675,0.00706932054726201,0.0140839771684808
input,1,1,1,0,0,NaN,NaN,0,0,0,0
error,0.787542541236549,-0.998994807056041,-0.0228755417144506,0.229846635759231,0.0528294759698365,9.88286083105161,-1.14690342368732,0,0.0527951933767347,-0.0139129244422448,0.0275468186308318
