signalsNamesOrdered,maxSignals,minSignals,meanSignals,standardDeviationSignals,varianceSignals,kurtosisSignals,skewnessSignals,firstMomentSignals,secondMomentSignals,thirdMomentSignals,fourthMomentSignals
compassSystem,1.79284077514426,0,0.976558106256721,0.248165119144365,0.0615859263599368,9.63064528861777,-1.25724394164144,0,0.0615453291771023,-0.0191960644697681,0.0364792234860771
compassFilter,1.79282100429492,0,0.976481738650326,0.248260087044274,0.0616330708192307,9.62837082404394,-1.25910763590793,0,0.0615924425589675,-0.0192465990233841,0.0365264665919356
fullSystem,1.7930281606028,0.000659639836551593,0.981287957595266,0.236172742186823,0.0557775641520436,9.68493163068455,-1.03896555227264,0,0.0557407958170719,-0.0136729081306415,0.0300914343169879
gyroFilter,1,-0.000410913983075245,0.00480621894494047,0.0588841461882761,0.00346734267232227,213.995209096964,14.1946501151241,0,0.00346505701466088,0.00289527799436499,0.00256935918202526
gyroSystem,2.00387408140234,1,1.45553582249489,0.29222304867532,0.0853943101770982,1.89330261846025,0.258966028202366,0,0.0853380186080955,0.00645589753257352,0.0137881228983415
input,1,1,1,0,0,NaN,NaN,0,0,0,0
error,0.7930281606028,-0.999340360163448,-0.0187120424047345,0.236172742186823,0.0557775641520436,9.68493163068452,-1.03896555227263,0,0.0557407958170719,-0.0136729081306414,0.0300914343169878
