signalsNamesOrdered,maxSignals,minSignals,meanSignals,standardDeviationSignals,varianceSignals,kurtosisSignals,skewnessSignals,firstMomentSignals,secondMomentSignals,thirdMomentSignals,fourthMomentSignals
compassSystem,1.80651381719495,0,0.987588514554919,0.220809921734414,0.0487570215363581,10.6677184456362,-1.06368202057397,0,0.0486366338288609,-0.0114092496369868,0.0252347242752782
compassFilter,1.13898014745123,0,0.958845315871087,0.178218759157389,0.0317619261155993,22.3116738512065,-4.37343995647527,0,0.0316835016066719,-0.0246645347655902,0.0223974460402275
fullSystem,1.29026429587423,0.757678285793027,1.02629071404317,0.0645417511807613,0.0041656376454793,7.85968519752971,-0.119677341802996,0,0.00415535212042873,-3.20570593608279e-05,0.000135712801104841
gyroFilter,1,-0.0355791961419443,0.067445398172081,0.153611978647809,0.0235966399840949,24.9634257931241,4.6142144058743,0,0.0235383766754921,0.016663358324392,0.0138311152842872
gyroSystem,2.00387408140234,1,1.48766491326615,0.285499739845961,0.0815101014521113,1.9025065174426,0.171983733522379,0,0.081308841942353,0.0039874388507237,0.0125777136853033
input,1,1,1,0,0,NaN,NaN,0,0,0,0
error,0.290264295874235,-0.242321714206973,0.0262907140431682,0.0645417511807613,0.0041656376454793,7.85968519752971,-0.119677341802993,0,0.00415535212042873,-3.20570593608271e-05,0.000135712801104841
