signalsNamesOrdered,maxSignals,minSignals,meanSignals,standardDeviationSignals,varianceSignals,kurtosisSignals,skewnessSignals,firstMomentSignals,secondMomentSignals,thirdMomentSignals,fourthMomentSignals
compassSystem,1.80651381719495,0,0.987588514554919,0.220809921734414,0.0487570215363581,10.6677184456362,-1.06368202057397,0,0.0486366338288609,-0.0114092496369868,0.0252347242752782
compassFilter,0.993672064655295,0,0.793598333718624,0.261111378442088,0.0681791519519275,4.50691398443575,-1.56506108706548,0,0.068010808366861,-0.0277586409049126,0.0208465956741788
fullSystem,1.27183962252674,0.977059676556934,1.1544660359902,0.0603464243926974,0.00364169093698355,2.96630668243145,-0.474975284582897,0,0.00363269910750951,-0.000103995644907857,3.91448744572745e-05
gyroFilter,1.00099467905034,0.132165515299047,0.360867702271573,0.215272785812238,0.0463423723113615,4.3831439890714,1.49940918208716,0,0.0462279467007162,0.0149031156577443,0.00936687976313334
gyroSystem,2.00387408140234,1,1.48766491326615,0.285499739845961,0.0815101014521113,1.9025065174426,0.171983733522379,0,0.081308841942353,0.0039874388507237,0.0125777136853033
input,1,1,1,0,0,NaN,NaN,0,0,0,0
error,0.271839622526736,-0.0229403234430662,0.154466035990196,0.0603464243926974,0.00364169093698354,2.96630668243145,-0.474975284582875,0,0.00363269910750951,-0.000103995644907852,3.91448744572744e-05
