signalsNamesOrdered,maxSignals,minSignals,meanSignals,standardDeviationSignals,varianceSignals,kurtosisSignals,skewnessSignals,firstMomentSignals,secondMomentSignals,thirdMomentSignals,fourthMomentSignals
compassSystem,1.79055544463823,0,0.975825000418751,0.246512426398974,0.0607683763691098,9.74881993823549,-1.31478208439522,0,0.0607283181117801,-0.0196761741470049,0.0359529520681287
compassFilter,1.79050126054745,0,0.975778096975561,0.246588793636208,0.0608060331469603,9.74693909204395,-1.31565812319935,0,0.0607659500664415,-0.0197075887105148,0.0359905792981713
fullSystem,1.79064993601596,0.00038557517023781,0.980430817993321,0.234839121921796,0.0551494131850004,9.82453513513515,-1.10877332459776,0,0.0551130589244961,-0.0143457924477998,0.0298415270155055
gyroFilter,1,-0.000294150225687684,0.00465272101776025,0.0581408048205637,0.00338035318518288,217.840863463295,14.3377487971821,0,0.00337812487062442,0.00281510446501692,0.00248594060303912
gyroSystem,2.00387408140235,1,1.45610987198433,0.292457420805528,0.0855313429842214,1.89672670514868,0.262570524957403,0,0.0854749610837704,0.00656151823424756,0.0138574264566961
input,1,1,1,0,0,NaN,NaN,0,0,0,0
error,0.790649936015955,-0.999614424829762,-0.0195691820066791,0.234839121921796,0.0551494131850004,9.82453513513514,-1.10877332459775,0,0.0551130589244961,-0.0143457924477998,0.0298415270155055
