signalsNamesOrdered,maxSignals,minSignals,meanSignals,standardDeviationSignals,varianceSignals,kurtosisSignals,skewnessSignals,firstMomentSignals,secondMomentSignals,thirdMomentSignals,fourthMomentSignals
compassSystem,1.79240707691385,0,0.977726091768975,0.247807835341521,0.0614087232566506,9.61200486765434,-1.26208577235137,0,0.0613686392336371,-0.0191870678426608,0.0361998665120255
compassFilter,1.79238903598382,0,0.977664354884779,0.247903394372373,0.0614560929413442,9.60929055357931,-1.26348630385706,0,0.061415977998171,-0.0192305894619155,0.0362454978400514
fullSystem,1.79257728540951,0.000564992901523404,0.982384463104892,0.236002625595902,0.0556972392881594,9.65624855499011,-1.04686113348131,0,0.0556608833878407,-0.013747198961856,0.0299163513766057
gyroFilter,1,-0.000378521075387939,0.00472010822011357,0.0584361715363006,0.00341478614381995,216.83551976344,14.2949332590778,0,0.00341255717114121,0.00284971898644158,0.00252516811661433
gyroSystem,2.00387408140234,1,1.45189837411842,0.29172261031424,0.0851020813685538,1.90639829859935,0.283682786576843,0,0.0850465317070861,0.00703587143738367,0.0137888121895408
input,1,1,1,0,0,NaN,NaN,0,0,0,0
error,0.79257728540951,-0.999435007098477,-0.0176155368951067,0.236002625595902,0.0556972392881594,9.65624855499015,-1.04686113348133,0,0.0556608833878407,-0.0137471989618562,0.0299163513766058
