signalsNamesOrdered,maxSignals,minSignals,meanSignals,standardDeviationSignals,varianceSignals,kurtosisSignals,skewnessSignals,firstMomentSignals,secondMomentSignals,thirdMomentSignals,fourthMomentSignals
compassSystem,1.7924071919171,0,0.979850529750515,0.24863275223238,0.0618182454826479,9.54785342787016,-1.19060342967651,0,0.0617787197502421,-0.0182820749649416,0.0364404349143832
compassFilter,1.79235528005232,0,0.979767209780682,0.248780103762881,0.0618915400282699,9.54562251692923,-1.1932859003043,0,0.0618519674323439,-0.0183558621229032,0.0365183623210506
fullSystem,1.79268136590776,0.00153471305888329,0.985270318373274,0.234541424606934,0.0550096798566499,9.51149233553386,-0.905491684805964,0,0.054974507427074,-0.0116714949551564,0.0287455985309157
gyroFilter,1,-0.000619137047188856,0.00550310859259097,0.0616723334557179,0.00380347671387326,187.162603037471,13.1860247301188,0,0.00380104482339124,0.00309007038935462,0.00270411438635695
gyroSystem,2.00387408140235,1,1.45871110192705,0.295718651886217,0.0874495210734016,1.85897383491533,0.259641445642212,0,0.08739360705737,0.00670800712974648,0.0141981776692476
input,1,1,1,0,0,NaN,NaN,0,0,0,0
error,0.792681365907762,-0.998465286941117,-0.0147296816267267,0.234541424606934,0.0550096798566499,9.51149233553385,-0.905491684805961,0,0.054974507427074,-0.0116714949551563,0.0287455985309157
