signalsNamesOrdered,maxSignals,minSignals,meanSignals,standardDeviationSignals,varianceSignals,kurtosisSignals,skewnessSignals,firstMomentSignals,secondMomentSignals,thirdMomentSignals,fourthMomentSignals
compassSystem,1.79109164262036,0,0.979176404213858,0.243508075052418,0.0592961826157341,10.2455246691224,-1.33218706962123,0,0.0592569655637396,-0.0192165016043074,0.0359760120471822
compassFilter,1.7910981365748,0,0.979129475906603,0.243575068487684,0.05932881398878,10.2443672199851,-1.33387114667675,0,0.0592895753551896,-0.0192566788716839,0.0360115502433899
fullSystem,1.79125646694471,0.000426565639544187,0.98382956033738,0.231478034081823,0.0535820802623856,10.3573409957452,-1.11020019048442,0,0.0535466423786142,-0.0137562374328412,0.0296970125367431
gyroFilter,1,-0.000305654630999852,0.00470008443077767,0.0584127767127759,0.00341205248329661,216.125212590668,14.2789204836062,0,0.00340979583482882,0.0028430725288005,0.00251282465939059
gyroSystem,2.00387408140234,1,1.45481454747847,0.290959244806671,0.0846572821384685,1.91728365461781,0.270555643358661,0,0.0846012918725039,0.00665766731049934,0.0137227249738015
input,1,1,1,0,0,NaN,NaN,0,0,0,0
error,0.791256466944715,-0.999573434360456,-0.0161704396626192,0.231478034081823,0.0535820802623856,10.3573409957452,-1.11020019048443,0,0.0535466423786142,-0.0137562374328413,0.0296970125367432
