signalsNamesOrdered,maxSignals,minSignals,meanSignals,standardDeviationSignals,varianceSignals,kurtosisSignals,skewnessSignals,firstMomentSignals,secondMomentSignals,thirdMomentSignals,fourthMomentSignals
compassSystem,1.81037387336043,0,0.994316138473074,0.210542383350806,0.0443280951870376,10.4670071672208,-0.615255946051501,0,0.044293970402444,-0.00573551917779858,0.0205358055670403
compassFilter,1.80960983051974,0,0.993966356101159,0.211096076582124,0.0445615535483661,10.4794098063662,-0.63522025725587,0,0.0445272490421703,-0.00596847166305118,0.0207772733454227
fullSystem,1.81113252421982,0.0139367681398927,0.99727617987394,0.202416736125436,0.0409725350636744,9.98207791851978,-0.298579593653743,0,0.0409409934662428,-0.00247341897450852,0.0167316090952928
gyroFilter,1,-0.00296438926445464,0.00330982377277972,0.0495770220904111,0.00245788111935311,339.454453640802,18.0645466529635,0,0.00245598898608186,0.00219870360921765,0.00204754917470731
gyroSystem,2.00387408140234,1,1.48145954928588,0.281860989049304,0.0794456171478521,1.92874616044004,0.214988893288086,0,0.0793844580892317,0.00480860662842126,0.0121547503574879
input,1,1,1,0,0,NaN,NaN,0,0,0,0
error,0.81113252421982,-0.986063231860107,-0.00272382012606058,0.202416736125436,0.0409725350636744,9.98207791851978,-0.298579593653737,0,0.0409409934662428,-0.00247341897450847,0.0167316090952928
