signalsNamesOrdered,maxSignals,minSignals,meanSignals,standardDeviationSignals,varianceSignals,kurtosisSignals,skewnessSignals,firstMomentSignals,secondMomentSignals,thirdMomentSignals,fourthMomentSignals
compassSystem,1.79132836913447,0,0.975617951186389,0.250062951101182,0.0625314795134321,9.35152275632011,-1.24486721633911,0,0.0624900404945365,-0.0194464010923335,0.0365177446267214
compassFilter,1.79137767941188,0,0.975567395968759,0.250139897067955,0.062569968105167,9.35029306611736,-1.24637113023372,0,0.0625285035802464,-0.0194878726935382,0.0365579044897969
fullSystem,1.79154960305671,0.000488459158019637,0.980317666933799,0.238317151381416,0.0567950646425526,9.39334041317449,-1.03757735601972,0,0.0567574270914309,-0.0140298986931164,0.0302597587525401
gyroFilter,1,-0.000337077637220462,0.00475027096503587,0.0586814415419104,0.00344351158143665,214.549291499639,14.2232911927905,0,0.00344122959894398,0.00287124714266948,0.00254070583019606
gyroSystem,2.00387408140233,1,1.44720467984058,0.290590762711888,0.084442991373477,1.91259701328106,0.288025671662623,0,0.0843870318033156,0.00706065132328627,0.0136199306468744
input,1,1,1,0,0,NaN,NaN,0,0,0,0
error,0.791549603056712,-0.99951154084198,-0.0196823330662023,0.238317151381416,0.0567950646425526,9.39334041317447,-1.0375773560197,0,0.0567574270914309,-0.0140298986931162,0.03025975875254
