signalsNamesOrdered,maxSignals,minSignals,meanSignals,standardDeviationSignals,varianceSignals,kurtosisSignals,skewnessSignals,firstMomentSignals,secondMomentSignals,thirdMomentSignals,fourthMomentSignals
compassSystem,1.80980116583854,0,0.99450033435351,0.214315630250659,0.0459311893697374,10.4412111734441,-0.655074594468084,0,0.0458839836252669,-0.00643846635860292,0.0219822990445424
compassFilter,1.80964381653756,0,0.993862054573299,0.21514335761955,0.0462866643278134,10.4664067493905,-0.68594237562669,0,0.0462390932442288,-0.00682027045196752,0.0223777401372686
fullSystem,1.812371197736,0.0303892958639403,0.998798218842578,0.202619084950909,0.0410544935863438,9.84296331954243,-0.216513531210454,0,0.0410122998622057,-0.00179827550763522,0.0165559503308465
gyroFilter,1,-0.00526732166713706,0.00493616426927829,0.0606346970800845,0.00367656648999361,228.122494532546,14.8211704966976,0,0.00367278790161746,0.00329895413017608,0.00307722895541234
gyroSystem,2.00387408140235,1,1.48181129365178,0.283094384270006,0.080142430405214,1.91181091471002,0.202677360349861,0,0.0800600640841398,0.00459123095180894,0.0122539697388358
input,1,1,1,0,0,NaN,NaN,0,0,0,0
error,0.812371197736004,-0.96961070413606,-0.0012017811574209,0.202619084950909,0.0410544935863438,9.84296331954242,-0.216513531210467,0,0.0410122998622057,-0.00179827550763533,0.0165559503308465
