signalsNamesOrdered,maxSignals,minSignals,meanSignals,standardDeviationSignals,varianceSignals,kurtosisSignals,skewnessSignals,firstMomentSignals,secondMomentSignals,thirdMomentSignals,fourthMomentSignals
compassSystem,1.79302124679798,0,0.976421740507924,0.242932606932,0.0590162515107777,9.82716297947354,-1.30425151617352,0,0.0589780037781071,-0.0186808422763263,0.0341828521522788
compassFilter,1.79288679428913,0,0.976275288977476,0.243112415074716,0.0591036463634611,9.8222850038044,-1.30789571789568,0,0.059065341991223,-0.0187746652453972,0.0342671493391736
fullSystem,1.79326793380743,0.00174279243741248,0.981304382372624,0.230398976415769,0.0530836883334342,9.85175679262044,-1.06921475052407,0,0.0530492854245985,-0.0130642429738774,0.0277250768506669
gyroFilter,1,-0.000705556514237538,0.00502909339514682,0.0606535819383171,0.00367885700194814,204.177716571136,13.8929392028586,0,0.00367647277835647,0.00309699972800457,0.00275975832387858
gyroSystem,2.00387408140234,1,1.45378659506676,0.288125466879026,0.0830162846642569,1.91931205651331,0.258376444996613,0,0.0829624827947402,0.00617412658493915,0.0132101902595826
input,1,1,1,0,0,NaN,NaN,0,0,0,0
error,0.793267933807426,-0.998257207562588,-0.0186956176273772,0.230398976415769,0.0530836883334342,9.85175679262041,-1.06921475052406,0,0.0530492854245985,-0.0130642429738772,0.0277250768506669
