signalsNamesOrdered,maxSignals,minSignals,meanSignals,standardDeviationSignals,varianceSignals,kurtosisSignals,skewnessSignals,firstMomentSignals,secondMomentSignals,thirdMomentSignals,fourthMomentSignals
compassSystem,1.80651387561241,0,0.982951004220764,0.229965756415017,0.0528842491235308,10.3257482967455,-1.2176516160052,0,0.0527543123934975,-0.0147540074905072,0.0287367379637633
compassFilter,1.77865846154625,0,0.980096729697502,0.230642103716658,0.0531957800068457,10.565762042006,-1.41885746927165,0,0.0530650778446667,-0.0173441084032551,0.0297521556075483
fullSystem,1.77881728435126,0.207778258630067,0.997708443449108,0.18925032907911,0.0358156870565513,8.928834553857,-0.143396662721722,0,0.0357276878254541,-0.000968381336321578,0.011397368704432
gyroFilter,1,-0.0189273827351795,0.0176117137516053,0.108923954296062,0.0118644278194905,67.488400393656,7.95180038415674,0,0.0118352768911871,0.0102384238301858,0.00945335528795046
gyroSystem,2.00387408140234,1,1.4853414039559,0.286713322858076,0.0822045295043196,1.90295592677202,0.171190384357857,0,0.0820025527733507,0.00401994790972071,0.0127962723457051
input,1,1,1,0,0,NaN,NaN,0,0,0,0
error,0.778817284351264,-0.792221741369933,-0.00229155655089286,0.18925032907911,0.0358156870565513,8.92883455385699,-0.143396662721708,0,0.0357276878254541,-0.000968381336321484,0.011397368704432
