signalsNamesOrdered,maxSignals,minSignals,meanSignals,standardDeviationSignals,varianceSignals,kurtosisSignals,skewnessSignals,firstMomentSignals,secondMomentSignals,thirdMomentSignals,fourthMomentSignals
compassSystem,1.79213151419354,0,0.976403792489676,0.243180814952779,0.0591369087610976,9.99677699246681,-1.34448456694855,0,0.0590990974383603,-0.0193164402029612,0.0349157761711828
compassFilter,1.79195632714618,0,0.976283396189064,0.243340846298129,0.0592147674770897,9.99242743130239,-1.34761744176506,0,0.0591769063725647,-0.0193996998034091,0.0349925440526387
fullSystem,1.79231229227478,0.00171500510543029,0.981855168943257,0.228690537268672,0.0522993618362337,9.98701048876994,-1.0613887679873,0,0.0522659223465686,-0.0126824283014259,0.0272817825935241
gyroFilter,1,-0.000672522356467198,0.00557177275419164,0.0621015976980573,0.00385660843665136,184.616519637274,13.0991749336672,0,0.00385414257447959,0.00313426423066619,0.00274237039567069
gyroSystem,2.00387408140234,1,1.45837802092589,0.28876597054464,0.083385785744588,1.90091457316814,0.233288665422722,0,0.0833324700248024,0.00561196586562226,0.0132005221357898
input,1,1,1,0,0,NaN,NaN,0,0,0,0
error,0.792312292274782,-0.99828499489457,-0.0181448310567441,0.228690537268672,0.0522993618362337,9.98701048876993,-1.06138876798729,0,0.0522659223465686,-0.0126824283014257,0.027281782593524
