signalsNamesOrdered,maxSignals,minSignals,meanSignals,standardDeviationSignals,varianceSignals,kurtosisSignals,skewnessSignals,firstMomentSignals,secondMomentSignals,thirdMomentSignals,fourthMomentSignals
compassSystem,1.78873775924964,0,0.974014740436771,0.245357509747721,0.0602003075896032,9.77402529728172,-1.3934943515556,0,0.0601603339457854,-0.0205622469259658,0.0353747952958844
compassFilter,1.78866587455444,0,0.973963200792927,0.245442689125366,0.0602421136450911,9.77247964178856,-1.39484213228349,0,0.0602021122416083,-0.0206035782199757,0.0354183424419371
fullSystem,1.7888484611904,0.000536356838903541,0.978751580044826,0.23331706214807,0.0544368514894066,9.84109829847496,-1.1894665776771,0,0.0544007048416713,-0.0150924252475561,0.0291241073475434
gyroFilter,1,-0.000348296438483109,0.00478837925190094,0.0588695195190557,0.00346562032840448,213.44869125657,14.1838608434248,0,0.00346331911968708,0.00289090105427661,0.00256022725904955
gyroSystem,2.00387408140234,1,1.45516075385703,0.290529479852165,0.0844073786631695,1.91463452793291,0.264487369758677,0,0.0843513312669788,0.0064795202205482,0.0136229062831563
input,1,1,1,0,0,NaN,NaN,0,0,0,0
error,0.788848461190401,-0.999463643161096,-0.0212484199551725,0.23331706214807,0.0544368514894066,9.841098298475,-1.18946657767712,0,0.0544007048416713,-0.0150924252475563,0.0291241073475435
