signalsNamesOrdered,maxSignals,minSignals,meanSignals,standardDeviationSignals,varianceSignals,kurtosisSignals,skewnessSignals,firstMomentSignals,secondMomentSignals,thirdMomentSignals,fourthMomentSignals
compassSystem,1.80651381719495,0,0.987588514554919,0.220809921734414,0.0487570215363581,10.6677184456362,-1.06368202057397,0,0.0486366338288609,-0.0114092496369868,0.0252347242752782
compassFilter,1.13009306403172,0,0.95777827490504,0.178597718722862,0.0318971451330104,22.181262396443,-4.3672611978881,0,0.0318183867499659,-0.024787138964973,0.0224565259929644
fullSystem,1.2820100099281,0.765120626522753,1.0272919336496,0.0628028815580789,0.00394420193199809,7.75502722109614,-0.148530600487955,0,0.00393446316179562,-3.66559231993739e-05,0.000120047824263769
gyroFilter,1,-0.0355318722895104,0.0695136587445586,0.154950255550646,0.0240095816952105,24.273102628143,4.54295213717408,0,0.0239502987774446,0.0168385451062027,0.0139234597354682
gyroSystem,2.00387408140234,1,1.48766491326615,0.285499739845961,0.0815101014521113,1.9025065174426,0.171983733522379,0,0.081308841942353,0.0039874388507237,0.0125777136853033
input,1,1,1,0,0,NaN,NaN,0,0,0,0
error,0.282010009928105,-0.234879373477247,0.0272919336495987,0.0628028815580789,0.00394420193199809,7.75502722109613,-0.148530600487979,0,0.00393446316179563,-3.66559231993798e-05,0.000120047824263769
