signalsNamesOrdered,maxSignals,minSignals,meanSignals,standardDeviationSignals,varianceSignals,kurtosisSignals,skewnessSignals,firstMomentSignals,secondMomentSignals,thirdMomentSignals,fourthMomentSignals
compassSystem,1.79074133724429,0,0.978373884060148,0.246451286584526,0.0607382366591679,9.79700834340488,-1.26961245865644,0,0.0606983298019674,-0.0189861228662178,0.0360949928371123
compassFilter,1.79064559535868,0,0.978321819257525,0.24653579016267,0.0607798958311323,9.79500579725621,-1.27091249783041,0,0.0607399616025967,-0.0190251206692453,0.0361371354411411
fullSystem,1.7908122118382,0.000462244153633112,0.983016612603385,0.234624198681261,0.055048514606824,9.86076279900267,-1.05121046810462,0,0.0550123460689745,-0.0135637546867219,0.0298422005523563
gyroFilter,1,-0.00032017525117034,0.00469479334586145,0.0583490877572719,0.00340461604210582,216.86054903794,14.3015553923008,0,0.00340237910646711,0.00283829365734464,0.00251041752781711
gyroSystem,2.00387408140233,1,1.45657736252571,0.294392010242189,0.0866666556944374,1.88955922075986,0.267503780733658,0,0.086609713082286,0.00681835837716628,0.014174041744445
input,1,1,1,0,0,NaN,NaN,0,0,0,0
error,0.790812211838195,-0.999537755846367,-0.0169833873966141,0.234624198681261,0.055048514606824,9.86076279900266,-1.05121046810463,0,0.0550123460689746,-0.013563754686722,0.0298422005523564
