signalsNamesOrdered,maxSignals,minSignals,meanSignals,standardDeviationSignals,varianceSignals,kurtosisSignals,skewnessSignals,firstMomentSignals,secondMomentSignals,thirdMomentSignals,fourthMomentSignals
compassSystem,1.81062977630054,0,0.99492665122778,0.204181472101658,0.0416900735495999,10.6106340376918,-0.607405894829061,0,0.0416692804954605,-0.00516657817115951,0.0184235509196607
compassFilter,1.81029904720492,0,0.994761131787781,0.204564533166273,0.0418466482295351,10.6196834261474,-0.621052119182142,0,0.0418257770832859,-0.00531244046135955,0.0185780277630383
fullSystem,1.81111692712542,0.00674849079859418,0.996735454602594,0.199176535779618,0.0396712924051693,10.2428781813951,-0.402276034509837,0,0.0396515062244186,-0.00317624280552262,0.0161042827231759
gyroFilter,1,-0.00224793554292191,0.001974322814813,0.038052481566094,0.00144799135333792,569.371972418113,23.3926245971588,0,0.00144726916313675,0.0012879615985816,0.00119259971836705
gyroSystem,2.00387408140234,1,1.49072783478776,0.282998148762704,0.0800879522031177,1.89833400528125,0.178685200423505,0,0.0800480080873056,0.00404682456649118,0.0121639236705812
input,1,1,1,0,0,NaN,NaN,0,0,0,0
error,0.811116927125423,-0.993251509201406,-0.00326454539740588,0.199176535779618,0.0396712924051693,10.2428781813951,-0.402276034509838,0,0.0396515062244186,-0.00317624280552263,0.0161042827231759
