signalsNamesOrdered,maxSignals,minSignals,meanSignals,standardDeviationSignals,varianceSignals,kurtosisSignals,skewnessSignals,firstMomentSignals,secondMomentSignals,thirdMomentSignals,fourthMomentSignals
compassSystem,1.78636472374572,0,0.978986938394638,0.241225422782187,0.0581897045964446,10.3291682593577,-1.39643525632061,0,0.0581507295766212,-0.0195818426697366,0.0349281583914346
compassFilter,1.7863493839686,0,0.978966002346716,0.241256239502904,0.0582045730990828,10.3288920980145,-1.39721271606559,0,0.0581655881204498,-0.019600254703238,0.0349450758821548
fullSystem,1.78642500989217,0.00013749119619493,0.983315067355703,0.229915145668053,0.0528609742075622,10.4345469677262,-1.19323982951172,0,0.052825568330665,-0.0144875186692217,0.0291180276808071
gyroFilter,1,-0.000160557163525699,0.00434906500898622,0.0561624239543022,0.00315421786442278,229.10764582589,14.7047529741508,0,0.00315210519338164,0.00260230853997661,0.00227636022124359
gyroSystem,2.00387408140233,1,1.46034934766503,0.290132052228037,0.0841766077300522,1.89325698750761,0.239229168428747,0,0.0841202268809363,0.00583666521942543,0.0133970888941887
input,1,1,1,0,0,NaN,NaN,0,0,0,0
error,0.786425009892173,-0.999862508803805,-0.0166849326442987,0.229915145668053,0.0528609742075622,10.4345469677262,-1.1932398295117,0,0.052825568330665,-0.0144875186692214,0.029118027680807
