signalsNamesOrdered,maxSignals,minSignals,meanSignals,standardDeviationSignals,varianceSignals,kurtosisSignals,skewnessSignals,firstMomentSignals,secondMomentSignals,thirdMomentSignals,fourthMomentSignals
compassSystem,1.79064259885543,0,0.977442303539483,0.245724936904945,0.0603807446169394,9.92354339223192,-1.30889979911772,0,0.0603404639334058,-0.0194007879337051,0.036131339540411
compassFilter,1.79056121605173,0,0.977395752927073,0.24580155870121,0.0604184062599442,9.92205868678484,-1.31043016745496,0,0.0603781004518989,-0.0194416468852758,0.0361710139142452
fullSystem,1.79072552129837,0.000452051412942544,0.982154693380372,0.233700258412579,0.054615810782106,10.0104754385602,-1.09130215213112,0,0.0545793759516977,-0.0139151489762086,0.0298202881634237
gyroFilter,1,-0.000315121190580081,0.00475894045329684,0.0587576594870215,0.00345246254839276,213.743037446383,14.1982918803483,0,0.0034501593712424,0.00287736419372086,0.00254431155363916
gyroSystem,2.00387408140234,1,1.45325519208101,0.289509196753486,0.0838155750048485,1.90440216922243,0.251723575262131,0,0.0837596606786278,0.0061020569336267,0.0133606776522007
input,1,1,1,0,0,NaN,NaN,0,0,0,0
error,0.79072552129837,-0.999547948587057,-0.0178453066196293,0.233700258412579,0.054615810782106,10.0104754385602,-1.09130215213111,0,0.0545793759516977,-0.0139151489762085,0.0298202881634236
