signalsNamesOrdered,maxSignals,minSignals,meanSignals,standardDeviationSignals,varianceSignals,kurtosisSignals,skewnessSignals,firstMomentSignals,secondMomentSignals,thirdMomentSignals,fourthMomentSignals
compassSystem,1.7934638895278,0,0.975234477545868,0.246192948646979,0.0606109679634941,9.66362238973425,-1.33422073400428,0,0.0605714046684788,-0.0198897421585735,0.0354548164813459
compassFilter,1.79336333422713,0,0.975101804098179,0.246351222862547,0.0606889250058722,9.65945220341883,-1.33743957820916,0,0.0606493108250589,-0.0199762045431861,0.0355307388268618
fullSystem,1.79372072850808,0.00172628729214201,0.980794959414149,0.231596005480008,0.0536367097542957,9.64180130166689,-1.06074127654796,0,0.0536016988471454,-0.0131636795179912,0.0277022654257413
gyroFilter,1,-0.000671380591168447,0.00569315531596822,0.062765192004126,0.0039394693273148,180.680103092681,12.9579922026262,0,0.00393689787214031,0.00320087664368598,0.00280039070397162
gyroSystem,2.00387408140235,1,1.45199880820405,0.290933153803889,0.0846420999822776,1.90419255352287,0.267734622541317,0,0.0845868505697565,0.00658656252750067,0.0136243744988427
input,1,1,1,0,0,NaN,NaN,0,0,0,0
error,0.79372072850808,-0.998273712707858,-0.0192050405858523,0.231596005480008,0.0536367097542957,9.64180130166687,-1.06074127654794,0,0.0536016988471454,-0.013163679517991,0.0277022654257413
