signalsNamesOrdered,maxSignals,minSignals,meanSignals,standardDeviationSignals,varianceSignals,kurtosisSignals,skewnessSignals,firstMomentSignals,secondMomentSignals,thirdMomentSignals,fourthMomentSignals
compassSystem,1.78679248281357,0,0.976274747222192,0.23647828676528,0.0559219801114418,10.2777155377108,-1.40797795247157,0,0.0558861096944364,-0.0186016587332672,0.0320999496362613
compassFilter,1.78677329900078,0,0.976080847816867,0.236739254047509,0.0560454744069709,10.2809596611506,-1.41642232739743,0,0.0560095247761775,-0.0187752442608643,0.032252057900113
fullSystem,1.78745684300784,0.00427717103681114,0.981620449812963,0.222458051595328,0.0494875847195894,10.28349472198,-1.13857194774256,0,0.049455841560693,-0.0125223798672872,0.0251521967903378
gyroFilter,1,-0.00126589068221694,0.00553960199609698,0.0636496912996396,0.00405128320253942,185.691209467839,13.2599367566093,0,0.00404868456033125,0.00341595676226884,0.00304382183338998
gyroSystem,2.00387408140233,1,1.46109027990576,0.290424162342721,0.0843461940724712,1.90151673161303,0.235123316664901,0,0.084292091318095,0.00575408062392111,0.0135105742673982
input,1,1,1,0,0,NaN,NaN,0,0,0,0
error,0.787456843007838,-0.995722828963189,-0.0183795501870363,0.222458051595328,0.0494875847195894,10.28349472198,-1.13857194774256,0,0.049455841560693,-0.0125223798672872,0.0251521967903378
