signalsNamesOrdered,maxSignals,minSignals,meanSignals,standardDeviationSignals,varianceSignals,kurtosisSignals,skewnessSignals,firstMomentSignals,secondMomentSignals,thirdMomentSignals,fourthMomentSignals
compassSystem,1.81065292527134,0,0.99288562237326,0.208933236537119,0.0436530973298756,10.6892458711705,-0.714951802102303,0,0.043615691076808,-0.00651239752181863,0.0203344571508985
compassFilter,1.80955857590401,0,0.992516446144096,0.209665220473464,0.0439595046761864,10.7013137329939,-0.740751605270524,0,0.0439218358632676,-0.00681857039108132,0.0206442003805819
fullSystem,1.81148026188056,0.0185567742592847,0.996359841698529,0.199574790660383,0.0398300970671356,10.1238019154711,-0.354302207810555,0,0.0397959667354586,-0.00281275851043022,0.0160332571259543
gyroFilter,1,-0.00359154336877787,0.00384339555443086,0.0534958091414657,0.00286180159570012,291.5980415783,16.7471699513742,0,0.00285934932355299,0.00256060300844742,0.00238407017455844
gyroSystem,2.00387408140234,1,1.48678899207301,0.281864833075411,0.0794477841246292,1.92458831154848,0.192571922276756,0,0.0793797054749937,0.00430682465339307,0.0121270958538979
input,1,1,1,0,0,NaN,NaN,0,0,0,0
error,0.811480261880559,-0.981443225740715,-0.00364015830147367,0.199574790660383,0.0398300970671357,10.1238019154711,-0.354302207810518,0,0.0397959667354586,-0.00281275851042993,0.0160332571259543
