signalsNamesOrdered,maxSignals,minSignals,meanSignals,standardDeviationSignals,varianceSignals,kurtosisSignals,skewnessSignals,firstMomentSignals,secondMomentSignals,thirdMomentSignals,fourthMomentSignals
compassSystem,1.78525629242254,0,0.982119905862573,0.238170243045821,0.0567250646725056,10.2273381324948,-1.22660279946462,0,0.0566890487584278,-0.0165558966223241,0.0328670672828076
compassFilter,1.78510963164404,0,0.981920599205749,0.238433028839696,0.0568503092416712,10.2251143586185,-1.23487599678213,0,0.056814213807232,-0.0167227944245007,0.0330051853887347
fullSystem,1.78576083183198,0.00391664840691983,0.987245095084133,0.224780806448486,0.0505264109476316,10.2204531479118,-0.941421011716456,0,0.0504943306867125,-0.0106818830060329,0.0260588587309243
gyroFilter,1,-0.00120593617916831,0.00532449587838414,0.0626594627327853,0.00392620826996131,193.000075008169,13.5349214768194,0,0.00392371543931371,0.0033266108190611,0.00297134092459228
gyroSystem,2.00387408140234,1,1.45511720248521,0.290606295020221,0.0844520187053794,1.91454303486996,0.28436825523776,0,0.0843983983760427,0.00697240203593374,0.0136374616731775
input,1,1,1,0,0,NaN,NaN,0,0,0,0
error,0.785760831831983,-0.99608335159308,-0.0127549049158664,0.224780806448486,0.0505264109476316,10.2204531479118,-0.941421011716464,0,0.0504943306867125,-0.0106818830060329,0.0260588587309244
