signalsNamesOrdered,maxSignals,minSignals,meanSignals,standardDeviationSignals,varianceSignals,kurtosisSignals,skewnessSignals,firstMomentSignals,secondMomentSignals,thirdMomentSignals,fourthMomentSignals
compassSystem,1.79242317670342,0,0.976683243216114,0.245323787631489,0.0601837607778597,9.92062042357692,-1.28371816146527,0,0.0601443477059685,-0.0189348519659385,0.0358862824894969
compassFilter,1.79230798905652,0,0.97663075686479,0.245405358209959,0.0602237898381585,9.91967787395197,-1.28584989313583,0,0.0601843505520824,-0.018985220290939,0.0359306212388352
fullSystem,1.79250006429061,0.000583369412122332,0.981374489048553,0.233335008698242,0.0544452262842085,9.99415134580769,-1.06149280243886,0,0.0544095712571723,-0.013471935947666,0.0295867000795745
gyroFilter,1,-0.000375879230302578,0.00474373218375927,0.0585688655345412,0.00343031201000316,215.940904500335,14.2641333165759,0,0.00342806557122779,0.00286298498160026,0.00253765838044051
gyroSystem,2.00387408140234,1,1.46139851167982,0.295376901497378,0.0872475139381917,1.86116025265559,0.239883765794453,0,0.0871903773868242,0.00617594890169736,0.0141488415790166
input,1,1,1,0,0,NaN,NaN,0,0,0,0
error,0.792500064290605,-0.999416630587878,-0.0186255109514493,0.233335008698242,0.0544452262842084,9.99415134580767,-1.06149280243883,0,0.0544095712571723,-0.0134719359476656,0.0295867000795744
