signalsNamesOrdered,maxSignals,minSignals,meanSignals,standardDeviationSignals,varianceSignals,kurtosisSignals,skewnessSignals,firstMomentSignals,secondMomentSignals,thirdMomentSignals,fourthMomentSignals
compassSystem,1.80651381719495,0,0.987588514554919,0.220809921734414,0.0487570215363581,10.6677184456362,-1.06368202057397,0,0.0486366338288609,-0.0114092496369868,0.0252347242752782
compassFilter,1.66338942133944,0,0.980886247574661,0.208006190052495,0.0432665751001546,12.6668007435717,-1.90257866862608,0,0.0431597440505245,-0.0170592885047396,0.0235952541693185
fullSystem,1.67724976692649,0.403373683487318,1.00506405352602,0.155916741797585,0.0243100303727748,8.80413224059966,0.142490621618785,0,0.0242500056064223,0.000538088915910196,0.00517738240968254
gyroFilter,1,-0.0249577089139499,0.0241778059513572,0.117238573589279,0.0137448831372489,57.5127655524373,7.32102737179865,0,0.0137109451541939,0.0117536599280147,0.0108118257751455
gyroSystem,2.00387408140234,1,1.48766491326615,0.285499739845961,0.0815101014521113,1.9025065174426,0.171983733522379,0,0.081308841942353,0.0039874388507237,0.0125777136853033
input,1,1,1,0,0,NaN,NaN,0,0,0,0
error,0.677249766926487,-0.596626316512682,0.00506405352601779,0.155916741797585,0.0243100303727748,8.80413224059964,0.142490621618793,0,0.0242500056064223,0.000538088915910228,0.00517738240968254
