signalsNamesOrdered,maxSignals,minSignals,meanSignals,standardDeviationSignals,varianceSignals,kurtosisSignals,skewnessSignals,firstMomentSignals,secondMomentSignals,thirdMomentSignals,fourthMomentSignals
compassSystem,1.78819450173196,0,0.981301057615834,0.244377027868619,0.0597201317498999,9.64102916138645,-1.18721822004663,0,0.0596817758528223,-0.0173098441978585,0.0343405203013748
compassFilter,1.78813553219631,0,0.981170771389534,0.244579601075427,0.0598191812622148,9.63937986209499,-1.19151056432694,0,0.0597807617495223,-0.0174156650846153,0.0344486323310931
fullSystem,1.7885930438034,0.00233367765739222,0.986178962717281,0.232062020914425,0.0538527815508872,9.64509824595107,-0.942908539230846,0,0.053818194022595,-0.011772352261413,0.0279360433451258
gyroFilter,1,-0.000851307379782229,0.00500819132774741,0.0609699431857788,0.0037173339720771,203.987131022765,13.9152879023424,0,0.00371494647434295,0.00315080145447686,0.00281519116814311
gyroSystem,2.00387408140233,1,1.45422460669728,0.291149688163902,0.0847681409179376,1.90143439102273,0.268674218793425,0,0.0847136976675086,0.00662455107429199,0.0136454738666545
input,1,1,1,0,0,NaN,NaN,0,0,0,0
error,0.788593043803398,-0.997666322342608,-0.0138210372827189,0.232062020914425,0.0538527815508872,9.64509824595108,-0.942908539230846,0,0.053818194022595,-0.011772352261413,0.0279360433451258
