signalsNamesOrdered,maxSignals,minSignals,meanSignals,standardDeviationSignals,varianceSignals,kurtosisSignals,skewnessSignals,firstMomentSignals,secondMomentSignals,thirdMomentSignals,fourthMomentSignals
compassSystem,1.7940575990958,0,0.980636893364326,0.249569546947067,0.0622849587633641,9.51238029358335,-1.1856028599068,0,0.0622442762298805,-0.018411466001143,0.0368542898616219
compassFilter,1.79404450051997,0,0.980557231634688,0.249700815409206,0.0623504972160224,9.50877512325226,-1.1872265692443,0,0.0623097718749276,-0.018465788163344,0.0369178923588443
fullSystem,1.79428965348228,0.00104979464076504,0.985801486585589,0.236200340194112,0.0557906007078141,9.48864999246063,-0.919143341505946,0,0.0557541600803107,-0.0121003842583787,0.0294957186817852
gyroFilter,1,-0.000464858851795702,0.00524425495089981,0.0604234641321521,0.00365099501772947,197.046198697953,13.5484341297013,0,0.00364861030511175,0.00298593483069546,0.00262314937380524
gyroSystem,2.00387408140234,1,1.45275163369389,0.293936258923798,0.0863985243101179,1.87708017136509,0.273025531444269,0,0.0863420915705293,0.00692687113853407,0.0139935515440657
input,1,1,1,0,0,NaN,NaN,0,0,0,0
error,0.794289653482279,-0.998950205359235,-0.0141985134144109,0.236200340194112,0.0557906007078141,9.48864999246063,-0.919143341505947,0,0.0557541600803107,-0.0121003842583787,0.0294957186817852
