signalsNamesOrdered,maxSignals,minSignals,meanSignals,standardDeviationSignals,varianceSignals,kurtosisSignals,skewnessSignals,firstMomentSignals,secondMomentSignals,thirdMomentSignals,fourthMomentSignals
compassSystem,1.79088492868952,0,0.974366918153744,0.248582341127083,0.0617931803202216,9.45866717135679,-1.28148153420034,0,0.0617526867551363,-0.0196650990916493,0.0360696276800022
compassFilter,1.79095194743032,0,0.97431241982718,0.248656723029939,0.0618301659079878,9.45732460347931,-1.28283200285084,0,0.0617896481059511,-0.0197034995632888,0.0361076928409815
fullSystem,1.79112047168804,0.000472811527672699,0.979000026699665,0.236945401402887,0.0561431232459753,9.50846521698767,-1.07832830892511,0,0.0561063322084615,-0.014330746872516,0.0299318927121293
gyroFilter,1,-0.000336899189189221,0.00468760687248485,0.0583074521978551,0.00339975898180515,217.247098726834,14.313814111,0,0.00339753109256413,0.00283465711033002,0.00250773051726596
gyroSystem,2.00387408140234,1,1.45659688284436,0.29364454308471,0.086227117683428,1.88508139509116,0.260009255347331,0,0.0861706123638452,0.0065769959789034,0.0139974351993058
input,1,1,1,0,0,NaN,NaN,0,0,0,0
error,0.791120471688037,-0.999527188472327,-0.0209999733003353,0.236945401402887,0.0561431232459753,9.50846521698766,-1.07832830892511,0,0.0561063322084615,-0.0143307468725161,0.0299318927121293
