signalsNamesOrdered,maxSignals,minSignals,meanSignals,standardDeviationSignals,varianceSignals,kurtosisSignals,skewnessSignals,firstMomentSignals,secondMomentSignals,thirdMomentSignals,fourthMomentSignals
compassSystem,1.79119319468105,0,0.977560297240451,0.245758700916472,0.060397339076152,9.80080329471564,-1.3139892435236,0,0.0603580434749313,-0.0194847366494405,0.0357052419164792
compassFilter,1.79119083178051,0,0.977510342663924,0.245826239630534,0.0604305400908885,9.79947184694288,-1.31532084991585,0,0.0603912228884871,-0.0195205675458516,0.0357396518323659
fullSystem,1.79134188117702,0.000395653485214335,0.982110090793594,0.2341408297483,0.0548219281552223,9.86580201919001,-1.10605905758023,0,0.0547862600171903,-0.0141835778935067,0.0296125430261086
gyroFilter,1,-0.000306302872358222,0.00459974812967066,0.0578102857862569,0.0033420291426887,220.464635763937,14.423873333679,0,0.00333985475808057,0.00278402589945164,0.00245920139705707
gyroSystem,2.00387408140235,1,1.45946415672639,0.293316212283997,0.086034400388631,1.88241401941472,0.245569795443579,0,0.0859784248516183,0.00619097678020047,0.0139153494656036
input,1,1,1,0,0,NaN,NaN,0,0,0,0
error,0.791341881177015,-0.999604346514786,-0.0178899092064061,0.2341408297483,0.0548219281552223,9.86580201919001,-1.10605905758023,0,0.0547862600171903,-0.0141835778935068,0.0296125430261086
