signalsNamesOrdered,maxSignals,minSignals,meanSignals,standardDeviationSignals,varianceSignals,kurtosisSignals,skewnessSignals,firstMomentSignals,secondMomentSignals,thirdMomentSignals,fourthMomentSignals
compassSystem,1.78775432680357,0,0.985087904999215,0.239284045240238,0.0572568543065322,10.0389247983705,-1.19421944653781,0,0.0572210239846883,-0.0163462289293008,0.0328699052078078
compassFilter,1.78766211703959,0,0.984901322939937,0.239587655490751,0.0574022446635546,10.0337749605663,-1.19936333091659,0,0.0573663233590092,-0.0164792063354957,0.0330201004080391
fullSystem,1.78825763126932,0.00348835171839371,0.989928696953269,0.226734666485322,0.0514086089862102,9.99993700451387,-0.922512403522542,0,0.0513764383923515,-0.0107428176790135,0.0263952179398248
gyroFilter,1,-0.00110996968038712,0.00502737401333156,0.0610459505695879,0.00372660808094457,204.788993472756,13.9497531846771,0,0.0037242760358376,0.00317051138791142,0.0028404708486939
gyroSystem,2.00387408140234,1,1.45482222155836,0.290152732436225,0.0841886081402076,1.90947397938523,0.27792713719433,0,0.0841359244054515,0.00678270861252874,0.0135168870883044
input,1,1,1,0,0,NaN,NaN,0,0,0,0
error,0.788257631269322,-0.996511648281606,-0.0100713030467321,0.226734666485322,0.0514086089862103,9.9999370045138,-0.922512403522518,0,0.0513764383923516,-0.0107428176790133,0.0263952179398248
