signalsNamesOrdered,maxSignals,minSignals,meanSignals,standardDeviationSignals,varianceSignals,kurtosisSignals,skewnessSignals,firstMomentSignals,secondMomentSignals,thirdMomentSignals,fourthMomentSignals
compassSystem,1.78801942841986,0,0.971717998798494,0.246373162274209,0.0606997350889937,9.77558654690392,-1.37821857370088,0,0.0606603452544129,-0.0205909040632494,0.0359710057328463
compassFilter,1.78803465227542,0,0.971654385078636,0.246477062910549,0.0607509425410108,9.77359706617396,-1.38003663584295,0,0.0607115194764157,-0.0206441625236429,0.0360243899792047
fullSystem,1.78826457291229,0.000787365683865768,0.976894001021998,0.232903939076322,0.0542442448372672,9.80363546505466,-1.13725160629257,0,0.0542090441592417,-0.0143537105229478,0.0288091638448771
gyroFilter,1,-0.0004454895130932,0.00523961594336145,0.0600342097017822,0.00360410633451756,198.432414779643,13.5703848968371,0,0.00360176752443675,0.00293336214149192,0.00257421000129894
gyroSystem,2.00387408140234,1,1.44989462498876,0.290449626076122,0.0843609852877589,1.91299170628391,0.275317494754617,0,0.0843062409754372,0.0067394335772361,0.0135966694096147
input,1,1,1,0,0,NaN,NaN,0,0,0,0
error,0.788264572912287,-0.999212634316134,-0.0231059989780023,0.232903939076322,0.0542442448372672,9.80363546505463,-1.13725160629256,0,0.0542090441592417,-0.0143537105229477,0.0288091638448771
