signalsNamesOrdered,maxSignals,minSignals,meanSignals,standardDeviationSignals,varianceSignals,kurtosisSignals,skewnessSignals,firstMomentSignals,secondMomentSignals,thirdMomentSignals,fourthMomentSignals
compassSystem,1.78488408327105,0,0.978700178590259,0.241752360683212,0.0584442038959058,9.9588915092376,-1.31167840295902,0,0.0584066433535562,-0.0185148730995578,0.033973125004352
compassFilter,1.78471364921614,0,0.978577661859444,0.241990558831778,0.0585594305637161,9.95241043119974,-1.31360190797102,0,0.0585217959682381,-0.0185968864389134,0.0340850212495407
fullSystem,1.78511955960834,0.00195849141841286,0.983576237914328,0.229280566861448,0.0525695783403068,9.98453187554178,-1.07129954452811,0,0.0525357932642526,-0.0129001233104353,0.0275574035674479
gyroFilter,1,-0.000747697536253034,0.00499857605488577,0.0606174643438142,0.00367447698347359,204.971150236445,13.9282219433407,0,0.00367211549440966,0.00309934681787815,0.00276391957919735
gyroSystem,2.00387408140234,1,1.45517283059093,0.289336959526912,0.0837158761482782,1.94501729310615,0.282467865102284,0,0.0836620741713191,0.006835369383487,0.0136138425036645
input,1,1,1,0,0,NaN,NaN,0,0,0,0
error,0.785119559608337,-0.998041508581587,-0.0164237620856713,0.229280566861448,0.0525695783403068,9.98453187554178,-1.07129954452811,0,0.0525357932642526,-0.0129001233104353,0.0275574035674479
