signalsNamesOrdered,maxSignals,minSignals,meanSignals,standardDeviationSignals,varianceSignals,kurtosisSignals,skewnessSignals,firstMomentSignals,secondMomentSignals,thirdMomentSignals,fourthMomentSignals
compassSystem,1.79406419358569,0,0.976608949779271,0.245117400469363,0.0600825400128581,9.75613198467892,-1.31322669743688,0,0.0600440255641319,-0.0193216586363255,0.0351736363603943
compassFilter,1.79396698026143,0,0.976518913010355,0.245226295312347,0.0601359359126186,9.75329593420355,-1.31517872531031,0,0.0600973872357516,-0.0193761800687512,0.0352259394497206
fullSystem,1.79420356367045,0.000997164737559928,0.981643753777592,0.23188264401071,0.0537695605933974,9.73652702546585,-1.06018930920989,0,0.0537350929263504,-0.0132059736667825,0.0281138343871822
gyroFilter,1,-0.000450507440032055,0.00512484076723575,0.0597507236522429,0.0035701489769667,201.643039854335,13.7089818895382,0,0.00356786041993018,0.00292157464192621,0.00256684088131647
gyroSystem,2.00387408140234,1,1.45722058502157,0.292546808385922,0.0855836350967894,1.88859311874792,0.253682394150402,0,0.0855287737922402,0.00634539549991031,0.0138153818895623
input,1,1,1,0,0,NaN,NaN,0,0,0,0
error,0.794203563670449,-0.99900283526244,-0.0183562462224069,0.231882644010709,0.0537695605933974,9.73652702546589,-1.0601893092099,0,0.0537350929263503,-0.0132059736667826,0.0281138343871823
