signalsNamesOrdered,maxSignals,minSignals,meanSignals,standardDeviationSignals,varianceSignals,kurtosisSignals,skewnessSignals,firstMomentSignals,secondMomentSignals,thirdMomentSignals,fourthMomentSignals
compassSystem,1.79298776124624,0,0.978361387899094,0.247792864215801,0.0614013035562705,9.55956822323817,-1.26463580437354,0,0.0613616386314926,-0.0192225454515684,0.0359941709016276
compassFilter,1.79283865709114,0,0.978316075195426,0.247873824045466,0.0614414326469225,9.55856716859011,-1.26657235818593,0,0.0614017417989593,-0.0192708576020915,0.0360374604216656
fullSystem,1.79302996618256,0.000577137663488743,0.982993139062433,0.236070212817478,0.0557291453796892,9.59107852354858,-1.05192175097814,0,0.0556931446397798,-0.0138256655205579,0.0297489010760491
gyroFilter,1,-0.000381315695215934,0.00467706386700972,0.0581601986410833,0.00338260870597027,218.995217618035,14.3656341953112,0,0.00338042355822739,0.00282345898211372,0.00250251604229256
gyroSystem,2.00387408140234,1,1.45280143942733,0.292954670250555,0.0858224388216113,1.88697734516174,0.27176706557064,0,0.0857669979696594,0.00682617061144553,0.0138805637256624
input,1,1,1,0,0,NaN,NaN,0,0,0,0
error,0.793029966182558,-0.999422862336511,-0.0170068609375653,0.236070212817478,0.0557291453796892,9.59107852354861,-1.05192175097816,0,0.0556931446397798,-0.0138256655205581,0.0297489010760492
