signalsNamesOrdered,maxSignals,minSignals,meanSignals,standardDeviationSignals,varianceSignals,kurtosisSignals,skewnessSignals,firstMomentSignals,secondMomentSignals,thirdMomentSignals,fourthMomentSignals
compassSystem,1.80651381719495,0,0.987588514554919,0.220809921734414,0.0487570215363581,10.6677184456362,-1.06368202057397,0,0.0486366338288609,-0.0114092496369868,0.0252347242752782
compassFilter,1.59470168660652,0,0.979006328457149,0.200939994622246,0.0403768814387883,13.9918027853275,-2.28531109941082,0,0.0402771854352358,-0.0184728541224751,0.0226982253870174
fullSystem,1.6164159837902,0.466542190366803,1.00696047812978,0.141985367343263,0.0201598445396015,8.74808165570344,0.163595719226983,0,0.0201100671456765,0.000466543578734167,0.00353785369845547
gyroFilter,1,-0.0274630636147284,0.0279541496726335,0.12134364143591,0.0147242793169267,52.0173154863489,6.92231191594817,0,0.0146879230716998,0.0123222991596945,0.0112219599342336
gyroSystem,2.00387408140234,1,1.48766491326615,0.285499739845961,0.0815101014521113,1.9025065174426,0.171983733522379,0,0.081308841942353,0.0039874388507237,0.0125777136853033
input,1,1,1,0,0,NaN,NaN,0,0,0,0
error,0.616415983790198,-0.533457809633197,0.00696047812978309,0.141985367343263,0.0201598445396015,8.74808165570345,0.163595719227013,0,0.0201100671456765,0.000466543578734253,0.00353785369845548
