signalsNamesOrdered,maxSignals,minSignals,meanSignals,standardDeviationSignals,varianceSignals,kurtosisSignals,skewnessSignals,firstMomentSignals,secondMomentSignals,thirdMomentSignals,fourthMomentSignals
compassSystem,1.79006480148465,0,0.977799125944488,0.24407219134678,0.0595712345888194,9.79102347423311,-1.30080908973587,0,0.0595320429871162,-0.0188946887846254,0.0347000152106624
compassFilter,1.79001662106408,0,0.977673233339648,0.244249065934186,0.0596576062097224,9.78709414028105,-1.30442782668894,0,0.0596183577845844,-0.0189884741782939,0.0347867442080917
fullSystem,1.7903934120766,0.0017103477647277,0.982774609303476,0.231372336169132,0.053533157944362,9.82122693142925,-1.06440211306075,0,0.0534979387615039,-0.0131707741302261,0.0281086407298706
gyroFilter,1,-0.000698776697580783,0.00510137596382567,0.0610698411961701,0.00372952550372543,201.280156383922,13.7921371328689,0,0.00372707186852561,0.00313821878359234,0.00279599567780302
gyroSystem,2.00387408140234,1,1.45319993687809,0.288970743560441,0.0835040906338742,1.91703551432839,0.267984292963744,0,0.0834491537321414,0.00646014469102517,0.0133497776460606
input,1,1,1,0,0,NaN,NaN,0,0,0,0
error,0.7903934120766,-0.998289652235272,-0.017225390696525,0.231372336169132,0.053533157944362,9.82122693142926,-1.06440211306074,0,0.0534979387615038,-0.0131707741302259,0.0281086407298706
