signalsNamesOrdered,maxSignals,minSignals,meanSignals,standardDeviationSignals,varianceSignals,kurtosisSignals,skewnessSignals,firstMomentSignals,secondMomentSignals,thirdMomentSignals,fourthMomentSignals
compassSystem,1.81058557768198,0,0.993621148169596,0.20746305960411,0.0430409211002986,10.5358770433771,-0.666206468992097,0,0.0430145479868793,-0.00594335799788346,0.0194940206019438
compassFilter,1.81049131024929,0,0.993420982859608,0.207915995871128,0.0432290613390829,10.543907567651,-0.682619031325362,0,0.0432025729436546,-0.0061297506785962,0.0196798060640922
fullSystem,1.8115064043071,0.00851882303505895,0.995886801967164,0.201309914455285,0.0405256816579943,10.1321796534854,-0.427437025746324,0,0.0405008497452137,-0.00348392134871761,0.0166200050754099
gyroFilter,1,-0.0022761588737481,0.00246581910755545,0.0427589401472683,0.00182832696251767,454.271893500372,20.8985870657788,0,0.00182720666413377,0.00163229417432033,0.00151667039036051
gyroSystem,2.00387408140233,1,1.48968016084537,0.283001770263533,0.0800900019722934,1.90510965367747,0.179086055748712,0,0.0800409272161829,0.00405536490045609,0.0122051803082087
input,1,1,1,0,0,NaN,NaN,0,0,0,0
error,0.811506404307101,-0.991481176964941,-0.0041131980328357,0.201309914455285,0.0405256816579943,10.1321796534854,-0.427437025746333,0,0.0405008497452137,-0.00348392134871768,0.0166200050754098
