signalsNamesOrdered,maxSignals,minSignals,meanSignals,standardDeviationSignals,varianceSignals,kurtosisSignals,skewnessSignals,firstMomentSignals,secondMomentSignals,thirdMomentSignals,fourthMomentSignals
compassSystem,1.78903538368206,0,0.979648840984887,0.241529288736361,0.0583363973174922,9.84529313217781,-1.25535065535217,0,0.0582990739666813,-0.0176708539823102,0.03346200533217
compassFilter,1.78887414953218,0,0.979478383376914,0.241773969218891,0.0584546521918575,9.84259362333078,-1.26190149398759,0,0.0584172531821378,-0.017817105557276,0.0335885935537199
fullSystem,1.7894296972245,0.0030678956894185,0.984578067508483,0.228871481755363,0.0523821551608956,9.83268618076555,-1.00508092433133,0,0.0523486413060262,-0.0120381334032741,0.0269452989806588
gyroFilter,1,-0.00102279806622008,0.00509968413156728,0.0611718081967295,0.00374199011805746,202.552308460579,13.8483875993721,0,0.00373959601049632,0.00316691379702586,0.00283260862191216
gyroSystem,2.00387408140235,1,1.46241417550078,0.295962474706266,0.0875937864342573,1.85450187566094,0.246118202303422,0,0.0875377443444082,0.00637436256128989,0.0142107820950809
input,1,1,1,0,0,NaN,NaN,0,0,0,0
error,0.789429697224501,-0.996932104310582,-0.0154219324915175,0.228871481755363,0.0523821551608956,9.83268618076552,-1.00508092433132,0,0.0523486413060262,-0.0120381334032739,0.0269452989806587
