signalsNamesOrdered,maxSignals,minSignals,meanSignals,standardDeviationSignals,varianceSignals,kurtosisSignals,skewnessSignals,firstMomentSignals,secondMomentSignals,thirdMomentSignals,fourthMomentSignals
compassSystem,1.78882507180938,0,0.979335360262312,0.241478518655309,0.0583118749719626,10.3127175745036,-1.3635392295339,0,0.0582741570709458,-0.0191814589890071,0.0350207243616063
compassFilter,1.7887710041584,0,0.979297838666895,0.241568329102841,0.0583552576255386,10.3094771273125,-1.36432162564707,0,0.058317511663297,-0.0192138873646287,0.0350618323830914
fullSystem,1.78892507826303,0.000407606518483207,0.983881569120537,0.229674996892159,0.0527506041974133,10.4012647047566,-1.14327743585845,0,0.0527164834961213,-0.0138379348302151,0.0289054020243121
gyroFilter,1,-0.000296693693906613,0.00458373045363869,0.0576950608776954,0.00332872004968098,221.460736051758,14.456033956158,0,0.00332656693192569,0.0027735982764117,0.00245069503617845
gyroSystem,2.00387408140234,1,1.45603750337798,0.290943586303605,0.0846481704112035,1.9167610721742,0.27534947326945,0,0.0845934173902389,0.00677468496953254,0.0137164309128847
input,1,1,1,0,0,NaN,NaN,0,0,0,0
error,0.788925078263033,-0.999592393481517,-0.0161184308794645,0.229674996892159,0.0527506041974133,10.4012647047566,-1.14327743585843,0,0.0527164834961213,-0.0138379348302149,0.028905402024312
