signalsNamesOrdered,maxSignals,minSignals,meanSignals,standardDeviationSignals,varianceSignals,kurtosisSignals,skewnessSignals,firstMomentSignals,secondMomentSignals,thirdMomentSignals,fourthMomentSignals
compassSystem,1.78759327691797,0,0.980866430392671,0.237861203592765,0.0565779521745987,10.1895624396968,-1.23755272526835,0,0.0565422112067057,-0.016638834180356,0.0325762517048229
compassFilter,1.78755397013818,0,0.980680467775011,0.238221230762228,0.0567493547858709,10.1780447761378,-1.24254392519682,0,0.056713505540902,-0.0167819139201933,0.0327368841908324
fullSystem,1.78820094777394,0.00381355911316933,0.985911958504054,0.224851480290316,0.0505581881887463,10.1761837449883,-0.959037376259025,0,0.0505262499776353,-0.0108920877810889,0.0259787991918387
gyroFilter,1,-0.0011892367405717,0.00523149072904321,0.0622645237905088,0.00387687092285884,196.046249710639,13.6487636104043,0,0.00387442185720953,0.00329157436379486,0.0029428786277141
gyroSystem,2.00387408140235,1,1.46122879729475,0.289849512337911,0.0840127398025249,1.91407749302462,0.247931592440667,0,0.0839596679517337,0.00603167507795286,0.0134927645285019
input,1,1,1,0,0,NaN,NaN,0,0,0,0
error,0.788200947773935,-0.996186440886831,-0.0140880414959466,0.224851480290316,0.0505581881887463,10.1761837449883,-0.959037376259016,0,0.0505262499776352,-0.0108920877810888,0.0259787991918387
