signalsNamesOrdered,maxSignals,minSignals,meanSignals,standardDeviationSignals,varianceSignals,kurtosisSignals,skewnessSignals,firstMomentSignals,secondMomentSignals,thirdMomentSignals,fourthMomentSignals
compassSystem,1.79102520545912,0,0.97922973075972,0.246202111542352,0.0606154797279127,9.86130006763888,-1.2852082613098,0,0.0605756011228285,-0.0191610854378148,0.0361850885034065
compassFilter,1.79099455000087,0,0.979176389456277,0.246265047444351,0.0606464735927685,9.85961627964124,-1.28685269184225,0,0.0606065745969838,-0.0192003189783953,0.036215917414907
fullSystem,1.79114128724954,0.000378335155383273,0.983812858496563,0.234472929267091,0.0549775545590903,9.93696826685427,-1.07140883344332,0,0.0549413851153014,-0.0137976342644845,0.0299952931803091
gyroFilter,1,-0.000299993226760664,0.0046364690402873,0.0580485581052494,0.00336963509809852,218.477177341721,14.3591212357989,0,0.0033674182329024,0.00280590815253472,0.00247742316616911
gyroSystem,2.00387408140234,1,1.450619016342,0.288214361681525,0.083067518279489,1.91847215987074,0.260357190006892,0,0.0830128685964104,0.00622712678440362,0.0132204532423457
input,1,1,1,0,0,NaN,NaN,0,0,0,0
error,0.791141287249542,-0.999621664844617,-0.0161871415034369,0.234472929267091,0.0549775545590902,9.93696826685427,-1.07140883344333,0,0.0549413851153014,-0.0137976342644845,0.0299952931803091
