signalsNamesOrdered,maxSignals,minSignals,meanSignals,standardDeviationSignals,varianceSignals,kurtosisSignals,skewnessSignals,firstMomentSignals,secondMomentSignals,thirdMomentSignals,fourthMomentSignals
compassSystem,1.78716519546585,0,0.976908619822999,0.248380541725849,0.0616928935080263,9.66865746570105,-1.25304703057736,0,0.0616522793582514,-0.0191818759508032,0.03675060135152
compassFilter,1.78696481053454,0,0.976822116431983,0.248527482140614,0.0617659093791533,9.66411931323057,-1.25586188986237,0,0.0617252471609972,-0.0192591066459206,0.0368203538929417
fullSystem,1.78727475205129,0.00142973645459943,0.982451391649832,0.233991242946485,0.0547519017756409,9.67560021907948,-0.97449672392372,0,0.0547158570740112,-0.0124724046672521,0.0289670539743443
gyroFilter,1,-0.000588645752862771,0.00562927521784906,0.062369615570522,0.0038899689464147,182.937809629291,13.0354337399433,0,0.00388740807153227,0.00315948053811201,0.00276454547992947
gyroSystem,2.00387408140233,1,1.4532301290125,0.291481897262913,0.0849616964319875,1.92193627086837,0.288291184281728,0,0.0849057637812752,0.0071324234931387,0.0138552169035562
input,1,1,1,0,0,NaN,NaN,0,0,0,0
error,0.78727475205129,-0.998570263545401,-0.0175486083501679,0.233991242946485,0.0547519017756409,9.67560021907949,-0.97449672392372,0,0.0547158570740111,-0.0124724046672521,0.0289670539743443
