signalsNamesOrdered,maxSignals,minSignals,meanSignals,standardDeviationSignals,varianceSignals,kurtosisSignals,skewnessSignals,firstMomentSignals,secondMomentSignals,thirdMomentSignals,fourthMomentSignals
compassSystem,1.78667669950637,0,0.976471181518005,0.24313110191848,0.0591127327200941,9.82495814424037,-1.29846086168152,0,0.0590740969470744,-0.0186433735180085,0.0342866371722614
compassFilter,1.78661059196279,0,0.976317009583278,0.243326992118315,0.0592080250933464,9.82047128689866,-1.30306942532241,0,0.0591693270377299,-0.0187548026931454,0.034381560933598
fullSystem,1.78703021891279,0.00208473572430224,0.981408564136139,0.23053221140539,0.0531451004954596,9.86398469665259,-1.06413581138362,0,0.0531103651356586,-0.0130246478369175,0.0278234490017726
gyroFilter,1,-0.000790290530870541,0.00509155455286448,0.0612388291751863,0.00375019419874765,201.102114182235,13.800270429529,0,0.00374774309142821,0.00316622894851004,0.00282459548688893
gyroSystem,2.00387408140233,1,1.45485326061046,0.290177333662792,0.0842028849716474,1.93126057768675,0.271781902090713,0,0.0841478504063064,0.00663414673507973,0.0136749871800808
input,1,1,1,0,0,NaN,NaN,0,0,0,0
error,0.787030218912786,-0.997915264275698,-0.0185914358638588,0.23053221140539,0.0531451004954596,9.86398469665263,-1.06413581138364,0,0.0531103651356586,-0.0130246478369178,0.0278234490017727
