signalsNamesOrdered,maxSignals,minSignals,meanSignals,standardDeviationSignals,varianceSignals,kurtosisSignals,skewnessSignals,firstMomentSignals,secondMomentSignals,thirdMomentSignals,fourthMomentSignals
compassSystem,1.79177868694634,0,0.977053366562161,0.252039057426969,0.0635236864686749,9.32479231576905,-1.2441307915434,0,0.0634821405651637,-0.0198995558083476,0.0375787467783579
compassFilter,1.79178062928422,0,0.97694967850842,0.25219484123607,0.0636022379460864,9.32177440675435,-1.24679769141292,0,0.0635606406681622,-0.0199792135351866,0.0376595495163263
fullSystem,1.7920821206473,0.0013820648929218,0.982524005568088,0.238015825716924,0.0566515332917089,9.32558398121884,-0.985984602242911,0,0.0566144819291898,-0.0132819377066969,0.0298903577116791
gyroFilter,1,-0.000568768025788646,0.00557432705966875,0.0620746033691859,0.00385325638344174,184.710020979675,13.0991007300817,0,0.00385073626808305,0.00313009230495982,0.00273891155601743
gyroSystem,2.00387408140234,1,1.45508997317605,0.295124781094181,0.0870986364158885,1.87196172340713,0.264492893157796,0,0.0870416719708813,0.006792112087315,0.0141824549854202
input,1,1,1,0,0,NaN,NaN,0,0,0,0
error,0.792082120647299,-0.998617935107078,-0.0174759944319109,0.238015825716924,0.056651533291709,9.32558398121884,-0.985984602242916,0,0.0566144819291899,-0.0132819377066969,0.0298903577116791
