signalsNamesOrdered,maxSignals,minSignals,meanSignals,standardDeviationSignals,varianceSignals,kurtosisSignals,skewnessSignals,firstMomentSignals,secondMomentSignals,thirdMomentSignals,fourthMomentSignals
compassSystem,1.78931524951785,0,0.982891664069397,0.238340207889047,0.056806054696594,10.1961594714257,-1.2791678487751,0,0.0567698494354745,-0.0173023123836997,0.0328603438940612
compassFilter,1.78921846108938,0,0.982731834113674,0.238621970484008,0.0569404447976706,10.1930490585534,-1.28436341336186,0,0.0569041538832042,-0.017434274550801,0.0330059361140168
fullSystem,1.7898005930226,0.00332555532229455,0.987843991657494,0.225506048530347,0.0508529779237711,10.1870449145239,-1.01311123943668,0,0.0508205668479752,-0.0116069039529027,0.0263103866623422
gyroFilter,1,-0.00107079754995043,0.00511215754381743,0.0614057429896094,0.00377066527210596,201.813659636741,13.837689657092,0,0.00376826204376173,0.00320092302235918,0.0028657133680797
gyroSystem,2.00387408140233,1,1.45865191268696,0.289101294807092,0.0835795586591369,1.92257287120401,0.259632772678962,0,0.0835262893419545,0.00626749929433023,0.0134131007403315
input,1,1,1,0,0,NaN,NaN,0,0,0,0
error,0.789800593022604,-0.996674444677705,-0.0121560083425078,0.225506048530347,0.0508529779237711,10.1870449145238,-1.01311123943666,0,0.0508205668479752,-0.0116069039529025,0.0263103866623421
