signalsNamesOrdered,maxSignals,minSignals,meanSignals,standardDeviationSignals,varianceSignals,kurtosisSignals,skewnessSignals,firstMomentSignals,secondMomentSignals,thirdMomentSignals,fourthMomentSignals
compassSystem,1.78738725651056,0,0.974007555041007,0.245617154555033,0.0603277866117108,9.94012636723741,-1.44521183217238,0,0.0602879399891139,-0.0213932701439257,0.0361287382376955
compassFilter,1.78730051929012,0,0.973943756051018,0.24572570662469,0.060381122896203,9.93664030611232,-1.44662017717705,0,0.0603412410448845,-0.0214425225476505,0.0361799569210473
fullSystem,1.78751813741982,0.000720700071095262,0.979252164797519,0.231861117879416,0.0537595779842924,9.98298363378586,-1.20566544695189,0,0.0537240696765089,-0.0150134385316172,0.0288136427023939
gyroFilter,1,-0.000423786315128849,0.00530840874650189,0.060459029165596,0.00365529420764639,195.479131259051,13.4711961852535,0,0.00365287987857925,0.00297412520532586,0.00260838192743257
gyroSystem,2.00387408140234,1,1.45739950928994,0.293571788276277,0.0861843948717312,1.8856272414457,0.252113847379942,0,0.0861274699081436,0.00637249105122938,0.0139874717622695
input,1,1,1,0,0,NaN,NaN,0,0,0,0
error,0.787518137419825,-0.999279299928905,-0.0207478352024794,0.231861117879416,0.0537595779842924,9.9829836337859,-1.20566544695191,0,0.0537240696765089,-0.0150134385316174,0.028813642702394
