signalsNamesOrdered,maxSignals,minSignals,meanSignals,standardDeviationSignals,varianceSignals,kurtosisSignals,skewnessSignals,firstMomentSignals,secondMomentSignals,thirdMomentSignals,fourthMomentSignals
compassSystem,1.810659393196,0,0.993408606122381,0.209061359626158,0.0437066520887376,10.7186466948872,-0.716351239093632,0,0.0436689414311977,-0.00653709826163366,0.0204402067771592
compassFilter,1.80958984800703,0,0.993027810704758,0.209803346944924,0.0440174443892922,10.7319144070922,-0.742701712746976,0,0.0439794655761866,-0.00684998068531805,0.0207575979336457
fullSystem,1.81156675808108,0.0192747171759381,0.996922348735167,0.199591603461272,0.0398368081722418,10.1547846385656,-0.351910627346597,0,0.0398024364654495,-0.00279445338194763,0.0160875545649967
gyroFilter,1,-0.00373943963807255,0.00389453803040774,0.0538344394333469,0.0028981468691027,288.017620892571,16.6450819043082,0,0.00289564631097578,0.00259360722447107,0.00241496080386945
gyroSystem,2.00387408140234,1,1.4877912278445,0.282270743754565,0.079676772779755,1.91935248195018,0.187722932442299,0,0.0796080266427578,0.0042165049802899,0.012163777173998
input,1,1,1,0,0,NaN,NaN,0,0,0,0
error,0.811566758081085,-0.980725282824062,-0.00307765126483367,0.199591603461273,0.0398368081722419,10.1547846385656,-0.351910627346584,0,0.0398024364654496,-0.00279445338194753,0.0160875545649967
