signalsNamesOrdered,maxSignals,minSignals,meanSignals,standardDeviationSignals,varianceSignals,kurtosisSignals,skewnessSignals,firstMomentSignals,secondMomentSignals,thirdMomentSignals,fourthMomentSignals
compassSystem,1.7906273156298,0,0.976579071696233,0.24588372756123,0.0604588074794053,9.62943000004521,-1.33722921698164,0,0.0604195485135096,-0.0198596719509521,0.0351524445467249
compassFilter,1.79067709662271,0,0.976540802324814,0.245956724770951,0.0604947104600534,9.62812488294317,-1.33867423244103,0,0.0604554281805339,-0.0198988444019047,0.0351894369221454
fullSystem,1.79083917942541,0.000443828251032469,0.981167655388,0.234226807121074,0.0548621971741326,9.66381929773016,-1.13292192077306,0,0.0548265723707727,-0.0145440923488752,0.0290489869759952
gyroFilter,1,-0.000318353890190748,0.00462685306318602,0.0579459652913376,0.0033577348935449,219.800394874631,14.3996818200995,0,0.00335555454621143,0.00279897713186313,0.00247489668569769
gyroSystem,2.00387408140234,1,1.45272448131145,0.292381028006598,0.0854866655381949,1.90143684496683,0.274462230296132,0,0.0854311547164169,0.00685341455904967,0.0138776029601518
input,1,1,1,0,0,NaN,NaN,0,0,0,0
error,0.790839179425408,-0.999556171748967,-0.0188323446120008,0.234226807121073,0.0548621971741325,9.66381929773016,-1.13292192077305,0,0.0548265723707727,-0.0145440923488751,0.0290489869759951
