signalsNamesOrdered,maxSignals,minSignals,meanSignals,standardDeviationSignals,varianceSignals,kurtosisSignals,skewnessSignals,firstMomentSignals,secondMomentSignals,thirdMomentSignals,fourthMomentSignals
compassSystem,1.78728251713318,0,0.973426032991969,0.24080598658704,0.0579875231761579,10.0576793780367,-1.37333328723071,0,0.0579502321644691,-0.0191583770862636,0.0337759946627118
compassFilter,1.78716690684382,0,0.973355222180802,0.240938739686048,0.0580514762815012,10.0549430706129,-1.37525375311216,0,0.0580141441424134,-0.0192169151836378,0.033841327852524
fullSystem,1.78743980641068,0.00101405496140352,0.978217262630024,0.228466276215808,0.0521968393679179,10.1032861603126,-1.14518717398442,0,0.052163272268646,-0.0136434346946909,0.0274911121002336
gyroFilter,1,-0.000513922392344934,0.0048620404492234,0.0594112736140735,0.00352969943244631,210.953471668961,14.1054159427842,0,0.00352742952927432,0.00295510840092975,0.00262484322590955
gyroSystem,2.00387408140233,1,1.45742045023358,0.29214528704135,0.0853488687404727,1.90027336410655,0.262928241228966,0,0.0852939820081637,0.00654960066818247,0.0138246091381344
input,1,1,1,0,0,NaN,NaN,0,0,0,0
error,0.787439806410679,-0.998985945038597,-0.0217827373699755,0.228466276215808,0.0521968393679179,10.1032861603126,-1.14518717398443,0,0.0521632722686459,-0.0136434346946911,0.0274911121002337
