signalsNamesOrdered,maxSignals,minSignals,meanSignals,standardDeviationSignals,varianceSignals,kurtosisSignals,skewnessSignals,firstMomentSignals,secondMomentSignals,thirdMomentSignals,fourthMomentSignals
compassSystem,1.79225206141495,0,0.976635283913453,0.245179228069233,0.060112853876625,9.89619284676972,-1.28661221193421,0,0.0600735900922509,-0.0189440595168562,0.0357137392505632
compassFilter,1.79223811588149,0,0.976602195523725,0.245251513344976,0.0601483047980009,9.89510792074256,-1.28773984644058,0,0.0601090178582243,-0.0189774380398605,0.0357519553336663
fullSystem,1.79238994909853,0.000398907249715725,0.981222725768917,0.233500581711599,0.0545225216596549,9.97318716487397,-1.07147114120357,0,0.0544869093006349,-0.0136275799635226,0.0296086302820934
gyroFilter,1,-0.000310499734604397,0.00462053024519215,0.0579374499030926,0.00335674810127336,219.512624390388,14.3923613011464,0,0.00335455558128559,0.00279630501090604,0.00247018503378134
gyroSystem,2.00387408140233,1,1.45842085089931,0.293224866787852,0.0859808225027537,1.89316057357097,0.253641526120904,0,0.0859246625925625,0.00638847369292179,0.0139772947079598
input,1,1,1,0,0,NaN,NaN,0,0,0,0
error,0.792389949098528,-0.999601092750284,-0.0187772742310837,0.233500581711599,0.0545225216596549,9.97318716487395,-1.07147114120356,0,0.0544869093006349,-0.0136275799635225,0.0296086302820934
