signalsNamesOrdered,maxSignals,minSignals,meanSignals,standardDeviationSignals,varianceSignals,kurtosisSignals,skewnessSignals,firstMomentSignals,secondMomentSignals,thirdMomentSignals,fourthMomentSignals
compassSystem,1.80651381719495,0,0.987588514554919,0.220809921734414,0.0487570215363581,10.6677184456362,-1.06368202057397,0,0.0486366338288609,-0.0114092496369868,0.0252347242752782
compassFilter,1.06119021091176,0,0.946892823817233,0.184865147147358,0.0341751226298143,19.7109815476177,-4.10489433758302,0,0.0340907396109752,-0.0258378645894769,0.0229076795051363
fullSystem,1.22067214096036,0.822935268053212,1.03741166537936,0.0505615487911215,0.00255647021615696,6.53084472005238,-0.453910947391718,0,0.0025501579440183,-5.84549476743897e-05,4.24720786451367e-05
gyroFilter,1,-0.0341359574515285,0.0905188415621289,0.16718149673814,0.0279496528516047,18.8820837479794,3.94615525614841,0,0.0278806413630822,0.018370810104905,0.0146776132341375
gyroSystem,2.00387408140234,1,1.48766491326615,0.285499739845961,0.0815101014521113,1.9025065174426,0.171983733522379,0,0.081308841942353,0.0039874388507237,0.0125777136853033
input,1,1,1,0,0,NaN,NaN,0,0,0,0
error,0.220672140960361,-0.177064731946788,0.0374116653793622,0.0505615487911215,0.00255647021615696,6.53084472005238,-0.453910947391696,0,0.0025501579440183,-5.84549476743869e-05,4.24720786451367e-05
