signalsNamesOrdered,maxSignals,minSignals,meanSignals,standardDeviationSignals,varianceSignals,kurtosisSignals,skewnessSignals,firstMomentSignals,secondMomentSignals,thirdMomentSignals,fourthMomentSignals
compassSystem,1.79164099866108,0,0.979907840725009,0.250553682262792,0.0627771476954442,9.35077973189822,-1.19478481464599,0,0.062736197175095,-0.0187744394491957,0.0368030834690658
compassFilter,1.79159194672677,0,0.979833133662304,0.250655836419946,0.0628283483313828,9.34813145467066,-1.19644399652867,0,0.0627873644120538,-0.0188235163174722,0.0368527004850698
fullSystem,1.791802790504,0.000676789413502705,0.98459506043695,0.238734778932765,0.0569942946720763,9.36458180230155,-0.975398041102488,0,0.0569571163976653,-0.0132587893233008,0.0303797625789423
gyroFilter,1,-0.000400609128790475,0.00476192677464674,0.058598701270458,0.00343380779058438,216.202291670492,14.2670204519464,0,0.00343156786378035,0.0028679539381069,0.0025459242463344
gyroSystem,2.00387408140234,1,1.45376297002368,0.294383764032799,0.0866618005261186,1.8802262006092,0.274403725308079,0,0.0866052696712419,0.00699369165166868,0.0141025853529795
input,1,1,1,0,0,NaN,NaN,0,0,0,0
error,0.791802790504003,-0.999323210586497,-0.0154049395630491,0.238734778932765,0.0569942946720763,9.36458180230156,-0.975398041102502,0,0.0569571163976653,-0.0132587893233009,0.0303797625789424
