signalsNamesOrdered,maxSignals,minSignals,meanSignals,standardDeviationSignals,varianceSignals,kurtosisSignals,skewnessSignals,firstMomentSignals,secondMomentSignals,thirdMomentSignals,fourthMomentSignals
compassSystem,1.78849835028478,0,0.977620901039243,0.244081250041327,0.0595756566217368,10.0585257851053,-1.37479280902639,0,0.0595359395173223,-0.0199712877481664,0.035652727231644
compassFilter,1.78840775633977,0,0.977582693456071,0.244177488358599,0.0596226458211136,10.0559484839154,-1.37581992265068,0,0.0595828973905662,-0.0200098586744604,0.0356998405392209
fullSystem,1.78858116670665,0.000493222268857221,0.98236435625997,0.231927284636811,0.0537902653590042,10.145829760552,-1.15843522687763,0,0.0537544051820982,-0.014437528227436,0.0293167411189515
gyroFilter,1,-0.000335001844574911,0.0047816628038987,0.0588703649685935,0.0034657198715354,213.184689695526,14.1774562102509,0,0.00346340939162104,0.00288970866343958,0.00255719397346328
gyroSystem,2.00387408140234,1,1.45663055661779,0.289835427674748,0.084004575135404,1.88642959381745,0.237293118205488,0,0.0839485720853137,0.00577171812920314,0.0132943536597066
input,1,1,1,0,0,NaN,NaN,0,0,0,0
error,0.788581166706651,-0.999506777731143,-0.0176356437400299,0.231927284636811,0.0537902653590042,10.145829760552,-1.15843522687763,0,0.0537544051820982,-0.014437528227436,0.0293167411189515
