signalsNamesOrdered,maxSignals,minSignals,meanSignals,standardDeviationSignals,varianceSignals,kurtosisSignals,skewnessSignals,firstMomentSignals,secondMomentSignals,thirdMomentSignals,fourthMomentSignals
compassSystem,1.81059362786215,0,0.995161844214463,0.203973423291578,0.0416051574092851,10.6551236419311,-0.611554151062673,0,0.0415844170516533,-0.0051859800887714,0.0184255189754662
compassFilter,1.81022659045845,0,0.995003625458505,0.204342721629738,0.0417559478830484,10.6639449699905,-0.624739544922288,0,0.041735132355689,-0.00532661968334807,0.0185746862001314
fullSystem,1.81101440727494,0.00647483956558823,0.996964136492032,0.198971036728805,0.0395894734569356,10.2878479982515,-0.406063094131019,0,0.0395697379267976,-0.00319623189079098,0.0161083436750279
gyroFilter,1,-0.0023507790075763,0.00196051103352639,0.0379406427496149,0.0014394923722539,571.851730792955,23.4418272189746,0,0.00143877477884799,0.0012793244053752,0.00118377475028837
gyroSystem,2.00387408140233,1,1.4910992963321,0.282859383071254,0.0800094305914503,1.8990920828522,0.176099144675561,0,0.0799695455313349,0.00398239366542049,0.0121449373571611
input,1,1,1,0,0,NaN,NaN,0,0,0,0
error,0.811014407274936,-0.993525160434412,-0.00303586350796968,0.198971036728805,0.0395894734569357,10.2878479982515,-0.406063094131001,0,0.0395697379267976,-0.00319623189079084,0.0161083436750279
