signalsNamesOrdered,maxSignals,minSignals,meanSignals,standardDeviationSignals,varianceSignals,kurtosisSignals,skewnessSignals,firstMomentSignals,secondMomentSignals,thirdMomentSignals,fourthMomentSignals
compassSystem,1.78785569571877,0,0.97206054894616,0.245378399196722,0.0602105587923459,9.75555909453158,-1.35330425229618,0,0.060170789598956,-0.0199744124048941,0.0353202350641083
compassFilter,1.78779638964861,0,0.971994340096291,0.245493595223867,0.0602671052959396,9.75279263652803,-1.35510703491268,0,0.060227298753472,-0.0200292034305745,0.0353765730799327
fullSystem,1.78803507347471,0.00101262919910714,0.977282390773905,0.231828320014208,0.0537443699606103,9.76819945537249,-1.10456360234795,0,0.0537088716977565,-0.0137486409889691,0.0281777671954059
gyroFilter,1,-0.000460213058340875,0.00528805067761315,0.0606818822223443,0.00368229083004647,195.382456308489,13.4922598972548,0,0.00367985866965674,0.00301183660444704,0.00264574414507832
gyroSystem,2.00387408140234,1,1.45619664209307,0.294516550380849,0.0867399984482354,1.88858760557841,0.264077737889105,0,0.0866827065073845,0.00673954357299822,0.0141906425594809
input,1,1,1,0,0,NaN,NaN,0,0,0,0
error,0.788035073474705,-0.998987370800893,-0.0227176092260959,0.231828320014208,0.0537443699606103,9.76819945537247,-1.10456360234794,0,0.0537088716977565,-0.013748640988969,0.0281777671954059
