signalsNamesOrdered,maxSignals,minSignals,meanSignals,standardDeviationSignals,varianceSignals,kurtosisSignals,skewnessSignals,firstMomentSignals,secondMomentSignals,thirdMomentSignals,fourthMomentSignals
compassSystem,1.81065040104129,0,0.995094205579174,0.203679927221182,0.0414855127528261,10.6884041628348,-0.600762914144682,0,0.041464665761493,-0.00507248029640349,0.018376771084383
compassFilter,1.81034523122556,0,0.994919622238508,0.204091760281247,0.0416534466146981,10.6971128975136,-0.615225593775553,0,0.0416325152344897,-0.00522616802585214,0.0185409455573093
fullSystem,1.81121629448171,0.00716994241566689,0.996925905457809,0.198623884525261,0.0394514475039041,10.3150079056299,-0.391231445197151,0,0.0394316226559122,-0.00306337897716665,0.0160383195974365
gyroFilter,1,-0.00180908999308471,0.00200628321930224,0.0383410210278019,0.00147003389345434,562.092616194895,23.245215070217,0,0.00146929518295512,0.00130917333439872,0.00121346146654197
gyroSystem,2.00387408140234,1,1.49044077475168,0.28273944602976,0.0799415943412155,1.90233258298651,0.181474411575203,0,0.0799014226857676,0.00409870975343941,0.0121449427231164
input,1,1,1,0,0,NaN,NaN,0,0,0,0
error,0.811216294481711,-0.992830057584333,-0.00307409454219114,0.198623884525261,0.0394514475039041,10.3150079056299,-0.391231445197141,0,0.0394316226559122,-0.00306337897716658,0.0160383195974365
