signalsNamesOrdered,maxSignals,minSignals,meanSignals,standardDeviationSignals,varianceSignals,kurtosisSignals,skewnessSignals,firstMomentSignals,secondMomentSignals,thirdMomentSignals,fourthMomentSignals
compassSystem,1.78877757206508,0,0.976416645570568,0.242703512676733,0.0589049950656251,10.1324987838909,-1.41333385845951,0,0.0588659074776585,-0.0201855472697163,0.0351110847634971
compassFilter,1.78870987931632,0,0.976372331947491,0.242805351339921,0.0589544386393027,10.1291286060091,-1.41465713499833,0,0.0589153182420636,-0.0202298906964079,0.0351583545283271
fullSystem,1.78889479814418,0.000547526926384059,0.981161833556756,0.230484627972246,0.0531231637315046,10.2151199964243,-1.19801064192559,0,0.0530879127933947,-0.0146539313387146,0.0287895432309147
gyroFilter,1,-0.000355609150778147,0.00478950160926719,0.0588769187687411,0.00346649156370093,213.458299230224,14.1835341736897,0,0.00346419130387101,0.00289192656139639,0.00256163223157586
gyroSystem,2.00387408140234,1,1.45391031216641,0.28999466970176,0.0840969084554327,1.92092017290731,0.265122669021435,0,0.0840411042693309,0.00645928561599367,0.013567280932931
input,1,1,1,0,0,NaN,NaN,0,0,0,0
error,0.788894798144177,-0.999452473073616,-0.0188381664432443,0.230484627972246,0.0531231637315046,10.2151199964243,-1.19801064192558,0,0.0530879127933948,-0.0146539313387145,0.0287895432309147
