signalsNamesOrdered,maxSignals,minSignals,meanSignals,standardDeviationSignals,varianceSignals,kurtosisSignals,skewnessSignals,firstMomentSignals,secondMomentSignals,thirdMomentSignals,fourthMomentSignals
compassSystem,1.81005613944375,0,0.994254943439053,0.206170514419762,0.0425062810161093,10.7278795664645,-0.664035617285197,0,0.0424793100256168,-0.00581376610526468,0.0193583704972237
compassFilter,1.81034731037628,0,0.994016449501447,0.206700308227197,0.0427250174212181,10.7383197090492,-0.682461956575459,0,0.0426979076385904,-0.00602127326123161,0.0195771521840563
fullSystem,1.81156464786215,0.0105700381615548,0.996633638084418,0.199698580283307,0.0398795229671682,10.30149387234,-0.407355584178617,0,0.0398542187013261,-0.00324104546772167,0.0163624679126193
gyroFilter,1,-0.00238146529377103,0.00261718858296983,0.0440041491792224,0.00193636514498726,431.885197852495,20.3806871021974,0,0.00193513648690034,0.00173494704628341,0.00161730348659518
gyroSystem,2.00387408140234,1,1.48842238707805,0.28203563777847,0.0795441009771083,1.91644463027042,0.189642842672394,0,0.0794936288318182,0.0042504502828784,0.0121104678636815
input,1,1,1,0,0,NaN,NaN,0,0,0,0
error,0.811564647862149,-0.989429961838445,-0.0033663619155823,0.199698580283307,0.0398795229671682,10.30149387234,-0.407355584178618,0,0.0398542187013261,-0.00324104546772168,0.0163624679126193
