signalsNamesOrdered,maxSignals,minSignals,meanSignals,standardDeviationSignals,varianceSignals,kurtosisSignals,skewnessSignals,firstMomentSignals,secondMomentSignals,thirdMomentSignals,fourthMomentSignals
compassSystem,1.79207966011311,0,0.976233470786839,0.245813091053317,0.0604240757331864,9.70501507550847,-1.33005610868845,0,0.0603848902106616,-0.0197361475659193,0.0353877358129929
compassFilter,1.79203034821969,0,0.976166617531544,0.245919399709264,0.0604763511533646,9.70456729973575,-1.3327621188286,0,0.0604371317297892,-0.0198019704410115,0.0354473575829051
fullSystem,1.79229484186608,0.00116378704284092,0.981410981632891,0.232304429850505,0.0539653481281682,9.69007620175752,-1.07747772595137,0,0.0539303511449463,-0.0134945427368094,0.0281834197175399
gyroFilter,1,-0.000503794035251248,0.00524436410134624,0.0603783720890118,0.00364554781611916,197.310729070036,13.553741310412,0,0.00364318364762621,0.00298044277880528,0.00261886329758457
gyroSystem,2.00387408140234,1,1.4578494398793,0.29358696542164,0.0861933062654872,1.87647220013282,0.246363509251073,0,0.0861374091797119,0.00622822207048138,0.0139227730773772
input,1,1,1,0,0,NaN,NaN,0,0,0,0
error,0.792294841866078,-0.998836212957159,-0.0185890183671088,0.232304429850505,0.0539653481281682,9.69007620175752,-1.07747772595137,0,0.0539303511449463,-0.0134945427368095,0.02818341971754
