signalsNamesOrdered,maxSignals,minSignals,meanSignals,standardDeviationSignals,varianceSignals,kurtosisSignals,skewnessSignals,firstMomentSignals,secondMomentSignals,thirdMomentSignals,fourthMomentSignals
compassSystem,1.78893831773462,0,0.975261077606088,0.248148470154627,0.0615776632400817,9.60921015752616,-1.29627115177836,0,0.0615367478492245,-0.0197878070440702,0.0363878815847655
compassFilter,1.78888734617611,0,0.975226818534267,0.248236299582631,0.0616212604304779,9.60679928090787,-1.296947616364,0,0.0615803160713879,-0.0198191628324827,0.0364302829368715
fullSystem,1.78904092348543,0.000405566886380479,0.979932962870959,0.236439213792609,0.0559035018188672,9.68273050742864,-1.09149223808361,0,0.0558663566349344,-0.0144127275097944,0.0302202841491191
gyroFilter,1,-0.000311574444972873,0.00470614433669236,0.058462357438805,0.0034178472373026,215.589196027631,14.26208322456,0,0.00341557624246054,0.00284694411778829,0.00251509828539208
gyroSystem,2.00387408140234,1,1.45865481614578,0.293799270032985,0.0863180110719147,1.88841892302633,0.249390141458632,0,0.086260656911734,0.00631827352850383,0.0140515381221698
input,1,1,1,0,0,NaN,NaN,0,0,0,0
error,0.789040923485427,-0.99959443311362,-0.0200670371290409,0.236439213792609,0.0559035018188672,9.68273050742865,-1.09149223808361,0,0.0558663566349344,-0.0144127275097944,0.0302202841491191
