signalsNamesOrdered,maxSignals,minSignals,meanSignals,standardDeviationSignals,varianceSignals,kurtosisSignals,skewnessSignals,firstMomentSignals,secondMomentSignals,thirdMomentSignals,fourthMomentSignals
compassSystem,1.79401623522168,0,0.974475831047446,0.243643884287235,0.0593623423505718,9.91954109035112,-1.35334157141402,0,0.0593240440651843,-0.0195548075305095,0.0349102596060442
compassFilter,1.7939074365745,0,0.974382602487657,0.243778595406622,0.0594280035784256,9.91619710480281,-1.35625734350185,0,0.0593896629309556,-0.0196294618473117,0.0349757367518986
fullSystem,1.7942146215758,0.00140953739569481,0.979891828533182,0.229323615240321,0.0525893205068906,9.91023842562143,-1.07895221820975,0,0.0525553919130152,-0.0129995443723998,0.0273727645096544
gyroFilter,1,-0.000577998106060074,0.00550922604552434,0.0617095736972975,0.00380807148590219,186.93865609794,13.178357433724,0,0.00380561466558871,0.00309384463473808,0.00270737703229714
gyroSystem,2.00387408140235,1,1.45885672389531,0.291745989250477,0.0851157222437392,1.90570558332784,0.257841303240432,0,0.0850608088745497,0.00639656400727252,0.0137884301343045
input,1,1,1,0,0,NaN,NaN,0,0,0,0
error,0.794214621575803,-0.998590462604305,-0.0201081714668184,0.229323615240321,0.0525893205068906,9.91023842562141,-1.07895221820974,0,0.0525553919130152,-0.0129995443723997,0.0273727645096545
