signalsNamesOrdered,maxSignals,minSignals,meanSignals,standardDeviationSignals,varianceSignals,kurtosisSignals,skewnessSignals,firstMomentSignals,secondMomentSignals,thirdMomentSignals,fourthMomentSignals
compassSystem,1.80651381719495,0,0.987588514554919,0.220809921734414,0.0487570215363581,10.6677184456362,-1.06368202057397,0,0.0486366338288609,-0.0114092496369868,0.0252347242752782
compassFilter,1.6420513061918,0,0.980305977501486,0.205778397155591,0.0423447487359242,13.050537059662,-2.01758094359838,0,0.0422401938007738,-0.0175153903466224,0.0232852115789606
fullSystem,1.65897024330306,0.4235216242683,1.00565390799672,0.151532865598572,0.0229622093565148,8.78178349557896,0.150888206639572,0,0.0229055125432888,0.000523076631227444,0.00460747252602318
gyroFilter,1,-0.0258450364547866,0.0253479304952304,0.118545574145581,0.0140530531495056,55.7026985107423,7.19164611249523,0,0.0140183542528401,0.0119364134803837,0.010946374352698
gyroSystem,2.00387408140234,1,1.48766491326615,0.285499739845961,0.0815101014521113,1.9025065174426,0.171983733522379,0,0.081308841942353,0.0039874388507237,0.0125777136853033
input,1,1,1,0,0,NaN,NaN,0,0,0,0
error,0.658970243303065,-0.5764783757317,0.00565390799671643,0.151532865598572,0.0229622093565148,8.78178349557898,0.150888206639562,0,0.0229055125432888,0.000523076631227411,0.00460747252602318
