signalsNamesOrdered,maxSignals,minSignals,meanSignals,standardDeviationSignals,varianceSignals,kurtosisSignals,skewnessSignals,firstMomentSignals,secondMomentSignals,thirdMomentSignals,fourthMomentSignals
compassSystem,1.78753673068856,0,0.976260259626905,0.238671402232669,0.0569640382437083,10.5537024206976,-1.43303219132456,0,0.0569270245736344,-0.019464070719346,0.034201237021206
compassFilter,1.78744488958468,0,0.976184443188626,0.238811633503642,0.0570309962966776,10.549113285893,-1.43501469159895,0,0.0569939391190969,-0.0195253738760117,0.034266780644585
fullSystem,1.78771514380908,0.00119361073022694,0.981444066406523,0.224716662115864,0.0504975782324952,10.5901674950902,-1.15922912398035,0,0.0504647662908237,-0.0131417040625443,0.0269699015820922
gyroFilter,1,-0.000518602353890341,0.00525962321789749,0.0604685323742907,0.00365644340750065,196.706048477515,13.5316507157,0,0.0036540675508356,0.00298892926008501,0.00262646040185585
gyroSystem,2.00387408140234,1,1.45907876548442,0.291578874724325,0.0850182401855036,1.88884405878754,0.256487889664261,0,0.0849629976642655,0.0063520163085513,0.0136350193317517
input,1,1,1,0,0,NaN,NaN,0,0,0,0
error,0.78771514380908,-0.998806389269773,-0.0185559335934757,0.224716662115864,0.0504975782324952,10.5901674950902,-1.15922912398036,0,0.0504647662908237,-0.0131417040625444,0.0269699015820922
