signalsNamesOrdered,maxSignals,minSignals,meanSignals,standardDeviationSignals,varianceSignals,kurtosisSignals,skewnessSignals,firstMomentSignals,secondMomentSignals,thirdMomentSignals,fourthMomentSignals
compassSystem,1.78860494505972,0,0.976735573704355,0.246551452947808,0.0607876189506751,9.69342801596468,-1.35475794173609,0,0.0607470397657949,-0.0202838030334175,0.0357707155968249
compassFilter,1.78848049654495,0,0.976653170144348,0.246658312039401,0.0608403228981263,9.69252854113896,-1.35776054700302,0,0.0607997085303705,-0.020355202676472,0.0358294451776907
fullSystem,1.78874541713765,0.00116087654707958,0.982047866354823,0.232665478730455,0.0541332249928716,9.68612359735161,-1.10125959312924,0,0.0540970879935439,-0.0138564039789798,0.0283463915930094
gyroFilter,1,-0.000501717631740339,0.00539469621047834,0.0612492491197773,0.00375147051773654,191.653570225423,13.3567731672461,0,0.0037489661982988,0.00306597661227291,0.00269364254772194
gyroSystem,2.00387408140234,1,1.4559816807696,0.29425703190303,0.0865872008243806,1.88643955722485,0.264346608150999,0,0.0865293989546713,0.00672851574321641,0.0141244084752213
input,1,1,1,0,0,NaN,NaN,0,0,0,0
error,0.788745417137652,-0.99883912345292,-0.0179521336451758,0.232665478730454,0.0541332249928715,9.68612359735164,-1.10125959312926,0,0.0540970879935439,-0.0138564039789799,0.0283463915930094
