signalsNamesOrdered,maxSignals,minSignals,meanSignals,standardDeviationSignals,varianceSignals,kurtosisSignals,skewnessSignals,firstMomentSignals,secondMomentSignals,thirdMomentSignals,fourthMomentSignals
compassSystem,1.79065233326832,0,0.975759098876272,0.246908890606566,0.0609640002605651,9.53822086096277,-1.32287575181702,0,0.060924050063802,-0.0198930880754261,0.0354033947174155
compassFilter,1.79056964228703,0,0.97571918381225,0.24698194236953,0.0610000798566258,9.53710345679894,-1.32432459498009,0,0.0609601060166149,-0.0199325570208924,0.0354411594296189
fullSystem,1.79073413782029,0.000452885858668609,0.980393884478174,0.235193310058907,0.0553158930964653,9.57346170004827,-1.11879040258713,0,0.055279644149482,-0.0145410775368579,0.0292549581765096
gyroFilter,1,-0.000329024328491245,0.00467470066592387,0.0582414885093332,0.00339207098378279,217.60935673187,14.3268523072291,0,0.00338984813254833,0.00282762066402472,0.0025005644295792
gyroSystem,2.00387408140234,1,1.45319110973001,0.294660719228572,0.0868249394562995,1.88476551643602,0.275588447620339,0,0.0867680423793295,0.00704369767614718,0.0141898212863644
input,1,1,1,0,0,NaN,NaN,0,0,0,0
error,0.790734137820285,-0.999547114141331,-0.0196061155218264,0.235193310058907,0.0553158930964653,9.57346170004826,-1.11879040258713,0,0.055279644149482,-0.0145410775368579,0.0292549581765096
