signalsNamesOrdered,maxSignals,minSignals,meanSignals,standardDeviationSignals,varianceSignals,kurtosisSignals,skewnessSignals,firstMomentSignals,secondMomentSignals,thirdMomentSignals,fourthMomentSignals
compassSystem,1.81056002135093,0,0.991185867294301,0.215292184308262,0.0463507246242229,10.6269339810617,-0.852537146812303,0,0.0462900561364948,-0.00849072690262572,0.0227710678571386
compassFilter,1.8083010549543,0,0.990259533970224,0.216500836881255,0.0468726123702839,10.6584006373075,-0.906051932041624,0,0.0468112607834118,-0.00917653231290672,0.0233556908170836
fullSystem,1.81210116258109,0.047822832914823,0.99682508285981,0.200066136514776,0.0400264589799491,9.93112851421523,-0.332622867876819,0,0.039974068326834,-0.00265839572219719,0.0158692098386443
gyroFilter,1,-0.00708673890377964,0.00656554888958429,0.0701959911977333,0.00492747718023226,171.303094398702,12.8435649910591,0,0.00492102760277122,0.00443373047814422,0.00414836355544295
gyroSystem,2.00387408140234,1,1.48634664741401,0.282864674579733,0.0800124241250984,1.92375460764216,0.188170803859632,0,0.0799076958212698,0.00425045234974504,0.0122836345851553
input,1,1,1,0,0,NaN,NaN,0,0,0,0
error,0.812101162581092,-0.952177167085177,-0.00317491714018993,0.200066136514776,0.0400264589799491,9.93112851421523,-0.33262286787682,0,0.039974068326834,-0.0026583957221972,0.0158692098386443
