signalsNamesOrdered,maxSignals,minSignals,meanSignals,standardDeviationSignals,varianceSignals,kurtosisSignals,skewnessSignals,firstMomentSignals,secondMomentSignals,thirdMomentSignals,fourthMomentSignals
compassSystem,1.80651390215321,0,0.983471857066514,0.227960655051165,0.0519660602513562,10.1738411138962,-1.15437669284652,0,0.0518383795136379,-0.0136246286781882,0.0273393248052308
compassFilter,1.68571094019075,0,0.976913540340312,0.220162637638136,0.0484715870117814,11.710609178956,-1.87086545132733,0,0.0483524922033986,-0.0198916518949399,0.027378976849861
fullSystem,1.69683987010999,0.380125300645343,1.00170120285829,0.165073918098982,0.0272493984365495,8.55778587365097,-0.0127352155018214,0,0.027182446597639,-5.70741054902742e-05,0.00632322306432697
gyroFilter,1,-0.0238032749697068,0.0247876625179837,0.118772095858101,0.0141068107545259,53.7297223291959,7.02180219917476,0,0.0140721502858415,0.0117216645423613,0.0106398504904687
gyroSystem,2.00387408140234,1,1.48537774376222,0.286653967788042,0.0821704972486277,1.90224032234253,0.171929486474752,0,0.0819686041349947,0.00403479686918553,0.0127808713156898
input,1,1,1,0,0,NaN,NaN,0,0,0,0
error,0.696839870109987,-0.619874699354657,0.00170120285829462,0.165073918098982,0.0272493984365495,8.55778587365097,-0.0127352155018232,0,0.027182446597639,-5.7074105490282e-05,0.00632322306432697
