signalsNamesOrdered,maxSignals,minSignals,meanSignals,standardDeviationSignals,varianceSignals,kurtosisSignals,skewnessSignals,firstMomentSignals,secondMomentSignals,thirdMomentSignals,fourthMomentSignals
compassSystem,1.81033095495998,0,0.995086582044565,0.209833115139295,0.0440299362090605,10.4039664719378,-0.600821020849477,0,0.0439994445634864,-0.00554518334337033,0.0201415705635092
compassFilter,1.80995859260968,0,0.994799822887787,0.210366134090019,0.0442539103719801,10.4180806146392,-0.621319726484307,0,0.0442232636196449,-0.00577818346408262,0.0203746094744199
fullSystem,1.81132628316478,0.0122258646470224,0.997717298520966,0.202686404915039,0.041081778737383,9.95909744593671,-0.322631029107133,0,0.0410533287521078,-0.00268366745190225,0.0167848218414433
gyroFilter,1,-0.00270018446769615,0.00291747563317753,0.0465240672286127,0.00216448883149247,385.902523651699,19.2624798275291,0,0.00216298987800806,0.00193773296485473,0.00180545468641988
gyroSystem,2.00387408140234,1,1.48336685922695,0.282302378146787,0.0796946327073316,1.92016085619014,0.204778300972749,0,0.0796394425184761,0.00460231406920267,0.012178506565799
input,1,1,1,0,0,NaN,NaN,0,0,0,0
error,0.81132628316478,-0.987774135352978,-0.00228270147903614,0.202686404915039,0.041081778737383,9.9590974459367,-0.322631029107102,0,0.0410533287521078,-0.00268366745190199,0.0167848218414433
