signalsNamesOrdered,maxSignals,minSignals,meanSignals,standardDeviationSignals,varianceSignals,kurtosisSignals,skewnessSignals,firstMomentSignals,secondMomentSignals,thirdMomentSignals,fourthMomentSignals
compassSystem,1.78759050627268,0,0.984726439866109,0.235802267272028,0.0556027092506291,10.4490427966915,-1.27301612089571,0,0.0555687637626861,-0.0166755438263398,0.032265468702746
compassFilter,1.78742188740448,0,0.984525353773452,0.236168280138505,0.0557754565435794,10.4411390873973,-1.28082817379783,0,0.0557414055933086,-0.0168561250979349,0.0324417081294327
fullSystem,1.78819943194928,0.0051847757408654,0.990190528778302,0.221221298355666,0.0489388628461668,10.3742521683846,-0.945288805536286,0,0.048908985640522,-0.0102246275843668,0.0248161332128037
gyroFilter,1,-0.00143885603935301,0.00566517500484891,0.0639208507294847,0.00408587515798107,181.729749377556,13.0954190290104,0,0.00408338072870269,0.00341703330535725,0.00303016150956281
gyroSystem,2.00387408140234,1,1.46141296435887,0.289992406256648,0.0840955956865208,1.90184064207094,0.253464184599544,0,0.0840442552740138,0.00617559277499214,0.0134335312636924
input,1,1,1,0,0,NaN,NaN,0,0,0,0
error,0.78819943194928,-0.994815224259135,-0.00980947122170003,0.221221298355666,0.0489388628461668,10.3742521683846,-0.945288805536262,0,0.048908985640522,-0.0102246275843665,0.0248161332128036
