signalsNamesOrdered,maxSignals,minSignals,meanSignals,standardDeviationSignals,varianceSignals,kurtosisSignals,skewnessSignals,firstMomentSignals,secondMomentSignals,thirdMomentSignals,fourthMomentSignals
compassSystem,1.81035865512246,0,0.994353560800144,0.206437163620015,0.042616302523477,10.6812677896137,-0.667538746060711,0,0.0425894491507464,-0.00586718136249996,0.019374336985699
compassFilter,1.81046333994872,0,0.994122956208703,0.206929654775347,0.0428198820254444,10.6894459330349,-0.684626070088007,0,0.0427929003732544,-0.00606053574055295,0.0195748589006427
fullSystem,1.81157424588396,0.00949451270836173,0.996676881634392,0.200014844987942,0.0400059382155505,10.258415839962,-0.414420760895899,0,0.0399807296848538,-0.00331297057014025,0.0163976545208602
gyroFilter,1,-0.00215377539606121,0.00255392542568746,0.0436155319833001,0.00190231463018628,438.125382124295,20.5252852010692,0,0.00190111594421893,0.00170138306897881,0.00158349108433196
gyroSystem,2.00387408140234,1,1.48887779613828,0.282476733233683,0.0797931048183736,1.90878946879,0.184265608516007,0,0.0797428256092883,0.00414936573535749,0.0121378361620663
input,1,1,1,0,0,NaN,NaN,0,0,0,0
error,0.811574245883957,-0.990505487291638,-0.00332311836560852,0.200014844987942,0.0400059382155504,10.258415839962,-0.414420760895891,0,0.0399807296848538,-0.00331297057014018,0.0163976545208602
