signalsNamesOrdered,maxSignals,minSignals,meanSignals,standardDeviationSignals,varianceSignals,kurtosisSignals,skewnessSignals,firstMomentSignals,secondMomentSignals,thirdMomentSignals,fourthMomentSignals
compassSystem,1.7885816075936,0,0.977082229130244,0.242024583416237,0.0585758989778033,9.86288734369846,-1.31613817717358,0,0.0585381080752369,-0.0186405838113892,0.0337972556465024
compassFilter,1.78852901365305,0,0.976965904331366,0.242214912441683,0.0586680638091323,9.85854092090167,-1.32003422799818,0,0.0586302134453845,-0.0187399058793372,0.0338887534292876
fullSystem,1.7889255120791,0.00187713081617978,0.98197798055378,0.229496830653785,0.0526687952801319,9.87973299419173,-1.08022271203703,0,0.0526348154122092,-0.0130443655429166,0.0273710473603119
gyroFilter,1,-0.00074755041527319,0.00501207622241343,0.0606590526240372,0.00367952066524571,204.482989801138,13.9085042180819,0,0.00367714678094556,0.00310132211134256,0.00276489802589582
gyroSystem,2.00387408140234,1,1.45066818216902,0.290447894892581,0.0843599796475316,1.92862865407447,0.302821094415864,0,0.0843055538542106,0.00741259723886799,0.0137075862323345
input,1,1,1,0,0,NaN,NaN,0,0,0,0
error,0.788925512079096,-0.99812286918382,-0.018022019446221,0.229496830653785,0.0526687952801319,9.87973299419171,-1.08022271203701,0,0.0526348154122092,-0.0130443655429164,0.0273710473603118
