signalsNamesOrdered,maxSignals,minSignals,meanSignals,standardDeviationSignals,varianceSignals,kurtosisSignals,skewnessSignals,firstMomentSignals,secondMomentSignals,thirdMomentSignals,fourthMomentSignals
compassSystem,1.78863983621279,0,0.976722844311935,0.243687799307885,0.0593837435315202,10.095412460551,-1.38953472926425,0,0.0593441807443573,-0.0200879960283414,0.0355533349775042
compassFilter,1.78855930689789,0,0.976677404242502,0.243781716724028,0.0594295254089143,10.0930773329396,-1.39086788036813,0,0.0593899321208338,-0.0201305259264008,0.0355999393946063
fullSystem,1.78873740341498,0.000515092563433575,0.981469584196098,0.231503536621004,0.0535938874680324,10.188517194941,-1.17447105896232,0,0.0535581820133568,-0.0145573076285617,0.0292255461943019
gyroFilter,1,-0.0003398636956502,0.00479217995359709,0.0589123696313755,0.00347066729558382,213.009527520002,14.1703862707402,0,0.0034683550588779,0.00289445641423634,0.00256239530265279
gyroSystem,2.00387408140233,1,1.45692374830626,0.29095065103526,0.0846522813378418,1.91570511212494,0.259591792421276,0,0.0845958840817873,0.00638726312360956,0.0137096739101127
input,1,1,1,0,0,NaN,NaN,0,0,0,0
error,0.788737403414984,-0.999484907436566,-0.0185304158039007,0.231503536621004,0.0535938874680324,10.188517194941,-1.17447105896233,0,0.0535581820133569,-0.0145573076285618,0.029225546194302
