signalsNamesOrdered,maxSignals,minSignals,meanSignals,standardDeviationSignals,varianceSignals,kurtosisSignals,skewnessSignals,firstMomentSignals,secondMomentSignals,thirdMomentSignals,fourthMomentSignals
compassSystem,1.79074794963178,0,0.977061468358299,0.248310444875907,0.0616580770344708,9.44580707076604,-1.24425085238107,0,0.0616182976299324,-0.0190314768201585,0.0358639782216193
compassFilter,1.79065115080339,0,0.977012031060103,0.24838937001705,0.0616972791374668,9.44465581274362,-1.24539939069651,0,0.0616574744412491,-0.0190672142364139,0.0359052205615289
fullSystem,1.79081796267609,0.000463109095567832,0.981619999431738,0.236815349636224,0.0560815098233271,9.47388123107604,-1.03553724030405,0,0.0560453282040863,-0.0137396239664076,0.0297582076165838
gyroFilter,1,-0.000322700566740997,0.00460796837163155,0.0578257401524534,0.00334381622417906,220.866683300986,14.4337775584605,0,0.00334165892338927,0.00278819528448477,0.00246634853812119
gyroSystem,2.00387408140234,1,1.45242619881448,0.292376012034754,0.0854837324133464,1.91290702072626,0.280333012424263,0,0.085428581618241,0.00699969372375296,0.0139604768454267
input,1,1,1,0,0,NaN,NaN,0,0,0,0
error,0.79081796267609,-0.999536890904432,-0.0183800005682646,0.236815349636224,0.0560815098233271,9.473881231076,-1.03553724030402,0,0.0560453282040863,-0.0137396239664072,0.0297582076165836
