signalsNamesOrdered,maxSignals,minSignals,meanSignals,standardDeviationSignals,varianceSignals,kurtosisSignals,skewnessSignals,firstMomentSignals,secondMomentSignals,thirdMomentSignals,fourthMomentSignals
compassSystem,1.78878469635394,0,0.97359759651811,0.243795705399587,0.0594363459712824,9.84896676649353,-1.39748161987275,0,0.059397524060132,-0.0202301274020094,0.0347478034492043
compassFilter,1.78871781281984,0,0.973539270552023,0.243885524228229,0.0594801489280781,9.84654359029409,-1.39874911132087,0,0.0594412984062439,-0.0202708637551087,0.0347904769471109
fullSystem,1.78890320548929,0.000549802949617061,0.978256909518039,0.231874199788774,0.0537656445276843,9.90432799172627,-1.19137579161037,0,0.053730526536484,-0.0148381725078601,0.0285934926507209
gyroFilter,1,-0.000367652661063644,0.0047176389660151,0.0584213830660525,0.00341305799935045,216.86060821025,14.2966660949201,0,0.00341082869954682,0.00284789935367731,0.00252290262505954
gyroSystem,2.00387408140234,1,1.45033546703801,0.291412319123973,0.0849211397372125,1.92101626004335,0.299227346950504,0,0.08486567197775,0.00739774510958425,0.0138355092681276
input,1,1,1,0,0,NaN,NaN,0,0,0,0
error,0.78890320548929,-0.999450197050383,-0.0217430904819623,0.231874199788774,0.0537656445276842,9.90432799172627,-1.19137579161036,0,0.0537305265364839,-0.0148381725078599,0.0285934926507209
