signalsNamesOrdered,maxSignals,minSignals,meanSignals,standardDeviationSignals,varianceSignals,kurtosisSignals,skewnessSignals,firstMomentSignals,secondMomentSignals,thirdMomentSignals,fourthMomentSignals
compassSystem,1.790486896878,0,0.974706708732225,0.243043737780769,0.059070258474447,9.92916723681882,-1.39480623240145,0,0.0590320500278271,-0.0200053280478608,0.0346009925008257
compassFilter,1.79035903692465,0,0.974582822871739,0.243211201118773,0.0591516883496363,9.92349890897495,-1.39740995043847,0,0.059113427231687,-0.020084130761739,0.0346766475864353
fullSystem,1.79070290542855,0.00163971080286625,0.980196205356682,0.228470251280235,0.0521986557200537,9.90912165329551,-1.11982782756344,0,0.0521648920358881,-0.0133419320587061,0.0269644636387204
gyroFilter,1,-0.000644357327058032,0.00561338248494381,0.062299052295128,0.0038811719168711,183.340387690164,13.0516739444366,0,0.00387866145638153,0.00315274632001783,0.00275817548627142
gyroSystem,2.00387408140234,1,1.45280037285348,0.289708540351826,0.0839310383527855,1.91374924637418,0.266618979373097,0,0.0838767491947307,0.00647669501668934,0.0134638174029262
input,1,1,1,0,0,NaN,NaN,0,0,0,0
error,0.790702905428553,-0.998360289197134,-0.019803794643315,0.228470251280235,0.0521986557200537,9.90912165329557,-1.11982782756347,0,0.0521648920358881,-0.0133419320587065,0.0269644636387206
