signalsNamesOrdered,maxSignals,minSignals,meanSignals,standardDeviationSignals,varianceSignals,kurtosisSignals,skewnessSignals,firstMomentSignals,secondMomentSignals,thirdMomentSignals,fourthMomentSignals
compassSystem,1.81062307843264,0,0.99497225477274,0.204298133158384,0.0417377272120008,10.6151377840531,-0.615309321325058,0,0.0417169311346655,-0.0052427846955157,0.0184735491599807
compassFilter,1.81031379458808,0,0.994817749211456,0.204656574692465,0.0418843135648523,10.6238628217281,-0.627964059111085,0,0.041863444449972,-0.00537882265888388,0.0186188293409342
fullSystem,1.81100391032414,0.00622118435809748,0.996783712699533,0.199328461831053,0.0397318356959337,10.251827295359,-0.411115146113975,0,0.0397120390662895,-0.00325346963469417,0.016167603708648
gyroFilter,1,-0.00178720746985306,0.0019659634880758,0.03782950001718,0.00143107107154982,574.334201611407,23.4909025342664,0,0.00143035803165368,0.00127076967166696,0.0011750441837937
gyroSystem,2.00387408140234,1,1.49013147295762,0.282581190542335,0.0798521292483234,1.9034909319029,0.181490829426874,0,0.079812342437537,0.00409222751637599,0.0121252562813462
input,1,1,1,0,0,NaN,NaN,0,0,0,0
error,0.811003910324139,-0.993778815641903,-0.00321628730046683,0.199328461831053,0.0397318356959337,10.251827295359,-0.411115146113982,0,0.0397120390662895,-0.00325346963469423,0.016167603708648
