signalsNamesOrdered,maxSignals,minSignals,meanSignals,standardDeviationSignals,varianceSignals,kurtosisSignals,skewnessSignals,firstMomentSignals,secondMomentSignals,thirdMomentSignals,fourthMomentSignals
compassSystem,1.78652803600241,0,0.976861461740244,0.245553675687908,0.0602966076438423,9.87937855205951,-1.34178356999385,0,0.0602563562368704,-0.0198466297852661,0.0358703288825399
compassFilter,1.78647007508109,0,0.976821884655781,0.245634595313881,0.0603363544150139,9.87693270073691,-1.34275136635567,0,0.060296076474817,-0.0198805860503408,0.0359087428371301
fullSystem,1.78661907603453,0.000387426862613293,0.981534840294499,0.233658031035962,0.0545960754676024,9.96216494612459,-1.13174965710693,0,0.0545596294893196,-0.0144230626566239,0.0296549060835571
gyroFilter,1,-0.000293596860228007,0.00471295563871839,0.0585151323351997,0.00342402071220593,215.040148597102,14.2446514933948,0,0.00342173498409364,0.00285115864726737,0.00251774818542171
gyroSystem,2.00387408140234,1,1.44487505839541,0.287384533964171,0.0825898703618036,1.94516567392388,0.298089408734969,0,0.082534736936996,0.00706808400822494,0.0132504351163691
input,1,1,1,0,0,NaN,NaN,0,0,0,0
error,0.786619076034532,-0.999612573137387,-0.0184651597054995,0.233658031035962,0.0545960754676025,9.96216494612457,-1.13174965710694,0,0.0545596294893197,-0.0144230626566241,0.0296549060835572
