signalsNamesOrdered,maxSignals,minSignals,meanSignals,standardDeviationSignals,varianceSignals,kurtosisSignals,skewnessSignals,firstMomentSignals,secondMomentSignals,thirdMomentSignals,fourthMomentSignals
compassSystem,1.78864605279332,0,0.977626597961198,0.245591348761177,0.0603151105863341,9.67260338282138,-1.2208139096262,0,0.0602756373464216,-0.0180660074812666,0.035142042750888
compassFilter,1.78857640809061,0,0.977509769788859,0.24578415068403,0.0604098487274698,9.66862757463172,-1.22396970480645,0,0.060370313486156,-0.0181553997187615,0.0352380359296859
fullSystem,1.78895974007845,0.00177655795523729,0.982586389430496,0.233063878999622,0.0543187716943504,9.7021726194594,-0.979306098270556,0,0.0542832227599954,-0.0123855955544007,0.0285890842389802
gyroFilter,1,-0.000717328893707458,0.0050766196416385,0.0609871126985028,0.00371942791529988,202.004021619735,13.8196190832556,0,0.00371699373472704,0.00313172641995784,0.00279089613251688
gyroSystem,2.00387408140234,1,1.45571910484506,0.294310022634844,0.0866183894233222,1.87980738019982,0.273654184884249,0,0.0865617019956891,0.00696932591745955,0.0140852618281514
input,1,1,1,0,0,NaN,NaN,0,0,0,0
error,0.788959740078446,-0.998223442044763,-0.0174136105695038,0.233063878999622,0.0543187716943503,9.70217261945941,-0.979306098270558,0,0.0542832227599954,-0.0123855955544008,0.0285890842389803
