signalsNamesOrdered,maxSignals,minSignals,meanSignals,standardDeviationSignals,varianceSignals,kurtosisSignals,skewnessSignals,firstMomentSignals,secondMomentSignals,thirdMomentSignals,fourthMomentSignals
compassSystem,1.79097418460112,0,0.9776254456273,0.248135334668622,0.061571144311109,9.39463670597702,-1.28317100656339,0,0.0615310850109717,-0.0195851272697175,0.0355687937423763
compassFilter,1.79090069616165,0,0.977569808386176,0.248228287118054,0.0616172825255631,9.39321107575585,-1.28489897019568,0,0.0615771932070689,-0.0196335491857031,0.0356167148902376
fullSystem,1.7911053122139,0.000644632070372582,0.98230785509441,0.236294735078353,0.0558352018257491,9.39665600131808,-1.07147400210718,0,0.0557988744335398,-0.0141227670513623,0.0292566236596597
gyroFilter,1,-0.000391499599844414,0.00473804670823304,0.0584818185696879,0.00342012310321789,216.915712926936,14.2927048599754,0,0.00341789790926655,0.00285596614805489,0.00253401502385363
gyroSystem,2.00387408140234,1,1.45176551812023,0.295486778213301,0.0873124360988767,1.87418349393569,0.282076534867404,0,0.0872556290487147,0.00727038050223546,0.0142691799957873
input,1,1,1,0,0,NaN,NaN,0,0,0,0
error,0.791105312213902,-0.999355367929627,-0.0176921449055909,0.236294735078353,0.0558352018257492,9.39665600131805,-1.07147400210717,0,0.0557988744335398,-0.0141227670513621,0.0292566236596596
