signalsNamesOrdered,maxSignals,minSignals,meanSignals,standardDeviationSignals,varianceSignals,kurtosisSignals,skewnessSignals,firstMomentSignals,secondMomentSignals,thirdMomentSignals,fourthMomentSignals
compassSystem,1.79301288102445,0,0.978628145872093,0.249654292391224,0.0623272657093627,9.47783051375726,-1.2289610863462,0,0.0622863148120504,-0.0191041221534672,0.0367700492156552
compassFilter,1.79299394027562,0,0.978562855447997,0.249741364141478,0.0623707489632463,9.47641054981862,-1.23102774456756,0,0.062329769496122,-0.0191562776155833,0.0368158565538199
fullSystem,1.79319588085321,0.000633011870190024,0.983342410580653,0.237755753465742,0.0565277983060626,9.51554337239142,-1.01217934486925,0,0.0564906578341138,-0.0135900926892568,0.0303659489373266
gyroFilter,1,-0.000396245430711373,0.00477955513265634,0.0587505869018188,0.00345163146130817,214.848441313097,14.2247479828125,0,0.00344936363511808,0.00288172843314479,0.00255629027791362
gyroSystem,2.00387408140234,1,1.45140603040317,0.292104924598789,0.0853252869748644,1.91035781329965,0.289569148549116,0,0.0852692256825024,0.00721009136370505,0.0138899076241779
input,1,1,1,0,0,NaN,NaN,0,0,0,0
error,0.793195880853207,-0.99936698812981,-0.0166575894193466,0.237755753465742,0.0565277983060626,9.51554337239142,-1.01217934486925,0,0.0564906578341138,-0.0135900926892568,0.0303659489373266
