signalsNamesOrdered,maxSignals,minSignals,meanSignals,standardDeviationSignals,varianceSignals,kurtosisSignals,skewnessSignals,firstMomentSignals,secondMomentSignals,thirdMomentSignals,fourthMomentSignals
compassSystem,1.78502358145926,0,0.980219082477533,0.240335520475373,0.0577611624021683,10.092087982471,-1.22913488757397,0,0.0577238489897638,-0.0170463918944388,0.0336272685155664
compassFilter,1.78500737925991,0,0.980070270625259,0.240543593734556,0.0578612204867349,10.0894563486748,-1.23387661356627,0,0.0578238424373249,-0.0171566366648235,0.033735073499239
fullSystem,1.78545345707103,0.00225617486914345,0.985108947363533,0.22772028202516,0.0518565268456183,10.1203119323757,-0.970378889585055,0,0.0518230277972684,-0.0114478917728452,0.0271793749797377
gyroFilter,1,-0.000828188053228152,0.0050386767382738,0.0610794346481381,0.00373069733693617,202.915969722116,13.8737045582514,0,0.0037282873257366,0.00315832271384279,0.00282055762431678
gyroSystem,2.00387408140234,1,1.45445204367205,0.289404073861437,0.083754717967596,1.90314582557911,0.255427351699239,0,0.0837006128526298,0.00618529414300261,0.0133330449261586
input,1,1,1,0,0,NaN,NaN,0,0,0,0
error,0.785453457071026,-0.997743825130857,-0.0148910526364688,0.22772028202516,0.0518565268456182,10.1203119323757,-0.970378889585027,0,0.0518230277972684,-0.0114478917728448,0.0271793749797376
