signalsNamesOrdered,maxSignals,minSignals,meanSignals,standardDeviationSignals,varianceSignals,kurtosisSignals,skewnessSignals,firstMomentSignals,secondMomentSignals,thirdMomentSignals,fourthMomentSignals
compassSystem,1.78857387711578,0,0.974734063925383,0.245335330592926,0.0601894244371402,9.82142704544169,-1.34874356857716,0,0.0601498000629222,-0.0198966824607244,0.0355339078037182
compassFilter,1.78848838902807,0,0.974701367005206,0.245421831579887,0.0602318754160262,9.82032180659974,-1.34989964447099,0,0.0601922230951467,-0.0199348080505869,0.0355800444802436
fullSystem,1.78866411056269,0.000503966620325023,0.979428547808358,0.233435253146269,0.0544920174114628,9.89362013448402,-1.13966044456685,0,0.054456143798947,-0.0144825755133429,0.0293392495047876
gyroFilter,1,-0.000349307567139912,0.00472718080315153,0.0585340518559672,0.00342623522667706,215.744520454161,14.2622378086396,0,0.00342397964061605,0.00285748812380711,0.00252931035179142
gyroSystem,2.00387408140234,1,1.45954992587273,0.294118551536827,0.0865057223581214,1.88577602288328,0.250330887783878,0,0.086448773232145,0.00636286474607479,0.0140931404134122
input,1,1,1,0,0,NaN,NaN,0,0,0,0
error,0.788664110562686,-0.999496033379675,-0.0205714521916427,0.233435253146269,0.0544920174114627,9.89362013448403,-1.13966044456683,0,0.054456143798947,-0.0144825755133427,0.0293392495047876
