signalsNamesOrdered,maxSignals,minSignals,meanSignals,standardDeviationSignals,varianceSignals,kurtosisSignals,skewnessSignals,firstMomentSignals,secondMomentSignals,thirdMomentSignals,fourthMomentSignals
compassSystem,1.79072731723063,0,0.977622280532257,0.243791485484542,0.0594342883947596,10.1230037762506,-1.34685912576905,0,0.0593948233958255,-0.0194959798018314,0.0357113764245476
compassFilter,1.79063377416641,0,0.977571210775876,0.243867049083739,0.0594711376288107,10.1212856318414,-1.34842156271561,0,0.0594316481615937,-0.0195367513973116,0.0357496035353914
fullSystem,1.79080000118905,0.000460518753787679,0.982314346032764,0.231704785001965,0.053687107392807,10.2196665072244,-1.12758946990805,0,0.0536514585831172,-0.0140127479870403,0.0294170955107867
gyroFilter,1,-0.000319661874953248,0.00474313525688816,0.0586506527916018,0.00343989907288103,214.593116839955,14.2262342703579,0,0.00343761494335057,0.00286731759028409,0.00253588902897634
gyroSystem,2.00387408140234,1,1.45994138700583,0.294603580308571,0.0867912695306289,1.86923125749391,0.244923361153755,0,0.0867336392055753,0.00625621354754426,0.0140617111597753
input,1,1,1,0,0,NaN,NaN,0,0,0,0
error,0.790800001189049,-0.999539481246212,-0.0176856539672358,0.231704785001965,0.053687107392807,10.2196665072244,-1.12758946990805,0,0.0536514585831172,-0.0140127479870403,0.0294170955107867
