signalsNamesOrdered,maxSignals,minSignals,meanSignals,standardDeviationSignals,varianceSignals,kurtosisSignals,skewnessSignals,firstMomentSignals,secondMomentSignals,thirdMomentSignals,fourthMomentSignals
compassSystem,1.81057702222712,0,0.992902583852375,0.210382159221393,0.0442606529186554,10.6682095133807,-0.708789943739421,0,0.0442210283412886,-0.00659114405667329,0.0208616767430606
compassFilter,1.80969304886083,0,0.992449932832668,0.211133561086906,0.0445773806172382,10.6919384706595,-0.73891312519627,0,0.0445374724877689,-0.00694515162429537,0.0212083843344955
fullSystem,1.81196105393975,0.0232057020627357,0.996609304334097,0.200376225556197,0.0401506317681481,10.1176486623949,-0.332178927788365,0,0.0401146867083736,-0.00266886856292291,0.016281199723406
gyroFilter,1,-0.0043408612374547,0.00415937150142817,0.0555859994231588,0.00308980333187142,270.638587753136,16.1399173770037,0,0.00308703716953312,0.00276830600715204,0.00257913120384442
gyroSystem,2.00387408140234,1,1.48703755324572,0.282856712226578,0.0800079196516289,1.91431738861995,0.191669094141252,0,0.0799362921497026,0.00433179693558482,0.0122321259294904
input,1,1,1,0,0,NaN,NaN,0,0,0,0
error,0.811961053939753,-0.976794297937264,-0.00339069566590328,0.200376225556197,0.0401506317681481,10.1176486623949,-0.332178927788352,0,0.0401146867083736,-0.00266886856292281,0.016281199723406
