signalsNamesOrdered,maxSignals,minSignals,meanSignals,standardDeviationSignals,varianceSignals,kurtosisSignals,skewnessSignals,firstMomentSignals,secondMomentSignals,thirdMomentSignals,fourthMomentSignals
compassSystem,1.80651385868617,0,0.985399036023951,0.224906484806505,0.0505829269080188,10.4464583484478,-1.12752248181308,0,0.0504583384180975,-0.0127798167903551,0.0265971417209277
compassFilter,1.71254793272206,0,0.980129344196022,0.219020941911557,0.0479701729958255,11.5358624715192,-1.67345105248015,0,0.0478520198603678,-0.0175171490564156,0.0264150002083268
fullSystem,1.72099622971675,0.33665507737276,1.00204660282288,0.170099823258153,0.0289339498724549,8.74344376211147,0.0425723928643668,0,0.0288626839860696,0.000208753195777294,0.00728376540654517
gyroFilter,1,-0.0220551091359624,0.0219172586268592,0.11502444512077,0.0132306229753411,59.611476714357,7.45196669367855,0,0.0131980352340225,0.0112988652768748,0.0103836118961533
gyroSystem,2.00387408140234,1,1.48651388453651,0.286088689045468,0.0818467379997545,1.90251151839064,0.171811213714216,0,0.0816451450490162,0.00400817849134204,0.0126820080541999
input,1,1,1,0,0,NaN,NaN,0,0,0,0
error,0.720996229716755,-0.66334492262724,0.00204660282288064,0.170099823258153,0.0289339498724549,8.74344376211148,0.0425723928643528,0,0.0288626839860695,0.000208753195777225,0.00728376540654517
