signalsNamesOrdered,maxSignals,minSignals,meanSignals,standardDeviationSignals,varianceSignals,kurtosisSignals,skewnessSignals,firstMomentSignals,secondMomentSignals,thirdMomentSignals,fourthMomentSignals
compassSystem,1.78988502845528,0,0.978153436738829,0.246539785571075,0.0607818658694319,9.84389134747992,-1.30576120936323,0,0.0607416129781276,-0.0195475909836861,0.0363194658002812
compassFilter,1.78989151395156,0,0.978103155116402,0.246608922439134,0.060815960626591,9.84263443896658,-1.30732643950382,0,0.0607756851559774,-0.0195874923491214,0.036355580421609
fullSystem,1.79005339696376,0.000442215027322573,0.982820845040776,0.234643897237037,0.0550577585105852,9.92538055852569,-1.09280462517949,0,0.0550212964188563,-0.0141038848343182,0.0300475319478571
gyroFilter,1,-0.00030942589630123,0.00471768992437322,0.0585096243910964,0.00342337614638719,215.515238451574,14.2578772712561,0,0.0034211090098664,0.00285302279221072,0.00252238751840429
gyroSystem,2.00387408140234,1,1.45995141516116,0.292566920969366,0.0855954032454952,1.86920033461953,0.228655822757206,0,0.0855387175479817,0.00572039959666158,0.0136766999641474
input,1,1,1,0,0,NaN,NaN,0,0,0,0
error,0.790053396963764,-0.999557784972677,-0.0171791549592244,0.234643897237037,0.0550577585105852,9.92538055852567,-1.09280462517948,0,0.0550212964188563,-0.0141038848343181,0.0300475319478571
