signalsNamesOrdered,maxSignals,minSignals,meanSignals,standardDeviationSignals,varianceSignals,kurtosisSignals,skewnessSignals,firstMomentSignals,secondMomentSignals,thirdMomentSignals,fourthMomentSignals
compassSystem,1.79214507822215,0,0.980182283727483,0.251221295040225,0.063112139081688,9.35824189304274,-1.17260894144655,0,0.0630708623393194,-0.0185736113981812,0.0372264655765978
compassFilter,1.79200990301503,0,0.980131550918114,0.251314173949151,0.0631588140277439,9.35674005305447,-1.17412181936164,0,0.0631175067589226,-0.0186182094501509,0.0372755649718399
fullSystem,1.79220156782495,0.000580863132390239,0.984870105468679,0.239490982063898,0.0573559304899303,9.38882552841583,-0.954223075754935,0,0.0573184184359801,-0.0130945691269128,0.0308460576436746
gyroFilter,1,-0.000374317859883844,0.00473855455056399,0.0585256409596609,0.00342525064973913,216.25017489582,14.2745583324812,0,0.00342301045964774,0.00285874237328098,0.00253380343048744
gyroSystem,2.00387408140234,1,1.4573840206515,0.293475803094921,0.086128047002209,1.86095235950579,0.237869696692885,0,0.0860717173442612,0.00600661534521465,0.0137865687829807
input,1,1,1,0,0,NaN,NaN,0,0,0,0
error,0.79220156782495,-0.99941913686761,-0.0151298945313209,0.239490982063898,0.0573559304899303,9.38882552841585,-0.954223075754938,0,0.05731841843598,-0.0130945691269129,0.0308460576436746
