signalsNamesOrdered,maxSignals,minSignals,meanSignals,standardDeviationSignals,varianceSignals,kurtosisSignals,skewnessSignals,firstMomentSignals,secondMomentSignals,thirdMomentSignals,fourthMomentSignals
compassSystem,1.78992329351315,0,0.974824112861471,0.247968680401412,0.0614884664600174,9.56302004630223,-1.26581650782774,0,0.0614480932056116,-0.0192811694502432,0.036108702892939
compassFilter,1.78987356761782,0,0.974772536008864,0.248043215266944,0.0615254366399635,9.56123557644576,-1.26715901868297,0,0.0614850391109812,-0.0193190292199036,0.0361453909152121
fullSystem,1.79003435103693,0.000437421818694611,0.979446839750698,0.23632892942547,0.0558513628833888,9.62219274515712,-1.05821400804215,0,0.0558146909445291,-0.0139539220527863,0.0299758219712749
gyroFilter,1,-0.000310664652891424,0.00467430374183284,0.058243362174003,0.00339228923733208,217.483341699576,14.3234530266358,0,0.00339006186422812,0.00282721712984806,0.0024994315330749
gyroSystem,2.00387408140234,1,1.45606923490669,0.293209128801995,0.0859715932128247,1.89701665970926,0.265648689524758,0,0.0859151443663291,0.00668978659766467,0.0140026615959095
input,1,1,1,0,0,NaN,NaN,0,0,0,0
error,0.790034351036932,-0.999562578181305,-0.0205531602493027,0.23632892942547,0.0558513628833888,9.62219274515711,-1.05821400804215,0,0.0558146909445291,-0.0139539220527862,0.0299758219712749
