signalsNamesOrdered,maxSignals,minSignals,meanSignals,standardDeviationSignals,varianceSignals,kurtosisSignals,skewnessSignals,firstMomentSignals,secondMomentSignals,thirdMomentSignals,fourthMomentSignals
compassSystem,1.79299051646081,0,0.981268224733599,0.246552424581935,0.0607880980672309,9.98999239501933,-1.21710702392519,0,0.0607481058974499,-0.0182233359178269,0.0368663923126702
compassFilter,1.79284041535621,0,0.981215578744156,0.246645264791035,0.0608338866438396,9.98851877159895,-1.21886236533563,0,0.060793864349995,-0.0182702417004173,0.0369165060235548
fullSystem,1.79303720055843,0.000604046051859804,0.985990971978965,0.234463548771367,0.0549731557024634,10.0708343098837,-0.982129335085574,0,0.0549369891526591,-0.0126463723342633,0.0303945108739427
gyroFilter,1,-0.000381626417822689,0.00477539323480837,0.0587413018157621,0.00345054053901046,214.766567567854,14.2238063135395,0,0.00344827044655059,0.0028801679273646,0.00255369670614094
gyroSystem,2.00387408140233,1,1.45595383721882,0.291435383783598,0.0849345829210929,1.88309434975762,0.25477089135441,0,0.0848787049060132,0.00630010696559886,0.0135665546639803
input,1,1,1,0,0,NaN,NaN,0,0,0,0
error,0.793037200558427,-0.99939595394814,-0.0140090280210336,0.234463548771367,0.0549731557024634,10.0708343098837,-0.982129335085585,0,0.0549369891526591,-0.0126463723342635,0.0303945108739428
