signalsNamesOrdered,maxSignals,minSignals,meanSignals,standardDeviationSignals,varianceSignals,kurtosisSignals,skewnessSignals,firstMomentSignals,secondMomentSignals,thirdMomentSignals,fourthMomentSignals
compassSystem,1.81058850437638,0,0.992377559018895,0.210828406094263,0.0444486168162475,10.5769432605808,-0.729861824186845,0,0.0444115144649818,-0.00683099587399541,0.0208617790289401
compassFilter,1.8094362762131,0,0.992008369031094,0.211513916949426,0.0447381370632886,10.5837482639511,-0.755701967545418,0,0.0447007930423677,-0.007142058367073,0.0211480319418283
fullSystem,1.81118504155191,0.0163746292308472,0.995671312174688,0.201902890598987,0.0407647772322265,10.0764117510821,-0.40178707219633,0,0.0407307498722664,-0.00330277940233799,0.0167167064870118
gyroFilter,1,-0.00330689680985596,0.00366294314359376,0.0522912377111407,0.00273437354136302,305.021865210749,17.1252062514589,0,0.00273209109266405,0.00244556141576469,0.00227678133924526
gyroSystem,2.00387408140234,1,1.485756782542,0.283257314934934,0.0802347064641481,1.91357294124369,0.196322290327655,0,0.0801677325856305,0.00445624451504001,0.0122982756267986
input,1,1,1,0,0,NaN,NaN,0,0,0,0
error,0.811185041551914,-0.983625370769153,-0.0043286878253129,0.201902890598987,0.0407647772322265,10.0764117510821,-0.401787072196324,0,0.0407307498722664,-0.00330277940233793,0.0167167064870118
