signalsNamesOrdered,maxSignals,minSignals,meanSignals,standardDeviationSignals,varianceSignals,kurtosisSignals,skewnessSignals,firstMomentSignals,secondMomentSignals,thirdMomentSignals,fourthMomentSignals
compassSystem,1.79071241436842,0,0.975186436556744,0.247478473492577,0.061245594842216,9.49828063813488,-1.283965566155,0,0.0612056954318953,-0.0194420086533109,0.0355818619910054
compassFilter,1.79062114610651,0,0.975131148771763,0.247555476366641,0.0612837138791146,9.4964859076174,-1.28536096040352,0,0.0612437896355452,-0.0194813114397248,0.0356194361408428
fullSystem,1.79078698538976,0.000458803674292468,0.979783780088974,0.235867816004583,0.055633626626772,9.53401757415218,-1.0779363848661,0,0.0555973832218034,-0.0141310573318392,0.0294703063701998
gyroFilter,1,-0.000332439861389089,0.00465263131721203,0.0580914492074215,0.00337461647101844,218.791934196767,14.3656533883135,0,0.00337241802380605,0.00281343888888541,0.0024883651539913
gyroSystem,2.00387408140234,1,1.45047957291606,0.292433347996981,0.0855172630207236,1.89552203642383,0.279342001948876,0,0.0854615514487232,0.00697898717448789,0.0138442802758681
input,1,1,1,0,0,NaN,NaN,0,0,0,0
error,0.790786985389764,-0.999541196325707,-0.0202162199110247,0.235867816004584,0.0556336266267721,9.53401757415217,-1.07793638486611,0,0.0555973832218035,-0.0141310573318394,0.0294703063701999
