signalsNamesOrdered,maxSignals,minSignals,meanSignals,standardDeviationSignals,varianceSignals,kurtosisSignals,skewnessSignals,firstMomentSignals,secondMomentSignals,thirdMomentSignals,fourthMomentSignals
compassSystem,1.81048183453429,0,0.994291163698677,0.20630399534294,0.0425613384944599,10.6739563280886,-0.671225433378022,0,0.0425347043652393,-0.0058882132728592,0.0193113332679595
compassFilter,1.81049007220844,0,0.994083999349488,0.206769458437311,0.0427536089424587,10.6823058429894,-0.687391826748223,0,0.0427268544938088,-0.00607093728537882,0.0195014476441939
fullSystem,1.8115623163897,0.0090801328302113,0.996606146436045,0.199925037045277,0.0399700204375555,10.2491572750464,-0.419401855776618,0,0.0399450079091215,-0.00334829808937868,0.0163535928277951
gyroFilter,1,-0.00207626344409961,0.00252214708655677,0.0433633196759928,0.00188037749332235,442.591364942125,20.6286498988625,0,0.0018792007865055,0.00168046930262958,0.00156296519698553
gyroSystem,2.00387408140233,1,1.48951194426507,0.283114437290151,0.0801537846021186,1.90243079809997,0.182249774002935,0,0.0801036257882249,0.00413185678467332,0.0122071200792795
input,1,1,1,0,0,NaN,NaN,0,0,0,0
error,0.811562316389699,-0.990919867169789,-0.00339385356395518,0.199925037045277,0.0399700204375555,10.2491572750464,-0.419401855776612,0,0.0399450079091215,-0.00334829808937863,0.0163535928277951
