signalsNamesOrdered,maxSignals,minSignals,meanSignals,standardDeviationSignals,varianceSignals,kurtosisSignals,skewnessSignals,firstMomentSignals,secondMomentSignals,thirdMomentSignals,fourthMomentSignals
compassSystem,1.78878116129084,0,0.973518511611757,0.243348627400698,0.0592185544578036,9.88124125117591,-1.41896007702539,0,0.0591800007114118,-0.0204283187489777,0.034606799343762
compassFilter,1.78871387361485,0,0.973490034883014,0.243433869241103,0.0592600486936945,9.88012566645224,-1.42031267139459,0,0.0592214679328263,-0.0204692869310702,0.0346514015046459
fullSystem,1.78889902905665,0.000548663040346259,0.978189061680597,0.231442085336229,0.0535654388647825,9.93907603895381,-1.21539512778543,0,0.0535305655321882,-0.0150529021451136,0.0284806355449939
gyroFilter,1,-0.000359258088788339,0.00469902679758306,0.0583243967903056,0.00340173526095302,217.587167369012,14.3208038232379,0,0.00339952058955917,0.00283853274983455,0.00251459837258796
gyroSystem,2.00387408140234,1,1.45374939892392,0.292948137520441,0.0858186112766953,1.89535777544853,0.275205748618421,0,0.0857627397849787,0.00691202772159137,0.0139408256066183
input,1,1,1,0,0,NaN,NaN,0,0,0,0
error,0.788899029056655,-0.999451336959654,-0.0218109383194035,0.231442085336229,0.0535654388647825,9.9390760389538,-1.21539512778543,0,0.0535305655321883,-0.0150529021451135,0.0284806355449939
