signalsNamesOrdered,maxSignals,minSignals,meanSignals,standardDeviationSignals,varianceSignals,kurtosisSignals,skewnessSignals,firstMomentSignals,secondMomentSignals,thirdMomentSignals,fourthMomentSignals
compassSystem,1.80651381719495,0,0.987588514554919,0.220809921734414,0.0487570215363581,10.6677184456362,-1.06368202057397,0,0.0486366338288609,-0.0114092496369868,0.0252347242752782
compassFilter,1.03373040249279,0,0.938772085142364,0.190840649787498,0.0364201536113146,17.516695615837,-3.82980209903061,0,0.0363302273061015,-0.0265203044554743,0.0231200310818339
fullSystem,1.19244475782544,0.851870117752954,1.04483545757844,0.0456338981952003,0.00208245266448991,5.64478153538459,-0.652147636232158,0,0.00207731080605907,-6.17444810631978e-05,2.43584752212362e-05
gyroFilter,1,-0.0315320402528834,0.106063372436075,0.174884221730634,0.0305844910103295,16.1578102204978,3.60973065979451,0,0.0305089737485756,0.0192360632785612,0.0150396490224904
gyroSystem,2.00387408140234,1,1.48766491326615,0.285499739845961,0.0815101014521113,1.9025065174426,0.171983733522379,0,0.081308841942353,0.0039874388507237,0.0125777136853033
input,1,1,1,0,0,NaN,NaN,0,0,0,0
error,0.192444757825442,-0.148129882247046,0.0448354575784387,0.0456338981952003,0.00208245266448991,5.64478153538457,-0.652147636232148,0,0.00207731080605907,-6.17444810631969e-05,2.43584752212361e-05
