signalsNamesOrdered,maxSignals,minSignals,meanSignals,standardDeviationSignals,varianceSignals,kurtosisSignals,skewnessSignals,firstMomentSignals,secondMomentSignals,thirdMomentSignals,fourthMomentSignals
compassSystem,1.78657072006527,0,0.980749962272701,0.247847329092613,0.0614282985383422,9.42214479322853,-1.21202399259489,0,0.0613878585788041,-0.0184346519692724,0.0355070622711767
compassFilter,1.78644874588471,0,0.980623744708621,0.248061926503713,0.0615347193807333,9.41668917221772,-1.21550932960152,0,0.0614942093613911,-0.0185357272286467,0.0356095659141779
fullSystem,1.7868637763949,0.00204819548379278,0.985748198895868,0.235329663082599,0.0553800503265695,9.42733005964585,-0.976587618406477,0,0.0553435920972564,-0.0127148789374139,0.0288750935506082
gyroFilter,1,-0.000771311125467466,0.00512445418724518,0.0614217329540199,0.00377262927907493,199.773694641919,13.7526192626318,0,0.0037701456521631,0.00318363017818122,0.00283958294374374
gyroSystem,2.00387408140234,1,1.45531704190206,0.294419216075981,0.0866826747947952,1.87476599667161,0.263724839357016,0,0.0866256091761021,0.00672388828267261,0.0140682368495413
input,1,1,1,0,0,NaN,NaN,0,0,0,0
error,0.786863776394896,-0.997951804516207,-0.0142518011041315,0.235329663082599,0.0553800503265695,9.42733005964585,-0.976587618406485,0,0.0553435920972564,-0.012714878937414,0.0288750935506082
