signalsNamesOrdered,maxSignals,minSignals,meanSignals,standardDeviationSignals,varianceSignals,kurtosisSignals,skewnessSignals,firstMomentSignals,secondMomentSignals,thirdMomentSignals,fourthMomentSignals
compassSystem,1.78740804908842,0,0.974385948528097,0.246881818981032,0.0609506325433829,9.56549403641558,-1.30658368782964,0,0.0609099445376797,-0.0196412687440808,0.0354881870370198
compassFilter,1.78723042658028,0,0.974300923522229,0.247032647535165,0.0610251289482333,9.56290327218353,-1.30850548905459,0,0.0609843912119528,-0.0197062318424014,0.0355653550353503
fullSystem,1.78752595411458,0.00114689750540301,0.979378524524416,0.234324955747978,0.0549081848862919,9.60646266610292,-1.08285397733988,0,0.0548715305572623,-0.0139184382676207,0.0289239530542485
gyroFilter,1,-0.000555655722219939,0.00507760100218819,0.0607296643456371,0.00368809213153375,202.146846609874,13.8069835021915,0,0.00368563012076504,0.0030893451296453,0.00274593636136075
gyroSystem,2.00387408140234,1,1.4500236132089,0.291217823941764,0.0848078209813762,1.89013657721494,0.270239670925259,0,0.0847512069486783,0.00666757548293358,0.0135764107821203
input,1,1,1,0,0,NaN,NaN,0,0,0,0
error,0.78752595411458,-0.998853102494597,-0.0206214754755838,0.234324955747978,0.0549081848862919,9.60646266610292,-1.08285397733988,0,0.0548715305572624,-0.0139184382676207,0.0289239530542485
