signalsNamesOrdered,maxSignals,minSignals,meanSignals,standardDeviationSignals,varianceSignals,kurtosisSignals,skewnessSignals,firstMomentSignals,secondMomentSignals,thirdMomentSignals,fourthMomentSignals
compassSystem,1.7877858529884,0,0.978501284028246,0.243518121278804,0.0593010753911585,9.96823339831567,-1.28324811977043,0,0.0592621894400823,-0.0185130159480995,0.0350085064417517
compassFilter,1.78771703291001,0,0.978383282211239,0.243716336212267,0.0593976525367306,9.96368544273914,-1.28602372522268,0,0.0593587032563786,-0.0185984001730645,0.0351066037907474
fullSystem,1.78809533303588,0.00173455488506267,0.983471780711804,0.230838571621164,0.0532864461480993,10.0243781559107,-1.04031980847571,0,0.0532515042161989,-0.012783938944915,0.0284263567030099
gyroFilter,1,-0.000717223731374395,0.00508849850056315,0.0609986908554653,0.00372084028608062,201.817968008791,13.8116034793586,0,0.00371840039081106,0.00313168685664091,0.00279043643061616
gyroSystem,2.00387408140234,1,1.46385956747591,0.294343729261038,0.0866382309552952,1.86432164649245,0.227224826540475,0,0.0865814190005705,0.00578885710655655,0.0139755928766558
input,1,1,1,0,0,NaN,NaN,0,0,0,0
error,0.788095333035877,-0.998265445114937,-0.0165282192881965,0.230838571621164,0.0532864461480993,10.0243781559107,-1.04031980847571,0,0.0532515042161989,-0.012783938944915,0.0284263567030099
