signalsNamesOrdered,maxSignals,minSignals,meanSignals,standardDeviationSignals,varianceSignals,kurtosisSignals,skewnessSignals,firstMomentSignals,secondMomentSignals,thirdMomentSignals,fourthMomentSignals
compassSystem,1.79100574327329,0,0.978559486104205,0.243635558348966,0.0593582852920124,10.1471888279023,-1.33369198075407,0,0.059319259463418,-0.0192685538422924,0.0357056697335623
compassFilter,1.79106813382758,0,0.978509034204341,0.243716520489225,0.0593977423593748,10.145235511032,-1.33520361112243,0,0.0593586905892503,-0.0193096306360572,0.0357462721485545
fullSystem,1.79123744544141,0.000476419446244594,0.983215248590558,0.231624527799507,0.0536499218783444,10.2392109124193,-1.11241155282141,0,0.0536146490828951,-0.0138099050384265,0.0294329250495337
gyroFilter,1,-0.000341473412460491,0.00470621438621775,0.0584139666524014,0.00341219150006786,216.467981604359,14.2877795818694,0,0.00340994811315131,0.00284502703555871,0.00251703473631804
gyroSystem,2.00387408140234,1,1.46479806037259,0.295754025474514,0.0874704435843796,1.86255843109348,0.227254517027945,0,0.0874129350744622,0.00587321742347552,0.0142318484923687
input,1,1,1,0,0,NaN,NaN,0,0,0,0
error,0.791237445441411,-0.999523580553755,-0.0167847514094417,0.231624527799507,0.0536499218783444,10.2392109124193,-1.11241155282142,0,0.0536146490828951,-0.0138099050384265,0.0294329250495338
