signalsNamesOrdered,maxSignals,minSignals,meanSignals,standardDeviationSignals,varianceSignals,kurtosisSignals,skewnessSignals,firstMomentSignals,secondMomentSignals,thirdMomentSignals,fourthMomentSignals
compassSystem,1.78876627836342,0,0.974180513235545,0.242524961355753,0.0588183568806096,9.98862029286536,-1.40350630254766,0,0.0587802126802979,-0.020001432315248,0.0345118158487704
compassFilter,1.78869734264377,0,0.974129662928377,0.242608139399241,0.0588587093027613,9.98736898664586,-1.40505055234537,0,0.0588205389335637,-0.0200440486894042,0.0345548565195301
fullSystem,1.78888155546335,0.000544137669358119,0.978808985126244,0.230615015251457,0.0531832852594297,10.0497849574661,-1.19445820317881,0,0.0531487954505714,-0.0146356190511052,0.0283885768504013
gyroFilter,1,-0.000351414465910249,0.0046793221978668,0.0582009509382844,0.00338735069012059,218.497700732213,14.3511822789726,0,0.00338515396464061,0.00282654119805638,0.00250382357118006
gyroSystem,2.00387408140234,1,1.45931668645324,0.293934944294258,0.0863977514772685,1.87907389799692,0.249494142229047,0,0.0863417218070498,0.00632982073944567,0.014008294706989
input,1,1,1,0,0,NaN,NaN,0,0,0,0
error,0.788881555463346,-0.999455862330642,-0.0211910148737566,0.230615015251457,0.0531832852594297,10.0497849574661,-1.1944582031788,0,0.0531487954505714,-0.0146356190511051,0.0283885768504013
