signalsNamesOrdered,maxSignals,minSignals,meanSignals,standardDeviationSignals,varianceSignals,kurtosisSignals,skewnessSignals,firstMomentSignals,secondMomentSignals,thirdMomentSignals,fourthMomentSignals
compassSystem,1.78859872257523,0,0.976510027815273,0.238648700900797,0.0569532024416381,10.0153724473252,-1.2871627717088,0,0.0569165294201045,-0.0174779738755614,0.0324447121219923
compassFilter,1.78842174820796,0,0.976305616000027,0.238899897298256,0.0570731609291174,10.0150602883257,-1.29335453596027,0,0.057036410664514,-0.0176175645530516,0.0325805148241291
fullSystem,1.78901849827224,0.00348833950501426,0.981408204328142,0.22605121057375,0.0510991498018577,10.0286475616923,-1.03856337042896,0,0.0510662462926485,-0.0119848859191253,0.0261523211129629
gyroFilter,1,-0.00109682726482663,0.00510258832811589,0.0616918345614647,0.00380588245155913,201.463024657482,13.847863088468,0,0.00380343178674808,0.00324822577870876,0.00291438292256706
gyroSystem,2.00387408140234,1,1.4530629283616,0.291323799126989,0.0848695559377822,1.91762157470883,0.286034730945079,0,0.0848149071573973,0.00706524222524874,0.013794542108949
input,1,1,1,0,0,NaN,NaN,0,0,0,0
error,0.789018498272235,-0.996511660494986,-0.0185917956718572,0.226051210573749,0.0510991498018576,10.0286475616923,-1.03856337042897,0,0.0510662462926484,-0.0119848859191255,0.026152321112963
