signalsNamesOrdered,maxSignals,minSignals,meanSignals,standardDeviationSignals,varianceSignals,kurtosisSignals,skewnessSignals,firstMomentSignals,secondMomentSignals,thirdMomentSignals,fourthMomentSignals
compassSystem,1.78750945143766,0,0.973785118155301,0.244802326730721,0.0599281791727747,9.76627670359674,-1.37549412049199,0,0.0598889077578515,-0.0201594336568245,0.0350285217541447
compassFilter,1.7874148383798,0,0.973720633087455,0.244948026337348,0.0599995356065619,9.76190395659272,-1.37695690301543,0,0.0599602174311972,-0.0202169271510807,0.0350962672595423
fullSystem,1.78768561013351,0.00119666912283348,0.979026685817671,0.23115978955627,0.0534348483076989,9.75674743814823,-1.12420686880967,0,0.0533998320244042,-0.0138725427181798,0.0278217756909658
gyroFilter,1,-0.000514363319195521,0.00530605273021888,0.0607265812408256,0.00368771766919859,195.010396960293,13.472675258948,0,0.00368530107832756,0.00301413918603581,0.00264852279312923
gyroSystem,2.00387408140233,1,1.4618072442325,0.293910700048651,0.0863834996030883,1.87271685315515,0.240260774620058,0,0.0863268918051833,0.0060939941026626,0.0139561081975342
input,1,1,1,0,0,NaN,NaN,0,0,0,0
error,0.78768561013351,-0.998803330877167,-0.0209733141823259,0.23115978955627,0.0534348483076989,9.75674743814828,-1.12420686880971,0,0.0533998320244042,-0.0138725427181803,0.0278217756909659
