signalsNamesOrdered,maxSignals,minSignals,meanSignals,standardDeviationSignals,varianceSignals,kurtosisSignals,skewnessSignals,firstMomentSignals,secondMomentSignals,thirdMomentSignals,fourthMomentSignals
compassSystem,1.79015452132722,0,0.979734205400029,0.235071304129634,0.0552585180252068,10.4699863172083,-1.35686537141293,0,0.0552247000827189,-0.0176090857332713,0.0319310239875653
compassFilter,1.78978425824905,0,0.979508553969472,0.235480663891326,0.0554511430666997,10.4594850598147,-1.36573071474935,0,0.0554172072386295,-0.0178168953900079,0.0321217779202946
fullSystem,1.79063061678955,0.00581652607123468,0.985389794680776,0.220033450116083,0.0484147191699867,10.4151899263461,-1.036619525727,0,0.0483850895988912,-0.0110328244865276,0.0243831771063346
gyroFilter,1,-0.00156650670599201,0.0058812407113022,0.064994306094861,0.00422425982475249,174.859757506007,12.8390460715034,0,0.00422167459842155,0.00352176108565074,0.0031164443956615
gyroSystem,2.00387408140235,1,1.45293484406481,0.286490150740298,0.0820766064711984,1.9579911650998,0.282460745867117,0,0.0820263759898819,0.0066357251318371,0.0131740035649377
input,1,1,1,0,0,NaN,NaN,0,0,0,0
error,0.790630616789554,-0.994183473928765,-0.0146102053192233,0.220033450116083,0.0484147191699867,10.4151899263461,-1.03661952572702,0,0.0483850895988912,-0.0110328244865277,0.0243831771063347
