signalsNamesOrdered,maxSignals,minSignals,meanSignals,standardDeviationSignals,varianceSignals,kurtosisSignals,skewnessSignals,firstMomentSignals,secondMomentSignals,thirdMomentSignals,fourthMomentSignals
compassSystem,1.78810655041619,0,0.983138176708805,0.240587990240375,0.0578825810479027,9.91974271327742,-1.16400797956738,0,0.0578459696746909,-0.0161944281075103,0.0331930086578802
compassFilter,1.78803702029462,0,0.982979406084984,0.240835118916002,0.0580015545032846,9.91593239637724,-1.16896931757216,0,0.0579648678780454,-0.0163136217188608,0.033316798161747
fullSystem,1.78854989673193,0.00280498900935546,0.987988995788596,0.228123716391934,0.0520404299804675,9.89529887139297,-0.897102981441648,0,0.0520075138324722,-0.0106399953926297,0.0267646212751824
gyroFilter,1,-0.000950427887995708,0.00500958970361236,0.0610704675633671,0.00372960200840827,204.438399823984,13.9442188152932,0,0.00372724299385519,0.00317304148204128,0.00284012782794719
gyroSystem,2.00387408140234,1,1.45452747982699,0.289078973040007,0.0835666526538649,1.90571552880857,0.264476432297467,0,0.0835137958210667,0.00638299218830782,0.0132915160404836
input,1,1,1,0,0,NaN,NaN,0,0,0,0
error,0.78854989673193,-0.997195010990645,-0.0120110042114039,0.228123716391934,0.0520404299804675,9.89529887139298,-0.897102981441653,0,0.0520075138324722,-0.0106399953926298,0.0267646212751824
