signalsNamesOrdered,maxSignals,minSignals,meanSignals,standardDeviationSignals,varianceSignals,kurtosisSignals,skewnessSignals,firstMomentSignals,secondMomentSignals,thirdMomentSignals,fourthMomentSignals
compassSystem,1.7872493631064,0,0.972578891737014,0.247113409574846,0.0610650371917055,9.43908394149463,-1.25582546375416,0,0.0610247302364634,-0.0189316334510151,0.0351513156740002
compassFilter,1.78713057236491,0,0.972511040725236,0.247262186112929,0.0611385886813449,9.43582361450156,-1.25720752791627,0,0.0610982331772648,-0.0189867201925348,0.0352238738568854
fullSystem,1.78740400194164,0.00101703402868093,0.977503466428484,0.234810474731761,0.0551359590437548,9.45984662540611,-1.03017382170692,0,0.0550995656714487,-0.0133239432063719,0.0287197361782846
gyroFilter,1,-0.000518000561304799,0.00499242570324777,0.060191380998603,0.00362300234651899,205.446905897152,13.9189417131097,0,0.00362061092582821,0.00303234773529989,0.00269316722314271
gyroSystem,2.00387408140233,1,1.4481251087148,0.2939373288806,0.0863991533094619,1.88122395938608,0.293896005329596,0,0.0863421241653632,0.00745637559631871,0.0140244538933365
input,1,1,1,0,0,NaN,NaN,0,0,0,0
error,0.787404001941638,-0.998982965971319,-0.0224965335715168,0.234810474731761,0.0551359590437548,9.4598466254061,-1.03017382170691,0,0.0550995656714487,-0.0133239432063717,0.0287197361782845
