signalsNamesOrdered,maxSignals,minSignals,meanSignals,standardDeviationSignals,varianceSignals,kurtosisSignals,skewnessSignals,firstMomentSignals,secondMomentSignals,thirdMomentSignals,fourthMomentSignals
compassSystem,1.78850552311201,0,0.976361832747684,0.244228224638631,0.0596474257101375,9.81199895892889,-1.34040898004749,0,0.0596092146750894,-0.0195077611297559,0.0348645684494682
compassFilter,1.78841539123687,0,0.97631052854172,0.244326819246309,0.0596955946030187,9.80881719224834,-1.34120458475538,0,0.0596573527102557,-0.0195429893725703,0.0349095777623317
fullSystem,1.78858900920093,0.000494182501075904,0.980906953691141,0.232599723863118,0.0541026315411986,9.85239511192448,-1.13051431862399,0,0.0540679725844137,-0.0142130143551086,0.0288019564850289
gyroFilter,1,-0.000330349744460223,0.00459642514942033,0.0577180159158054,0.00333136936125716,221.912110058724,14.4664107916394,0,0.00332923523610581,0.00277892942263599,0.00245963105595797
gyroSystem,2.00387408140234,1,1.46011197375814,0.294128736971164,0.0865117139122524,1.8738773903093,0.252333405743583,0,0.0864562932114758,0.0064146012775693,0.014006653782111
input,1,1,1,0,0,NaN,NaN,0,0,0,0
error,0.788589009200932,-0.999505817498924,-0.0190930463088589,0.232599723863118,0.0541026315411986,9.85239511192447,-1.13051431862399,0,0.0540679725844137,-0.0142130143551085,0.0288019564850289
