signalsNamesOrdered,maxSignals,minSignals,meanSignals,standardDeviationSignals,varianceSignals,kurtosisSignals,skewnessSignals,firstMomentSignals,secondMomentSignals,thirdMomentSignals,fourthMomentSignals
compassSystem,1.79163243933367,0,0.979243428481214,0.244539340752672,0.0597994891757513,9.98914149125857,-1.28878877098826,0,0.0597605318538127,-0.0188279668245147,0.0356744324523904
compassFilter,1.79154157340764,0,0.979190942056863,0.244634140582661,0.0598458627386172,9.98691021866447,-1.29124451430431,0,0.0598068752058884,-0.018885790050592,0.0357218028732662
fullSystem,1.79175283317393,0.00067838610928519,0.983945010767645,0.232434094990325,0.0540256085139713,10.0426905493483,-1.05989326495427,0,0.0539904126778059,-0.0132964928081888,0.0292740880539119
gyroFilter,1,-0.000412721976698283,0.00475406871078461,0.0585627918862042,0.00342960059350686,216.480099876395,14.27613830977,0,0.00342736632601924,0.00286451786418913,0.00254295708186955
gyroSystem,2.00387408140234,1,1.45677411636595,0.292511175761644,0.0855627879454595,1.88734269810645,0.257461149261236,0,0.0855070467155276,0.00643746030012655,0.0137992212785244
input,1,1,1,0,0,NaN,NaN,0,0,0,0
error,0.791752833173929,-0.999321613890715,-0.0160549892323534,0.232434094990325,0.0540256085139713,10.0426905493483,-1.05989326495429,0,0.0539904126778059,-0.0132964928081891,0.029274088053912
