signalsNamesOrdered,maxSignals,minSignals,meanSignals,standardDeviationSignals,varianceSignals,kurtosisSignals,skewnessSignals,firstMomentSignals,secondMomentSignals,thirdMomentSignals,fourthMomentSignals
compassSystem,1.80651381719495,0,0.987588514554919,0.220809921734414,0.0487570215363581,10.6677184456362,-1.06368202057397,0,0.0486366338288609,-0.0114092496369868,0.0252347242752782
compassFilter,1.1524842229483,0,0.960439935533142,0.177780970757978,0.0316060735636492,22.4379492228937,-4.37090917568541,0,0.0315280338758377,-0.0244690503724549,0.0223037011793617
fullSystem,1.30360962715789,0.745756898385779,1.02479153691473,0.0673871789893058,0.00454103189213674,8.00690909881175,-0.0778312984177601,0,0.00452981946771171,-2.37287912906147e-05,0.000164295884905834
gyroFilter,1,-0.0355702694217515,0.0643516013815902,0.151559271411893,0.0229702127509039,26.0681297631817,4.72622973713044,0,0.0229134961762103,0.0163927519663475,0.0136865060366681
gyroSystem,2.00387408140234,1,1.48766491326615,0.285499739845961,0.0815101014521113,1.9025065174426,0.171983733522379,0,0.081308841942353,0.0039874388507237,0.0125777136853033
input,1,1,1,0,0,NaN,NaN,0,0,0,0
error,0.303609627157891,-0.254243101614221,0.0247915369147334,0.0673871789893059,0.00454103189213674,8.00690909881174,-0.0778312984177826,0,0.00452981946771171,-2.37287912906215e-05,0.000164295884905834
