signalsNamesOrdered,maxSignals,minSignals,meanSignals,standardDeviationSignals,varianceSignals,kurtosisSignals,skewnessSignals,firstMomentSignals,secondMomentSignals,thirdMomentSignals,fourthMomentSignals
compassSystem,1.80651381719495,0,0.987588514554919,0.220809921734414,0.0487570215363581,10.6677184456362,-1.06368202057397,0,0.0486366338288609,-0.0114092496369868,0.0252347242752782
compassFilter,1.45822767680315,0,0.975048397818206,0.188992173323654,0.0357180415775982,17.1544394833478,-3.09282309041758,0,0.0356298488823449,-0.0208006089614657,0.0217773230156858
fullSystem,1.51395701405618,0.5642813880499,1.0108565811409,0.116697427810516,0.0136182896575905,8.70129447708503,0.16727784023212,0,0.0135846642510286,0.000264857195620809,0.0016057638812924
gyroFilter,1,-0.0317066783172539,0.0358081833226916,0.12907029834898,0.0166591419158946,43.1638070893914,6.24064083798183,0,0.0166180082321517,0.0133689606007873,0.0119200391675271
gyroSystem,2.00387408140234,1,1.48766491326615,0.285499739845961,0.0815101014521113,1.9025065174426,0.171983733522379,0,0.081308841942353,0.0039874388507237,0.0125777136853033
input,1,1,1,0,0,NaN,NaN,0,0,0,0
error,0.513957014056183,-0.4357186119501,0.010856581140897,0.116697427810516,0.0136182896575905,8.70129447708503,0.167277840232137,0,0.0135846642510286,0.000264857195620836,0.0016057638812924
