signalsNamesOrdered,maxSignals,minSignals,meanSignals,standardDeviationSignals,varianceSignals,kurtosisSignals,skewnessSignals,firstMomentSignals,secondMomentSignals,thirdMomentSignals,fourthMomentSignals
compassSystem,1.80651381719495,0,0.987588514554919,0.220809921734414,0.0487570215363581,10.6677184456362,-1.06368202057397,0,0.0486366338288609,-0.0114092496369868,0.0252347242752782
compassFilter,1.51703334362003,0,0.976719354260421,0.193437918370275,0.0374182282634251,15.8104483939086,-2.76296082935472,0,0.0373258375763549,-0.0199245751978562,0.0220274036743075
fullSystem,1.55516804256396,0.531243537843498,1.00922365790458,0.12659561249435,0.0160264491028196,8.71785795961043,0.171001236433479,0,0.0159868776235534,0.000345656498629647,0.00222811237040067
gyroFilter,1,-0.0302744816591187,0.0325043036441537,0.125931222719251,0.0158586728555655,46.5332436377116,6.50620340950391,0,0.0158195156386382,0.0129454577050257,0.0116452734449494
gyroSystem,2.00387408140234,1,1.48766491326615,0.285499739845961,0.0815101014521113,1.9025065174426,0.171983733522379,0,0.081308841942353,0.0039874388507237,0.0125777136853033
input,1,1,1,0,0,NaN,NaN,0,0,0,0
error,0.555168042563963,-0.468756462156502,0.00922365790457456,0.12659561249435,0.0160264491028196,8.71785795961045,0.1710012364335,0,0.0159868776235534,0.000345656498629689,0.00222811237040067
