signalsNamesOrdered,maxSignals,minSignals,meanSignals,standardDeviationSignals,varianceSignals,kurtosisSignals,skewnessSignals,firstMomentSignals,secondMomentSignals,thirdMomentSignals,fourthMomentSignals
compassSystem,1.79288830723128,0,0.97757826589202,0.250014483746074,0.0625072420828161,9.58460365916752,-1.2779894603475,0,0.0624665472637518,-0.0199525553717611,0.037399789867333
compassFilter,1.79282451127699,0,0.977511664959994,0.250136086772823,0.062568061906021,9.58103075628421,-1.27933611603498,0,0.0625273274907176,-0.020002738638227,0.0374586367379021
fullSystem,1.79305311600136,0.000777828051055909,0.982765224480544,0.236604301456374,0.0559815954676587,9.59734348846139,-1.02839595364425,0,0.0559451491164428,-0.0136083043219078,0.0300383387043128
gyroFilter,1,-0.00043361041690293,0.00525355952055201,0.0601186920922602,0.00361425713888399,197.846024738793,13.5505993552153,0,0.00361190410689253,0.00294145915601376,0.00258106981456454
gyroSystem,2.00387408140235,1,1.45460335515511,0.293294904753162,0.0860219011541661,1.89133607610731,0.257421605703256,0,0.0859658973122688,0.00648835040485161,0.013977229879802
input,1,1,1,0,0,NaN,NaN,0,0,0,0
error,0.793053116001361,-0.999222171948944,-0.0172347755194536,0.236604301456374,0.0559815954676588,9.59734348846142,-1.02839595364429,0,0.0559451491164429,-0.0136083043219083,0.030038338704313
