signalsNamesOrdered,maxSignals,minSignals,meanSignals,standardDeviationSignals,varianceSignals,kurtosisSignals,skewnessSignals,firstMomentSignals,secondMomentSignals,thirdMomentSignals,fourthMomentSignals
compassSystem,1.79387707916301,0,0.976450737745933,0.244822715185594,0.0599381618708463,9.80903659438824,-1.31158472810839,0,0.0598989609801525,-0.0192276091233847,0.0351937004259324
compassFilter,1.79376265143569,0,0.976346084894501,0.244956139458297,0.0600035102583128,9.80571149945205,-1.31406837881351,0,0.0599642666283205,-0.0192955318898041,0.0352585269826529
fullSystem,1.79404741723571,0.00108374216838029,0.981309475916379,0.232384930994055,0.0540027561531119,9.85568731922965,-1.08372562804336,0,0.0539674371497416,-0.0135867953946715,0.0287045343120456
gyroFilter,1,-0.000540420821711685,0.00496339102187863,0.0600254923260304,0.00360305972898233,206.803597219092,13.9656916084165,0,0.00360070324779922,0.00301747335135423,0.00268122184829292
gyroSystem,2.00387408140234,1,1.45598468194183,0.291222856046899,0.0848107518841126,1.88678872785702,0.254004315277602,0,0.0847552837664644,0.00626745563314423,0.0135536678197997
input,1,1,1,0,0,NaN,NaN,0,0,0,0
error,0.794047417235708,-0.99891625783162,-0.0186905240836214,0.232384930994055,0.0540027561531119,9.85568731922964,-1.08372562804335,0,0.0539674371497416,-0.0135867953946714,0.0287045343120455
