signalsNamesOrdered,maxSignals,minSignals,meanSignals,standardDeviationSignals,varianceSignals,kurtosisSignals,skewnessSignals,firstMomentSignals,secondMomentSignals,thirdMomentSignals,fourthMomentSignals
compassSystem,1.78626452656633,0,0.982005618629446,0.240522739911967,0.0578511884147596,9.92481376873992,-1.23931358351121,0,0.0578136470854833,-0.0172276785769175,0.0331728740963721
compassFilter,1.78602251333894,0,0.981809213224966,0.240838722965585,0.058003290479694,9.92076936432959,-1.24457690637332,0,0.0579656504469363,-0.0173691197163944,0.0333339500637684
fullSystem,1.78664231613667,0.0036946123540159,0.987035518441794,0.227656867470366,0.0518276493064196,9.91265601324997,-0.976240499760658,0,0.0517940168279599,-0.0115073735399286,0.0265918910503647
gyroFilter,1,-0.00113893470841409,0.0052263052168273,0.0623759472074507,0.00389075879002667,196.676888189913,13.6800488891705,0,0.00388823396277812,0.00331677669746034,0.00297343265806499
gyroSystem,2.00387408140233,1,1.44775477435938,0.287430081953189,0.0826160520116171,1.92437069297058,0.285139001313291,0,0.0825624400375667,0.00676441748553902,0.0131175815651168
input,1,1,1,0,0,NaN,NaN,0,0,0,0
error,0.78664231613667,-0.996305387645984,-0.0129644815582065,0.227656867470366,0.0518276493064196,9.91265601324997,-0.976240499760657,0,0.0517940168279599,-0.0115073735399285,0.0265918910503647
