signalsNamesOrdered,maxSignals,minSignals,meanSignals,standardDeviationSignals,varianceSignals,kurtosisSignals,skewnessSignals,firstMomentSignals,secondMomentSignals,thirdMomentSignals,fourthMomentSignals
compassSystem,1.7881057438143,0,0.979201996595251,0.246750153313825,0.0608856381603959,9.75537889796965,-1.25968210991698,0,0.0608464834091674,-0.0189066326782714,0.0361172860614071
compassFilter,1.78804540298188,0,0.979067627404733,0.246973752330993,0.0609960343404505,9.75314609724901,-1.26432728337797,0,0.0609568085948939,-0.0190279868176703,0.0362400820680673
fullSystem,1.78851331374073,0.00207816348822776,0.984121376410305,0.234475526142125,0.0549787723596263,9.84117339501729,-1.0371357421774,0,0.0549434162359224,-0.0133570050494133,0.0297083274589328
gyroFilter,1,-0.000869606714714255,0.00505374900557126,0.0611342392765034,0.00373739521191677,202.956252898674,13.8779852796637,0,0.00373499174232711,0.00316782288168098,0.00283127287378803
gyroSystem,2.00387408140234,1,1.45041772355871,0.288277871325336,0.0831041310958668,1.94523021197282,0.289178638198662,0,0.0830506879247441,0.00692119458665853,0.0134170634754047
input,1,1,1,0,0,NaN,NaN,0,0,0,0
error,0.788513313740732,-0.997921836511772,-0.0158786235896977,0.234475526142125,0.0549787723596264,9.84117339501721,-1.03713574217737,0,0.0549434162359225,-0.0133570050494129,0.0297083274589327
