signalsNamesOrdered,maxSignals,minSignals,meanSignals,standardDeviationSignals,varianceSignals,kurtosisSignals,skewnessSignals,firstMomentSignals,secondMomentSignals,thirdMomentSignals,fourthMomentSignals
compassSystem,1.78879866200822,0,0.976209508756001,0.243560545549695,0.0593217393484652,10.0487884092829,-1.33186016544514,0,0.0592828398472531,-0.0192243705659483,0.035316015677393
compassFilter,1.78873342975752,0,0.976157491580745,0.243657282908555,0.0593688715143797,10.0465296612903,-1.33316864050531,0,0.0593299411068293,-0.0192661956053046,0.0353642054752792
fullSystem,1.78891977717013,0.000554407970473593,0.98089439308588,0.231526873573227,0.0536046931865933,10.1241995601699,-1.1099169840494,0,0.0535695425681103,-0.0137615516339332,0.0290533738770439
gyroFilter,1,-0.000373638464111536,0.0047369015051361,0.0585461266747703,0.00342764894861825,215.950929970414,14.2661991757109,0,0.00342540130996342,0.00286006216124822,0.00253383305599269
gyroSystem,2.00387408140233,1,1.45821634919353,0.294551956716319,0.086760855205412,1.87315067099775,0.263867626450507,0,0.0867039628413429,0.00673665849237866,0.0140815547247453
input,1,1,1,0,0,NaN,NaN,0,0,0,0
error,0.788919777170131,-0.999445592029526,-0.0191056069141194,0.231526873573228,0.0536046931865933,10.1241995601699,-1.1099169840494,0,0.0535695425681103,-0.0137615516339332,0.0290533738770439
