signalsNamesOrdered,maxSignals,minSignals,meanSignals,standardDeviationSignals,varianceSignals,kurtosisSignals,skewnessSignals,firstMomentSignals,secondMomentSignals,thirdMomentSignals,fourthMomentSignals
compassSystem,1.79217437906552,0,0.977477046968886,0.248309493176001,0.0616576044013223,9.67514861397737,-1.34112550420428,0,0.0616175409806586,-0.020512848167753,0.0367338433700297
compassFilter,1.79207422184926,0,0.977405697389383,0.248425389538747,0.061715174167478,9.672691683843,-1.34262987091174,0,0.0616750733395589,-0.020564626069473,0.0367931265393174
fullSystem,1.79230774871365,0.000803002573763573,0.982654303753842,0.23480932966364,0.055135421297088,9.68147533207845,-1.09498893820981,0,0.0550995958121646,-0.0141622530956778,0.0293926246970969
gyroFilter,1,-0.000442780391777919,0.00524860636445601,0.060091879117126,0.00361103393582729,198.080988436926,13.5575794988937,0,0.00360868758499179,0.00293904400065832,0.00257953464717401
gyroSystem,2.00387408140234,1,1.45560662642044,0.294227540865825,0.0865698458039508,1.88187784375996,0.264627588628772,0,0.0865135950919275,0.00673382241241669,0.0140851069285887
input,1,1,1,0,0,NaN,NaN,0,0,0,0
error,0.792307748713645,-0.999196997426236,-0.0173456962461587,0.23480932966364,0.055135421297088,9.68147533207844,-1.09498893820981,0,0.0550995958121646,-0.0141622530956777,0.0293926246970968
