signalsNamesOrdered,maxSignals,minSignals,meanSignals,standardDeviationSignals,varianceSignals,kurtosisSignals,skewnessSignals,firstMomentSignals,secondMomentSignals,thirdMomentSignals,fourthMomentSignals
compassSystem,1.79341424403263,0,0.976357231121895,0.247576878352009,0.0612943106945255,9.88920584211785,-1.33920414008894,0,0.0612540120024186,-0.0203024566661268,0.0371048342021738
compassFilter,1.79342900333596,0,0.976279695339208,0.247676868169585,0.0613438310262941,9.88634218242986,-1.34124346637815,0,0.0613034997764412,-0.020358019340247,0.0371540512350496
fullSystem,1.79365567518029,0.000770328962607637,0.981580735972593,0.233897559669109,0.0547080684191646,9.93849946173217,-1.08790352426201,0,0.054672099932367,-0.0139071781052709,0.0297065576328165
gyroFilter,1,-0.000440538014943925,0.00530104063338406,0.0604021380636323,0.0036484182826581,195.949275246851,13.4853607572366,0,0.00364601958556234,0.00296886920506776,0.00260484362097056
gyroSystem,2.00387408140234,1,1.45518877588673,0.294339618209183,0.0866358108475275,1.87703281924979,0.26120614978751,0,0.0865788510770821,0.00665428082600159,0.0140700455305653
input,1,1,1,0,0,NaN,NaN,0,0,0,0
error,0.793655675180291,-0.999229671037392,-0.0184192640274073,0.233897559669109,0.0547080684191645,9.93849946173219,-1.08790352426201,0,0.0546720999323669,-0.0139071781052709,0.0297065576328165
