signalsNamesOrdered,maxSignals,minSignals,meanSignals,standardDeviationSignals,varianceSignals,kurtosisSignals,skewnessSignals,firstMomentSignals,secondMomentSignals,thirdMomentSignals,fourthMomentSignals
compassSystem,1.7924946400873,0,0.981609818721865,0.24198920441951,0.0585587750555876,10.0416662677732,-1.22866500989912,0,0.0585207251692617,-0.0173939428666195,0.0343894461803793
compassFilter,1.79235608038178,0,0.981393002640056,0.242298663936954,0.058708642545633,10.0364826418396,-1.23626313068835,0,0.0586704952795214,-0.0175687373004533,0.0345478516988115
fullSystem,1.79304457609084,0.0043316824973469,0.987053159836328,0.227896492259858,0.0519368111843477,10.0550376155577,-0.938679239085478,0,0.0519030640685684,-0.0110995841482826,0.0270875479739493
gyroFilter,1,-0.00127491405545976,0.00566015719627172,0.0642745304791384,0.00413121526831369,181.699893153715,13.1120549240621,0,0.00412853091791193,0.00347827625274026,0.00309703244087602
gyroSystem,2.00387408140234,1,1.45508822229769,0.290510945895382,0.0843966096850297,1.91205722683764,0.28042428712635,0,0.0843417710822454,0.00686878146503298,0.0136014847609175
input,1,1,1,0,0,NaN,NaN,0,0,0,0
error,0.793044576090839,-0.995668317502653,-0.0129468401636725,0.227896492259858,0.0519368111843477,10.0550376155577,-0.938679239085475,0,0.0519030640685684,-0.0110995841482826,0.0270875479739493
