signalsNamesOrdered,maxSignals,minSignals,meanSignals,standardDeviationSignals,varianceSignals,kurtosisSignals,skewnessSignals,firstMomentSignals,secondMomentSignals,thirdMomentSignals,fourthMomentSignals
compassSystem,1.78916270664719,0,0.982623850656245,0.236216901489094,0.0557984245491083,10.4767721578647,-1.28218007436813,0,0.0557630867248214,-0.0168837624138499,0.0325777518488986
compassFilter,1.78910714086605,0,0.982442676409297,0.236500540752484,0.0559325057762173,10.4749886872534,-1.28968869250867,0,0.0558970830366504,-0.0170438855663656,0.0327289334222703
fullSystem,1.78976893995573,0.00400063592207713,0.987793780713625,0.22262701652134,0.0495627884851928,10.4841307689078,-0.991824586138167,0,0.0495313997654428,-0.0109334134608344,0.02572134247875
gyroFilter,1,-0.00122052889364466,0.0053511043043283,0.0627334600645744,0.00393548701167355,192.214086152532,13.5032963980275,0,0.00393299461964589,0.00333061803193618,0.00297325334244237
gyroSystem,2.00387408140233,1,1.45692526860203,0.28875557259088,0.0833797807022868,1.9250812412667,0.274485950139355,0,0.0833269752680232,0.0066023500375599,0.0133665798434636
input,1,1,1,0,0,NaN,NaN,0,0,0,0
error,0.789768939955728,-0.995999364077923,-0.0122062192863753,0.22262701652134,0.0495627884851928,10.4841307689078,-0.991824586138166,0,0.0495313997654428,-0.0109334134608343,0.02572134247875
