signalsNamesOrdered,maxSignals,minSignals,meanSignals,standardDeviationSignals,varianceSignals,kurtosisSignals,skewnessSignals,firstMomentSignals,secondMomentSignals,thirdMomentSignals,fourthMomentSignals
compassSystem,1.7904494271343,0,0.979972947500506,0.244755193460471,0.0599051047258726,9.76905053002301,-1.26124320631,0,0.0598660785990153,-0.0184743878625442,0.0350117629234415
compassFilter,1.79036821476609,0,0.979843758093639,0.244967821447601,0.0600092335447838,9.76514293744758,-1.2653953900293,0,0.0599701395815625,-0.018583556715977,0.0351195323313424
fullSystem,1.79080395311785,0.00218791106067947,0.984922909833789,0.232255140841752,0.0539424504474219,9.81325156278657,-1.02613541680753,0,0.0539073087858926,-0.0128432860102116,0.0285172888314349
gyroFilter,1,-0.000809891887166181,0.00507915174015119,0.0612664055708,0.00375357245156575,201.367348359694,13.8160389040778,0,0.00375112712749307,0.00317414105044154,0.00283343084218765
gyroSystem,2.00387408140234,1,1.45635259202506,0.292040387831072,0.0852875881245228,1.8991008619862,0.268365204989611,0,0.0852320261778619,0.00667775414746425,0.0137960149575686
input,1,1,1,0,0,NaN,NaN,0,0,0,0
error,0.790803953117853,-0.99781208893932,-0.0150770901662101,0.232255140841752,0.0539424504474218,9.81325156278661,-1.02613541680755,0,0.0539073087858926,-0.0128432860102118,0.028517288831435
