signalsNamesOrdered,maxSignals,minSignals,meanSignals,standardDeviationSignals,varianceSignals,kurtosisSignals,skewnessSignals,firstMomentSignals,secondMomentSignals,thirdMomentSignals,fourthMomentSignals
compassSystem,1.78496923184879,0,0.978277078969071,0.241292648221945,0.0582221420859592,10.0194075130007,-1.30125123343197,0,0.0581848679873126,-0.0182631730463652,0.0339204923520515
compassFilter,1.78487430608695,0,0.978145669179224,0.241517580702456,0.0583307417883673,10.0140056325812,-1.30359098139814,0,0.0582933981636629,-0.0183472258289362,0.0340287955186344
fullSystem,1.78528217500737,0.00198008264778205,0.983125426304032,0.228841835110186,0.0523685854965977,10.0533022824953,-1.05898809793155,0,0.0523350588733604,-0.0126788584893113,0.0275355766064825
gyroFilter,1,-0.000758218482503459,0.00497975712480812,0.0605202799915595,0.00366270429025676,205.693799270688,13.9536943807927,0,0.00366035940914904,0.00309011614196264,0.0027559330387491
gyroSystem,2.00387408140234,1,1.45803974654318,0.291641558020843,0.0850547983648246,1.89348099226884,0.253437545262196,0,0.0850003458690725,0.00628061240675328,0.0136805115017764
input,1,1,1,0,0,NaN,NaN,0,0,0,0
error,0.785282175007365,-0.998019917352218,-0.0168745736959677,0.228841835110186,0.0523685854965977,10.0533022824953,-1.05898809793156,0,0.0523350588733604,-0.0126788584893114,0.0275355766064826
