signalsNamesOrdered,maxSignals,minSignals,meanSignals,standardDeviationSignals,varianceSignals,kurtosisSignals,skewnessSignals,firstMomentSignals,secondMomentSignals,thirdMomentSignals,fourthMomentSignals
compassSystem,1.81049200479431,0,0.988184819031888,0.219049388591245,0.0479826346421982,10.6349977020158,-0.983142950459565,0,0.0479099336806191,-0.0103099135580647,0.0244111668863619
compassFilter,1.80739066876723,0,0.987260057140398,0.220711749330393,0.0487136762924823,10.6866154683576,-1.03599960449858,0,0.0486398676920391,-0.011113431244387,0.0252827873847988
fullSystem,1.81197947292782,0.0609074872926121,0.995239270111259,0.201315822593799,0.0405280604266178,9.99737141846537,-0.410306954045733,0,0.0404666542744563,-0.00334006428932421,0.0163711966477073
gyroFilter,1,-0.00871436554531058,0.00797921297085841,0.0768004477576451,0.00589830877577477,143.696541304271,11.7549438388288,0,0.00588937194429632,0.0053128069241599,0.00498407169895029
gyroSystem,2.00387408140234,1,1.48449256117762,0.285695163628141,0.0816217265205104,1.91082525197872,0.192125192333915,0,0.0814980572379036,0.00446997608303133,0.0126915739357115
input,1,1,1,0,0,NaN,NaN,0,0,0,0
error,0.811979472927823,-0.939092512707388,-0.00476072988874094,0.201315822593799,0.0405280604266178,9.99737141846537,-0.41030695404574,0,0.0404666542744562,-0.00334006428932427,0.0163711966477073
