signalsNamesOrdered,maxSignals,minSignals,meanSignals,standardDeviationSignals,varianceSignals,kurtosisSignals,skewnessSignals,firstMomentSignals,secondMomentSignals,thirdMomentSignals,fourthMomentSignals
compassSystem,1.78701895827106,0,0.977228623677579,0.243094035033005,0.0590947098686279,10.1579368496537,-1.33726321123242,0,0.0590558573309102,-0.0191916080350746,0.0354267625051453
compassFilter,1.78692020615546,0,0.977143557038359,0.243239007030731,0.0591652145412962,10.1544123351668,-1.34021029524012,0,0.0591263156494215,-0.0192683344564932,0.0354990253791529
fullSystem,1.78723538761385,0.00145888337069574,0.982774890880653,0.228357416507077,0.0521471096737867,10.1757841617437,-1.04491622195698,0,0.0521128249205495,-0.0124307804304746,0.0276348504377359
gyroFilter,1,-0.000597613121873897,0.0056313338422914,0.062381622984184,0.00389146688614088,182.867638651466,13.0327539897934,0,0.00388890839377655,0.00316065990488934,0.00276561857340387
gyroSystem,2.00387408140234,1,1.45614966568708,0.292793477931018,0.0857280207189416,1.89399539831842,0.263369394956014,0,0.0856716577861876,0.00660421285494173,0.0139012310285432
input,1,1,1,0,0,NaN,NaN,0,0,0,0
error,0.787235387613849,-0.998541116629304,-0.017225109119348,0.228357416507077,0.0521471096737867,10.1757841617437,-1.04491622195696,0,0.0521128249205495,-0.0124307804304744,0.0276348504377359
