signalsNamesOrdered,maxSignals,minSignals,meanSignals,standardDeviationSignals,varianceSignals,kurtosisSignals,skewnessSignals,firstMomentSignals,secondMomentSignals,thirdMomentSignals,fourthMomentSignals
compassSystem,1.79376311386875,0,0.978464873788023,0.247526285235002,0.0612692618822397,9.72892699900363,-1.24641171963794,0,0.061228873443293,-0.0188840841573159,0.0364735035428521
compassFilter,1.79374953461449,0,0.978423149776238,0.247598301375155,0.0613049188438623,9.72757822333897,-1.24778558751644,0,0.0612645068999969,-0.0189214048676301,0.0365109065587164
fullSystem,1.79390462863153,0.000412503642901881,0.983097982171031,0.235788214760462,0.0555960822199258,9.79820418713285,-1.03024565920442,0,0.0555594335170781,-0.0134920364841891,0.0302455929907173
gyroFilter,1,-0.000314844246578572,0.00467483239479353,0.0582613263017867,0.00339438214244327,217.157102510551,14.3138259899872,0,0.00339214458005537,0.00282792094825028,0.00249874965567805
gyroSystem,2.00387408140234,1,1.45108526682,0.289375330476624,0.0837380818884553,1.91716663281598,0.264971932199129,0,0.0836828820981531,0.00641438194478672,0.0134255819581467
input,1,1,1,0,0,NaN,NaN,0,0,0,0
error,0.793904628631532,-0.999587496357098,-0.0169020178289694,0.235788214760462,0.0555960822199258,9.79820418713286,-1.03024565920442,0,0.0555594335170781,-0.0134920364841891,0.0302455929907173
