signalsNamesOrdered,maxSignals,minSignals,meanSignals,standardDeviationSignals,varianceSignals,kurtosisSignals,skewnessSignals,firstMomentSignals,secondMomentSignals,thirdMomentSignals,fourthMomentSignals
compassSystem,1.80651381719495,0,0.987588514554919,0.220809921734414,0.0487570215363581,10.6677184456362,-1.06368202057397,0,0.0486366338288609,-0.0114092496369868,0.0252347242752782
compassFilter,1.02415974593341,0,0.933361313621626,0.19497562920357,0.038015495983328,16.1522092918175,-3.64949913349018,0,0.037921630561147,-0.0269503102601537,0.0232276856125607
fullSystem,1.17852774118114,0.866988786626745,1.04971368789226,0.0435382297530665,0.0018955774500308,5.15393320890726,-0.75330938357738,0,0.00189089701188258,-6.19405689994318e-05,1.84278444292175e-05
gyroFilter,1,-0.0291125964582386,0.116352374270636,0.179456944118679,0.0322047947924145,14.7259362741371,3.42032869545841,0,0.0321252767805814,0.0196941917081794,0.0151976582023603
gyroSystem,2.00387408140234,1,1.48766491326615,0.285499739845961,0.0815101014521113,1.9025065174426,0.171983733522379,0,0.081308841942353,0.0039874388507237,0.0125777136853033
input,1,1,1,0,0,NaN,NaN,0,0,0,0
error,0.178527741181135,-0.133011213373255,0.0497136878922623,0.0435382297530665,0.0018955774500308,5.15393320890727,-0.753309383577388,0,0.00189089701188258,-6.19405689994325e-05,1.84278444292175e-05
