signalsNamesOrdered,maxSignals,minSignals,meanSignals,standardDeviationSignals,varianceSignals,kurtosisSignals,skewnessSignals,firstMomentSignals,secondMomentSignals,thirdMomentSignals,fourthMomentSignals
compassSystem,1.79161766151191,0,0.977870534419802,0.245782625355381,0.0604090989265837,9.92962498269665,-1.28172247429935,0,0.0603691722253764,-0.0190115195662544,0.03618789223799
compassFilter,1.79160302731172,0,0.977828102138204,0.245863948334706,0.0604490810907312,9.92730424453477,-1.28293464065533,0,0.060409127963771,-0.0190483947014055,0.0362273415015595
fullSystem,1.79175929587362,0.000417598195279564,0.982519165830308,0.233935885241296,0.0547259984036288,10.0156256766333,-1.06320611130041,0,0.0546898278825424,-0.0135980708340794,0.0299565087819193
gyroFilter,1,-0.000316501002184388,0.00469106369210155,0.0583583879593699,0.00340570144521633,216.46494992133,14.2906282079635,0,0.00340345048590026,0.00283746475493355,0.00250741638124215
gyroSystem,2.00387408140235,1,1.45633713858003,0.294223851630454,0.0865676748682594,1.87944485535377,0.264515476359272,0,0.0865104589562513,0.00673060356227961,0.0140658771410155
input,1,1,1,0,0,NaN,NaN,0,0,0,0
error,0.791759295873615,-0.99958240180472,-0.0174808341696932,0.233935885241296,0.0547259984036288,10.0156256766332,-1.0632061113004,0,0.0546898278825425,-0.0135980708340793,0.0299565087819193
