signalsNamesOrdered,maxSignals,minSignals,meanSignals,standardDeviationSignals,varianceSignals,kurtosisSignals,skewnessSignals,firstMomentSignals,secondMomentSignals,thirdMomentSignals,fourthMomentSignals
compassSystem,1.80651381719495,0,0.987588514554919,0.220809921734414,0.0487570215363581,10.6677184456362,-1.06368202057397,0,0.0486366338288609,-0.0114092496369868,0.0252347242752782
compassFilter,0.983060635312457,0,0.749565753661765,0.267127289695569,0.0713569889001006,3.69248993383787,-1.30922979209876,0,0.071180798804051,-0.0248633798787049,0.0187087613398432
fullSystem,1.31392764488536,0.986117437764659,1.18075183163887,0.0716341110769537,0.00513144586978535,2.75206959788019,-0.433761739976692,0,0.00511877563306983,-0.000158854815030799,7.21093532718545e-05
gyroFilter,1.00343300883655,0.206091265750204,0.431186077977101,0.208454728656538,0.043453373899271,3.64286219079405,1.26610166211472,0,0.0433460816180382,0.0114259770005574,0.00684451108259029
gyroSystem,2.00387408140234,1,1.48766491326615,0.285499739845961,0.0815101014521113,1.9025065174426,0.171983733522379,0,0.081308841942353,0.0039874388507237,0.0125777136853033
input,1,1,1,0,0,NaN,NaN,0,0,0,0
error,0.313927644885358,-0.0138825622353407,0.180751831638866,0.0716341110769537,0.00513144586978535,2.7520695978802,-0.433761739976706,0,0.00511877563306983,-0.000158854815030804,7.21093532718547e-05
