signalsNamesOrdered,maxSignals,minSignals,meanSignals,standardDeviationSignals,varianceSignals,kurtosisSignals,skewnessSignals,firstMomentSignals,secondMomentSignals,thirdMomentSignals,fourthMomentSignals
compassSystem,1.79192713409313,0,0.976917643959914,0.246291406837633,0.0606594570820607,9.65648258345654,-1.33318881763073,0,0.0606199137593214,-0.0198982385708751,0.0354853905901871
compassFilter,1.79183120395766,0,0.976857871709143,0.246394895839027,0.0607104446955251,9.65601454139299,-1.33509563738627,0,0.0606708681344459,-0.0199518279309077,0.035543347669451
fullSystem,1.79206739306599,0.000994992592038042,0.982066340521494,0.232882074372507,0.0542340605640419,9.63829775456292,-1.08409076160379,0,0.0541987058961384,-0.013678832103468,0.028312496963171
gyroFilter,1,-0.000453629830529323,0.00520846881234877,0.0602465290078217,0.0036296442574903,198.291092939694,13.593899469318,0,0.00362727812694435,0.00296971887595193,0.00260894498130612
gyroSystem,2.00387408140233,1,1.45219983745344,0.292334338306533,0.0854593653531188,1.90024623495812,0.277674736497337,0,0.0854036552062132,0.0069302843835767,0.0138599861975825
input,1,1,1,0,0,NaN,NaN,0,0,0,0
error,0.792067393065993,-0.999005007407962,-0.0179336594785076,0.232882074372507,0.0542340605640419,9.63829775456288,-1.08409076160377,0,0.0541987058961384,-0.0136788321034678,0.0283124969631709
