signalsNamesOrdered,maxSignals,minSignals,meanSignals,standardDeviationSignals,varianceSignals,kurtosisSignals,skewnessSignals,firstMomentSignals,secondMomentSignals,thirdMomentSignals,fourthMomentSignals
compassSystem,1.78907849310714,0,0.980851997698603,0.241983214182305,0.0585558759459993,10.0498830447573,-1.2850268041878,0,0.0585189321756864,-0.0181910084565191,0.0344154769917902
compassFilter,1.78883073185995,0,0.980674147033783,0.242221955190544,0.0586714755763299,10.0466369256185,-1.29080226773872,0,0.0586344588724962,-0.0183269038733395,0.0345403354121273
fullSystem,1.78938232208198,0.003150210737638,0.98633288602002,0.227445128597534,0.0517312865227488,10.0242095596021,-0.986712423509527,0,0.0516986484870877,-0.0115987017513926,0.0267922086605241
gyroFilter,1,-0.00101530784821469,0.00565873898623691,0.0631031929101087,0.0039820129554504,181.61157925784,13.0335685702988,0,0.00397950064443749,0.00327194662300823,0.00287607822289337
gyroSystem,2.00387408140234,1,1.45995476320093,0.292066921106509,0.085303086404636,1.88088480155119,0.237755394155445,0,0.0852492674226773,0.00591788283265665,0.0136692129207321
input,1,1,1,0,0,NaN,NaN,0,0,0,0
error,0.789382322081977,-0.996849789262362,-0.0136671139799799,0.227445128597534,0.0517312865227488,10.0242095596021,-0.98671242350953,0,0.0516986484870878,-0.0115987017513926,0.0267922086605242
