signalsNamesOrdered,maxSignals,minSignals,meanSignals,standardDeviationSignals,varianceSignals,kurtosisSignals,skewnessSignals,firstMomentSignals,secondMomentSignals,thirdMomentSignals,fourthMomentSignals
compassSystem,1.7887899643407,0,0.980185680704269,0.236106931076882,0.0557464829025434,10.3523242957818,-1.27091016238712,0,0.0557114001568526,-0.016712097570749,0.0321311311684979
compassFilter,1.78866048571479,0,0.979996524814243,0.236390177754274,0.0558803161386973,10.3507341243643,-1.27803436512167,0,0.0558451491681884,-0.0168663347152821,0.0322806345956138
fullSystem,1.78931944275784,0.00395725243153309,0.985290381474688,0.222715495836813,0.0496021920858376,10.3433157113872,-0.98487203703411,0,0.0495709761059221,-0.0108697864766162,0.0254164401262727
gyroFilter,1,-0.00121152627680932,0.00529385666044601,0.062461205189925,0.00390140215377791,194.082824016439,13.5710962099248,0,0.0038989468975452,0.00330396858870001,0.00295040573356513
gyroSystem,2.00387408140234,1,1.4563215240385,0.287236646446784,0.0825048910619947,1.91268339741866,0.258100273458998,0,0.0824529685377266,0.0061107977324642,0.0130033628154443
input,1,1,1,0,0,NaN,NaN,0,0,0,0
error,0.789319442757841,-0.996042747568467,-0.0147096185253125,0.222715495836813,0.0496021920858376,10.3433157113872,-0.984872037034109,0,0.049570976105922,-0.0108697864766162,0.0254164401262727
