signalsNamesOrdered,maxSignals,minSignals,meanSignals,standardDeviationSignals,varianceSignals,kurtosisSignals,skewnessSignals,firstMomentSignals,secondMomentSignals,thirdMomentSignals,fourthMomentSignals
compassSystem,1.78627108411618,0,0.975325179053303,0.240861890007292,0.058014450057885,10.1344488083329,-1.44215801250753,0,0.0579773801217458,-0.0201326399668802,0.0340656991368193
compassFilter,1.78614798631677,0,0.975245716427343,0.241032915756003,0.0580968664778406,10.1299790032557,-1.44477546748675,0,0.0580597438794522,-0.0202121741810099,0.0341474892165548
fullSystem,1.78649264060147,0.00164488362386738,0.980795069640438,0.226316122767526,0.0512189874245261,10.1188080620065,-1.16756457175322,0,0.0511862596370344,-0.013521068135495,0.0265116128202882
gyroFilter,1,-0.000638742598676023,0.00554935321309641,0.061933562294021,0.00383576613842738,185.552947131129,13.1309040531162,0,0.00383331516964883,0.00311642313465681,0.00272657163402274
gyroSystem,2.00387408140235,1,1.4584118952444,0.293094884552388,0.0859046113507777,1.8913835342807,0.265591592426772,0,0.0858497202253139,0.00668071044742622,0.0139398266236492
input,1,1,1,0,0,NaN,NaN,0,0,0,0
error,0.786492640601468,-0.998355116376133,-0.019204930359562,0.226316122767526,0.0512189874245261,10.1188080620065,-1.16756457175322,0,0.0511862596370344,-0.013521068135495,0.0265116128202882
