signalsNamesOrdered,maxSignals,minSignals,meanSignals,standardDeviationSignals,varianceSignals,kurtosisSignals,skewnessSignals,firstMomentSignals,secondMomentSignals,thirdMomentSignals,fourthMomentSignals
compassSystem,1.79100722319674,0,0.978389560296755,0.244074199692385,0.059572214955478,10.0575213145985,-1.31173286382716,0,0.0595336069094926,-0.0190541110811238,0.0356463734560333
compassFilter,1.7909691144682,0,0.978319324051702,0.244152498280628,0.0596104424166723,10.0567086552237,-1.31456806715876,0,0.0595718095959227,-0.0191136780947654,0.0356892526892578
fullSystem,1.79118117450659,0.00068320381970992,0.98304973087013,0.232005176681154,0.0538264020068534,10.1255630623271,-1.08713834948228,0,0.0537915177540945,-0.0135629922455291,0.0292985939819381
gyroFilter,1,-0.000411249515001044,0.00473040681843099,0.058417082906664,0.00341255557532405,217.601512777958,14.3129821712868,0,0.00341034393852864,0.00285054171598086,0.00253080259580526
gyroSystem,2.00387408140233,1,1.46118818871713,0.294887718936769,0.0869587667797308,1.88180408934539,0.254314400300125,0,0.0869024098343129,0.00651506393524833,0.0142114387445778
input,1,1,1,0,0,NaN,NaN,0,0,0,0
error,0.791181174506592,-0.99931679618029,-0.0169502691298692,0.232005176681154,0.0538264020068533,10.1255630623271,-1.08713834948229,0,0.0537915177540945,-0.0135629922455293,0.0292985939819382
