signalsNamesOrdered,maxSignals,minSignals,meanSignals,standardDeviationSignals,varianceSignals,kurtosisSignals,skewnessSignals,firstMomentSignals,secondMomentSignals,thirdMomentSignals,fourthMomentSignals
compassSystem,1.78753546597243,0,0.97526355502868,0.243310220378797,0.0591998633407785,9.92725619860406,-1.41394693983435,0,0.0591612966545631,-0.0203464965110966,0.0347459826201327
compassFilter,1.78740606464788,0,0.975146477099219,0.243487073042609,0.0592859547388569,9.92201773051793,-1.41673237797364,0,0.05924733196704,-0.0204310655071935,0.0348287264756856
fullSystem,1.78776895502355,0.00176096279835639,0.980834442893137,0.228555303745291,0.0522375268701022,9.91316101355364,-1.14000653949243,0,0.0522034959079718,-0.0135974266155179,0.0270153958113792
gyroFilter,1,-0.000670301320763622,0.00568796579392071,0.0627753818882488,0.00394074857121548,180.661075245125,12.9580999863283,0,0.00393818130830263,0.00320246864671443,0.00280192175887195
gyroSystem,2.00387408140235,1,1.45834242388987,0.294560273323245,0.0867657546202648,1.87929285216915,0.263123351436126,0,0.0867092296986881,0.00671826892676724,0.014129445483828
input,1,1,1,0,0,NaN,NaN,0,0,0,0
error,0.787768955023553,-0.998239037201644,-0.0191655571068623,0.228555303745291,0.0522375268701022,9.91316101355366,-1.14000653949244,0,0.0522034959079718,-0.013597426615518,0.0270153958113792
