signalsNamesOrdered,maxSignals,minSignals,meanSignals,standardDeviationSignals,varianceSignals,kurtosisSignals,skewnessSignals,firstMomentSignals,secondMomentSignals,thirdMomentSignals,fourthMomentSignals
compassSystem,1.78858922724176,0,0.972141405289387,0.247504673458735,0.061258563383915,9.59973890721163,-1.3382252894151,0,0.0612189138283268,-0.0202701826780875,0.0359774734271627
compassFilter,1.78866594604005,0,0.972071682002672,0.247617024604931,0.061314190874199,9.59737669873347,-1.33946415463049,0,0.0612745053137627,-0.0203165900096605,0.0360339746587612
fullSystem,1.78889521067906,0.000785446693427657,0.977297683731387,0.234139035614301,0.0548210879983948,9.60193780745945,-1.09520747377061,0,0.0547856050935415,-0.0140441704852973,0.0288198565009397
gyroFilter,1,-0.00044691175917988,0.00522600172871549,0.0599545422639352,0.003594547138078,198.963975929598,13.5887613645309,0,0.00359222057035109,0.00292566344332544,0.00256744082022847
gyroSystem,2.00387408140234,1,1.45159788198472,0.293934364418372,0.086397410586032,1.8893719631905,0.278695896533863,0,0.0863414899319311,0.00707065882898426,0.0140849900281079
input,1,1,1,0,0,NaN,NaN,0,0,0,0
error,0.78889521067906,-0.999214553306572,-0.0227023162686133,0.234139035614301,0.0548210879983948,9.60193780745945,-1.09520747377061,0,0.0547856050935415,-0.0140441704852972,0.0288198565009397
