signalsNamesOrdered,maxSignals,minSignals,meanSignals,standardDeviationSignals,varianceSignals,kurtosisSignals,skewnessSignals,firstMomentSignals,secondMomentSignals,thirdMomentSignals,fourthMomentSignals
compassSystem,1.79148896149801,0,0.979496663784951,0.244751907415883,0.0599034961837127,9.92776586084741,-1.31566060234347,0,0.0598644965117181,-0.0192707168935014,0.0355787097561
compassFilter,1.79141631743061,0,0.979436839184183,0.244846370540339,0.059949745166777,9.92539139692016,-1.31804369316974,0,0.0599107153847673,-0.0193279843622185,0.0356251459813483
fullSystem,1.79162783648304,0.000679984735048518,0.984189606222114,0.232659416399116,0.0541304040391771,9.97255535002848,-1.09197983315304,0,0.0540951628907141,-0.013738909637645,0.0291825555689534
gyroFilter,1,-0.000401263744997493,0.00475276703793017,0.0585455112367729,0.0034275768859751,216.617402464323,14.2805907234705,0,0.00342534539060662,0.00286287724733345,0.00254157004329425
gyroSystem,2.00387408140234,1,1.45275861019365,0.289826973564296,0.0839996746054392,1.91659050984075,0.2674049959008,0,0.0839449873172846,0.00650371749924173,0.0135057550578137
input,1,1,1,0,0,NaN,NaN,0,0,0,0
error,0.791627836483041,-0.999320015264952,-0.015810393777885,0.232659416399116,0.0541304040391771,9.97255535002849,-1.09197983315305,0,0.0540951628907141,-0.0137389096376452,0.0291825555689535
