signalsNamesOrdered,maxSignals,minSignals,meanSignals,standardDeviationSignals,varianceSignals,kurtosisSignals,skewnessSignals,firstMomentSignals,secondMomentSignals,thirdMomentSignals,fourthMomentSignals
compassSystem,1.79083335063619,0,0.976426265823601,0.247433483806863,0.0612233289088013,9.63273772223752,-1.25827538914567,0,0.0611834959036556,-0.0190426389996105,0.0360593846913057
compassFilter,1.79082568043683,0,0.976351235884702,0.247544685129303,0.0612783711357657,9.63173042564895,-1.26080340932734,0,0.0612385023191516,-0.0191066353753503,0.036120473984356
fullSystem,1.79109408493922,0.00118753192649487,0.981615952367665,0.233957658596548,0.054736186015979,9.6261502663611,-0.998913426526532,0,0.0547005736633336,-0.0127795532518097,0.0288029120789823
gyroFilter,1,-0.000507346922578256,0.00526471648296319,0.0605015762678582,0.00366044073089546,196.489617166686,13.5243938665589,0,0.00365805918194888,0.0029922226168478,0.00262930556948852
gyroSystem,2.00387408140234,1,1.45644284310635,0.295262115403658,0.0871797167926432,1.8763109010371,0.265299136322666,0,0.0871229960920624,0.00682236639115829,0.0142419811249016
input,1,1,1,0,0,NaN,NaN,0,0,0,0
error,0.791094084939224,-0.998812468073505,-0.0183840476323352,0.233957658596548,0.054736186015979,9.6261502663611,-0.998913426526528,0,0.0547005736633336,-0.0127795532518096,0.0288029120789823
