signalsNamesOrdered,maxSignals,minSignals,meanSignals,standardDeviationSignals,varianceSignals,kurtosisSignals,skewnessSignals,firstMomentSignals,secondMomentSignals,thirdMomentSignals,fourthMomentSignals
compassSystem,1.80651387433564,0,0.982996707238221,0.229785582972324,0.0528014141419308,10.3105163139902,-1.21185037244673,0,0.0526716809376509,-0.0146492290091086,0.0286045269925311
compassFilter,1.78398956164807,0,0.980592118217388,0.231211356253501,0.0534586912605835,10.4689271114069,-1.36954421578014,0,0.0533273431248081,-0.0168655682427313,0.0297715927576346
fullSystem,1.79102280163694,0.174340055460708,0.99678427255017,0.193138506495496,0.0373024826913107,9.12965553568597,-0.233415017608411,0,0.0372108303996859,-0.00167545526798642,0.0126413400970823
gyroFilter,1,-0.0173361788393367,0.0161921543327819,0.106194902524542,0.011277357322197,72.4567635431124,8.26979044959492,0,0.0112496488275479,0.00986740498923766,0.0091697366364259
gyroSystem,2.00387408140234,1,1.48534454013133,0.286708231875894,0.0822016102254015,1.90289694744081,0.171253005789009,0,0.0819996406671081,0.00402120419305981,0.0127949669359897
input,1,1,1,0,0,NaN,NaN,0,0,0,0
error,0.791022801636944,-0.825659944539292,-0.0032157274498309,0.193138506495496,0.0373024826913107,9.12965553568596,-0.2334150176084,0,0.0372108303996859,-0.00167545526798634,0.0126413400970823
