signalsNamesOrdered,maxSignals,minSignals,meanSignals,standardDeviationSignals,varianceSignals,kurtosisSignals,skewnessSignals,firstMomentSignals,secondMomentSignals,thirdMomentSignals,fourthMomentSignals
compassSystem,1.81009661969016,0,0.994206031389635,0.205789631973815,0.042349372627918,10.8046690322434,-0.672826295954471,0,0.0423224499498329,-0.00585813204537533,0.019353212636155
compassFilter,1.81036478054745,0,0.993979618456384,0.206310771639313,0.0425641344944087,10.8157947549925,-0.690710079161241,0,0.0425370752862114,-0.00605964570089494,0.0195701290316685
fullSystem,1.8115695319614,0.0104394194029151,0.996604799675456,0.199287512783123,0.0397155127512834,10.3804899111885,-0.414095670122229,0,0.0396902644914288,-0.00327436190508973,0.016352563215718
gyroFilter,1,-0.00313620583531482,0.00262518121907041,0.0440189820760439,0.00193767078301107,431.409400708177,20.3690587184908,0,0.00193643895161692,0.00173570803938677,0.0016176971646107
gyroSystem,2.00387408140235,1,1.48853071392432,0.281579599775229,0.0792870710095783,1.91812348578358,0.187941064338082,0,0.0792366660057578,0.00419190056731351,0.012042840940984
input,1,1,1,0,0,NaN,NaN,0,0,0,0
error,0.811569531961405,-0.989560580597085,-0.00339520032454533,0.199287512783123,0.0397155127512834,10.3804899111885,-0.414095670122205,0,0.0396902644914288,-0.00327436190508954,0.016352563215718
