signalsNamesOrdered,maxSignals,minSignals,meanSignals,standardDeviationSignals,varianceSignals,kurtosisSignals,skewnessSignals,firstMomentSignals,secondMomentSignals,thirdMomentSignals,fourthMomentSignals
compassSystem,1.78852714737064,0,0.981536994967881,0.244462413868044,0.0597618717941908,10.0424633810061,-1.34431377741945,0,0.0597225288897838,-0.0196204034480972,0.0358192621274209
compassFilter,1.78843844055249,0,0.981496415254374,0.244566210723594,0.0598126314276975,10.0392397238366,-1.34498265232722,0,0.0597732551068102,-0.019655180818105,0.0358686175950528
fullSystem,1.78861268401385,0.000497088153023061,0.986220044078591,0.232409300479799,0.0540140829495093,10.1097329541286,-1.1230990695602,0,0.053978523974559,-0.0140847640026833,0.0294565373337773
gyroFilter,1,-0.000348845365633066,0.00472362882421717,0.0585144905136675,0.00342394560007408,215.847711085467,14.2660510997082,0,0.00342169152133803,0.00285538751174806,0.00252713914483512
gyroSystem,2.00387408140234,1,1.45701751786332,0.290533809047592,0.0844098941997028,1.9061015791975,0.255109577135011,0,0.0843543248157662,0.00625011190605696,0.0135631557336574
input,1,1,1,0,0,NaN,NaN,0,0,0,0
error,0.788612684013853,-0.999502911846977,-0.0137799559214078,0.232409300479799,0.0540140829495093,10.1097329541287,-1.12309906956021,0,0.053978523974559,-0.0140847640026835,0.0294565373337774
