signalsNamesOrdered,maxSignals,minSignals,meanSignals,standardDeviationSignals,varianceSignals,kurtosisSignals,skewnessSignals,firstMomentSignals,secondMomentSignals,thirdMomentSignals,fourthMomentSignals
compassSystem,1.79316081383536,0,0.977475450406356,0.249746696862657,0.0623734125938079,9.44692311895713,-1.19418271323709,0,0.0623326456574721,-0.0185842107122448,0.0367046850669629
compassFilter,1.79301725423955,0,0.977426717392736,0.249832446323274,0.0624162512358716,9.44678142345265,-1.19575953475392,0,0.0623754563004234,-0.0186279239425564,0.0367545693271999
fullSystem,1.7932175581735,0.000621724286667127,0.982176683942258,0.237950394966316,0.0566203904646258,9.48444907431059,-0.974693284200257,0,0.0565833836734725,-0.0131190185342555,0.0303661643484251
gyroFilter,1,-0.000380257101298742,0.00474996654952505,0.0585801535333835,0.00343163438799478,216.059885182996,14.2657383492926,0,0.00342939148970198,0.00286496851082472,0.00254102110699037
gyroSystem,2.00387408140234,1,1.45197593949194,0.291075446045956,0.0847249152908522,1.92771822360113,0.277427375336227,0,0.0846695395292242,0.00683502504087877,0.0138196787861077
input,1,1,1,0,0,NaN,NaN,0,0,0,0
error,0.793217558173498,-0.999378275713333,-0.0178233160577402,0.237950394966316,0.0566203904646258,9.48444907431063,-0.974693284200276,0,0.0565833836734725,-0.0131190185342557,0.0303661643484253
