signalsNamesOrdered,maxSignals,minSignals,meanSignals,standardDeviationSignals,varianceSignals,kurtosisSignals,skewnessSignals,firstMomentSignals,secondMomentSignals,thirdMomentSignals,fourthMomentSignals
compassSystem,1.79016482813333,0,0.975234150064052,0.248520807876528,0.061762591947602,9.48793015056497,-1.27444773334471,0,0.0617217976332377,-0.0195424891126404,0.0361450318185755
compassFilter,1.79004963517328,0,0.97518326509236,0.248603563691111,0.0618037318799202,9.4881826741185,-1.27628060394194,0,0.0617629103925491,-0.0195901516585483,0.0361941634054227
fullSystem,1.79025350490343,0.000640235651098336,0.979993122185089,0.236556134607689,0.0559588048205309,9.5291327571356,-1.06182437020816,0,0.0559218439190643,-0.0140418688767921,0.0298000054507208
gyroFilter,1,-0.000393056686762483,0.00480985709272798,0.0589152614122164,0.00347100802726979,213.66766807358,14.1849250710271,0,0.00346871541958996,0.00289787769710661,0.00257084653238356
gyroSystem,2.00387408140233,1,1.4520658297493,0.290626691741427,0.0844638739525663,1.91241730611718,0.270824157683489,0,0.0844080853964549,0.00664145868269499,0.0136254471624003
input,1,1,1,0,0,NaN,NaN,0,0,0,0
error,0.790253504903433,-0.999359764348902,-0.0200068778149109,0.236556134607689,0.0559588048205309,9.52913275713561,-1.06182437020816,0,0.0559218439190643,-0.0140418688767921,0.0298000054507208
