signalsNamesOrdered,maxSignals,minSignals,meanSignals,standardDeviationSignals,varianceSignals,kurtosisSignals,skewnessSignals,firstMomentSignals,secondMomentSignals,thirdMomentSignals,fourthMomentSignals
compassSystem,1.79087042666353,0,0.982450957270127,0.240627660745681,0.0579016711159384,9.88130883423011,-1.22173443467031,0,0.0578655953083895,-0.0170062066774938,0.0330868424855279
compassFilter,1.79035181148755,0,0.982270665666072,0.240961227374705,0.0580623130979244,9.88311563838999,-1.22990770871179,0,0.0580261372019132,-0.0171912721034787,0.033276772529948
fullSystem,1.79114165113354,0.00528487303259825,0.988082303622088,0.226005965222552,0.0510786963161775,9.79738816409211,-0.90811283849762,0,0.0510468715832702,-0.0104735404108085,0.0255298684868364
gyroFilter,1,-0.0014551511666987,0.0058116379560197,0.0647074096485748,0.00418704886342847,177.134306557823,12.9267342198984,0,0.00418444011024253,0.00349900734543262,0.00310154005532557
gyroSystem,2.00387408140234,1,1.45329414420644,0.287111524870124,0.082433027713248,1.94339534305663,0.281922504307954,0,0.0823816675713706,0.00666615814768402,0.0131893172622256
input,1,1,1,0,0,NaN,NaN,0,0,0,0
error,0.791141651133539,-0.994715126967402,-0.0119176963779102,0.226005965222552,0.0510786963161775,9.79738816409214,-0.908112838497638,0,0.0510468715832702,-0.0104735404108087,0.0255298684868364
