signalsNamesOrdered,maxSignals,minSignals,meanSignals,standardDeviationSignals,varianceSignals,kurtosisSignals,skewnessSignals,firstMomentSignals,secondMomentSignals,thirdMomentSignals,fourthMomentSignals
compassSystem,1.79349729360457,0,0.976508510290274,0.246640809759468,0.0608316890388061,9.73657831562571,-1.30640103608888,0,0.0607918255466443,-0.0195814250196029,0.0359829472247266
compassFilter,1.79338249209043,0,0.97643479546695,0.246767786670736,0.060894340538374,9.73335534890337,-1.3084268097497,0,0.0608544359901837,-0.0196420945276527,0.0360451686916837
fullSystem,1.79364213858844,0.00112976208988596,0.981721864055236,0.233072740994476,0.0543229025946781,9.74033320664443,-1.05001184769226,0,0.0542873043623094,-0.0132813314566482,0.0287058471784847
gyroFilter,1,-0.000497328486219972,0.00528706858828771,0.060649380493443,0.00367834735423843,195.534389180635,13.4934046947212,0,0.0036759369038097,0.00300727828492034,0.00264216080383461
gyroSystem,2.00387408140234,1,1.45974230744473,0.292925948501618,0.0858056113055724,1.87514342436872,0.244829442232837,0,0.0857493822024888,0.00614766427852025,0.0137878481208546
input,1,1,1,0,0,NaN,NaN,0,0,0,0
error,0.793642138588442,-0.998870237910114,-0.0182781359447637,0.233072740994476,0.0543229025946781,9.74033320664442,-1.05001184769225,0,0.0542873043623094,-0.0132813314566482,0.0287058471784847
