signalsNamesOrdered,maxSignals,minSignals,meanSignals,standardDeviationSignals,varianceSignals,kurtosisSignals,skewnessSignals,firstMomentSignals,secondMomentSignals,thirdMomentSignals,fourthMomentSignals
compassSystem,1.78779037620378,0,0.973370401871661,0.246644833909402,0.0608336740941967,9.8002117045209,-1.39601882011301,0,0.0607938614802607,-0.020925742053583,0.0362205396554576
compassFilter,1.78768823287474,0,0.973297383265862,0.246765465267604,0.0608931948487373,9.79582719606935,-1.39705849350895,0,0.0608533432814279,-0.0209720678944685,0.0362752155746994
fullSystem,1.78790889606549,0.000736156799590026,0.978564923401342,0.233093308029332,0.0543324902480571,9.82951625792282,-1.15526085116648,0,0.0542969323355911,-0.0146164867352111,0.0289789557966543
gyroFilter,1,-0.000427639741857444,0.00526754013548132,0.0602108905552529,0.00362535134145664,197.146419216852,13.5282468638338,0,0.00362297872932218,0.00295012349334144,0.00258773894496617
gyroSystem,2.00387408140233,1,1.45822663125037,0.293664176931684,0.0862386488129634,1.87857974495716,0.252970640406021,0,0.0861822099066722,0.00640024441742999,0.0139529130478771
input,1,1,1,0,0,NaN,NaN,0,0,0,0
error,0.787908896065493,-0.99926384320041,-0.0214350765986579,0.233093308029332,0.0543324902480571,9.82951625792283,-1.15526085116648,0,0.0542969323355911,-0.0146164867352111,0.0289789557966543
