signalsNamesOrdered,maxSignals,minSignals,meanSignals,standardDeviationSignals,varianceSignals,kurtosisSignals,skewnessSignals,firstMomentSignals,secondMomentSignals,thirdMomentSignals,fourthMomentSignals
compassSystem,1.78415322168038,0,0.9754945877486,0.241082925870941,0.0581209771464938,9.95200946678349,-1.39613579099534,0,0.0580827899078955,-0.0195433434323116,0.0335742034688801
compassFilter,1.78384908543682,0,0.975363482741504,0.241287087530081,0.0582194586087491,9.94589507383705,-1.39878725187396,0,0.0581812066648537,-0.0196302464434092,0.0336673800574967
fullSystem,1.78423484013953,0.00178521587274812,0.980465548389421,0.228308802299137,0.0521249092072666,9.97963959611791,-1.16452363193226,0,0.052090661566526,-0.0138448455715797,0.027079123550698
gyroFilter,1,-0.000720997645962562,0.00510206564791667,0.0611155972579383,0.00373511622819452,201.162588556995,13.7909577509301,0,0.00373266214394472,0.00314501304616778,0.00280275141127803
gyroSystem,2.00387408140234,1,1.45333828831898,0.290511085238586,0.0843966906465011,1.89861743562617,0.271762238679353,0,0.0843412394699922,0.00665654818421278,0.0135057100879523
input,1,1,1,0,0,NaN,NaN,0,0,0,0
error,0.784234840139526,-0.998214784127252,-0.0195344516105795,0.228308802299137,0.0521249092072666,9.97963959611791,-1.16452363193226,0,0.052090661566526,-0.0138448455715797,0.027079123550698
