signalsNamesOrdered,maxSignals,minSignals,meanSignals,standardDeviationSignals,varianceSignals,kurtosisSignals,skewnessSignals,firstMomentSignals,secondMomentSignals,thirdMomentSignals,fourthMomentSignals
compassSystem,1.78537349111605,0,0.98018932855755,0.238292128504402,0.0567831385071584,10.0883207674387,-1.28873797529008,0,0.0567483875044,-0.0174218758478493,0.0324882212309969
compassFilter,1.7847695664727,0,0.979974876203362,0.238699363443814,0.0569773861084819,10.084790347864,-1.29597547670361,0,0.0569425162271426,-0.0176096921982804,0.0326994300192971
fullSystem,1.78562713624608,0.00590421832936011,0.985889471360414,0.223398595675994,0.0499069325500062,10.0133396558919,-0.970522884384482,0,0.049876389751628,-0.0108105625829858,0.0249097269982982
gyroFilter,1,-0.0015822721913481,0.00591459515705174,0.0651281279231178,0.00424167304677,174.035791224486,12.808160114647,0,0.00423907716363244,0.00353503510669127,0.00312738404492416
gyroSystem,2.00387408140233,1,1.45561565460123,0.286991129502846,0.0823639084133193,1.95083076250965,0.276973623469817,0,0.0823135021046208,0.0065410132965729,0.0132178784678941
input,1,1,1,0,0,NaN,NaN,0,0,0,0
error,0.785627136246075,-0.99409578167064,-0.0141105286395864,0.223398595675994,0.0499069325500062,10.0133396558919,-0.970522884384472,0,0.049876389751628,-0.0108105625829857,0.0249097269982982
