signalsNamesOrdered,maxSignals,minSignals,meanSignals,standardDeviationSignals,varianceSignals,kurtosisSignals,skewnessSignals,firstMomentSignals,secondMomentSignals,thirdMomentSignals,fourthMomentSignals
compassSystem,1.78825785290826,0,0.979912165962247,0.244097372887364,0.0595835274505129,10.0360982544551,-1.31712484308784,0,0.0595439633552602,-0.0191374271012326,0.0355828214886761
compassFilter,1.7881865841175,0,0.979843518076433,0.244252744136812,0.059659403018363,10.0332295452914,-1.31889606890434,0,0.0596197885409272,-0.0191997786046956,0.0356633069129178
fullSystem,1.78847401455618,0.00110071162450461,0.984884197978857,0.231362992995783,0.0535288345279665,10.1023572538334,-1.07736534373196,0,0.0534932908131405,-0.0133294421712261,0.0289082201940525
gyroFilter,1,-0.000544558835956277,0.00504067990242255,0.0605046706606042,0.00366081517174818,203.543733697543,13.8546343251586,0,0.00365838435158101,0.00306569583408897,0.00272418375101655
gyroSystem,2.00387408140234,1,1.45482831244822,0.292181804033304,0.085370206608156,1.87634157417323,0.258184815988267,0,0.0853135198839806,0.00643365085050888,0.0136567582746161
input,1,1,1,0,0,NaN,NaN,0,0,0,0
error,0.788474014556177,-0.998899288375495,-0.0151158020211432,0.231362992995783,0.0535288345279665,10.1023572538334,-1.07736534373195,0,0.0534932908131405,-0.013329442171226,0.0289082201940524
