signalsNamesOrdered,maxSignals,minSignals,meanSignals,standardDeviationSignals,varianceSignals,kurtosisSignals,skewnessSignals,firstMomentSignals,secondMomentSignals,thirdMomentSignals,fourthMomentSignals
compassSystem,1.80651381719495,0,0.987588514554919,0.220809921734414,0.0487570215363581,10.6677184456362,-1.06368202057397,0,0.0486366338288609,-0.0114092496369868,0.0252347242752782
compassFilter,1.34409615932606,0,0.971289822984573,0.182100492767065,0.0331605894660079,19.7999014861603,-3.70498277610453,0,0.0330787114673264,-0.0222899487129017,0.021665075022348
fullSystem,1.4381347179817,0.627769401528976,1.01448770089454,0.0984410711621635,0.00969064449155414,8.63575341579466,0.13648360875238,0,0.00966671697429105,0.000129717629051001,0.00080697157957529
gyroFilter,1,-0.0333463765107462,0.0431978779099637,0.135614727279765,0.0183913542551651,37.0389661548624,5.73514771075441,0,0.0183459435039178,0.0142513066633401,0.0124663397735085
gyroSystem,2.00387408140234,1,1.48766491326615,0.285499739845961,0.0815101014521113,1.9025065174426,0.171983733522379,0,0.081308841942353,0.0039874388507237,0.0125777136853033
input,1,1,1,0,0,NaN,NaN,0,0,0,0
error,0.438134717981698,-0.372230598471024,0.0144877008945379,0.0984410711621635,0.00969064449155414,8.63575341579467,0.136483608752399,0,0.00966671697429104,0.000129717629051018,0.00080697157957529
