signalsNamesOrdered,maxSignals,minSignals,meanSignals,standardDeviationSignals,varianceSignals,kurtosisSignals,skewnessSignals,firstMomentSignals,secondMomentSignals,thirdMomentSignals,fourthMomentSignals
compassSystem,1.8105905485224,0,0.992490227406141,0.210392110423142,0.0442648401283036,10.6065867607315,-0.733991932345869,0,0.0442282878243166,-0.00682718194804067,0.0207479839406761
compassFilter,1.80949109164801,0,0.992125495214072,0.211036526003738,0.0445364153077266,10.6170010793334,-0.759407098598554,0,0.0444996387467788,-0.00712868427370677,0.0210239750358359
fullSystem,1.8111927889031,0.0158311352082699,0.995715246084434,0.201558679116604,0.04062590112723,10.1092728884154,-0.408918440240363,0,0.0405923537274553,-0.00334428319996542,0.0166574450310263
gyroFilter,1,-0.00323839740030762,0.00358975087036413,0.0518725012472168,0.00269075638564251,309.966783195573,17.2629425799088,0,0.00268853445633975,0.00240651313339639,0.00224050733381927
gyroSystem,2.00387408140234,1,1.48502716295535,0.282293852605389,0.0796898192187933,1.92179534375734,0.196933309130151,0,0.0796240142483401,0.00442471478691923,0.0121841510484968
input,1,1,1,0,0,NaN,NaN,0,0,0,0
error,0.811192788903105,-0.98416886479173,-0.00428475391556508,0.201558679116604,0.0406259011272301,10.1092728884154,-0.408918440240373,0,0.0405923537274553,-0.00334428319996551,0.0166574450310263
