signalsNamesOrdered,maxSignals,minSignals,meanSignals,standardDeviationSignals,varianceSignals,kurtosisSignals,skewnessSignals,firstMomentSignals,secondMomentSignals,thirdMomentSignals,fourthMomentSignals
compassSystem,1.81058202359427,0,0.991953764715774,0.211371329846459,0.0446778390810605,10.4974342328139,-0.732580741832119,0,0.044640607548493,-0.00690956398050928,0.0209191173247434
compassFilter,1.80943926814074,0,0.99158944696323,0.212065298446367,0.0449716908051466,10.502791470979,-0.758010653827427,0,0.0449342143961424,-0.00722006386918136,0.0212060142590231
fullSystem,1.81116532304974,0.0160989420842496,0.995223518591086,0.202520328685004,0.0410144835306821,10.002973255199,-0.410220959088771,0,0.0409803047944065,-0.00340314631777502,0.0167988470517399
gyroFilter,1,-0.00326985528621671,0.00363407162785423,0.0521784425692214,0.00272258986894954,306.331291803537,17.1614873399068,0,0.00272032104405875,0.00243492263024386,0.00226689646222899
gyroSystem,2.00387408140234,1,1.48465532153493,0.283151681725503,0.0801748748639804,1.91806518320216,0.203080164542608,0,0.0801080624682604,0.00460449333143128,0.0123088029079713
input,1,1,1,0,0,NaN,NaN,0,0,0,0
error,0.81116532304974,-0.98390105791575,-0.00477648140891515,0.202520328685004,0.0410144835306821,10.002973255199,-0.410220959088759,0,0.0409803047944066,-0.00340314631777493,0.0167988470517399
