signalsNamesOrdered,maxSignals,minSignals,meanSignals,standardDeviationSignals,varianceSignals,kurtosisSignals,skewnessSignals,firstMomentSignals,secondMomentSignals,thirdMomentSignals,fourthMomentSignals
compassSystem,1.79289143491135,0,0.976362391681369,0.250422767079141,0.0627115622715735,9.41401082872236,-1.22404184346786,0,0.0626698657541057,-0.0192036778052034,0.0369736411911625
compassFilter,1.79277957498037,0,0.976295779764481,0.250510375313073,0.0627554481394967,9.4129990187569,-1.22608926566035,0,0.0627137224425954,-0.0192559947820267,0.0370214285200388
fullSystem,1.7929871004834,0.000661169362069794,0.981141484057493,0.23843312811447,0.0568503565824511,9.45999796868578,-1.00815993641478,0,0.056812557143234,-0.0136519893547691,0.0305337199445844
gyroFilter,1,-0.000395409079718911,0.004845704293011,0.0591387110348312,0.00349738714286127,212.13904554834,14.1324821163644,0,0.00349506175247372,0.00292012017469675,0.00259137531543282
gyroSystem,2.00387408140234,1,1.44907184862843,0.288953457205909,0.0834941004312472,1.92934556928327,0.288283951672814,0,0.0834385857368115,0.00694817691569042,0.0134320992031628
input,1,1,1,0,0,NaN,NaN,0,0,0,0
error,0.792987100483403,-0.99933883063793,-0.0188585159425071,0.23843312811447,0.0568503565824511,9.45999796868578,-1.00815993641478,0,0.056812557143234,-0.0136519893547692,0.0305337199445844
