signalsNamesOrdered,maxSignals,minSignals,meanSignals,standardDeviationSignals,varianceSignals,kurtosisSignals,skewnessSignals,firstMomentSignals,secondMomentSignals,thirdMomentSignals,fourthMomentSignals
compassSystem,1.80651385918639,0,0.985397931718136,0.224910850662062,0.0505848907455325,10.4468355887108,-1.12767200491782,0,0.0504602974185731,-0.0127822559020676,0.026600167527002
compassFilter,1.71383187301926,0,0.980181824176403,0.219204435795758,0.0480505846725366,11.5117791307076,-1.66491786072434,0,0.0479322334787618,-0.0174716657033592,0.0264483011131145
fullSystem,1.72216616719295,0.333735929063512,1.00198422160716,0.170510057688525,0.0290736797729441,8.74817664990027,0.0403812515799204,0,0.0290020697242423,0.000199445050803157,0.00735826676621191
gyroFilter,1,-0.0219706032633082,0.02180239743076,0.114866979973545,0.0131944230882428,59.8404329850118,7.46754513104129,0,0.0131619245092078,0.0112760488676786,0.010366532614782
gyroSystem,2.00387408140234,1,1.48651379836596,0.286088829807819,0.081846818540807,1.90251322010079,0.171809456594978,0,0.0816452253916918,0.00400814341585779,0.0126820443571035
input,1,1,1,0,0,NaN,NaN,0,0,0,0
error,0.722166167192953,-0.666264070936488,0.00198422160716281,0.170510057688525,0.0290736797729441,8.74817664990027,0.0403812515799204,0,0.0290020697242423,0.000199445050803158,0.00735826676621191
