signalsNamesOrdered,maxSignals,minSignals,meanSignals,standardDeviationSignals,varianceSignals,kurtosisSignals,skewnessSignals,firstMomentSignals,secondMomentSignals,thirdMomentSignals,fourthMomentSignals
compassSystem,1.78856258228797,0,0.978737935382407,0.241992223345,0.0585602361594564,10.3785548254277,-1.38119296727598,0,0.0585214802122959,-0.0195536263488259,0.0355440972666143
compassFilter,1.78857793441882,0,0.978689512422521,0.242061725583729,0.0585938789925724,10.3772653581328,-1.38277424441418,0,0.0585551007801352,-0.0195928846182042,0.0355805279420211
fullSystem,1.7887355762075,0.000423540359526042,0.98339023145325,0.229892078743064,0.0528503678688074,10.4976327142509,-1.16071690794896,0,0.0528153907888148,-0.014088574637325,0.0292827843319043
gyroFilter,1,-0.000302450471840299,0.00470071903073051,0.058420277032451,0.00341292876854833,216.04617628876,14.2764357918623,0,0.00341067004666312,0.00284367105309385,0.00251319390965298
gyroSystem,2.00387408140235,1,1.46005999409543,0.291710697929377,0.0850951312864444,1.89357354266995,0.241068328344462,0,0.0850388141909537,0.00597813818772168,0.0136935662777993
input,1,1,1,0,0,NaN,NaN,0,0,0,0
error,0.788735576207504,-0.999576459640474,-0.0166097685467489,0.229892078743065,0.0528503678688074,10.4976327142509,-1.16071690794897,0,0.0528153907888148,-0.0140885746373251,0.0292827843319043
