signalsNamesOrdered,maxSignals,minSignals,meanSignals,standardDeviationSignals,varianceSignals,kurtosisSignals,skewnessSignals,firstMomentSignals,secondMomentSignals,thirdMomentSignals,fourthMomentSignals
compassSystem,1.78698703763007,0,0.977128896741001,0.245377091529687,0.0602099170475682,9.48753108941112,-1.26029007160459,0,0.0601708450702499,-0.0186015734514019,0.0343498965941545
compassFilter,1.78686071202272,0,0.97699497209405,0.245559354904172,0.0602993967809533,9.4835796100185,-1.26466313590219,0,0.0602602667376171,-0.0187077446719529,0.0344377202412531
fullSystem,1.78725426554988,0.00184849632952507,0.982036152119848,0.232947338544123,0.0542644625347905,9.47931766633721,-1.02946777500925,0,0.0542292487369094,-0.0130005922892389,0.0278768856334129
gyroFilter,1,-0.000738433099253477,0.00504118002580193,0.0608063930138892,0.00369741743135955,203.405772992402,13.8705185983635,0,0.0036950180689771,0.00311542677982712,0.00277713126459614
gyroSystem,2.00387408140234,1,1.45418478899686,0.290077983018403,0.0841452362320246,1.89300679603697,0.25724883454383,0,0.0840906319255794,0.00627299353697501,0.013385894733249
input,1,1,1,0,0,NaN,NaN,0,0,0,0
error,0.787254265549882,-0.998151503670475,-0.0179638478801502,0.232947338544123,0.0542644625347904,9.47931766633727,-1.02946777500928,0,0.0542292487369093,-0.0130005922892392,0.0278768856334129
