signalsNamesOrdered,maxSignals,minSignals,meanSignals,standardDeviationSignals,varianceSignals,kurtosisSignals,skewnessSignals,firstMomentSignals,secondMomentSignals,thirdMomentSignals,fourthMomentSignals
compassSystem,1.80651381719495,0,0.987588514554919,0.220809921734414,0.0487570215363581,10.6677184456362,-1.06368202057397,0,0.0486366338288609,-0.0114092496369868,0.0252347242752782
compassFilter,1.50819793945972,0,0.976472491142271,0.192724102754927,0.0371425797826918,16.0110375306034,-2.81325061350828,0,0.0370508697091543,-0.0200634693319004,0.0219794230964558
fullSystem,1.54894355170355,0.53629722023941,1.00946583780028,0.125060087163495,0.0156400254013411,8.71546797268472,0.170889549482928,0,0.0156014080546711,0.000333013008576368,0.00212137918500015
gyroFilter,1,-0.0305202910166711,0.0329933466580071,0.126405231599263,0.0159782825756634,46.0051040739641,6.46510312275296,0,0.0159388300260939,0.0130094853227564,0.0116874265907515
gyroSystem,2.00387408140234,1,1.48766491326615,0.285499739845961,0.0815101014521113,1.9025065174426,0.171983733522379,0,0.081308841942353,0.0039874388507237,0.0125777136853033
input,1,1,1,0,0,NaN,NaN,0,0,0,0
error,0.548943551703555,-0.46370277976059,0.0094658378002773,0.125060087163495,0.0156400254013411,8.71546797268472,0.170889549482925,0,0.0156014080546711,0.000333013008576363,0.00212137918500015
