signalsNamesOrdered,maxSignals,minSignals,meanSignals,standardDeviationSignals,varianceSignals,kurtosisSignals,skewnessSignals,firstMomentSignals,secondMomentSignals,thirdMomentSignals,fourthMomentSignals
compassSystem,1.79263133847189,0,0.976873009107579,0.242894647319469,0.0589978096964494,10.1258370231322,-1.34930228047642,0,0.0589594246543567,-0.0193169746416456,0.0351995739465
compassFilter,1.79254459571758,0,0.976820807429046,0.2429741307376,0.0590364282076921,10.1230582812787,-1.35057571735227,0,0.0589980180396975,-0.0193541931361243,0.0352359984239372
fullSystem,1.79270090351027,0.000416862447620734,0.981438821960174,0.23111269367914,0.0534130771796278,10.21177720528,-1.13429919998096,0,0.0533783256655227,-0.0139886255899497,0.0290958617896402
gyroFilter,1,-0.000316508171177121,0.00461801453112755,0.0579006033158611,0.00335247986434071,219.9441122074,14.4057242461315,0,0.00335029868030405,0.00279357532919797,0.00246876296179661
gyroSystem,2.00387408140234,1,1.46498475409901,0.295690683280442,0.0874329801788548,1.84569094169929,0.22589524638357,0,0.0873760947005342,0.00583439780005136,0.0140910787028491
input,1,1,1,0,0,NaN,NaN,0,0,0,0
error,0.792700903510275,-0.999583137552379,-0.0185611780398262,0.23111269367914,0.0534130771796278,10.21177720528,-1.13429919998095,0,0.0533783256655227,-0.0139886255899496,0.0290958617896402
