signalsNamesOrdered,maxSignals,minSignals,meanSignals,standardDeviationSignals,varianceSignals,kurtosisSignals,skewnessSignals,firstMomentSignals,secondMomentSignals,thirdMomentSignals,fourthMomentSignals
compassSystem,1.79128698188901,0,0.977829414940734,0.248408763088523,0.0617069135791701,9.61429673032091,-1.26241583282003,0,0.061666290199592,-0.0193318833641716,0.0365605875555615
compassFilter,1.79128469345654,0,0.977771350424655,0.248480044651084,0.0617423325898049,9.61274460838229,-1.26375603105876,0,0.0617016858929057,-0.0193690708170556,0.0365966611770759
fullSystem,1.79144284798385,0.000425804484616846,0.982450367678136,0.236717790670974,0.0560353124201473,9.67820516725744,-1.05285912746461,0,0.0559984228135507,-0.013951919426063,0.0303491418231812
gyroFilter,1,-0.000312505075112934,0.00467901725347982,0.0582757765364079,0.00339606613092135,217.150895880133,14.3129998876835,0,0.00339383040601621,0.00282986600665847,0.00250116243852872
gyroSystem,2.00387408140235,1,1.45729987634341,0.293553181376469,0.0861734702962459,1.890660441368,0.259286662132814,0,0.0861167399010541,0.00655256816776517,0.0140213134588755
input,1,1,1,0,0,NaN,NaN,0,0,0,0
error,0.791442847983848,-0.999574195515383,-0.0175496323218648,0.236717790670975,0.0560353124201473,9.6782051672574,-1.0528591274646,0,0.0559984228135508,-0.0139519194260629,0.0303491418231811
