signalsNamesOrdered,maxSignals,minSignals,meanSignals,standardDeviationSignals,varianceSignals,kurtosisSignals,skewnessSignals,firstMomentSignals,secondMomentSignals,thirdMomentSignals,fourthMomentSignals
compassSystem,1.79494957441929,0,0.977033504418354,0.244311450755992,0.0596880849704976,10.056185427927,-1.33190181296388,0,0.0596487647564195,-0.0194032460866659,0.035779657725291
compassFilter,1.79490839723523,0,0.976957927046195,0.244417962244897,0.0597401402679478,10.0536024600973,-1.33411026370383,0,0.0597007857618424,-0.0194608495936134,0.0358328872268362
fullSystem,1.79514328062336,0.000988523256705259,0.982216798038476,0.23064792233017,0.053198464075224,10.0893236602569,-1.06938065471373,0,0.0531634189737252,-0.0131084601385484,0.0285159510180507
gyroFilter,1,-0.000449900569734929,0.00525887099228485,0.0605453964948993,0.00366574503672456,196.318547025187,13.5259759836784,0,0.00366333018492171,0.00299904311029935,0.00263459255384607
gyroSystem,2.00387408140235,1,1.45721091827768,0.29199182163453,0.0852592239014512,1.90386863347937,0.256266566589087,0,0.0852030584048099,0.00637345210775191,0.0138212507882686
input,1,1,1,0,0,NaN,NaN,0,0,0,0
error,0.795143280623357,-0.999011476743295,-0.0177832019615217,0.23064792233017,0.053198464075224,10.089323660257,-1.06938065471375,0,0.0531634189737252,-0.0131084601385487,0.0285159510180508
