signalsNamesOrdered,maxSignals,minSignals,meanSignals,standardDeviationSignals,varianceSignals,kurtosisSignals,skewnessSignals,firstMomentSignals,secondMomentSignals,thirdMomentSignals,fourthMomentSignals
compassSystem,1.79312261396367,0,0.978467885304698,0.247134771488595,0.06107559527872,9.79333221817411,-1.23438162640701,0,0.0610354667667103,-0.0186132775766399,0.0364833767179256
compassFilter,1.79298079115699,0,0.978418509240057,0.247225597991982,0.061120496302493,9.79268381667507,-1.23606371313307,0,0.0610803382891537,-0.0186591994813774,0.0365346204368011
fullSystem,1.79317916228034,0.000612103282471122,0.983190846117344,0.235137888149756,0.055289826443527,9.85749216345786,-1.00795044940899,0,0.0552534993565076,-0.0130911821384688,0.0300944227270935
gyroFilter,1,-0.000391257207077889,0.0047723368772848,0.0587169125049922,0.00344767581411891,214.989852263242,14.2307487083253,0,0.00344541058690858,0.00287798963556131,0.00255211317185946
gyroSystem,2.00387408140235,1,1.4589409062249,0.293142149384716,0.0859323197458914,1.87836614667613,0.239504286057199,0,0.0858758596146523,0.00602726013342367,0.0138523178192771
input,1,1,1,0,0,NaN,NaN,0,0,0,0
error,0.793179162280339,-0.999387896717529,-0.0168091538826572,0.235137888149756,0.0552898264435271,9.8574921634578,-1.00795044940897,0,0.0552534993565077,-0.0130911821384686,0.0300944227270934
