signalsNamesOrdered,maxSignals,minSignals,meanSignals,standardDeviationSignals,varianceSignals,kurtosisSignals,skewnessSignals,firstMomentSignals,secondMomentSignals,thirdMomentSignals,fourthMomentSignals
compassSystem,1.79410581751833,0,0.976966468894837,0.250447294081861,0.0627238471129264,9.44641718474599,-1.2404998352906,0,0.0626819474154562,-0.0194675111485136,0.0371152237492619
compassFilter,1.7940152572224,0,0.976889161391133,0.250572157779751,0.0627864062544003,9.44315114407011,-1.24270119407744,0,0.0627444647672564,-0.0195312412331294,0.0371764382261027
fullSystem,1.79427272230593,0.00112154013120908,0.982276406118674,0.236824422012584,0.0560858068615945,9.44813117497213,-0.984944040037932,0,0.0560483413927491,-0.0130694016374257,0.0296805158557841
gyroFilter,1,-0.000489423511912168,0.00538724472754185,0.0612183912305883,0.00374769142486137,191.86113141811,13.3654592742225,0,0.0037451879569757,0.00306333373920876,0.00269112727311405
gyroSystem,2.00387408140234,1,1.45414698458467,0.292718229640108,0.0856839619636389,1.88358995946593,0.265477463415,0,0.0856267248480987,0.00665183792334888,0.0138103610485149
input,1,1,1,0,0,NaN,NaN,0,0,0,0
error,0.794272722305929,-0.998878459868791,-0.017723593881327,0.236824422012584,0.0560858068615945,9.44813117497211,-0.984944040037922,0,0.0560483413927491,-0.0130694016374256,0.0296805158557841
