signalsNamesOrdered,maxSignals,minSignals,meanSignals,standardDeviationSignals,varianceSignals,kurtosisSignals,skewnessSignals,firstMomentSignals,secondMomentSignals,thirdMomentSignals,fourthMomentSignals
compassSystem,1.80651381719495,0,0.987588514554919,0.220809921734414,0.0487570215363581,10.6677184456362,-1.06368202057397,0,0.0486366338288609,-0.0114092496369868,0.0252347242752782
compassFilter,1.47887308413548,0,0.975659690863601,0.190513674958697,0.0362954603462679,16.6680516592431,-2.97528351677332,0,0.0362058419256598,-0.0204972846686092,0.0218495320279403
fullSystem,1.52875061166282,0.552524402126338,1.01026084886456,0.120184008770966,0.0144441959642597,8.7076225411982,0.16942811395873,0,0.0144085312828665,0.000293031998502493,0.00180775271500852
gyroFilter,1,-0.0312434056390347,0.0346011580009572,0.127940312523569,0.0163687235686285,44.3423395854093,6.33444661134837,0,0.0163283069672245,0.0132166203417772,0.0118222711624697
gyroSystem,2.00387408140234,1,1.48766491326615,0.285499739845961,0.0815101014521113,1.9025065174426,0.171983733522379,0,0.081308841942353,0.0039874388507237,0.0125777136853033
input,1,1,1,0,0,NaN,NaN,0,0,0,0
error,0.528750611662824,-0.447475597873662,0.010260848864558,0.120184008770966,0.0144441959642597,8.70762254119821,0.169428113958745,0,0.0144085312828665,0.000293031998502519,0.00180775271500852
