signalsNamesOrdered,maxSignals,minSignals,meanSignals,standardDeviationSignals,varianceSignals,kurtosisSignals,skewnessSignals,firstMomentSignals,secondMomentSignals,thirdMomentSignals,fourthMomentSignals
compassSystem,1.79143746807134,0,0.97684804726861,0.246316365813009,0.0606717520673282,9.74163114908407,-1.32786728867448,0,0.0606320973274149,-0.0198247883376774,0.0358126834581883
compassFilter,1.79131142994996,0,0.976735613944684,0.246468267767875,0.060746607016497,9.73799184517608,-1.3302651505496,0,0.0607069033517804,-0.0198973543393955,0.0358876951264068
fullSystem,1.79163378131578,0.00150233166844429,0.982346837909265,0.231860237078289,0.0537591695380005,9.72942604283215,-1.05366522863521,0,0.0537240328258842,-0.0131206562375367,0.0280817670746038
gyroFilter,1,-0.00061108908473595,0.0056112239645791,0.0622717364175406,0.00387776915645565,183.528532546262,13.0561634782209,0,0.00387523466681091,0.00314965212485538,0.0027561294090513
gyroSystem,2.00387408140234,1,1.45099559189772,0.290840871438191,0.0845884124989266,1.90400289811681,0.281247396453522,0,0.0845331259548096,0.00691240068270116,0.0136057179360553
input,1,1,1,0,0,NaN,NaN,0,0,0,0
error,0.791633781315777,-0.998497668331556,-0.0176531620907372,0.231860237078289,0.0537591695380005,9.72942604283211,-1.05366522863518,0,0.0537240328258842,-0.0131206562375364,0.0280817670746037
