signalsNamesOrdered,maxSignals,minSignals,meanSignals,standardDeviationSignals,varianceSignals,kurtosisSignals,skewnessSignals,firstMomentSignals,secondMomentSignals,thirdMomentSignals,fourthMomentSignals
compassSystem,1.78979414855254,0,0.984843796263867,0.241023601794066,0.0580923766217846,9.95484254933975,-1.19290608180288,0,0.0580552568923138,-0.0166866278180951,0.033551929276219
compassFilter,1.78969797816032,0,0.984652552361651,0.241313225632657,0.0582320728652375,9.95069413144303,-1.19791112092601,0,0.0581948638729913,-0.016817118395838,0.0336994404777244
fullSystem,1.79027219348765,0.00327892080384934,0.989706126269179,0.22853312115929,0.0522273874668065,9.94886571318992,-0.930924950146575,0,0.0521940153342399,-0.0111005815938379,0.0271028515638623
gyroFilter,1,-0.00107027711329022,0.00505357390752728,0.0613156137980307,0.00375960449542925,203.009869595561,13.8912724365523,0,0.00375720219223729,0.00319918149765192,0.00286580269243055
gyroSystem,2.00387408140234,1,1.45791022696416,0.290856891181347,0.084597731147678,1.88991103849596,0.243972247636596,0,0.0845436750894367,0.00599738751267957,0.0135083905013356
input,1,1,1,0,0,NaN,NaN,0,0,0,0
error,0.790272193487649,-0.996721079196151,-0.0102938737308207,0.22853312115929,0.0522273874668065,9.94886571318992,-0.930924950146581,0,0.0521940153342399,-0.011100581593838,0.0271028515638623
