signalsNamesOrdered,maxSignals,minSignals,meanSignals,standardDeviationSignals,varianceSignals,kurtosisSignals,skewnessSignals,firstMomentSignals,secondMomentSignals,thirdMomentSignals,fourthMomentSignals
compassSystem,1.79227919748315,0,0.97686327538461,0.250215143688671,0.0626076181311423,9.45313188090519,-1.26115756390137,0,0.0625673559972959,-0.0197374504639537,0.0370059299377177
compassFilter,1.79210945852542,0,0.976802208170208,0.250328986851936,0.0626646016583166,9.45130754528739,-1.26256906433855,0,0.0626243028791151,-0.019786523746586,0.0370661692252866
fullSystem,1.79234176678946,0.000795121392820157,0.981993803535103,0.236983716620341,0.05616128194319,9.44356915796668,-1.01382711545124,0,0.0561251653631622,-0.0134803246921864,0.0297475656952933
gyroFilter,1,-0.000440912992622833,0.00519159536489353,0.0597749464623867,0.0035730442245812,200.20290216986,13.6308577955754,0,0.00357074644694482,0.00290845069645673,0.00255263308704524
gyroSystem,2.00387408140235,1,1.45211364989145,0.293657129044444,0.0862345094386252,1.89180036158929,0.275805260146538,0,0.0861790531624589,0.00697758478184465,0.0140500781735473
input,1,1,1,0,0,NaN,NaN,0,0,0,0
error,0.792341766789456,-0.99920487860718,-0.0180061964648979,0.236983716620341,0.05616128194319,9.44356915796668,-1.01382711545123,0,0.0561251653631622,-0.0134803246921863,0.0297475656952933
