signalsNamesOrdered,maxSignals,minSignals,meanSignals,standardDeviationSignals,varianceSignals,kurtosisSignals,skewnessSignals,firstMomentSignals,secondMomentSignals,thirdMomentSignals,fourthMomentSignals
compassSystem,1.80651381719495,0,0.987588514554919,0.220809921734414,0.0487570215363581,10.6677184456362,-1.06368202057397,0,0.0486366338288609,-0.0114092496369868,0.0252347242752782
compassFilter,1.59929548087069,0,0.979154205514457,0.20147432096601,0.0405919020087148,13.8799350328889,-2.25438565265551,0,0.0404916750901748,-0.0183686325652005,0.022757204913823
fullSystem,1.62129139585663,0.461828178745802,1.0068126928291,0.143047135582803,0.0204624829984447,8.75103599917858,0.162513657934531,0,0.0204119583490659,0.000473932919484813,0.00364610202891597
gyroFilter,1,-0.0273023515142699,0.0276584873146397,0.121033223922209,0.0146490412930037,52.4133401215697,6.95163968961304,0,0.0146128708206753,0.0122797795912296,0.0111921346618938
gyroSystem,2.00387408140234,1,1.48766491326615,0.285499739845961,0.0815101014521113,1.9025065174426,0.171983733522379,0,0.081308841942353,0.0039874388507237,0.0125777136853033
input,1,1,1,0,0,NaN,NaN,0,0,0,0
error,0.62129139585663,-0.538171821254198,0.00681269282909684,0.143047135582803,0.0204624829984447,8.75103599917857,0.16251365793453,0,0.0204119583490659,0.000473932919484811,0.00364610202891597
