signalsNamesOrdered,maxSignals,minSignals,meanSignals,standardDeviationSignals,varianceSignals,kurtosisSignals,skewnessSignals,firstMomentSignals,secondMomentSignals,thirdMomentSignals,fourthMomentSignals
compassSystem,1.78742431629953,0,0.973006237716029,0.245981276388404,0.0605067883336682,9.80450807985579,-1.43148774352056,0,0.0604671377515361,-0.0212846616662768,0.0358479753075978
compassFilter,1.78734897429736,0,0.972958462897884,0.246085208062771,0.0605579296272973,9.80236660242023,-1.43295171245395,0,0.0605182455318666,-0.0213334477909996,0.0359007563961686
fullSystem,1.78756493064413,0.000711968295016468,0.978220989321027,0.232387160121275,0.0540037921892313,9.82851090287947,-1.1950955441958,0,0.0539684030724624,-0.014983455362322,0.0286264081245915
gyroFilter,1,-0.000420811549622258,0.00526252642314312,0.0602052005564157,0.00362466617403824,197.151972603759,13.5296620719873,0,0.00362229090131606,0.00294959193360433,0.00258682933185313
gyroSystem,2.00387408140234,1,1.45592000594842,0.291903948915676,0.0852079153925656,1.88932647811636,0.247039123860032,0,0.0851520779643922,0.00613844846594774,0.0136992727374073
input,1,1,1,0,0,NaN,NaN,0,0,0,0
error,0.787564930644126,-0.999288031704983,-0.0217790106789728,0.232387160121275,0.0540037921892313,9.82851090287947,-1.19509554419581,0,0.0539684030724625,-0.014983455362322,0.0286264081245916
