signalsNamesOrdered,maxSignals,minSignals,meanSignals,standardDeviationSignals,varianceSignals,kurtosisSignals,skewnessSignals,firstMomentSignals,secondMomentSignals,thirdMomentSignals,fourthMomentSignals
compassSystem,1.80651392521036,0,0.97911972815809,0.233884336951684,0.0547018830713288,9.8218803495504,-1.21002217425141,0,0.0545684638443256,-0.0154243162543515,0.0292467825082407
compassFilter,1.80240599020761,0,0.977472267637212,0.23623179897578,0.0558054628473333,9.86721217463619,-1.29833315107279,0,0.0556693519623398,-0.0170533770732287,0.0305792478170786
fullSystem,1.80835333413429,0.103622319561654,0.990970839647873,0.205023072670329,0.0420344603271831,9.18651582462276,-0.505630521998708,0,0.0419319372532144,-0.00434160863953466,0.0161525346734789
gyroFilter,1,-0.0122563806898734,0.0134985720106611,0.100438835423032,0.010087959661135,83.1194947534187,8.90787400310055,0,0.0100633548814736,0.00899266153756794,0.0084176036185434
gyroSystem,2.00387408140234,1,1.48243300966256,0.287694265471589,0.0827679903852372,1.89909326832578,0.178371146153878,0,0.0825661172379561,0.00423182203710003,0.0129464297216593
input,1,1,1,0,0,NaN,NaN,0,0,0,0
error,0.808353334134287,-0.896377680438346,-0.00902916035212731,0.205023072670329,0.0420344603271831,9.18651582462276,-0.505630521998702,0,0.0419319372532144,-0.00434160863953461,0.0161525346734789
