signalsNamesOrdered,maxSignals,minSignals,meanSignals,standardDeviationSignals,varianceSignals,kurtosisSignals,skewnessSignals,firstMomentSignals,secondMomentSignals,thirdMomentSignals,fourthMomentSignals
compassSystem,1.7856776554207,0,0.980484140509425,0.249608078467193,0.0623041928360842,9.34900067016105,-1.1682365300542,0,0.0622627396139711,-0.0181498533952286,0.0362427917078522
compassFilter,1.78557506504438,0,0.980353632657752,0.249760947979583,0.0623805311356602,9.34835018650607,-1.172961652326,0,0.0623390271229285,-0.0182567657988758,0.0363291312998126
fullSystem,1.78596743975632,0.00183915408796289,0.985518994487171,0.236976340158808,0.056157785795063,9.36573395853588,-0.930563977983883,0,0.0561204219987922,-0.0123716501144668,0.0294973956359498
gyroFilter,1,-0.000732063478151801,0.00516536182941935,0.0615560946824049,0.00378915279254919,198.384688841169,13.6968228039166,0,0.00378663173280698,0.00319153375746304,0.00284455470789836
gyroSystem,2.00387408140233,1,1.45127806528767,0.290692535077302,0.0845021499496686,1.89919136034602,0.269342810672677,0,0.0844459276276795,0.00660957376618161,0.0135433514143909
input,1,1,1,0,0,NaN,NaN,0,0,0,0
error,0.785967439756321,-0.998160845912037,-0.0144810055128293,0.236976340158808,0.056157785795063,9.36573395853589,-0.930563977983878,0,0.0561204219987921,-0.0123716501144667,0.0294973956359498
