signalsNamesOrdered,maxSignals,minSignals,meanSignals,standardDeviationSignals,varianceSignals,kurtosisSignals,skewnessSignals,firstMomentSignals,secondMomentSignals,thirdMomentSignals,fourthMomentSignals
compassSystem,1.81039669984122,0,0.992814781410574,0.211918364607386,0.0449093932578691,10.5745168189397,-0.714007543014201,0,0.0448680782686715,-0.00678592418178611,0.0212880298192937
compassFilter,1.80978378810525,0,0.992343249478367,0.212701828802007,0.0452420679757185,10.5997885741852,-0.746026570585879,0,0.0452004469380223,-0.00716916191964986,0.021656220316069
fullSystem,1.81216915612277,0.0248435045317345,0.996670440353058,0.201634369876584,0.0406564191155271,10.0375916815836,-0.335969032003747,0,0.0406190167060372,-0.00275038415230042,0.0165610678669436
gyroFilter,1,-0.00456221945958335,0.00432719087469103,0.0566142595448329,0.0032051743838097,261.080383808132,15.8536728672851,0,0.0032022257413223,0.00287281598713584,0.00267718344691933
gyroSystem,2.00387408140234,1,1.48496643150141,0.282564987270831,0.0798429720313647,1.91704515570616,0.191879682897977,0,0.0797695194351997,0.00432299223656936,0.012198496168395
input,1,1,1,0,0,NaN,NaN,0,0,0,0
error,0.812169156122767,-0.975156495468265,-0.00332955964694086,0.201634369876584,0.0406564191155271,10.0375916815836,-0.335969032003759,0,0.0406190167060372,-0.00275038415230051,0.0165610678669436
