signalsNamesOrdered,maxSignals,minSignals,meanSignals,standardDeviationSignals,varianceSignals,kurtosisSignals,skewnessSignals,firstMomentSignals,secondMomentSignals,thirdMomentSignals,fourthMomentSignals
compassSystem,1.78737863924652,0,0.975891754406127,0.24255356733029,0.0588322330246496,9.93640022439312,-1.33918382628015,0,0.0587942522415479,-0.0190916077320434,0.0343477915455552
compassFilter,1.78719641640352,0,0.975791008599121,0.242718107134445,0.0589120795309278,9.93101506428257,-1.34074369031392,0,0.0588740472006948,-0.0191527702637896,0.0344224219660796
fullSystem,1.78749257232255,0.0011505852981765,0.980702326092664,0.230178267858215,0.0529820349942084,9.9708857636102,-1.1081009181277,0,0.0529478309690346,-0.013500553535119,0.0279531070733171
gyroFilter,1,-0.00056458059492881,0.0049113174935414,0.0597326197630731,0.00356798586375987,209.065858030704,14.0427780866239,0,0.00356568245132362,0.00298997135978261,0.00265808241584662
gyroSystem,2.00387408140233,1,1.45906474017263,0.293288641136362,0.0860182270196137,1.88768337958828,0.255931028555822,0,0.085962695562532,0.00645041980302474,0.0139491968401208
input,1,1,1,0,0,NaN,NaN,0,0,0,0
error,0.787492572322545,-0.998849414701824,-0.0192976739073368,0.230178267858215,0.0529820349942084,9.97088576361019,-1.10810091812769,0,0.0529478309690346,-0.0135005535351189,0.027953107073317
