signalsNamesOrdered,maxSignals,minSignals,meanSignals,standardDeviationSignals,varianceSignals,kurtosisSignals,skewnessSignals,firstMomentSignals,secondMomentSignals,thirdMomentSignals,fourthMomentSignals
compassSystem,1.80651381719495,0,0.987588514554919,0.220809921734414,0.0487570215363581,10.6677184456362,-1.06368202057397,0,0.0486366338288609,-0.0114092496369868,0.0252347242752782
compassFilter,1.0020491623713,0,0.906343956439171,0.214618454967372,0.0460610812125817,11.1379506345001,-2.91736749123701,0,0.0459473501478593,-0.0287330576531905,0.0235139845633054
fullSystem,1.150040011336,0.915092679957536,1.07314254234144,0.0404154400362032,0.00163340779331994,3.94609607911343,-0.883233934130398,0,0.00162937468765742,-5.80907781847633e-05,1.04763400267598e-05
gyroFilter,1,-0.0114125037669515,0.166798585902271,0.197026756765269,0.0388195428814406,10.136562346746,2.73018528585445,0,0.0387236921582765,0.0208044989182078,0.0152000219057938
gyroSystem,2.00387408140234,1,1.48766491326615,0.285499739845961,0.0815101014521113,1.9025065174426,0.171983733522379,0,0.081308841942353,0.0039874388507237,0.0125777136853033
input,1,1,1,0,0,NaN,NaN,0,0,0,0
error,0.150040011335998,-0.0849073200424642,0.0731425423414418,0.0404154400362032,0.00163340779331994,3.94609607911346,-0.883233934130413,0,0.00162937468765742,-5.80907781847643e-05,1.04763400267599e-05
