signalsNamesOrdered,maxSignals,minSignals,meanSignals,standardDeviationSignals,varianceSignals,kurtosisSignals,skewnessSignals,firstMomentSignals,secondMomentSignals,thirdMomentSignals,fourthMomentSignals
compassSystem,1.78758914736408,0,0.973535179927093,0.243801119609618,0.0594389859229031,9.86903152343854,-1.35387785380554,0,0.059399596270204,-0.0195999391939367,0.0348210227183047
compassFilter,1.78744664779295,0,0.973438761899482,0.243964761908697,0.0595188050531671,9.86328929699882,-1.35540690471879,0,0.0594793625050868,-0.0196616133525026,0.0348942912581956
fullSystem,1.78773666702356,0.00111459563826516,0.978473101892808,0.231216650628585,0.0534611395279013,9.92556558425711,-1.12688563759723,0,0.0534257113373593,-0.0139157082091716,0.0283306076725317
gyroFilter,1,-0.000548791330357679,0.00503433999332787,0.0604648132676012,0.00365599364348589,203.856717687107,13.8654483021199,0,0.00365357085114428,0.00306203546518095,0.00272119769731243
gyroSystem,2.00387408140235,1,1.45880657509065,0.294650030512044,0.0868186404807483,1.85302937402802,0.242576212223655,0,0.0867611065904363,0.00619920265953247,0.0139486593726158
input,1,1,1,0,0,NaN,NaN,0,0,0,0
error,0.787736667023561,-0.998885404361735,-0.0215268981071914,0.231216650628585,0.0534611395279013,9.92556558425711,-1.12688563759724,0,0.0534257113373593,-0.0139157082091717,0.0283306076725317
