signalsNamesOrdered,maxSignals,minSignals,meanSignals,standardDeviationSignals,varianceSignals,kurtosisSignals,skewnessSignals,firstMomentSignals,secondMomentSignals,thirdMomentSignals,fourthMomentSignals
compassSystem,1.78731425175883,0,0.975714908051502,0.241899762214314,0.0585154949593418,10.0658379023572,-1.36581196326745,0,0.0584774484736725,-0.0193140581592426,0.0344212598795484
compassFilter,1.78712253422594,0,0.975611511221781,0.242058881258904,0.0585925019963121,10.0607999916953,-1.36763685554432,0,0.058554405441048,-0.0193780538789616,0.0344946439355831
fullSystem,1.78741995890082,0.00115800115295369,0.980561102951791,0.229390088623711,0.0526198127587938,10.1205603922231,-1.13462586215251,0,0.052585599616558,-0.0136821051597208,0.0279858319267271
gyroFilter,1,-0.000559459437735166,0.00494959173000814,0.059954006899583,0.00359448294331524,207.522160925422,13.9905449283952,0,0.00359214582826757,0.00301207352772732,0.00267776462145397
gyroSystem,2.00387408140234,1,1.45768845569791,0.291510092299973,0.0849781339127388,1.89488576716642,0.250401340637797,0,0.0849228815499867,0.00619688922291707,0.0136657187260832
input,1,1,1,0,0,NaN,NaN,0,0,0,0
error,0.78741995890082,-0.998841998847046,-0.0194388970482094,0.229390088623711,0.0526198127587939,10.1205603922231,-1.1346258621525,0,0.052585599616558,-0.0136821051597208,0.0279858319267271
