signalsNamesOrdered,maxSignals,minSignals,meanSignals,standardDeviationSignals,varianceSignals,kurtosisSignals,skewnessSignals,firstMomentSignals,secondMomentSignals,thirdMomentSignals,fourthMomentSignals
compassSystem,1.79413765154442,0,0.976288686675886,0.245870433715965,0.0604522701756768,9.69449345647624,-1.29913147794933,0,0.0604125512070988,-0.0192905171350282,0.035381763428866
compassFilter,1.79402300589138,0,0.976186962973417,0.246011740260595,0.0605217763460464,9.69007847775883,-1.30141713657627,0,0.0604820117098138,-0.0193577939574258,0.0354470216225449
fullSystem,1.79430498873564,0.0010672024944945,0.981169621933577,0.233448262770593,0.0544980913906078,9.73361691164211,-1.07283442517512,0,0.0544622844974471,-0.0136356700073372,0.028871274677848
gyroFilter,1,-0.000534204341659406,0.00498265896016126,0.0601372750012452,0.00361649184457539,205.972696217329,13.9372743510856,0,0.00361411570013086,0.00302817469971532,0.00269038081511982
gyroSystem,2.00387408140234,1,1.45345318223706,0.289357037479645,0.0837274951389969,1.91394398526226,0.26071871901524,0,0.0836724836441618,0.00631024474910024,0.0133996836058021
input,1,1,1,0,0,NaN,NaN,0,0,0,0
error,0.794304988735636,-0.998932797505505,-0.0188303780664225,0.233448262770593,0.0544980913906078,9.73361691164213,-1.07283442517513,0,0.0544622844974471,-0.0136356700073373,0.028871274677848
