signalsNamesOrdered,maxSignals,minSignals,meanSignals,standardDeviationSignals,varianceSignals,kurtosisSignals,skewnessSignals,firstMomentSignals,secondMomentSignals,thirdMomentSignals,fourthMomentSignals
compassSystem,1.78684526694105,0,0.980432154987641,0.243453295420522,0.0592695070511122,9.9034458085034,-1.21509436821975,0,0.0592316834984312,-0.0175162495013476,0.0347451733157016
compassFilter,1.78682635031319,0,0.980295406556247,0.243643473752559,0.059362142302214,9.89946672742855,-1.21960131209913,0,0.0593242596332272,-0.0176224535016409,0.034839864249896
fullSystem,1.78724040324705,0.00206006601025932,0.98526533257744,0.231085934287524,0.0534007090255377,9.93960670211626,-0.969927227577889,0,0.0533666307172891,-0.0119575946688438,0.0283079727934073
gyroFilter,1,-0.000771914859604816,0.00496992602119213,0.0604885974198749,0.0036588704178237,206.109071466819,13.9707610554422,0,0.00365653546541922,0.00308904866338426,0.00275573014458774
gyroSystem,2.00387408140234,1,1.45546035839346,0.289699830144047,0.0839259915854896,1.93010911186885,0.271283924194708,0,0.0838724331990279,0.00658950698361691,0.0135775167046215
input,1,1,1,0,0,NaN,NaN,0,0,0,0
error,0.787240403247051,-0.997939933989741,-0.0147346674225604,0.231085934287524,0.0534007090255378,9.93960670211623,-0.969927227577884,0,0.0533666307172892,-0.0119575946688437,0.0283079727934073
