signalsNamesOrdered,maxSignals,minSignals,meanSignals,standardDeviationSignals,varianceSignals,kurtosisSignals,skewnessSignals,firstMomentSignals,secondMomentSignals,thirdMomentSignals,fourthMomentSignals
compassSystem,1.78877003467314,0,0.973112614284279,0.242606500067617,0.0588579138750587,10.0473097989535,-1.41211946481232,0,0.058819293196663,-0.0201442518120596,0.0347607706707069
compassFilter,1.78870150686339,0,0.973059928808395,0.242697900253177,0.0589022707873011,10.0447820581289,-1.41351692541617,0,0.0588636210033199,-0.0201869856586449,0.034804425288289
fullSystem,1.78888595446974,0.000545262496247177,0.977794621705111,0.230584403168902,0.0531691669847589,10.1275882255046,-1.20280991927775,0,0.0531342790799133,-0.0147319145014018,0.0285927297969204
gyroFilter,1,-0.000361718884948292,0.00473469289671814,0.0585442954903101,0.00342743453445674,215.913037554718,14.2654768542815,0,0.00342518556166511,0.00285964715870507,0.00253306933010182
gyroSystem,2.00387408140233,1,1.45675240341234,0.292348045526046,0.0854673797228991,1.90003194149102,0.260447216892888,0,0.0854112987650757,0.00650118776979939,0.0138609039338507
input,1,1,1,0,0,NaN,NaN,0,0,0,0
error,0.788885954469743,-0.999454737503753,-0.0222053782948871,0.230584403168902,0.0531691669847589,10.1275882255047,-1.20280991927778,0,0.0531342790799132,-0.0147319145014022,0.0285927297969205
