signalsNamesOrdered,maxSignals,minSignals,meanSignals,standardDeviationSignals,varianceSignals,kurtosisSignals,skewnessSignals,firstMomentSignals,secondMomentSignals,thirdMomentSignals,fourthMomentSignals
compassSystem,1.79594433600976,0,0.977336370825537,0.249213629601263,0.0621074331790354,9.47235443195647,-1.22198004440094,0,0.0620669459344597,-0.0188953385544756,0.0364904057059959
compassFilter,1.79579856801884,0,0.977262560721379,0.249336853185828,0.0621688663566111,9.47078208030514,-1.22515647096318,0,0.0621283390643317,-0.0189725704105217,0.0365565607516675
fullSystem,1.79610550057968,0.00141353591850724,0.982830483007516,0.235000850124271,0.05522539955913,9.44505925912825,-0.945300822728348,0,0.0551893986467707,-0.0122561347959313,0.0287684200292457
gyroFilter,1,-0.000573760107805743,0.00556792228613769,0.062035840634354,0.00384844552321097,184.944977199616,13.1073607640228,0,0.00384593675820235,0.00312621225184668,0.00273556361152616
gyroSystem,2.00387408140234,1,1.45336927377246,0.292781133857967,0.0857207923431568,1.8935741109435,0.269807824607098,0,0.0856649117744846,0.0067648628823343,0.0138959502679792
input,1,1,1,0,0,NaN,NaN,0,0,0,0
error,0.79610550057968,-0.998586464081493,-0.0171695169924833,0.235000850124271,0.05522539955913,9.44505925912826,-0.945300822728353,0,0.0551893986467707,-0.0122561347959313,0.0287684200292457
