signalsNamesOrdered,maxSignals,minSignals,meanSignals,standardDeviationSignals,varianceSignals,kurtosisSignals,skewnessSignals,firstMomentSignals,secondMomentSignals,thirdMomentSignals,fourthMomentSignals
compassSystem,1.81017217524035,0,0.994202702872781,0.206470630550046,0.0426301212797338,10.6746766111376,-0.667842351077528,0,0.0426031401903162,-0.0058726804893534,0.0193748321800625
compassFilter,1.8103961067863,0,0.993964526920939,0.206999462717645,0.0428487775653937,10.6826705474754,-0.685604549463536,0,0.0428216580859219,-0.00607531652951159,0.0195887531730646
fullSystem,1.81157629603227,0.0101870692776582,0.996553931371569,0.200037463598103,0.0400149868427624,10.2484660419993,-0.41343991561774,0,0.0399896609017227,-0.00330623702903618,0.0163890699709206
gyroFilter,1,-0.00279100302720714,0.00258940445063105,0.0438692372169523,0.00192450997399724,434.049111750461,20.4309141634781,0,0.0019232919297099,0.00172327906905191,0.0016055701684603
gyroSystem,2.00387408140233,1,1.48878015247253,0.282571214591597,0.0798464913157702,1.90837885126699,0.185810080174657,0,0.0797959555617729,0.00418832708607591,0.0121514010473062
input,1,1,1,0,0,NaN,NaN,0,0,0,0
error,0.811576296032267,-0.989812930722342,-0.00344606862842979,0.200037463598103,0.0400149868427624,10.2484660419993,-0.413439915617754,0,0.0399896609017226,-0.0033062370290363,0.0163890699709206
