signalsNamesOrdered,maxSignals,minSignals,meanSignals,standardDeviationSignals,varianceSignals,kurtosisSignals,skewnessSignals,firstMomentSignals,secondMomentSignals,thirdMomentSignals,fourthMomentSignals
compassSystem,1.78954895352633,0,0.976293010179178,0.247903070204481,0.0614559322168076,9.53851471850025,-1.23847692968668,0,0.0614157911768228,-0.0188498542868444,0.035978317999642
compassFilter,1.78946223106406,0,0.976234512920005,0.247978579084702,0.0614933756848677,9.53656009111061,-1.23978867858246,0,0.0614532101880128,-0.018887067300903,0.0360147909788642
fullSystem,1.78962248526623,0.000435057985449651,0.980883237868187,0.236299889612059,0.0558376378306711,9.58206371753122,-1.02622860381497,0,0.0558011664800305,-0.0135272349093634,0.0298363442716071
gyroFilter,1,-0.000322139519590925,0.00464872494818169,0.0580831336302724,0.00337365041231208,218.684113674775,14.363289876568,0,0.00337144685227791,0.00281176099536487,0.00248570662870035
gyroSystem,2.00387408140234,1,1.44956587777597,0.289973679238222,0.0840847346509514,1.89856693256466,0.264582413112884,0,0.0840298132044126,0.00644482412564357,0.0134057991608347
input,1,1,1,0,0,NaN,NaN,0,0,0,0
error,0.789622485266233,-0.99956494201455,-0.0191167621318129,0.236299889612059,0.0558376378306711,9.58206371753121,-1.02622860381497,0,0.0558011664800305,-0.0135272349093635,0.0298363442716071
