signalsNamesOrdered,maxSignals,minSignals,meanSignals,standardDeviationSignals,varianceSignals,kurtosisSignals,skewnessSignals,firstMomentSignals,secondMomentSignals,thirdMomentSignals,fourthMomentSignals
compassSystem,1.78851292161705,0,0.977247906232682,0.245243750650211,0.060144497232983,9.87738291678562,-1.35230795821804,0,0.0601046400446245,-0.019926801963111,0.0356827150279193
compassFilter,1.78842327384947,0,0.97720013893274,0.245337493966172,0.0601904859456014,9.87508914398663,-1.35341961436174,0,0.0601505982809589,-0.0199660609811285,0.0357290054577436
fullSystem,1.78859709974066,0.000495149145340804,0.981955620085433,0.233226859760438,0.0543947681137151,9.94685629782809,-1.13941168477922,0,0.0543587212163568,-0.0144405759832995,0.0293916729611263
gyroFilter,1,-0.000337404343269343,0.0047554811526947,0.058701137895431,0.00344582359021841,214.444984956173,14.2194498379457,0,0.00344354007557943,0.00287336307182881,0.00254288182343699
gyroSystem,2.00387408140233,1,1.4547735304699,0.292056747503985,0.0852971437626067,1.88843550894565,0.264986349398541,0,0.0852406181537514,0.0065946748547378,0.0137213025042231
input,1,1,1,0,0,NaN,NaN,0,0,0,0
error,0.788597099740663,-0.999504850854659,-0.0180443799145649,0.233226859760438,0.0543947681137152,9.9468562978281,-1.13941168477924,0,0.0543587212163569,-0.0144405759832997,0.0293916729611264
