signalsNamesOrdered,maxSignals,minSignals,meanSignals,standardDeviationSignals,varianceSignals,kurtosisSignals,skewnessSignals,firstMomentSignals,secondMomentSignals,thirdMomentSignals,fourthMomentSignals
compassSystem,1.81059629467437,0,0.994850518610202,0.204258295865236,0.0417214514297703,10.616304491411,-0.614368651024203,0,0.0417006634619428,-0.00523170797221847,0.0184611731508106
compassFilter,1.81024645835993,0,0.994695117286606,0.204618160645379,0.0418685916658979,10.6253071236454,-0.62715584245503,0,0.0418477303845497,-0.00536887553389338,0.0186073835647621
fullSystem,1.81098823677505,0.00627042157430217,0.996662480141356,0.199287849744144,0.0397156470556444,10.2534256368212,-0.41020382167322,0,0.0396958584920891,-0.00324427380744936,0.01615695009512
gyroFilter,1,-0.00177389544812989,0.001967362854748,0.0378495105180292,0.00143258544645441,573.901467234568,23.4824649605565,0,0.00143187165201173,0.00127233015276515,0.00117664517214149
gyroSystem,2.00387408140234,1,1.49079160558159,0.28290293288101,0.0800340694326773,1.89894033721626,0.177890738447663,0,0.0799941919690836,0.00402476957941244,0.0121514535655715
input,1,1,1,0,0,NaN,NaN,0,0,0,0
error,0.810988236775046,-0.993729578425698,-0.00333751985864302,0.199287849744144,0.0397156470556445,10.2534256368212,-0.410203821673231,0,0.0396958584920891,-0.00324427380744945,0.0161569500951201
