signalsNamesOrdered,maxSignals,minSignals,meanSignals,standardDeviationSignals,varianceSignals,kurtosisSignals,skewnessSignals,firstMomentSignals,secondMomentSignals,thirdMomentSignals,fourthMomentSignals
compassSystem,1.78952518691252,0,0.974655697011507,0.243744390120979,0.0594113277154481,9.8451011698506,-1.31922975267199,0,0.0593733166292578,-0.0190856696196787,0.0347058593558287
compassFilter,1.789496593948,0,0.974594176137785,0.243862627101466,0.0594689808968286,9.84236942849454,-1.32097950471297,0,0.0594309329244058,-0.0191388086795088,0.0347636010627703
fullSystem,1.78973886119132,0.00103316221654068,0.979726706761414,0.230461639519938,0.0531125672902177,9.82774353124384,-1.06171913624768,0,0.0530785861211261,-0.0129834067728065,0.027688058643046
gyroFilter,1,-0.000459806356132519,0.00513253062362879,0.0597748765113525,0.00357303586194744,201.417659085309,13.6994180484286,0,0.00357074985051945,0.00292308375082604,0.00256812641312175
gyroSystem,2.00387408140235,1,1.45887494666917,0.294797809015653,0.0869057482004293,1.87569662244878,0.252946527378134,0,0.0868501463141847,0.0064741767699271,0.0141482819270886
input,1,1,1,0,0,NaN,NaN,0,0,0,0
error,0.789738861191325,-0.998966837783459,-0.0202732932385857,0.230461639519938,0.0531125672902177,9.82774353124385,-1.06171913624769,0,0.0530785861211261,-0.0129834067728066,0.027688058643046
