signalsNamesOrdered,maxSignals,minSignals,meanSignals,standardDeviationSignals,varianceSignals,kurtosisSignals,skewnessSignals,firstMomentSignals,secondMomentSignals,thirdMomentSignals,fourthMomentSignals
compassSystem,1.7875872117553,0,0.980203307990069,0.235805639893887,0.0556042998057655,10.4984400728865,-1.27179573698489,0,0.0555690402624518,-0.0166596820668859,0.0324183245473648
compassFilter,1.78754491136816,0,0.980019196188784,0.23610792213923,0.0557469508969049,10.4931377925294,-1.27793980033974,0,0.0557116008963361,-0.0168046260827085,0.0325684171822594
fullSystem,1.78818901820702,0.00378713537979132,0.985256837483841,0.222649804231374,0.0495729353242691,10.5306393123145,-0.990943063521497,0,0.0495415003621104,-0.0109270375263258,0.0258459826208355
gyroFilter,1,-0.00119011571665584,0.00523764129505579,0.0622989426556451,0.00388115825601135,196.025191524555,13.6505977534206,0,0.00387869715375643,0.00329746714133385,0.00294906014431094
gyroSystem,2.00387408140234,1,1.45982778419482,0.292554459008664,0.0855881114858522,1.87546974401929,0.258577677198221,0,0.0855338387455315,0.00646841648374729,0.0137210071096685
input,1,1,1,0,0,NaN,NaN,0,0,0,0
error,0.788189018207023,-0.996212864620209,-0.0147431625161598,0.222649804231374,0.0495729353242691,10.5306393123145,-0.990943063521494,0,0.0495415003621104,-0.0109270375263257,0.0258459826208355
