signalsNamesOrdered,maxSignals,minSignals,meanSignals,standardDeviationSignals,varianceSignals,kurtosisSignals,skewnessSignals,firstMomentSignals,secondMomentSignals,thirdMomentSignals,fourthMomentSignals
compassSystem,1.7936366920118,0,0.975090837283481,0.246571245732826,0.0607973792222375,9.71375705481638,-1.26601589372383,0,0.0607578490666964,-0.0189601925689284,0.0358584917561895
compassFilter,1.79361320607831,0,0.97499841108723,0.246698395329087,0.0608600982579463,9.71061429174005,-1.26809691135145,0,0.0608205273227981,-0.019020753466446,0.0359208881895478
fullSystem,1.79387865616337,0.00116963827271201,0.98025606397829,0.233115208203679,0.0543427002958447,9.71523106842263,-1.00534809771343,0,0.0543073669406459,-0.0127234410126047,0.0286530348484244
gyroFilter,1,-0.000505591636086988,0.0052576528910625,0.0604630097261036,0.0036557755451389,196.749018837968,13.5340758934206,0,0.0036533985779444,0.00298864403142222,0.00262607234418016
gyroSystem,2.00387408140233,1,1.45953123772092,0.294333864509615,0.0866324237971643,1.87700943084629,0.251066201401545,0,0.0865760958233039,0.00639565822659982,0.0140689747189044
input,1,1,1,0,0,NaN,NaN,0,0,0,0
error,0.793878656163368,-0.998830361727288,-0.0197439360217091,0.233115208203679,0.0543427002958447,9.71523106842264,-1.00534809771344,0,0.0543073669406459,-0.0127234410126048,0.0286530348484244
