signalsNamesOrdered,maxSignals,minSignals,meanSignals,standardDeviationSignals,varianceSignals,kurtosisSignals,skewnessSignals,firstMomentSignals,secondMomentSignals,thirdMomentSignals,fourthMomentSignals
compassSystem,1.79062684331581,0,0.973879124256322,0.245478894881987,0.0602598878324815,9.77148688634876,-1.35768380691501,0,0.0602201909366762,-0.0200637371896454,0.0354360176941275
compassFilter,1.79059246658329,0,0.97383329362656,0.245562144251348,0.0603007666893198,9.76800220008004,-1.35856954218215,0,0.0602610428640963,-0.0200972594287786,0.0354714576174405
fullSystem,1.79073782009045,0.000372516540061117,0.978470157881235,0.23383780995788,0.0546801213658977,9.84595236850153,-1.1570771039576,0,0.0546441002055776,-0.0147800947619225,0.0293997940823397
gyroFilter,1,-0.000298329341567261,0.00463686425467616,0.0580572629353261,0.00337064577954158,218.355666772023,14.3553583818152,0,0.00336842532777641,0.00280643136529408,0.00247752654120984
gyroSystem,2.00387408140233,1,1.4570598351005,0.292573525189225,0.0855992676416499,1.90157251126138,0.263841136688206,0,0.0855428781372746,0.00660113016801405,0.0139149165832625
input,1,1,1,0,0,NaN,NaN,0,0,0,0
error,0.790737820090446,-0.999627483459939,-0.0215298421187634,0.23383780995788,0.0546801213658976,9.84595236850156,-1.15707710395761,0,0.0546441002055775,-0.0147800947619227,0.0293997940823398
