signalsNamesOrdered,maxSignals,minSignals,meanSignals,standardDeviationSignals,varianceSignals,kurtosisSignals,skewnessSignals,firstMomentSignals,secondMomentSignals,thirdMomentSignals,fourthMomentSignals
compassSystem,1.7886109336516,0,0.976656355755638,0.247014171124708,0.0610160007364263,9.52858638860751,-1.30619193582941,0,0.0609765592362735,-0.0196676001324034,0.0354286255919289
compassFilter,1.78852816370367,0,0.976616700512334,0.2471067572393,0.0610617494733226,9.52705281982155,-1.30709036544227,0,0.0610222784006184,-0.0197032669716344,0.0354760624660216
fullSystem,1.7887051726486,0.000509986210645236,0.981262966025254,0.235380630718505,0.0554040413174413,9.55519468642705,-1.09957193647063,0,0.0553682274575076,-0.0143256579589824,0.0292927928842354
gyroFilter,1,-0.000345569462474993,0.00464626551291995,0.0580213875100546,0.00336648140859192,219.665683736149,14.3916906993103,0,0.0033643052732276,0.0028083737900099,0.00248629701838408
gyroSystem,2.00387408140233,1,1.4490191214283,0.290297525709431,0.0842726534330177,1.9050169862135,0.282320322238692,0,0.0842181785439207,0.006900028865508,0.0135117170209157
input,1,1,1,0,0,NaN,NaN,0,0,0,0
error,0.788705172648603,-0.999490013789355,-0.0187370339747465,0.235380630718505,0.0554040413174413,9.55519468642704,-1.09957193647062,0,0.0553682274575076,-0.0143256579589823,0.0292927928842354
