signalsNamesOrdered,maxSignals,minSignals,meanSignals,standardDeviationSignals,varianceSignals,kurtosisSignals,skewnessSignals,firstMomentSignals,secondMomentSignals,thirdMomentSignals,fourthMomentSignals
compassSystem,1.80651381719495,0,0.987588514554919,0.220809921734414,0.0487570215363581,10.6677184456362,-1.06368202057397,0,0.0486366338288609,-0.0114092496369868,0.0252347242752782
compassFilter,1.03762263545788,0,0.939902612834814,0.189984302208887,0.0360940350857977,17.8150499137753,-3.86832218842425,0,0.0360049140115118,-0.0264280613268804,0.0230946082403877
fullSystem,1.1957783558603,0.84834264690076,1.04380908316858,0.0461756800644859,0.00213219342941776,5.75888795356597,-0.627589449047639,0,0.0021269287542834,-6.15609123473901e-05,2.60522066281048e-05
gyroFilter,1,-0.031974615611762,0.10390647033377,0.173875018890664,0.0302325221942286,16.4910446771044,3.65246206862791,0,0.0301578739912799,0.0191287590977443,0.0149985616580553
gyroSystem,2.00387408140234,1,1.48766491326615,0.285499739845961,0.0815101014521113,1.9025065174426,0.171983733522379,0,0.081308841942353,0.0039874388507237,0.0125777136853033
input,1,1,1,0,0,NaN,NaN,0,0,0,0
error,0.195778355860303,-0.15165735309924,0.0438090831685843,0.0461756800644859,0.00213219342941776,5.75888795356597,-0.62758944904764,0,0.0021269287542834,-6.15609123473903e-05,2.60522066281048e-05
