signalsNamesOrdered,maxSignals,minSignals,meanSignals,standardDeviationSignals,varianceSignals,kurtosisSignals,skewnessSignals,firstMomentSignals,secondMomentSignals,thirdMomentSignals,fourthMomentSignals
compassSystem,1.81065998456302,0,0.994752209874262,0.204338688560947,0.0417542996428077,10.6229743473984,-0.597122014992619,0,0.041733168924365,-0.00509078936451616,0.0185015817596693
compassFilter,1.81040336775537,0,0.994578483772404,0.204744005011245,0.0419201075880448,10.6333132434091,-0.611572490956394,0,0.0418988929586987,-0.00524507575001554,0.0186669646231742
fullSystem,1.81130243714445,0.00743360722155726,0.996602622090743,0.199248595591417,0.039700002845152,10.2529731408759,-0.387397243206473,0,0.0396799117505947,-0.00306205207488732,0.0161432590111059
gyroFilter,1,-0.00229339875777312,0.00202413831833871,0.0385622677909797,0.00148704849718323,556.372814314962,23.1275881891172,0,0.00148629594227575,0.00132522092244884,0.00122906962419906
gyroSystem,2.00387408140234,1,1.49003119461501,0.282763438662716,0.0799551622443636,1.9046643576259,0.181193507728819,0,0.079914699105576,0.00409338539300859,0.0121638706158804
input,1,1,1,0,0,NaN,NaN,0,0,0,0
error,0.81130243714445,-0.992566392778443,-0.00339737790925794,0.199248595591417,0.039700002845152,10.2529731408759,-0.387397243206454,0,0.0396799117505947,-0.00306205207488717,0.0161432590111059
