signalsNamesOrdered,maxSignals,minSignals,meanSignals,standardDeviationSignals,varianceSignals,kurtosisSignals,skewnessSignals,firstMomentSignals,secondMomentSignals,thirdMomentSignals,fourthMomentSignals
compassSystem,1.81066001681802,0,0.99340209784077,0.209283296957877,0.0437994983855589,10.6946595801479,-0.715540849226663,0,0.043761609546125,-0.00655049866453029,0.0204811123066424
compassFilter,1.80960476172947,0,0.993014322267581,0.210034977448861,0.0441146917519435,10.7079581001826,-0.74233208595372,0,0.0440765302538882,-0.00686925013939701,0.0208027840793553
fullSystem,1.81161041978123,0.0196520707136482,0.996928944574714,0.199788231424988,0.0399153374159245,10.1302307964601,-0.35106029067758,0,0.0398808085773294,-0.00279593866874476,0.0161119182607759
gyroFilter,1,-0.00379960980731697,0.00391462230713295,0.0539832990598393,0.00291419657738405,286.475223907093,16.6009175491576,0,0.00291167564608874,0.00260823418965005,0.00242869542886471
gyroSystem,2.00387408140235,1,1.48757983122465,0.282556901439858,0.0798384025512934,1.91640372550727,0.189476531139548,0,0.0797693381892248,0.00426883539256938,0.0121943592206991
input,1,1,1,0,0,NaN,NaN,0,0,0,0
error,0.811610419781232,-0.980347929286352,-0.00307105542528692,0.199788231424988,0.0399153374159245,10.1302307964601,-0.351060290677561,0,0.0398808085773294,-0.00279593866874461,0.0161119182607758
