signalsNamesOrdered,maxSignals,minSignals,meanSignals,standardDeviationSignals,varianceSignals,kurtosisSignals,skewnessSignals,firstMomentSignals,secondMomentSignals,thirdMomentSignals,fourthMomentSignals
compassSystem,1.79314449230364,0,0.983093316845048,0.24832340717969,0.0616645145533303,9.68798719390918,-1.2375375021852,0,0.0616241053039507,-0.0189314687576865,0.0367904254429975
compassFilter,1.79300166376229,0,0.98304100413855,0.248432914684276,0.0617189130985248,9.68530150621554,-1.23897384547646,0,0.0616784682013436,-0.0189785272447704,0.0368451478631747
fullSystem,1.79320113474508,0.000617572813340046,0.987802194122999,0.236341053403021,0.0558570935236498,9.72570848353632,-1.01216138411851,0,0.0558204899236998,-0.0133487386403126,0.0303045985850526
gyroFilter,1,-0.000396407712002889,0.00476118998444972,0.058649621534627,0.00343977810615499,215.519322404944,14.2480314144942,0,0.00343752399206183,0.00287159686801902,0.00254669941731185
gyroSystem,2.00387408140234,1,1.4504925331543,0.291509048856484,0.084977525565212,1.89716411475989,0.283397110353805,0,0.0849218391133344,0.00701333370920924,0.0136818140341603
input,1,1,1,0,0,NaN,NaN,0,0,0,0
error,0.793201134745078,-0.99938242718666,-0.0121978058769997,0.236341053403021,0.0558570935236497,9.72570848353634,-1.01216138411853,0,0.0558204899236998,-0.0133487386403129,0.0303045985850526
