signalsNamesOrdered,maxSignals,minSignals,meanSignals,standardDeviationSignals,varianceSignals,kurtosisSignals,skewnessSignals,firstMomentSignals,secondMomentSignals,thirdMomentSignals,fourthMomentSignals
compassSystem,1.78515083931504,0,0.975358532805968,0.242229240229399,0.0586750048221118,9.70610517693458,-1.3526822622998,0,0.0586381023033558,-0.0192072706221232,0.033373734510333
compassFilter,1.78486512761475,0,0.975198130614676,0.242521828725173,0.0588168374082021,9.70348275248653,-1.35793913362815,0,0.0587798456865617,-0.0193518712769168,0.0335262146662147
fullSystem,1.78538520278602,0.00282111512693816,0.980207553711087,0.23005489354364,0.0529252540433757,9.73060788069569,-1.1360607430548,0,0.052891967720078,-0.0138193030007804,0.0272219618085768
gyroFilter,1,-0.000957063985901785,0.00500942309641123,0.0609994705510805,0.00372093540751214,204.619410252749,13.9467652519746,0,0.00371859519656402,0.00316258238008995,0.00282946702227606
gyroSystem,2.00387408140234,1,1.45734622142815,0.296011006037577,0.0876225156953783,1.85081013075065,0.261939740251568,0,0.087567407194941,0.00678758261538167,0.0141921061090154
input,1,1,1,0,0,NaN,NaN,0,0,0,0
error,0.785385202786025,-0.997178884873062,-0.0197924462889127,0.23005489354364,0.0529252540433757,9.7306078806957,-1.1360607430548,0,0.052891967720078,-0.0138193030007805,0.0272219618085768
