signalsNamesOrdered,maxSignals,minSignals,meanSignals,standardDeviationSignals,varianceSignals,kurtosisSignals,skewnessSignals,firstMomentSignals,secondMomentSignals,thirdMomentSignals,fourthMomentSignals
compassSystem,1.78814386105645,0,0.973745936549099,0.246563680816017,0.0607936486975426,9.74779894469632,-1.41172269798653,0,0.0607540178965663,-0.0211403369255793,0.0359796200264203
compassFilter,1.78806656930866,0,0.97368566354706,0.246681073184307,0.0608515518673615,9.74419055201449,-1.41299793583195,0,0.0608118833198599,-0.0211896707080627,0.0360348464075137
fullSystem,1.78829163517814,0.000759282485239039,0.978941041942052,0.233032302222549,0.0543040538791413,9.76205407852416,-1.17399986303184,0,0.0542686535832618,-0.014841972289378,0.0287500962340522
gyroFilter,1,-0.000438310197989011,0.00525537839499026,0.0601310761045943,0.00361574631349652,197.724239782889,13.547208050852,0,0.00361338924288798,0.00294253692585678,0.0025816027146449
gyroSystem,2.00387408140234,1,1.45689375749726,0.293481557594832,0.0861314246482889,1.88692600846841,0.253739944197372,0,0.0860752763923252,0.00640776356824269,0.0139801464999555
input,1,1,1,0,0,NaN,NaN,0,0,0,0
error,0.788291635178142,-0.999240717514761,-0.0210589580579483,0.233032302222549,0.0543040538791413,9.76205407852416,-1.17399986303185,0,0.0542686535832618,-0.014841972289378,0.0287500962340522
