signalsNamesOrdered,maxSignals,minSignals,meanSignals,standardDeviationSignals,varianceSignals,kurtosisSignals,skewnessSignals,firstMomentSignals,secondMomentSignals,thirdMomentSignals,fourthMomentSignals
compassSystem,1.79073433482649,0,0.980814929390796,0.248997884028098,0.0619999462504702,9.4504663866399,-1.23180781580776,0,0.0619598687157252,-0.0189980352291285,0.0362805798506253
compassFilter,1.79063969905555,0,0.980772492223554,0.249090708715668,0.0620461811684739,9.44781021757861,-1.23260011718495,0,0.0620060737469041,-0.0190315234063512,0.0363244983923051
fullSystem,1.79080612060563,0.000461378505500387,0.985389895182723,0.23745776929557,0.0563861921988282,9.47097074549132,-1.01940793442868,0,0.0563497434643752,-0.0136359664617561,0.0300731126850381
gyroFilter,1,-0.000324176766682172,0.00461740295916866,0.0578756218351457,0.00334958760280479,220.468153416435,14.4207649601851,0,0.00334742238780621,0.00279289155645584,0.00247039783114106
gyroSystem,2.00387408140234,1,1.4541092841214,0.292027619326467,0.0852801304494837,1.89639829146498,0.263988555602355,0,0.0852250043147393,0.0065680378618026,0.0137741122903476
input,1,1,1,0,0,NaN,NaN,0,0,0,0
error,0.790806120605633,-0.9995386214945,-0.014610104817276,0.23745776929557,0.0563861921988282,9.47097074549135,-1.01940793442869,0,0.0563497434643752,-0.0136359664617563,0.0300731126850382
