signalsNamesOrdered,maxSignals,minSignals,meanSignals,standardDeviationSignals,varianceSignals,kurtosisSignals,skewnessSignals,firstMomentSignals,secondMomentSignals,thirdMomentSignals,fourthMomentSignals
compassSystem,1.80651381719495,0,0.987588514554919,0.220809921734414,0.0487570215363581,10.6677184456362,-1.06368202057397,0,0.0486366338288609,-0.0114092496369868,0.0252347242752782
compassFilter,1.10756882716606,0,0.955019161845681,0.1798361466887,0.0323410396558398,21.71024697559,-4.32839912034213,0,0.0322611852369365,-0.0250811692185909,0.0225956792707442
fullSystem,1.26287659076097,0.782620684961147,1.02987350147401,0.0588409683278012,0.00346225955375331,7.46541597802453,-0.225373682515909,0,0.00345371076473169,-4.57437903186584e-05,8.90483630515334e-05
gyroFilter,1,-0.03522765468239,0.0748543396283318,0.158286582959753,0.0250546423450747,22.6471991319731,4.37093307058208,0,0.0249927790306424,0.0172701448703455,0.0141463239018141
gyroSystem,2.00387408140234,1,1.48766491326615,0.285499739845961,0.0815101014521113,1.9025065174426,0.171983733522379,0,0.081308841942353,0.0039874388507237,0.0125777136853033
input,1,1,1,0,0,NaN,NaN,0,0,0,0
error,0.262876590760968,-0.217379315038853,0.0298735014740119,0.0588409683278012,0.00346225955375331,7.46541597802452,-0.225373682515932,0,0.0034537107647317,-4.57437903186631e-05,8.90483630515333e-05
