signalsNamesOrdered,maxSignals,minSignals,meanSignals,standardDeviationSignals,varianceSignals,kurtosisSignals,skewnessSignals,firstMomentSignals,secondMomentSignals,thirdMomentSignals,fourthMomentSignals
compassSystem,1.79265886195512,0,0.977490535335764,0.248175832472422,0.0615912438233797,9.51959800829746,-1.2805152415376,0,0.0615513272687307,-0.0195542374949625,0.0360656242868719
compassFilter,1.79253490563458,0,0.97739956695701,0.248350702967269,0.0616780716643369,9.51455816513098,-1.28229346757372,0,0.0616380988375939,-0.0196228137686974,0.036148234853962
fullSystem,1.79286537458518,0.00155395405508979,0.982988176110464,0.233918549950245,0.0547178880108252,9.48415204446047,-1.00762310156181,0,0.0546824259965603,-0.0128845654736714,0.028359205227289
gyroFilter,1,-0.000624210163533645,0.00558860915345425,0.0621404744515006,0.0038614385650576,184.295056154753,13.084205696879,0,0.0038589360125203,0.00313652482343427,0.00274440903079664
gyroSystem,2.00387408140234,1,1.45310280261748,0.291856708979759,0.0851803385764956,1.9015056197064,0.274014707855338,0,0.0851251342093041,0.00680550862674375,0.0137788582556138
input,1,1,1,0,0,NaN,NaN,0,0,0,0
error,0.792865374585177,-0.99844604594491,-0.0170118238895343,0.233918549950245,0.0547178880108252,9.48415204446052,-1.00762310156184,0,0.0546824259965602,-0.0128845654736718,0.0283592052272891
