signalsNamesOrdered,maxSignals,minSignals,meanSignals,standardDeviationSignals,varianceSignals,kurtosisSignals,skewnessSignals,firstMomentSignals,secondMomentSignals,thirdMomentSignals,fourthMomentSignals
compassSystem,1.79295009611043,0,0.975914113465261,0.246404262937397,0.0607150607937218,9.68891544656287,-1.23538155744736,0,0.0606752737289815,-0.0184636997859993,0.035669634108444
compassFilter,1.79276845274436,0,0.975806319911571,0.246530954759836,0.0607775116547961,9.68548222283947,-1.23801549877718,0,0.0607376836655072,-0.0185316214288345,0.0357303852641273
fullSystem,1.7930485500833,0.0010542571861409,0.980774598113058,0.234043129096971,0.0547761862775015,9.7342063503887,-1.00239674396326,0,0.0547402910047115,-0.0128380865740989,0.0291685440654645
gyroFilter,1,-0.000530126406174114,0.00496827820148907,0.0600384609241179,0.00360461679013683,206.619833429339,13.959146986858,0,0.00360225465593621,0.00301800876924666,0.00268114825935532
gyroSystem,2.00387408140233,1,1.45812659864485,0.293827512264354,0.086334606963459,1.876578633763,0.252190700575356,0,0.0862780312052916,0.00639115584249612,0.0139690611935066
input,1,1,1,0,0,NaN,NaN,0,0,0,0
error,0.793048550083298,-0.998945742813859,-0.0192254018869414,0.234043129096971,0.0547761862775015,9.73420635038873,-1.00239674396327,0,0.0547402910047115,-0.012838086574099,0.0291685440654646
