signalsNamesOrdered,maxSignals,minSignals,meanSignals,standardDeviationSignals,varianceSignals,kurtosisSignals,skewnessSignals,firstMomentSignals,secondMomentSignals,thirdMomentSignals,fourthMomentSignals
compassSystem,1.78805321312336,0,0.979380071326745,0.24092263920247,0.0580437180802836,9.9379462939267,-1.21143336047977,0,0.0580070279930015,-0.016924679425353,0.0334393537064036
compassFilter,1.78794642341614,0,0.979229249374572,0.241294327753479,0.0582229526060033,9.93335789745951,-1.21594581526345,0,0.0581861492225608,-0.0170664678528983,0.0336306542477369
fullSystem,1.78865257854967,0.00445452499887044,0.98482286414224,0.227058999273884,0.0515557891512579,9.90894598938732,-0.915135242100817,0,0.0515232001568512,-0.0107026056822189,0.0263046859112377
gyroFilter,1,-0.00131204144886454,0.00559361476766336,0.0637478713802901,0.00406379110551801,184.245845752657,13.1990516713918,0,0.00406122233743614,0.00341607878572633,0.00303886380836093
gyroSystem,2.00387408140234,1,1.4562320978909,0.289101282531559,0.0835795515613923,1.90662959627882,0.254641902764028,0,0.0835267199864483,0.00614706792272758,0.0133020073984426
input,1,1,1,0,0,NaN,NaN,0,0,0,0
error,0.788652578549668,-0.99554547500113,-0.0151771358577627,0.227058999273884,0.0515557891512578,9.90894598938728,-0.915135242100789,0,0.0515232001568512,-0.0107026056822185,0.0263046859112375
