signalsNamesOrdered,maxSignals,minSignals,meanSignals,standardDeviationSignals,varianceSignals,kurtosisSignals,skewnessSignals,firstMomentSignals,secondMomentSignals,thirdMomentSignals,fourthMomentSignals
compassSystem,1.78518197878661,0,0.96656177721732,0.282018445456316,0.0795344035775972,7.50790743106955,-1.16269606677882,0,0.0794537398822852,-0.0260398045199608,0.0473966446557609
compassFilter,1.78518261008584,0,0.966554899381206,0.282032766450124,0.0795424813515104,7.50757988469912,-1.16282002947429,0,0.07946180946373,-0.0260465483503873,0.0474042044744029
fullSystem,1.7852058115315,-0.000261144403837563,0.972046777451113,0.269812525394737,0.0727987988598855,7.62179054456319,-1.01928493069793,0,0.0727249664066808,-0.0199903729928124,0.0403110460783328
gyroFilter,1,-0.000271498524950342,0.00549187806990752,0.0622595261022771,0.00387624859048013,179.168419444843,12.9662013247736,0,0.00387231730387721,0.00312441824991075,0.00268660201588889
gyroSystem,2.00387408140234,1,1.42084463156165,0.297915270518363,0.0887535084080291,1.94126675754287,0.393793638143827,0,0.0886634947078182,0.0103964714072344,0.015260715923748
input,1,1,1,0,0,NaN,NaN,0,0,0,0
error,0.785205811531497,-1.00026114440384,-0.0279532225488877,0.269812525394737,0.0727987988598855,7.62179054456317,-1.01928493069793,0,0.0727249664066808,-0.0199903729928122,0.0403110460783327
