signalsNamesOrdered,maxSignals,minSignals,meanSignals,standardDeviationSignals,varianceSignals,kurtosisSignals,skewnessSignals,firstMomentSignals,secondMomentSignals,thirdMomentSignals,fourthMomentSignals
compassSystem,1.79172126481722,0,0.978538985229042,0.245401406513585,0.060221850318846,9.81164054706497,-1.25576633468852,0,0.0601832218067749,-0.0185405232202545,0.0355379601294836
compassFilter,1.79169592035495,0,0.978488558384396,0.245477599555956,0.0602592518837541,9.81224285697023,-1.25797289729543,0,0.0602205993809422,-0.0185904068805961,0.0355843007529199
fullSystem,1.7919013083681,0.000650571307358382,0.983164124553652,0.233556796732921,0.0545487773001428,9.84914877038034,-1.03086589582404,0,0.0545137877059797,-0.0131208421247655,0.0292692378987998
gyroFilter,1,-0.000391035957613806,0.00467556616925907,0.0580781785079763,0.00337307481880436,220.014219512983,14.3946585249832,0,0.00337091120442411,0.00281723020322686,0.00250003089351284
gyroSystem,2.00387408140235,1,1.45456017853868,0.294018246173012,0.0864467290826536,1.87573226375092,0.274635430708524,0,0.0863912789677834,0.00697367044557947,0.013999439744316
input,1,1,1,0,0,NaN,NaN,0,0,0,0
error,0.791901308368102,-0.999349428692642,-0.0168358754463465,0.23355679673292,0.0545487773001427,9.84914877038038,-1.03086589582405,0,0.0545137877059797,-0.0131208421247656,0.0292692378987999
