signalsNamesOrdered,maxSignals,minSignals,meanSignals,standardDeviationSignals,varianceSignals,kurtosisSignals,skewnessSignals,firstMomentSignals,secondMomentSignals,thirdMomentSignals,fourthMomentSignals
compassSystem,1.7922157953385,0,0.979575129870387,0.248137718102296,0.0615723271450144,9.52403275756654,-1.24271393674364,0,0.0615326286749016,-0.0189683420136593,0.0360605060948187
compassFilter,1.79220206742249,0,0.979538784017657,0.248207209954853,0.0616068190735726,9.52328263619029,-1.243876209922,0,0.0615670983649501,-0.0190020383645956,0.0360980752197071
fullSystem,1.79235326491271,0.000396298937925669,0.984098080458444,0.236706122557957,0.0560297884564228,9.55806411192082,-1.03364317338603,0,0.0559936635122214,-0.0136955338419552,0.0299673062084298
gyroFilter,1,-0.000306326611337449,0.00455929644078615,0.0575531183461723,0.00331236143136851,222.472271665973,14.4897488021845,0,0.00331022580181895,0.00275960730400845,0.00243776102028333
gyroSystem,2.00387408140234,1,1.45271209606375,0.294257844107692,0.0865876788189067,1.88002856790759,0.273596249094044,0,0.086531851817734,0.00696424652105633,0.014077205302207
input,1,1,1,0,0,NaN,NaN,0,0,0,0
error,0.792353264912712,-0.999603701062074,-0.0159019195415545,0.236706122557958,0.0560297884564229,9.55806411192083,-1.03364317338605,0,0.0559936635122214,-0.0136955338419554,0.0299673062084299
