signalsNamesOrdered,maxSignals,minSignals,meanSignals,standardDeviationSignals,varianceSignals,kurtosisSignals,skewnessSignals,firstMomentSignals,secondMomentSignals,thirdMomentSignals,fourthMomentSignals
compassSystem,1.80651381719495,0,0.987588514554919,0.220809921734414,0.0487570215363581,10.6677184456362,-1.06368202057397,0,0.0486366338288609,-0.0114092496369868,0.0252347242752782
compassFilter,1.62334464170715,0,0.979823185612712,0.203947992446738,0.0415947836230546,13.3882975974674,-2.11574755761774,0,0.0414920804536149,-0.0178818177879284,0.023049195949703
fullSystem,1.64330272549718,0.439899278304578,1.00614141468554,0.147933736825427,0.0218843904911346,8.76701073603983,0.15649907359512,0,0.0218303549590577,0.000504780962126325,0.00417804519051071
gyroFilter,1,-0.0265022617533437,0.0263182290728297,0.119604242858622,0.0143051749097842,54.2777346282221,7.08845470657846,0,0.0142698534902538,0.0120831687282436,0.0110525055526637
gyroSystem,2.00387408140234,1,1.48766491326615,0.285499739845961,0.0815101014521113,1.9025065174426,0.171983733522379,0,0.081308841942353,0.0039874388507237,0.0125777136853033
input,1,1,1,0,0,NaN,NaN,0,0,0,0
error,0.643302725497176,-0.560100721695422,0.00614141468554211,0.147933736825427,0.0218843904911346,8.76701073603982,0.156499073595105,0,0.0218303549590578,0.000504780962126279,0.00417804519051071
