signalsNamesOrdered,maxSignals,minSignals,meanSignals,standardDeviationSignals,varianceSignals,kurtosisSignals,skewnessSignals,firstMomentSignals,secondMomentSignals,thirdMomentSignals,fourthMomentSignals
compassSystem,1.81020943667607,0,0.988207581005992,0.218370919050042,0.04768585828676,10.4895023078265,-0.835411692739371,0,0.047619071370392,-0.00868104349811043,0.0237857432464851
compassFilter,1.80797996536079,0,0.987266287982395,0.219528267368502,0.0481926601738165,10.5360710996206,-0.893337431326961,0,0.0481251634508839,-0.00943134991143448,0.0244018710481391
fullSystem,1.81217744544269,0.0531999607577479,0.99445980524989,0.201920857853555,0.0407720328363154,9.84873853659944,-0.293845035355789,0,0.0407149291488695,-0.00241406457227328,0.0163263076028739
gyroFilter,1,-0.00782117041576846,0.00719351726749657,0.0732042307243169,0.00535885939593902,157.856027193231,12.326347960512,0,0.00535135399062258,0.00482536248947476,0.00452052139844597
gyroSystem,2.00387408140234,1,1.48423396143579,0.28384430216915,0.0805675878738916,1.91367106949781,0.189130340933559,0,0.0804547481149646,0.00431607243515179,0.0123871287138604
input,1,1,1,0,0,NaN,NaN,0,0,0,0
error,0.812177445442688,-0.946800039242252,-0.00554019475010966,0.201920857853555,0.0407720328363154,9.84873853659944,-0.293845035355789,0,0.0407149291488696,-0.00241406457227328,0.0163263076028739
