signalsNamesOrdered,maxSignals,minSignals,meanSignals,standardDeviationSignals,varianceSignals,kurtosisSignals,skewnessSignals,firstMomentSignals,secondMomentSignals,thirdMomentSignals,fourthMomentSignals
compassSystem,1.79124926658622,0,0.978099857258719,0.251842370542216,0.0634245796003227,9.28293778431637,-1.24168125616407,0,0.0633819555548924,-0.019813380373103,0.0372920887303787
compassFilter,1.79122409665821,0,0.97801757836526,0.251968651399407,0.0634882012880358,9.27953118927556,-1.24346021037152,0,0.0634455344860949,-0.0198716295940487,0.0373532295323655
fullSystem,1.79147135273256,0.00106198121019043,0.983416813722238,0.238242110374286,0.0567593031555933,9.2665070621366,-0.990692730210129,0,0.0567211584626124,-0.013383096652463,0.0298130388133286
gyroFilter,1,-0.000472006810534609,0.0053992353569802,0.0613064752883116,0.00375848391227636,191.318759057246,13.3483401203846,0,0.00375595804943209,0.00307261653635527,0.00269897599042149
gyroSystem,2.00387408140234,1,1.44179182498882,0.288587502954603,0.0832827468615727,1.95118549787977,0.317429085805208,0,0.0832267772736281,0.00762151547025596,0.0135152696719021
input,1,1,1,0,0,NaN,NaN,0,0,0,0
error,0.791471352732561,-0.99893801878981,-0.016583186277762,0.238242110374286,0.0567593031555934,9.26650706213658,-0.990692730210124,0,0.0567211584626124,-0.0133830966524629,0.0298130388133286
