signalsNamesOrdered,maxSignals,minSignals,meanSignals,standardDeviationSignals,varianceSignals,kurtosisSignals,skewnessSignals,firstMomentSignals,secondMomentSignals,thirdMomentSignals,fourthMomentSignals
compassSystem,1.80651389840211,0,0.983542013781026,0.227727275013347,0.0518597117850048,10.1722472356402,-1.14866824948601,0,0.0517322923457296,-0.0135156582400842,0.0272232739451665
compassFilter,1.70197823591779,0,0.977499814235185,0.221928790406407,0.0492523880112511,11.4288860478996,-1.77445310342967,0,0.0491313747728943,-0.0193242612764342,0.0275880964522134
fullSystem,1.71140981027025,0.358533322221422,1.00096189126876,0.169680864068448,0.0287915956310152,8.62142964096773,-0.0455696728514911,0,0.0287208546098088,-0.000221805314908384,0.007111709452592
gyroFilter,1,-0.0227302926922841,0.0234620770335758,0.11684945266034,0.013653794587021,56.4248656669929,7.21209223689816,0,0.0136202471801732,0.01146406807261,0.0104674407733074
gyroSystem,2.00387408140234,1,1.48537835247419,0.286652994680293,0.0821699393591798,1.90223008968474,0.171941117249211,0,0.0819680476162826,0.0040350287236385,0.0127806290162691
input,1,1,1,0,0,NaN,NaN,0,0,0,0
error,0.711409810270254,-0.641466677778578,0.000961891268760563,0.169680864068448,0.0287915956310152,8.62142964096773,-0.0455696728515068,0,0.0287208546098088,-0.000221805314908461,0.007111709452592
