signalsNamesOrdered,maxSignals,minSignals,meanSignals,standardDeviationSignals,varianceSignals,kurtosisSignals,skewnessSignals,firstMomentSignals,secondMomentSignals,thirdMomentSignals,fourthMomentSignals
compassSystem,1.79220395151729,0,0.976349247032918,0.250967413710602,0.0629846427445884,9.49409758214912,-1.24363464406902,0,0.0629434224286561,-0.0196389534829515,0.0376144224184653
compassFilter,1.79214433438657,0,0.976277420269871,0.251063310881241,0.0630327860706508,9.49230011404461,-1.24578839157142,0,0.0629915342473062,-0.0196955248852811,0.0376648145403235
fullSystem,1.7923699583611,0.000764775261626962,0.981553794485601,0.237550482425791,0.0564302317007259,9.50918738204512,-0.993388192480004,0,0.0563933009208171,-0.0133033270534161,0.0302411594457863
gyroFilter,1,-0.000439177063114471,0.0052763742157314,0.0602564829685397,0.00363084373973791,196.900856197229,13.5185367715174,0,0.00362846753310196,0.00295470786947197,0.00259235269267627
gyroSystem,2.00387408140234,1,1.45368387084689,0.293183817432733,0.0859567508044301,1.89428786089562,0.265156107997395,0,0.0859004963863644,0.00667567439601154,0.0139777517546325
input,1,1,1,0,0,NaN,NaN,0,0,0,0
error,0.792369958361105,-0.999235224738373,-0.0184462055143974,0.237550482425791,0.056430231700726,9.50918738204512,-0.993388192480018,0,0.0563933009208171,-0.0133033270534163,0.0302411594457864
