signalsNamesOrdered,maxSignals,minSignals,meanSignals,standardDeviationSignals,varianceSignals,kurtosisSignals,skewnessSignals,firstMomentSignals,secondMomentSignals,thirdMomentSignals,fourthMomentSignals
compassSystem,1.79026123095672,0,0.976946128401697,0.247370938344657,0.0611923811375161,9.55854486129765,-1.25586202308538,0,0.061152542347713,-0.0189916939600538,0.0357454539588845
compassFilter,1.79019355812425,0,0.976876704101487,0.247470433257981,0.0612416153368931,9.55896009196704,-1.25742344875705,0,0.0612017444935748,-0.0190382601549462,0.0358045526025895
fullSystem,1.79043160781859,0.00100594968049451,0.982085898937873,0.234023593643056,0.0547670423816102,9.53279401881316,-0.997660381483014,0,0.0547313867550597,-0.0127743086247715,0.0285557199064935
gyroFilter,1,-0.000460062702869912,0.00520919483638761,0.0602332974702572,0.00362805012414049,198.36092094948,13.5957577146251,0,0.00362568811234092,0.00296817211371871,0.00260757615660843
gyroSystem,2.00387408140234,1,1.4502777202848,0.294357676626536,0.0866464417889723,1.89025598158512,0.286167953631573,0,0.0865900313450992,0.00729160011628008,0.0141728246758841
input,1,1,1,0,0,NaN,NaN,0,0,0,0
error,0.790431607818591,-0.998994050319505,-0.017914101062126,0.234023593643056,0.0547670423816102,9.53279401881317,-0.997660381483031,0,0.0547313867550597,-0.0127743086247717,0.0285557199064936
