signalsNamesOrdered,maxSignals,minSignals,meanSignals,standardDeviationSignals,varianceSignals,kurtosisSignals,skewnessSignals,firstMomentSignals,secondMomentSignals,thirdMomentSignals,fourthMomentSignals
compassSystem,1.81052354906141,0,0.991562649221287,0.215886326781489,0.0466069060912038,10.8228091322264,-0.920545404595077,0,0.0465470000422434,-0.00924448576802918,0.0234489494950207
compassFilter,1.80835459058852,0,0.990638589017169,0.216758692077427,0.046984330591117,10.8901629256911,-0.972078950719695,0,0.0469239394206914,-0.00988082567546647,0.0239785715672659
fullSystem,1.81206455375959,0.044082911140073,0.99708843459663,0.200484485409306,0.0401940288898341,10.2412836948924,-0.420187758607719,0,0.0401423656136261,-0.00337946411398997,0.0165029020128408
gyroFilter,1,-0.00690766512177166,0.00644984557946298,0.0694328216138587,0.00482091671726192,174.937032593279,12.9777283804869,0,0.00481472016621146,0.00433566038669557,0.00405530811796609
gyroSystem,2.00387408140234,1,1.48694881914814,0.283673224470339,0.0804704982813994,1.91136574264055,0.185921118266833,0,0.0803670657643282,0.00423590187804094,0.0123452537934692
input,1,1,1,0,0,NaN,NaN,0,0,0,0
error,0.812064553759593,-0.955917088859927,-0.00291156540336976,0.200484485409306,0.0401940288898341,10.2412836948924,-0.420187758607723,0,0.0401423656136261,-0.00337946411398999,0.0165029020128408
