signalsNamesOrdered,maxSignals,minSignals,meanSignals,standardDeviationSignals,varianceSignals,kurtosisSignals,skewnessSignals,firstMomentSignals,secondMomentSignals,thirdMomentSignals,fourthMomentSignals
compassSystem,1.79266250519918,0,0.976839076025525,0.247969127484241,0.061488688185296,9.68106589700805,-1.26239618809064,0,0.0614480747849094,-0.01922906181136,0.0365544065455512
compassFilter,1.79264316869522,0,0.976762105298541,0.24806178583596,0.0615346495921257,9.67907144656418,-1.26434433042638,0,0.0614940058341388,-0.019280333531299,0.0366015321175018
fullSystem,1.7928500281655,0.000658112004774144,0.981576042012324,0.235936391086726,0.0556659806390287,9.74208867817178,-1.04338405258633,0,0.0556292131485142,-0.0136898462352538,0.0301479587658033
gyroFilter,1,-0.000407084227108445,0.0048139367137817,0.0589401666205874,0.00347394324126261,213.575703018823,14.1807385116918,0,0.00347164869486812,0.0029006979355391,0.00257408798390842
gyroSystem,2.00387408140234,1,1.45860042272899,0.293990893760531,0.0864306456141156,1.87754128839371,0.246866269748121,0,0.0863735580014246,0.00626661436104123,0.0140071931098097
input,1,1,1,0,0,NaN,NaN,0,0,0,0
error,0.792850028165496,-0.999341887995226,-0.0184239579876761,0.235936391086726,0.0556659806390287,9.74208867817178,-1.04338405258633,0,0.0556292131485142,-0.0136898462352538,0.0301479587658034
